['uniport_ppi_2019', 'ppi_2019_dw_40', 'diffusion_2019', 'uniport_bio', 'uniport_seq', 'uniport_esm'] 48 15686
ICD10_C16 90
kernels existing
uniport_ppi_2019 {'C_num': 9, 'gamma_ratio': 2, 'gamma': '0.5052695526173884'} 0.7183005053156061 0.8637985358168844
ppi_2019_dw_40 {'C_num': 1, 'gamma_ratio': 2, 'gamma': '0.48138034733416246'} 0.7181693220750089 0.8717225406827854
diffusion_2019 {'C_num': 3, 'gamma_ratio': '2', 'gamma': '2'} 0.7177387828981919 0.8828655346239445
uniport_bio {'C_num': 3, 'gamma_ratio': 8, 'gamma': '0.13568965917980907'} 0.5464803304826745 0.8091873298295317
uniport_seq {'C_num': 27, 'gamma_ratio': 8, 'gamma': '0.05611004556505588'} 0.5277660633941801 0.7882928601583036
uniport_esm {'C_num': 9, 'gamma_ratio': 8, 'gamma': '0.02838808905526428'} 0.4629102431274626 0.7251731307541706
collect valid feature:  ['uniport_ppi_2019', 'ppi_2019_dw_40', 'diffusion_2019', 'uniport_bio', 'uniport_seq', 'uniport_esm']
evaluation
late fusion parameter choosen
[{'ppi+0.6+200': 0.8618046002471496, 'ppi+0.6+4685': 0.9606921355126024, 'ppi+0.6+15618': 0.9629246426822728, 'ppi+0.65+200': 0.8618046002471496, 'ppi+0.65+4685': 0.9606921355126024, 'ppi+0.65+15618': 0.9629246426822728, 'ppi+0.7+200': 0.8195676630371422, 'ppi+0.7+4685': 0.9607475110168109, 'ppi+0.7+15618': 0.9626535941616732, 'ppi+0.75+200': 0.7995159015132085, 'ppi+0.75+4685': 0.9612021730513651, 'ppi+0.75+15618': 0.9622717946326564, 'ppi+0.8+200': 0.7794699689897177, 'ppi+0.8+4685': 0.9614120170673133, 'ppi+0.8+15618': 0.9619511996082911, 'ppi+0.85+200': 0.7372184592786029, 'ppi+0.85+4685': 0.9615810580801606, 'ppi+0.85+15618': 0.9613449835622188, 'ppi+0.9+200': 0.7173095082655226, 'ppi+0.9+4685': 0.9630237356898039, 'ppi+0.9+15618': 0.9606892210123807, 'all+0.6+200': 0.9078609899974353, 'all+0.6+4685': 0.9509722772738931, 'all+0.6+15618': 0.9422083751078365, 'all+0.65+200': 0.9078609899974353, 'all+0.65+4685': 0.9509722772738931, 'all+0.65+15618': 0.9422083751078365, 'all+0.7+200': 0.8889225675581153, 'all+0.7+4685': 0.9520360698547413, 'all+0.7+15618': 0.9424094756231202, 'all+0.75+200': 0.8707142274242813, 'all+0.75+4685': 0.9536215579752384, 'all+0.75+15618': 0.9446274102916832, 'all+0.8+200': 0.8321189582410409, 'all+0.8+4685': 0.9547757000629532, 'all+0.8+15618': 0.9473524679987876, 'all+0.85+200': 0.8140344843666207, 'all+0.85+4685': 0.9543312387791741, 'all+0.85+15618': 0.949485882160927, 'all+0.9+200': 0.7741072885821539, 'all+0.9+4685': 0.953764368486092, 'all+0.9+15618': 0.9509693627736715}, {'ppi+0.6+200': 0.8175960036372961, 'ppi+0.6+4685': 0.9444554547786146, 'ppi+0.6+15618': 0.9520535568560704, 'ppi+0.65+200': 0.8175960036372961, 'ppi+0.65+4685': 0.9444554547786146, 'ppi+0.65+15618': 0.9520535568560704, 'ppi+0.7+200': 0.7968214460584299, 'ppi+0.7+4685': 0.9404334444729419, 'ppi+0.7+15618': 0.9517650213341416, 'ppi+0.75+200': 0.7976957961248805, 'ppi+0.75+4685': 0.9305387162209425, 'ppi+0.75+15618': 0.95102473827788, 'ppi+0.8+200': 0.7127862039217515, 'ppi+0.8+4685': 0.9311944787707803, 'ppi+0.8+15618': 0.9501620462123155, 'ppi+0.85+200': 0.7146165100608547, 'ppi+0.85+4685': 0.932676502133414, 'ppi+0.85+15618': 0.9485415840891604, 'ppi+0.9+200': 0.7163040056891045, 'ppi+0.9+4685': 0.9338641609736763, 'ppi+0.9+15618': 0.9444554547786146, 'all+0.6+200': 0.8350655179649793, 'all+0.6+4685': 0.9389587073608617, 'all+0.6+15618': 0.9492672946443145, 'all+0.65+200': 0.8350655179649793, 'all+0.65+4685': 0.9389587073608617, 'all+0.65+15618': 0.9492672946443145, 'all+0.7+200': 0.8170495348457647, 'all+0.7+4685': 0.9373018139849378, 'all+0.7+15618': 0.9489437851197277, 'all+0.75+200': 0.8187297442234606, 'all+0.75+4685': 0.9357236121149944, 'all+0.75+15618': 0.947847933036443, 'all+0.8+200': 0.7821003054396232, 'all+0.8+4685': 0.9324127398633684, 'all+0.8+15618': 0.9471251369815105, 'all+0.85+200': 0.7650592226445008, 'all+0.85+4685': 0.9292723658746999, 'all+0.85+15618': 0.9451403623306676, 'all+0.9+200': 0.7457535731772714, 'all+0.9+4685': 0.9220662640770361, 'all+0.9+15618': 0.9389587073608617}, {'ppi+0.6+200': 0.7198304815642594, 'ppi+0.6+4685': 0.8633944601179788, 'ppi+0.6+15617': 0.8570237789909501, 'ppi+0.65+200': 0.7198304815642594, 'ppi+0.65+4685': 0.8633944601179788, 'ppi+0.65+15617': 0.8570237789909501, 'ppi+0.7+200': 0.7208960783595305, 'ppi+0.7+4685': 0.8644402105545987, 'ppi+0.7+15617': 0.8568375285482235, 'ppi+0.75+200': 0.7228517080081583, 'ppi+0.75+4685': 0.8670248171081718, 'ppi+0.75+15617': 0.8572710951526032, 'ppi+0.8+200': 0.7247508518667791, 'ppi+0.8+4685': 0.8709727158367837, 'ppi+0.8+15617': 0.8586023278252055, 'ppi+0.85+200': 0.7031076344361803, 'ppi+0.85+4685': 0.8725665311007705, 'ppi+0.85+15617': 0.8606785622687135, 'ppi+0.9+200': 0.6821941523467555, 'ppi+0.9+4685': 0.8442595170922947, 'ppi+0.9+15617': 0.8633883535460862, 'all+0.6+200': 0.7712920895467702, 'all+0.6+4685': 0.8807997166550642, 'all+0.6+15617': 0.8813615212691899, 'all+0.65+200': 0.7712920895467702, 'all+0.65+4685': 0.8807997166550642, 'all+0.65+15617': 0.8813615212691899, 'all+0.7+200': 0.7737163985881607, 'all+0.7+4685': 0.8778838285763139, 'all+0.7+15617': 0.8811874839702488, 'all+0.75+200': 0.7770994394167002, 'all+0.75+4685': 0.873297793084918, 'all+0.75+15617': 0.8822286544779492, 'all+0.8+200': 0.7801847848654723, 'all+0.8+4685': 0.8692140231316943, 'all+0.8+15617': 0.8864544022276775, 'all+0.85+200': 0.7824472697517068, 'all+0.85+4685': 0.8621761990253911, 'all+0.85+15617': 0.8893855567361595, 'all+0.9+200': 0.7198701742815619, 'all+0.9+4685': 0.8522118003395254, 'all+0.9+15617': 0.8808180363707422}] [{'uniport_ppi_2019+0.9+15618': 0.9567663037142391, 'ppi_2019_dw_40+0.9+15618': 0.9453968383501596, 'diffusion_2019+0.9+15618': 0.9356638648604536, 'uniport_bio+0.9+15618': 0.8849690480076476, 'uniport_seq+0.9+15618': 0.7339323602788594, 'uniport_esm+0.9+15618': 0.7007580615076127}, {'uniport_ppi_2019+0.9+15618': 0.9128928746298586, 'ppi_2019_dw_40+0.9+15618': 0.9420335050945464, 'diffusion_2019+0.9+15618': 0.9399306931847327, 'uniport_bio+0.9+15618': 0.8626906083144863, 'uniport_seq+0.9+15618': 0.766703000769428, 'uniport_esm+0.9+15618': 0.7949998834199912}, {'uniport_ppi_2019+0.9+15617': 0.8322753697529282, 'ppi_2019_dw_40+0.9+15617': 0.8610663295838982, 'diffusion_2019+0.9+15617': 0.8651577327519877, 'uniport_bio+0.9+15617': 0.7515739689053359, 'uniport_seq+0.9+15617': 0.7517327397745452, 'uniport_esm+0.9+15617': 0.7988449419265014}]
late fusion evaluation
ppi+0.6+15618 0.9633348585884491
all+0.9+15618 0.9522327986196928
late fusion bag 1 evaluation
ppi+0.6+15618 0.9574890997691716
all+0.85+15618 0.9473131222457973
late fusion bag 2 evaluation
[{'uniport_ppi_2019+0.9+15618': 0.9567663037142391}, {'uniport_ppi_2019+0.9+15618': 0.9128928746298586}, {'uniport_ppi_2019+0.9+15617': 0.8322753697529282}]
uniport_ppi_2019+0.9+15618 0.9348295891720488
[{'ppi_2019_dw_40+0.9+15618': 0.9453968383501596}, {'ppi_2019_dw_40+0.9+15618': 0.9420335050945464}, {'ppi_2019_dw_40+0.9+15617': 0.8610663295838982}]
ppi_2019_dw_40+0.9+15618 0.9437151717223531
[{'diffusion_2019+0.9+15618': 0.9356638648604536}, {'diffusion_2019+0.9+15618': 0.9399306931847327}, {'diffusion_2019+0.9+15617': 0.8651577327519877}]
diffusion_2019+0.9+15618 0.9377972790225931
[{'uniport_bio+0.9+15618': 0.8849690480076476}, {'uniport_bio+0.9+15618': 0.8626906083144863}, {'uniport_bio+0.9+15617': 0.7515739689053359}]
uniport_bio+0.9+15618 0.873829828161067
[{'uniport_seq+0.9+15618': 0.7339323602788594}, {'uniport_seq+0.9+15618': 0.766703000769428}, {'uniport_seq+0.9+15617': 0.7517327397745452}]
uniport_seq+0.9+15617 0.7517327397745452
[{'uniport_esm+0.9+15618': 0.7007580615076127}, {'uniport_esm+0.9+15618': 0.7949998834199912}, {'uniport_esm+0.9+15617': 0.7988449419265014}]
uniport_esm+0.9+15617 0.7988449419265014
ICD10_C18 50
kernels existing
uniport_ppi_2019 {'C_num': 3, 'gamma_ratio': 2, 'gamma': '0.5052695526173884'} 0.7064095355742465 0.8373816081616593
ppi_2019_dw_40 {'C_num': 1, 'gamma_ratio': 2, 'gamma': '0.48138034733416246'} 0.7437456742489269 0.8504374994144815
diffusion_2019 {'C_num': 1, 'gamma_ratio': '2', 'gamma': '2'} 0.5466015489102789 0.8064322719054178
uniport_bio {'C_num': 1, 'gamma_ratio': 2, 'gamma': '0.5427586367192363'} 0.6462648014853456 0.7718345699483807
uniport_seq {'C_num': 1, 'gamma_ratio': 4, 'gamma': '0.11222009113011176'} 0.6333428200801157 0.7066177641625212
uniport_esm {'C_num': 27, 'gamma_ratio': 8, 'gamma': '0.02838808905526428'} 0.501226726999303 0.7070803237683032
collect valid feature:  ['uniport_ppi_2019', 'ppi_2019_dw_40', 'diffusion_2019', 'uniport_bio', 'uniport_seq', 'uniport_esm']
evaluation
late fusion parameter choosen
[{'ppi+0.6+200': 0.7617448744655191, 'ppi+0.6+4695': 0.9005660015349194, 'ppi+0.6+15650': 0.901746884479041, 'ppi+0.65+200': 0.7617448744655191, 'ppi+0.65+4695': 0.9005660015349194, 'ppi+0.65+15650': 0.901746884479041, 'ppi+0.7+200': 0.7624346745605379, 'ppi+0.7+4695': 0.8999561451595219, 'ppi+0.7+15650': 0.9014362460256551, 'ppi+0.75+200': 0.7288880057011292, 'ppi+0.75+4695': 0.8983504184482696, 'ppi+0.75+15650': 0.9007692869933852, 'ppi+0.8+200': 0.6969813251470964, 'ppi+0.8+4695': 0.8945839272009649, 'ppi+0.8+15650': 0.8985034535686877, 'ppi+0.85+200': 0.6300455907612469, 'ppi+0.85+4695': 0.8738533786500019, 'ppi+0.85+15650': 0.8962421883565399, 'ppi+0.9+200': 0.5628403318349596, 'ppi+0.9+4695': 0.8688055037824802, 'ppi+0.9+15650': 0.9005682856411943, 'all+0.6+200': 0.8137448379198188, 'all+0.6+4695': 0.8659503709388591, 'all+0.6+15650': 0.8746208383583671, 'all+0.65+200': 0.8137448379198188, 'all+0.65+4695': 0.8659503709388591, 'all+0.65+15650': 0.8746208383583671, 'all+0.7+200': 0.8138978730402368, 'all+0.7+4695': 0.8652468662061908, 'all+0.7+15650': 0.8738328216935277, 'all+0.75+200': 0.7816006103131966, 'all+0.75+4695': 0.8640636991557944, 'all+0.75+15650': 0.8717337280268976, 'all+0.8+200': 0.7836129079413806, 'all+0.8+4695': 0.8602926396959397, 'all+0.8+15650': 0.8686684574059862, 'all+0.85+200': 0.6849509373972152, 'all+0.85+4695': 0.8489040858093045, 'all+0.85+15650': 0.864049994518145, 'all+0.9+200': 0.5531260278478237, 'all+0.9+4695': 0.83816421810474, 'all+0.9+15650': 0.8659549391514088}, {'ppi+0.6+200': 0.6923400211965063, 'ppi+0.6+4695': 0.862058253846435, 'ppi+0.6+15650': 0.872012388992435, 'ppi+0.65+200': 0.6923400211965063, 'ppi+0.65+4695': 0.862058253846435, 'ppi+0.65+15650': 0.872012388992435, 'ppi+0.7+200': 0.6938909293571611, 'ppi+0.7+4695': 0.8630929539889632, 'ppi+0.7+15650': 0.8726862003435296, 'ppi+0.75+200': 0.6957570441837517, 'ppi+0.75+4695': 0.8647466469319884, 'ppi+0.75+15650': 0.8755299126557762, 'ppi+0.8+200': 0.6632564959982458, 'ppi+0.8+4695': 0.8664094763001133, 'ppi+0.8+15650': 0.8785677740013887, 'ppi+0.85+200': 0.6655885685049153, 'ppi+0.85+4695': 0.8679832255235173, 'ppi+0.85+15650': 0.8793260972846545, 'ppi+0.9+200': 0.6327682454409238, 'ppi+0.9+4695': 0.8702696159046888, 'ppi+0.9+15650': 0.8620673902715346, 'all+0.6+200': 0.77875689800095, 'all+0.6+4695': 0.8792941197968058, 'all+0.6+15650': 0.8582255235171582, 'all+0.65+200': 0.77875689800095, 'all+0.65+4695': 0.8792941197968058, 'all+0.65+15650': 0.8582255235171582, 'all+0.7+200': 0.7816051785257464, 'all+0.7+4695': 0.8803036947703102, 'all+0.7+15650': 0.8597376018711399, 'all+0.75+200': 0.784935405474546, 'all+0.75+4695': 0.880221466944414, 'all+0.75+15650': 0.8654524357709316, 'all+0.8+200': 0.7885671344516317, 'all+0.8+4695': 0.8774211526513906, 'all+0.8+15650': 0.8729488725651426, 'all+0.85+200': 0.7595704052918174, 'all+0.85+4695': 0.8722179585571757, 'all+0.85+15650': 0.8773069473376458, 'all+0.9+200': 0.6959534773233929, 'all+0.9+4695': 0.8739698680700215, 'all+0.9+15650': 0.8792964039030807}, {'ppi+0.6+200': 0.6339389377570498, 'ppi+0.6+4694': 0.8043174528209064, 'ppi+0.6+15649': 0.8185695731743314, 'ppi+0.65+200': 0.6339389377570498, 'ppi+0.65+4694': 0.8043174528209064, 'ppi+0.65+15649': 0.8185695731743314, 'ppi+0.7+200': 0.6356214455792354, 'ppi+0.7+4694': 0.7892388373969341, 'ppi+0.7+15649': 0.8181710844796033, 'ppi+0.75+200': 0.6379853198732708, 'ppi+0.75+4694': 0.7915756538166362, 'ppi+0.75+15649': 0.816011374146447, 'ppi+0.8+200': 0.640445126630852, 'ppi+0.8+4694': 0.7572244524470156, 'ppi+0.8+15649': 0.8112393490367397, 'ppi+0.85+200': 0.6429196922289785, 'ppi+0.85+4694': 0.7666897888501879, 'ppi+0.85+15649': 0.8112295098097094, 'ppi+0.9+200': 0.6455098687447114, 'ppi+0.9+4694': 0.7255716590904618, 'ppi+0.9+15649': 0.8043174528209064, 'all+0.6+200': 0.7351821240923313, 'all+0.6+4694': 0.8073774524273374, 'all+0.6+15649': 0.8263966782769546, 'all+0.65+200': 0.7351821240923313, 'all+0.65+4694': 0.8073774524273374, 'all+0.65+15649': 0.8263966782769546, 'all+0.7+200': 0.7378583938445795, 'all+0.7+4694': 0.8050406360076353, 'all+0.7+15649': 0.8258604404038019, 'all+0.75+200': 0.7415481039809513, 'all+0.75+4694': 0.8009106204616565, 'all+0.75+15649': 0.8220083830214299, 'all+0.8+200': 0.7451861581754137, 'all+0.8+4694': 0.7986426786311667, 'all+0.8+15649': 0.8176889623551173, 'all+0.85+200': 0.7492718971997558, 'all+0.85+4694': 0.7965616821142532, 'all+0.85+15649': 0.8163803451600842, 'all+0.9+200': 0.7539701281067358, 'all+0.9+4694': 0.7741036464175374, 'all+0.9+15649': 0.807367613200307}] [{'uniport_ppi_2019+0.9+15650': 0.8984532032306399, 'ppi_2019_dw_40+0.9+15650': 0.8688603223330774, 'diffusion_2019+0.9+15650': 0.8353616197054416, 'uniport_bio+0.9+15650': 0.7434857289039944, 'uniport_seq+0.9+15650': 0.6793503088111683, 'uniport_esm+0.9+15650': 0.629004038299894}, {'uniport_ppi_2019+0.9+15650': 0.8445277381866023, 'ppi_2019_dw_40+0.9+15650': 0.8804772868472025, 'diffusion_2019+0.9+15650': 0.817477067573, 'uniport_bio+0.9+15650': 0.8239319519058582, 'uniport_seq+0.9+15650': 0.66593118444615, 'uniport_esm+0.9+15650': 0.7039455651792567}, {'uniport_ppi_2019+0.9+15649': 0.801136922683354, 'ppi_2019_dw_40+0.9+15649': 0.8169264222602673, 'diffusion_2019+0.9+15649': 0.7728712832319894, 'uniport_bio+0.9+15649': 0.8168723065116005, 'uniport_seq+0.9+15649': 0.7218327528189387, 'uniport_esm+0.9+15649': 0.6674365861817896}]
late fusion evaluation
ppi+0.8+15650 0.9040641102949238
all+0.85+15650 0.8782377206446662
late fusion bag 1 evaluation
ppi+0.8+15650 0.8885356137850382
all+0.7+4695 0.8727752804882505
late fusion bag 2 evaluation
[{'uniport_ppi_2019+0.9+15650': 0.8984532032306399}, {'uniport_ppi_2019+0.9+15650': 0.8445277381866023}, {'uniport_ppi_2019+0.9+15649': 0.801136922683354}]
uniport_ppi_2019+0.9+15650 0.8714904707086211
[{'ppi_2019_dw_40+0.9+15650': 0.8688603223330774}, {'ppi_2019_dw_40+0.9+15650': 0.8804772868472025}, {'ppi_2019_dw_40+0.9+15649': 0.8169264222602673}]
ppi_2019_dw_40+0.9+15650 0.87466880459014
[{'diffusion_2019+0.9+15650': 0.8353616197054416}, {'diffusion_2019+0.9+15650': 0.817477067573}, {'diffusion_2019+0.9+15649': 0.7728712832319894}]
diffusion_2019+0.9+15650 0.8264193436392209
[{'uniport_bio+0.9+15650': 0.7434857289039944}, {'uniport_bio+0.9+15650': 0.8239319519058582}, {'uniport_bio+0.9+15649': 0.8168723065116005}]
uniport_bio+0.9+15649 0.8168723065116005
[{'uniport_seq+0.9+15650': 0.6793503088111683}, {'uniport_seq+0.9+15650': 0.66593118444615}, {'uniport_seq+0.9+15649': 0.7218327528189387}]
uniport_seq+0.9+15649 0.7218327528189387
[{'uniport_esm+0.9+15650': 0.629004038299894}, {'uniport_esm+0.9+15650': 0.7039455651792567}, {'uniport_esm+0.9+15649': 0.6674365861817896}]
uniport_esm+0.9+15649 0.6674365861817896
ICD10_C43 47
kernels existing
/itf-fi-ml/shared/users/ziyuzh/.venv/lib64/python3.11/site-packages/gseapy/enrichr.py:689: FutureWarning: The behavior of DataFrame concatenation with empty or all-NA entries is deprecated. In a future version, this will no longer exclude empty or all-NA columns when determining the result dtypes. To retain the old behavior, exclude the relevant entries before the concat operation.
  self.results = pd.concat(self.results, ignore_index=True)
uniport_ppi_2019 {'C_num': 9, 'gamma_ratio': 4, 'gamma': '0.2526347763086942'} 0.8580470527655292 0.8961772328548645
ppi_2019_dw_40 {'C_num': 9, 'gamma_ratio': 2, 'gamma': '0.48138034733416246'} 0.8874068852338176 0.899554520771626
diffusion_2019 {'C_num': 3, 'gamma_ratio': '2', 'gamma': '2'} 0.8955744382322884 0.8867122826004405
uniport_bio {'C_num': 1, 'gamma_ratio': 2, 'gamma': '0.5427586367192363'} 0.8309335613321642 0.8313057739044581
uniport_seq {'C_num': 1, 'gamma_ratio': 4, 'gamma': '0.11222009113011176'} 0.7027329103499614 0.7447584396597554
uniport_esm {'C_num': 1, 'gamma_ratio': 2, 'gamma': '0.11355235622105712'} 0.6089695456986163 0.6879649407609932
collect valid feature:  ['uniport_ppi_2019', 'ppi_2019_dw_40', 'diffusion_2019', 'uniport_bio', 'uniport_seq', 'uniport_esm']
evaluation
late fusion parameter choosen
[{'ppi+0.6+200': 0.8616999168744803, 'ppi+0.6+4696': 0.9685321951531428, 'ppi+0.6+15655': 0.9686081271181022, 'ppi+0.65+200': 0.8616999168744803, 'ppi+0.65+4696': 0.9685321951531428, 'ppi+0.65+15655': 0.9686081271181022, 'ppi+0.7+200': 0.8625791291003261, 'ppi+0.7+4696': 0.9690437368118165, 'ppi+0.7+15655': 0.9684962273802673, 'ppi+0.75+200': 0.8638260118933436, 'ppi+0.75+4696': 0.9699988810026217, 'ppi+0.75+15655': 0.9682924100006395, 'ppi+0.8+200': 0.8651748033761749, 'ppi+0.8+4696': 0.9716533985548947, 'ppi+0.8+15655': 0.9677968540187991, 'ppi+0.85+200': 0.866407698701963, 'ppi+0.85+4696': 0.9722968220474456, 'ppi+0.85+15655': 0.9670255451115801, 'ppi+0.9+200': 0.8669212385702412, 'ppi+0.9+4696': 0.972888292090287, 'ppi+0.9+15655': 0.9685321951531427, 'all+0.6+200': 0.948514131338321, 'all+0.6+4696': 0.9684762452842254, 'all+0.6+15655': 0.9545766992774474, 'all+0.65+200': 0.948514131338321, 'all+0.65+4696': 0.9684762452842254, 'all+0.65+15655': 0.9545766992774474, 'all+0.7+200': 0.9489917034337234, 'all+0.7+4696': 0.9696671782083254, 'all+0.7+15655': 0.9553599974422916, 'all+0.75+200': 0.9224075228595179, 'all+0.75+4696': 0.9713816420487243, 'all+0.75+15655': 0.9581135302768718, 'all+0.8+200': 0.9236404181853058, 'all+0.8+4696': 0.9736596009975063, 'all+0.8+15655': 0.9610469019758296, 'all+0.85+200': 0.9251430718076603, 'all+0.85+4696': 0.975146268943027, 'all+0.85+15655': 0.964244037342541, 'all+0.9+200': 0.9260182876142975, 'all+0.9+4696': 0.9754280164972184, 'all+0.9+15655': 0.9684762452842253}, {'ppi+0.6+200': 0.7121000916512139, 'ppi+0.6+4696': 0.8890551399279578, 'ppi+0.6+15654': 0.8847837670780314, 'ppi+0.65+200': 0.7121000916512139, 'ppi+0.65+4696': 0.8890551399279578, 'ppi+0.65+15654': 0.8847837670780314, 'ppi+0.7+200': 0.7137370249589701, 'ppi+0.7+4696': 0.8909435812178955, 'ppi+0.7+15654': 0.8843724023275146, 'ppi+0.75+200': 0.7163117846409617, 'ppi+0.75+4696': 0.8939446256154486, 'ppi+0.75+15654': 0.8839077519875524, 'ppi+0.8+200': 0.7190016411961551, 'ppi+0.8+4696': 0.8964895453673509, 'ppi+0.8+15654': 0.8812605239039155, 'ppi+0.85+200': 0.7218023317773942, 'ppi+0.85+4696': 0.8966451392885308, 'ppi+0.85+15654': 0.8824093612123537, 'ppi+0.9+200': 0.7237696357397106, 'ppi+0.9+4696': 0.8762090500245112, 'ppi+0.9+15654': 0.8890551399279579, 'all+0.6+200': 0.8055118613722104, 'all+0.6+4696': 0.8951510113604877, 'all+0.6+15654': 0.886672208367969, 'all+0.65+200': 0.8055118613722104, 'all+0.65+4696': 0.8951510113604877, 'all+0.65+15654': 0.886672208367969, 'all+0.7+200': 0.8073320971076581, 'all+0.7+4696': 0.8951126457360872, 'all+0.7+15654': 0.8869109278086834, 'all+0.75+200': 0.8104546326491463, 'all+0.75+4696': 0.8949293433083957, 'all+0.75+15654': 0.889575207280943, 'all+0.8+200': 0.8135324082955004, 'all+0.8+4696': 0.8945797898416352, 'all+0.8+15654': 0.894004305475627, 'all+0.85+200': 0.8164588528678303, 'all+0.85+4696': 0.8928789138265447, 'all+0.85+15654': 0.8968689387642006, 'all+0.9+200': 0.8188865443229533, 'all+0.9+4696': 0.8665046784747532, 'all+0.9+15654': 0.8951552742076434}, {'ppi+0.6+200': 0.8092994010699747, 'ppi+0.6+4696': 0.8636443080333355, 'ppi+0.6+15654': 0.8530724470874097, 'ppi+0.65+200': 0.8092994010699747, 'ppi+0.65+4696': 0.8636443080333355, 'ppi+0.65+15654': 0.8530724470874097, 'ppi+0.7+200': 0.7790374491122621, 'ppi+0.7+4696': 0.8664918899332865, 'ppi+0.7+15654': 0.8525992710531364, 'ppi+0.75+200': 0.7486262975041029, 'ppi+0.75+4696': 0.8667945520813352, 'ppi+0.75+15654': 0.8510390689941812, 'ppi+0.8+200': 0.7179956092674297, 'ppi+0.8+4696': 0.8463584628173156, 'ppi+0.8+15654': 0.8483321610503655, 'ppi+0.85+200': 0.6880832107764776, 'ppi+0.85+4696': 0.82444103416672, 'ppi+0.85+15654': 0.8533452693053691, 'ppi+0.9+200': 0.6903339940746424, 'ppi+0.9+4696': 0.7694183345056163, 'ppi+0.9+15654': 0.8636336509154464, 'all+0.6+200': 0.8340260459961208, 'all+0.6+4696': 0.868567896498071, 'all+0.6+15654': 0.8781934053754503, 'all+0.65+200': 0.8340260459961208, 'all+0.65+4696': 0.868567896498071, 'all+0.65+15654': 0.8781934053754503, 'all+0.7+200': 0.8351770147281369, 'all+0.7+4696': 0.8692158492657246, 'all+0.7+15654': 0.8791099175139075, 'all+0.75+200': 0.806159814139864, 'all+0.75+4696': 0.8666368267365774, 'all+0.75+15654': 0.8775411897606412, 'all+0.8+200': 0.7776498923631093, 'all+0.8+4696': 0.8593771980305647, 'all+0.8+15654': 0.8724087217852805, 'all+0.85+200': 0.7812477353624485, 'all+0.85+4696': 0.8532813265980348, 'all+0.85+15654': 0.8696421339812862, 'all+0.9+200': 0.7851482405098366, 'all+0.9+4696': 0.8465481595157405, 'all+0.9+15654': 0.8685721593452267}] [{'uniport_ppi_2019+0.9+15655': 0.9585651256474199, 'ppi_2019_dw_40+0.9+15655': 0.9707182364601317, 'diffusion_2019+0.9+15655': 0.9220658290172006, 'uniport_bio+0.9+15655': 0.8422413517488331, 'uniport_seq+0.9+15655': 0.8076063846793273, 'uniport_esm+0.9+15655': 0.7685333940789054}, {'uniport_ppi_2019+0.9+15654': 0.8402540656904747, 'ppi_2019_dw_40+0.9+15654': 0.909572223287934, 'diffusion_2019+0.9+15654': 0.8575185966707164, 'uniport_bio+0.9+15654': 0.792486731888228, 'uniport_seq+0.9+15654': 0.7814033292836285, 'uniport_esm+0.9+15654': 0.7024575313852123}, {'uniport_ppi_2019+0.9+15654': 0.8240808235820705, 'ppi_2019_dw_40+0.9+15654': 0.8560457829784512, 'diffusion_2019+0.9+15654': 0.8507065669160433, 'uniport_bio+0.9+15654': 0.8647014941279281, 'uniport_seq+0.9+15654': 0.7665004156275977, 'uniport_esm+0.9+15654': 0.7733913080546497}]
late fusion evaluation
ppi+0.6+15655 0.9725605857151992
all+0.9+15655 0.9686001342796853
late fusion bag 1 evaluation
ppi+0.6+15655 0.9686081271181022
all+0.9+15655 0.9684762452842253
late fusion bag 2 evaluation
[{'uniport_ppi_2019+0.9+15655': 0.9585651256474199}, {'uniport_ppi_2019+0.9+15654': 0.8402540656904747}, {'uniport_ppi_2019+0.9+15654': 0.8240808235820705}]
uniport_ppi_2019+0.9+15655 0.9585651256474199
[{'ppi_2019_dw_40+0.9+15655': 0.9707182364601317}, {'ppi_2019_dw_40+0.9+15654': 0.909572223287934}, {'ppi_2019_dw_40+0.9+15654': 0.8560457829784512}]
ppi_2019_dw_40+0.9+15655 0.9707182364601317
[{'diffusion_2019+0.9+15655': 0.9220658290172006}, {'diffusion_2019+0.9+15654': 0.8575185966707164}, {'diffusion_2019+0.9+15654': 0.8507065669160433}]
diffusion_2019+0.9+15655 0.9220658290172006
[{'uniport_bio+0.9+15655': 0.8422413517488331}, {'uniport_bio+0.9+15654': 0.792486731888228}, {'uniport_bio+0.9+15654': 0.8647014941279281}]
uniport_bio+0.9+15655 0.8422413517488331
[{'uniport_seq+0.9+15655': 0.8076063846793273}, {'uniport_seq+0.9+15654': 0.7814033292836285}, {'uniport_seq+0.9+15654': 0.7665004156275977}]
uniport_seq+0.9+15655 0.8076063846793273
[{'uniport_esm+0.9+15655': 0.7685333940789054}, {'uniport_esm+0.9+15654': 0.7024575313852123}, {'uniport_esm+0.9+15654': 0.7733913080546497}]
uniport_esm+0.9+15655 0.7685333940789054
ICD10_C50 544
kernels existing
uniport_ppi_2019 {'C_num': 9, 'gamma_ratio': 2, 'gamma': '0.5052695526173884'} 0.4617241390339477 0.6697529673495106
ppi_2019_dw_40 {'C_num': 1, 'gamma_ratio': 2, 'gamma': '0.48138034733416246'} 0.5260671622551726 0.6787701091778867
diffusion_2019 {'C_num': 1, 'gamma_ratio': '2', 'gamma': '2'} 0.5535520519735594 0.7521623394159175
uniport_bio {'C_num': 1, 'gamma_ratio': 2, 'gamma': '0.5427586367192363'} 0.40861628354822205 0.6485076450239832
uniport_seq {'C_num': 27, 'gamma_ratio': 2, 'gamma': '0.22444018226022353'} 0.3401891701163067 0.6195697182464669
uniport_esm {'C_num': 9, 'gamma_ratio': 2, 'gamma': '0.11355235622105712'} 0.32108461096477997 0.5982253771073647
collect valid feature:  ['uniport_ppi_2019', 'ppi_2019_dw_40', 'diffusion_2019', 'uniport_bio', 'uniport_seq', 'uniport_esm']
evaluation
late fusion parameter choosen
[{'ppi+0.6+200': 0.6092120882970407, 'ppi+0.6+4590': 0.7323008849557522, 'ppi+0.6+15303': 0.7528010199100688, 'ppi+0.65+200': 0.6092120882970407, 'ppi+0.65+4590': 0.7323008849557522, 'ppi+0.65+15303': 0.7528010199100688, 'ppi+0.7+200': 0.6025256966965314, 'ppi+0.7+4590': 0.7299117013186144, 'ppi+0.7+15303': 0.7517792229420697, 'ppi+0.75+200': 0.5945088360210709, 'ppi+0.75+4590': 0.7222443272014576, 'ppi+0.75+15303': 0.7488192522792513, 'ppi+0.8+200': 0.5834963176750775, 'ppi+0.8+4590': 0.7174269913555402, 'ppi+0.8+15303': 0.746796373215547, 'ppi+0.85+200': 0.5781606998263231, 'ppi+0.85+4590': 0.7146107942123057, 'ppi+0.85+15303': 0.7452431679890001, 'ppi+0.9+200': 0.5669916919005259, 'ppi+0.9+4590': 0.6957282651766178, 'ppi+0.9+15303': 0.7323113449407719, 'all+0.6+200': 0.6427240344203241, 'all+0.6+4590': 0.753309662318868, 'all+0.6+15303': 0.7623589850450928, 'all+0.65+200': 0.6427240344203241, 'all+0.65+4590': 0.753309662318868, 'all+0.65+15303': 0.7623589850450928, 'all+0.7+200': 0.6323885437321718, 'all+0.7+4590': 0.7498545856984522, 'all+0.7+15303': 0.7624467668801598, 'all+0.75+200': 0.6125246219843454, 'all+0.75+4590': 0.7451799978833913, 'all+0.75+15303': 0.7633434542234138, 'all+0.8+200': 0.5966371353259535, 'all+0.8+4590': 0.7396431791463176, 'all+0.8+15303': 0.7655835317995852, 'all+0.85+200': 0.586717582865642, 'all+0.85+4590': 0.7349626434966376, 'all+0.85+15303': 0.7641265174156701, 'all+0.9+200': 0.5787597903408807, 'all+0.9+4590': 0.7305712956680896, 'all+0.9+15303': 0.7533299669956708}, {'ppi+0.6+200': 0.6151209543444214, 'ppi+0.6+4590': 0.7522977100426521, 'ppi+0.6+15303': 0.7677905886387334, 'ppi+0.65+200': 0.6151209543444214, 'ppi+0.65+4590': 0.7522977100426521, 'ppi+0.65+15303': 0.7677905886387334, 'ppi+0.7+200': 0.6084357933303853, 'ppi+0.7+4590': 0.7506058587401583, 'ppi+0.7+15303': 0.7674290013134459, 'ppi+0.75+200': 0.59740112442788, 'ppi+0.75+4590': 0.7457358127736515, 'ppi+0.75+15303': 0.7658390835904576, 'ppi+0.8+200': 0.5924361182052142, 'ppi+0.8+4590': 0.7334904518795567, 'ppi+0.8+15303': 0.7675377031185523, 'ppi+0.85+200': 0.5872949330191782, 'ppi+0.85+4590': 0.7214544957836007, 'ppi+0.85+15303': 0.766937792213013, 'ppi+0.9+200': 0.5704742516188366, 'ppi+0.9+4590': 0.7132181805204724, 'ppi+0.9+15303': 0.7523106312006176, 'all+0.6+200': 0.6538795058949194, 'all+0.6+4590': 0.783959264306183, 'all+0.6+15303': 0.7792850866866131, 'all+0.65+200': 0.6538795058949194, 'all+0.65+4590': 0.783959264306183, 'all+0.65+15303': 0.7792850866866131, 'all+0.7+200': 0.6461668051760108, 'all+0.7+4590': 0.7823367360416627, 'all+0.7+15303': 0.780825986048431, 'all+0.75+200': 0.6304276041876037, 'all+0.75+4590': 0.7789585710758034, 'all+0.75+15303': 0.78563552818002, 'all+0.8+200': 0.6081728580206754, 'all+0.8+4590': 0.7726512001089479, 'all+0.8+15303': 0.7921262565313377, 'all+0.85+200': 0.6000946731193151, 'all+0.85+4590': 0.7657223829732773, 'all+0.85+15303': 0.7937219169911995, 'all+0.9+200': 0.5800032979717473, 'all+0.9+4590': 0.7585718551747391, 'all+0.9+15303': 0.7839621356746198}, {'ppi+0.6+200': 0.619825486430323, 'ppi+0.6+4590': 0.7372240512383392, 'ppi+0.6+15303': 0.7677665922025119, 'ppi+0.65+200': 0.619825486430323, 'ppi+0.65+4590': 0.7372240512383392, 'ppi+0.65+15303': 0.7677665922025119, 'ppi+0.7+200': 0.6137769488182677, 'ppi+0.7+4590': 0.7339024932502332, 'ppi+0.7+15303': 0.7668719558367126, 'ppi+0.75+200': 0.6084622509395528, 'ppi+0.75+4590': 0.732042461796443, 'ppi+0.75+15303': 0.7632339320273256, 'ppi+0.8+200': 0.6003990381736128, 'ppi+0.8+4590': 0.7271026825964718, 'ppi+0.8+15303': 0.7594925389542149, 'ppi+0.85+200': 0.5953712720408292, 'ppi+0.85+4590': 0.7120673770705643, 'ppi+0.85+15303': 0.755532306586673, 'ppi+0.9+200': 0.5662625694153319, 'ppi+0.9+4590': 0.6969112689725668, 'ppi+0.9+15303': 0.7372310245616855, 'all+0.6+200': 0.6404039687234141, 'all+0.6+4590': 0.772350116618578, 'all+0.6+15303': 0.77774623830225, 'all+0.65+200': 0.6404039687234141, 'all+0.65+4590': 0.772350116618578, 'all+0.65+15303': 0.77774623830225, 'all+0.7+200': 0.6362402793923527, 'all+0.7+4590': 0.768344352551539, 'all+0.7+15303': 0.7789054507597231, 'all+0.75+200': 0.6367766099967922, 'all+0.75+4590': 0.7624646103840169, 'all+0.75+15303': 0.7829038313079247, 'all+0.8+200': 0.6263738472481216, 'all+0.8+4590': 0.7570438769708868, 'all+0.8+15303': 0.7866558894638007, 'all+0.85+200': 0.6239381064227589, 'all+0.85+4590': 0.7489261082046482, 'all+0.85+15303': 0.7856027125407427, 'all+0.9+200': 0.6014317053221224, 'all+0.9+4590': 0.7430781561876759, 'all+0.9+15303': 0.7723638581675254}] [{'uniport_ppi_2019+0.9+15303': 0.7000666977868313, 'ppi_2019_dw_40+0.9+15303': 0.7072701408037043, 'diffusion_2019+0.9+15303': 0.7208262813891845, 'uniport_bio+0.9+15303': 0.6639389350176508, 'uniport_seq+0.9+15303': 0.6602633783208403, 'uniport_esm+0.9+15303': 0.6029494286387007}, {'uniport_ppi_2019+0.9+15303': 0.7050454455584443, 'ppi_2019_dw_40+0.9+15303': 0.6950551343759409, 'diffusion_2019+0.9+15303': 0.7528319896696367, 'uniport_bio+0.9+15303': 0.6959856628471998, 'uniport_seq+0.9+15303': 0.6611102269119418, 'uniport_esm+0.9+15303': 0.6554193797680099}, {'uniport_ppi_2019+0.9+15303': 0.683063479393009, 'ppi_2019_dw_40+0.9+15303': 0.7145595197759348, 'diffusion_2019+0.9+15303': 0.729948003619565, 'uniport_bio+0.9+15303': 0.680965534554458, 'uniport_seq+0.9+15303': 0.6631066483664784, 'uniport_esm+0.9+15303': 0.6359506813757301}]
late fusion evaluation
ppi+0.85+4590 0.9211501033829369
all+0.85+4590 0.8923092584130412
late fusion bag 1 evaluation
ppi+0.6+15303 0.7627860669171046
all+0.8+15303 0.7814552259315745
late fusion bag 2 evaluation
[{'uniport_ppi_2019+0.9+15303': 0.7000666977868313}, {'uniport_ppi_2019+0.9+15303': 0.7050454455584443}, {'uniport_ppi_2019+0.9+15303': 0.683063479393009}]
uniport_ppi_2019+0.9+15303 0.6960585409127615
[{'ppi_2019_dw_40+0.9+15303': 0.7072701408037043}, {'ppi_2019_dw_40+0.9+15303': 0.6950551343759409}, {'ppi_2019_dw_40+0.9+15303': 0.7145595197759348}]
ppi_2019_dw_40+0.9+15303 0.7056282649851933
[{'diffusion_2019+0.9+15303': 0.7208262813891845}, {'diffusion_2019+0.9+15303': 0.7528319896696367}, {'diffusion_2019+0.9+15303': 0.729948003619565}]
diffusion_2019+0.9+15303 0.7345354248927953
[{'uniport_bio+0.9+15303': 0.6639389350176508}, {'uniport_bio+0.9+15303': 0.6959856628471998}, {'uniport_bio+0.9+15303': 0.680965534554458}]
uniport_bio+0.9+15303 0.6802967108064362
[{'uniport_seq+0.9+15303': 0.6602633783208403}, {'uniport_seq+0.9+15303': 0.6611102269119418}, {'uniport_seq+0.9+15303': 0.6631066483664784}]
uniport_seq+0.9+15303 0.6614934178664201
[{'uniport_esm+0.9+15303': 0.6029494286387007}, {'uniport_esm+0.9+15303': 0.6554193797680099}, {'uniport_esm+0.9+15303': 0.6359506813757301}]
uniport_esm+0.9+15303 0.6314398299274803
ICD10_C67 191
kernels existing
uniport_ppi_2019 {'C_num': 1, 'gamma_ratio': 2, 'gamma': '0.5052695526173884'} 0.746404901762935 0.836633509467824
ppi_2019_dw_40 {'C_num': 1, 'gamma_ratio': 4, 'gamma': '0.24069017366708123'} 0.7451055668958225 0.8482307878970267
diffusion_2019 {'C_num': 1, 'gamma_ratio': '2', 'gamma': '2'} 0.7509125874936283 0.8629885120854975
uniport_bio {'C_num': 1, 'gamma_ratio': 2, 'gamma': '0.5427586367192363'} 0.6775325916492623 0.8097653076073685
uniport_seq {'C_num': 9, 'gamma_ratio': 2, 'gamma': '0.22444018226022353'} 0.45836484719639464 0.6588350907106163
uniport_esm {'C_num': 3, 'gamma_ratio': 4, 'gamma': '0.05677617811052856'} 0.4929808380758278 0.7114866736065443
collect valid feature:  ['uniport_ppi_2019', 'ppi_2019_dw_40', 'diffusion_2019', 'uniport_bio', 'uniport_seq', 'uniport_esm']
evaluation
late fusion parameter choosen
[{'ppi+0.6+200': 0.7363537737423641, 'ppi+0.6+4665': 0.8749273959341723, 'ppi+0.6+15553': 0.8946734764273235, 'ppi+0.65+200': 0.7363537737423641, 'ppi+0.65+4665': 0.8749273959341723, 'ppi+0.65+15553': 0.8946734764273235, 'ppi+0.7+200': 0.7205550177476605, 'ppi+0.7+4665': 0.8752128050205294, 'ppi+0.7+15553': 0.8940114163634543, 'ppi+0.75+200': 0.7220721923646115, 'ppi+0.75+4665': 0.8700559691112818, 'ppi+0.75+15553': 0.8920029820520525, 'ppi+0.8+200': 0.723253886125669, 'ppi+0.8+4665': 0.8708593428358424, 'ppi+0.8+15553': 0.8872828832437606, 'ppi+0.85+200': 0.6993301509942027, 'ppi+0.85+4665': 0.8627521669949147, 'ppi+0.85+15553': 0.881553560102814, 'ppi+0.9+200': 0.6757240934227949, 'ppi+0.9+4665': 0.8603531728811296, 'ppi+0.9+15553': 0.8749229451102135, 'all+0.6+200': 0.7751705221929209, 'all+0.6+4665': 0.8677821544213373, 'all+0.6+15553': 0.8726886314829032, 'all+0.65+200': 0.7751705221929209, 'all+0.65+4665': 0.8677821544213373, 'all+0.65+15553': 0.8726886314829032, 'all+0.7+200': 0.7696175629513413, 'all+0.7+4665': 0.8672903383738914, 'all+0.7+15553': 0.8731470663506582, 'all+0.75+200': 0.7649647828554261, 'all+0.75+4665': 0.8643739359748974, 'all+0.75+15553': 0.8733239866030201, 'all+0.8+200': 0.7518693460626898, 'all+0.8+4665': 0.8599108722502254, 'all+0.8+15553': 0.8716972104460838, 'all+0.85+200': 0.7145308275194445, 'all+0.85+4665': 0.8553593483993724, 'all+0.85+15553': 0.8680163790321684, 'all+0.9+200': 0.6935162621980393, 'all+0.9+4665': 0.8456966095848495, 'all+0.9+15553': 0.8677788163033682}, {'ppi+0.6+200': 0.7222946847596563, 'ppi+0.6+4665': 0.874595653379981, 'ppi+0.6+15552': 0.8790611572493674, 'ppi+0.65+200': 0.7222946847596563, 'ppi+0.65+4665': 0.874595653379981, 'ppi+0.65+15552': 0.8790611572493674, 'ppi+0.7+200': 0.7146283747445412, 'ppi+0.7+4665': 0.8760918915552838, 'ppi+0.7+15552': 0.8786535554762998, 'ppi+0.75+200': 0.6736287313960926, 'ppi+0.75+4665': 0.8793906353492636, 'ppi+0.75+15552': 0.8786461959998415, 'ppi+0.8+200': 0.666652513827324, 'ppi+0.8+4665': 0.8819704149046381, 'ppi+0.8+15552': 0.8794653623409927, 'ppi+0.85+200': 0.6422858533879067, 'ppi+0.85+4665': 0.8672225901960451, 'ppi+0.85+15552': 0.87882169120769, 'ppi+0.9+200': 0.6095186336282785, 'ppi+0.9+4665': 0.8626812271077824, 'ppi+0.9+15552': 0.8745933889256863, 'all+0.6+200': 0.7629189948087385, 'all+0.6+4665': 0.8598891549622685, 'all+0.6+15552': 0.8475150444682211, 'all+0.65+200': 0.7629189948087385, 'all+0.65+4665': 0.8598891549622685, 'all+0.65+15552': 0.8475150444682211, 'all+0.7+200': 0.7644724104549855, 'all+0.7+4665': 0.8607326641870892, 'all+0.7+15552': 0.8489812786241177, 'all+0.75+200': 0.750840961713739, 'all+0.75+4665': 0.8618496062680094, 'all+0.75+15552': 0.8527957518837428, 'all+0.8+200': 0.7298421109242937, 'all+0.8+4665': 0.8613095339186947, 'all+0.8+15552': 0.8562150778689221, 'all+0.85+200': 0.7090555527249877, 'all+0.85+4665': 0.8486076436654721, 'all+0.85+15552': 0.8587716467677745, 'all+0.9+200': 0.6795021597232836, 'all+0.9+4665': 0.8493322690398147, 'all+0.9+15552': 0.8598897210758422}, {'ppi+0.6+200': 0.7410375729578867, 'ppi+0.6+4665': 0.8606307637438223, 'ppi+0.6+15552': 0.8681464875483319, 'ppi+0.65+200': 0.7410375729578867, 'ppi+0.65+4665': 0.8606307637438223, 'ppi+0.65+15552': 0.8681464875483319, 'ppi+0.7+200': 0.7418063551909784, 'ppi+0.7+4665': 0.8592245376267387, 'ppi+0.7+15552': 0.8674331844454635, 'ppi+0.75+200': 0.7430314249644764, 'ppi+0.75+4665': 0.8604156405858143, 'ppi+0.75+15552': 0.8660733796414236, 'ppi+0.8+200': 0.7102676018862905, 'ppi+0.8+4665': 0.8611985756582485, 'ppi+0.8+15552': 0.8670844584840611, 'ppi+0.85+200': 0.6600261544471052, 'ppi+0.85+4665': 0.8662024535362285, 'ppi+0.85+15552': 0.867005768697316, 'ppi+0.9+200': 0.6358361214426839, 'ppi+0.9+4665': 0.8489710885797908, 'ppi+0.9+15552': 0.8606307637438223, 'all+0.6+200': 0.8063280175268763, 'all+0.6+4665': 0.8678339928556467, 'all+0.6+15552': 0.8613485957552803, 'all+0.65+200': 0.8063280175268763, 'all+0.65+4665': 0.8678339928556467, 'all+0.65+15552': 0.8613485957552803, 'all+0.7+200': 0.7992787713070997, 'all+0.7+4665': 0.8692379545184354, 'all+0.7+15552': 0.8609002338049058, 'all+0.75+200': 0.7932275833177651, 'all+0.75+4665': 0.8716688462039255, 'all+0.75+15552': 0.8610836546027864, 'all+0.8+200': 0.7632167705485075, 'all+0.8+4665': 0.8727659743097661, 'all+0.8+15552': 0.863543984194109, 'all+0.85+200': 0.725133178218214, 'all+0.85+4665': 0.8723612031045669, 'all+0.85+15552': 0.8657320131564793, 'all+0.9+200': 0.6620896384232604, 'all+0.9+4665': 0.8613146289408581, 'all+0.9+15552': 0.8678345589692203}] [{'uniport_ppi_2019+0.9+15553': 0.8735660001557788, 'ppi_2019_dw_40+0.9+15553': 0.8637897653303068, 'diffusion_2019+0.9+15553': 0.8628133658243483, 'uniport_bio+0.9+15553': 0.8197905887327392, 'uniport_seq+0.9+15553': 0.6937132111582156, 'uniport_esm+0.9+15553': 0.6969634253541186}, {'uniport_ppi_2019+0.9+15552': 0.8555431010569341, 'ppi_2019_dw_40+0.9+15552': 0.8587297543633204, 'diffusion_2019+0.9+15552': 0.8784412628861601, 'uniport_bio+0.9+15552': 0.7891074087283392, 'uniport_seq+0.9+15552': 0.6599061383694798, 'uniport_esm+0.9+15552': 0.661931126622623}, {'uniport_ppi_2019+0.9+15552': 0.8430370861002134, 'ppi_2019_dw_40+0.9+15552': 0.8573948585565236, 'diffusion_2019+0.9+15552': 0.8662675565972046, 'uniport_bio+0.9+15552': 0.8174396947515611, 'uniport_seq+0.9+15552': 0.6369502329557355, 'uniport_esm+0.9+15552': 0.6837112141437816}]
late fusion evaluation
ppi+0.7+15553 0.9224226947513658
all+0.85+15553 0.8946723637213339
late fusion bag 1 evaluation
ppi+0.6+15553 0.8946734764273235
all+0.75+15553 0.8733239866030201
late fusion bag 2 evaluation
[{'uniport_ppi_2019+0.9+15553': 0.8735660001557788}, {'uniport_ppi_2019+0.9+15552': 0.8555431010569341}, {'uniport_ppi_2019+0.9+15552': 0.8430370861002134}]
uniport_ppi_2019+0.9+15553 0.8735660001557788
[{'ppi_2019_dw_40+0.9+15553': 0.8637897653303068}, {'ppi_2019_dw_40+0.9+15552': 0.8587297543633204}, {'ppi_2019_dw_40+0.9+15552': 0.8573948585565236}]
ppi_2019_dw_40+0.9+15553 0.8637897653303068
[{'diffusion_2019+0.9+15553': 0.8628133658243483}, {'diffusion_2019+0.9+15552': 0.8784412628861601}, {'diffusion_2019+0.9+15552': 0.8662675565972046}]
diffusion_2019+0.9+15552 0.8723544097416823
[{'uniport_bio+0.9+15553': 0.8197905887327392}, {'uniport_bio+0.9+15552': 0.7891074087283392}, {'uniport_bio+0.9+15552': 0.8174396947515611}]
uniport_bio+0.9+15553 0.8197905887327392
[{'uniport_seq+0.9+15553': 0.6937132111582156}, {'uniport_seq+0.9+15552': 0.6599061383694798}, {'uniport_seq+0.9+15552': 0.6369502329557355}]
uniport_seq+0.9+15553 0.6937132111582156
[{'uniport_esm+0.9+15553': 0.6969634253541186}, {'uniport_esm+0.9+15552': 0.661931126622623}, {'uniport_esm+0.9+15552': 0.6837112141437816}]
uniport_esm+0.9+15553 0.6969634253541186
ICD10_C81 23
kernels existing
uniport_ppi_2019 {'C_num': 1, 'gamma_ratio': 2, 'gamma': '0.5052695526173884'} 0.7899869646188455 0.9191308243727598
ppi_2019_dw_40 {'C_num': 1, 'gamma_ratio': 2, 'gamma': '0.48138034733416246'} 0.7716536493164113 0.9200668842805939
diffusion_2019 {'C_num': 1, 'gamma_ratio': '2', 'gamma': '2'} 0.7920964502625326 0.9171306963645675
uniport_bio {'C_num': 1, 'gamma_ratio': 8, 'gamma': '0.13568965917980907'} 0.4483015692869406 0.7774257552483359
uniport_seq {'C_num': 3, 'gamma_ratio': 8, 'gamma': '0.05611004556505588'} 0.5696233275393379 0.7432315668202766
uniport_esm {'C_num': 9, 'gamma_ratio': 8, 'gamma': '0.02838808905526428'} 0.36426389582562163 0.6501536098310291
collect valid feature:  ['uniport_ppi_2019', 'ppi_2019_dw_40', 'diffusion_2019', 'uniport_bio', 'uniport_seq', 'uniport_esm']
evaluation
late fusion parameter choosen
[{'ppi+0.6+200': 0.9170748169024363, 'ppi+0.6+4701': 0.9784296020649209, 'ppi+0.6+15670': 0.9789677219288404, 'ppi+0.65+200': 0.9170748169024363, 'ppi+0.65+4701': 0.9784296020649209, 'ppi+0.65+15670': 0.9789677219288404, 'ppi+0.7+200': 0.917471566293631, 'ppi+0.7+4701': 0.9782927919300262, 'ppi+0.7+15670': 0.9789038771992229, 'ppi+0.75+200': 0.8493446794538541, 'ppi+0.75+4701': 0.977955326930619, 'ppi+0.75+15670': 0.9787944290913071, 'ppi+0.8+200': 0.8502385056685, 'ppi+0.8+4701': 0.9767057943652465, 'ppi+0.8+15670': 0.9786758603077316, 'ppi+0.85+200': 0.8509134356673144, 'ppi+0.85+4701': 0.9746080389635265, 'ppi+0.85+15670': 0.978639377605093, 'ppi+0.9+200': 0.8517434171523428, 'ppi+0.9+4701': 0.9736230059922839, 'ppi+0.9+15670': 0.9784296020649209, 'all+0.6+200': 0.8992575770013044, 'all+0.6+4701': 0.9673114984358041, 'all+0.6+15670': 0.965213743034084, 'all+0.65+200': 0.8992575770013044, 'all+0.65+4701': 0.9673114984358041, 'all+0.65+15670': 0.965213743034084, 'all+0.7+200': 0.9003201357156538, 'all+0.7+4701': 0.9674939119489971, 'all+0.7+15670': 0.9651316569531472, 'all+0.75+200': 0.8399321421730923, 'all+0.75+4701': 0.9669284300580987, 'all+0.75+15670': 0.9648489160076978, 'all+0.8+200': 0.8430149305460549, 'all+0.8+4701': 0.9643655201977362, 'all+0.8+15670': 0.9643837615490556, 'all+0.85+200': 0.8455276766902893, 'all+0.85+4701': 0.9564214116981786, 'all+0.85+15670': 0.965605932087449, 'all+0.9+200': 0.8478306472943516, 'all+0.9+4701': 0.9466714094180095, 'all+0.9+15670': 0.9673114984358041}, {'ppi+0.6+200': 0.8219157675200578, 'ppi+0.6+4700': 0.9465300389452851, 'ppi+0.6+15669': 0.9331120049373258, 'ppi+0.65+200': 0.8219157675200578, 'ppi+0.65+4700': 0.9465300389452851, 'ppi+0.65+15669': 0.9331120049373258, 'ppi+0.7+200': 0.8225222924514247, 'ppi+0.7+4700': 0.9470727191470345, 'ppi+0.7+15669': 0.9333035391261784, 'ppi+0.75+200': 0.8234054778778012, 'ppi+0.75+4700': 0.9480197493030285, 'ppi+0.75+15669': 0.9348677350018089, 'ppi+0.8+200': 0.8242673817276384, 'ppi+0.8+4700': 0.9504032858754177, 'ppi+0.8+15669': 0.9365702611249441, 'ppi+0.85+200': 0.7428334291004278, 'ppi+0.85+4700': 0.9510098108067845, 'ppi+0.85+15669': 0.94193321841282, 'ppi+0.9+200': 0.7440571197514313, 'ppi+0.9+4700': 0.9552554853263528, 'ppi+0.9+15669': 0.9465300389452851, 'all+0.6+200': 0.8903519972759582, 'all+0.6+4700': 0.9500627806507905, 'all+0.6+15669': 0.9438059971482688, 'all+0.65+200': 0.8903519972759582, 'all+0.65+4700': 0.9500627806507905, 'all+0.65+15669': 0.9438059971482688, 'all+0.7+200': 0.8914799208325354, 'all+0.7+4700': 0.9504564898167657, 'all+0.7+15669': 0.9436783076890336, 'all+0.75+200': 0.892751495030752, 'all+0.75+4700': 0.9511907042073677, 'all+0.75+15669': 0.9432952393113282, 'all+0.8+200': 0.8927302134542128, 'all+0.8+4700': 0.9522973461874056, 'all+0.8+15669': 0.9436463853242247, 'all+0.85+200': 0.8152439932750216, 'all+0.85+4700': 0.9522654238225967, 'all+0.85+15669': 0.9467854178637554, 'all+0.9+200': 0.8193992210942986, 'all+0.9+4700': 0.9512119857839069, 'all+0.9+15669': 0.950052139862521}, {'ppi+0.6+200': 0.8198248526250824, 'ppi+0.6+4700': 0.845586201025772, 'ppi+0.6+15669': 0.8452829385600886, 'ppi+0.65+200': 0.8198248526250824, 'ppi+0.65+4700': 0.845586201025772, 'ppi+0.65+15669': 0.8452829385600886, 'ppi+0.7+200': 0.8203302900678882, 'ppi+0.7+4700': 0.8498371959394753, 'ppi+0.7+15669': 0.8441124518504332, 'ppi+0.75+200': 0.8209314946051202, 'ppi+0.75+4700': 0.8568867181680819, 'ppi+0.75+15669': 0.8429738875055864, 'ppi+0.8+200': 0.7406946306582392, 'ppi+0.8+4700': 0.8648087850347954, 'ppi+0.8+15669': 0.8454212688075933, 'ppi+0.85+200': 0.741774670667603, 'ppi+0.85+4700': 0.8736885228457725, 'ppi+0.85+15669': 0.8447881419055523, 'ppi+0.9+200': 0.743067526442359, 'ppi+0.9+4700': 0.8825203771095363, 'ppi+0.9+15669': 0.8455755602375025, 'all+0.6+200': 0.8056247206793078, 'all+0.6+4700': 0.8373023473578923, 'all+0.6+15669': 0.8361850645895849, 'all+0.65+200': 0.8056247206793078, 'all+0.65+4700': 0.8373023473578923, 'all+0.65+15669': 0.8361850645895849, 'all+0.7+200': 0.8071463534018599, 'all+0.7+4700': 0.8393613398880589, 'all+0.7+15669': 0.8344186937368321, 'all+0.75+200': 0.8093755985443402, 'all+0.75+4700': 0.8479165336568133, 'all+0.75+15669': 0.8300559705462981, 'all+0.8+200': 0.8115250377747982, 'all+0.8+4700': 0.8591532060695057, 'all+0.8+15669': 0.8286620272829811, 'all+0.85+200': 0.8118495818170208, 'all+0.85+4700': 0.8663676605162911, 'all+0.85+15669': 0.833524867522186, 'all+0.9+200': 0.7359062759369214, 'all+0.9+4700': 0.8521356062057077, 'all+0.9+15669': 0.8373023473578924}] [{'uniport_ppi_2019+0.9+15670': 0.9830993880026633, 'ppi_2019_dw_40+0.9+15670': 0.9700385804580403, 'diffusion_2019+0.9+15670': 0.966527120329074, 'uniport_bio+0.9+15670': 0.806199323245866, 'uniport_seq+0.9+15670': 0.8371457757590682, 'uniport_esm+0.9+15670': 0.9055827655712736}, {'uniport_ppi_2019+0.9+15669': 0.9570005746025665, 'ppi_2019_dw_40+0.9+15669': 0.9410713145629828, 'diffusion_2019+0.9+15669': 0.8593660218348976, 'uniport_bio+0.9+15669': 0.9353359296856711, 'uniport_seq+0.9+15669': 0.7622369065100343, 'uniport_esm+0.9+15669': 0.7631945774542979}, {'uniport_ppi_2019+0.9+15669': 0.8565249313669157, 'ppi_2019_dw_40+0.9+15669': 0.8588073804507439, 'diffusion_2019+0.9+15669': 0.8588127008448786, 'uniport_bio+0.9+15669': 0.7754474451467366, 'uniport_seq+0.9+15669': 0.8351316265508949, 'uniport_esm+0.9+15669': 0.6515673881121113}]
late fusion evaluation
ppi+0.85+15670 0.9797156173329321
all+0.6+4701 0.967101722895632
late fusion bag 1 evaluation
ppi+0.6+15670 0.9789677219288404
all+0.7+4701 0.9674939119489971
late fusion bag 2 evaluation
[{'uniport_ppi_2019+0.9+15670': 0.9830993880026633}, {'uniport_ppi_2019+0.9+15669': 0.9570005746025665}, {'uniport_ppi_2019+0.9+15669': 0.8565249313669157}]
uniport_ppi_2019+0.9+15670 0.9830993880026633
[{'ppi_2019_dw_40+0.9+15670': 0.9700385804580403}, {'ppi_2019_dw_40+0.9+15669': 0.9410713145629828}, {'ppi_2019_dw_40+0.9+15669': 0.8588073804507439}]
ppi_2019_dw_40+0.9+15670 0.9700385804580403
[{'diffusion_2019+0.9+15670': 0.966527120329074}, {'diffusion_2019+0.9+15669': 0.8593660218348976}, {'diffusion_2019+0.9+15669': 0.8588127008448786}]
diffusion_2019+0.9+15670 0.966527120329074
[{'uniport_bio+0.9+15670': 0.806199323245866}, {'uniport_bio+0.9+15669': 0.9353359296856711}, {'uniport_bio+0.9+15669': 0.7754474451467366}]
uniport_bio+0.9+15669 0.8553916874162039
[{'uniport_seq+0.9+15670': 0.8371457757590682}, {'uniport_seq+0.9+15669': 0.7622369065100343}, {'uniport_seq+0.9+15669': 0.8351316265508949}]
uniport_seq+0.9+15670 0.8371457757590682
[{'uniport_esm+0.9+15670': 0.9055827655712736}, {'uniport_esm+0.9+15669': 0.7631945774542979}, {'uniport_esm+0.9+15669': 0.6515673881121113}]
uniport_esm+0.9+15670 0.9055827655712736
ICD10_D57 22
kernels existing
/itf-fi-ml/shared/users/ziyuzh/.venv/lib64/python3.11/site-packages/gseapy/enrichr.py:689: FutureWarning: The behavior of DataFrame concatenation with empty or all-NA entries is deprecated. In a future version, this will no longer exclude empty or all-NA columns when determining the result dtypes. To retain the old behavior, exclude the relevant entries before the concat operation.
  self.results = pd.concat(self.results, ignore_index=True)
uniport_ppi_2019 {'C_num': 1, 'gamma_ratio': 2, 'gamma': '0.5052695526173884'} 0.7236929820888632 0.9414965986394558
ppi_2019_dw_40 {'C_num': 9, 'gamma_ratio': 2, 'gamma': '0.48138034733416246'} 0.7186458365471663 0.9156462585034012
diffusion_2019 {'C_num': 1, 'gamma_ratio': '2', 'gamma': '2'} 0.878231730969994 0.9673469387755103
uniport_bio {'C_num': 3, 'gamma_ratio': 2, 'gamma': '0.5427586367192363'} 0.7739036656200263 0.9482993197278912
uniport_seq {'C_num': 1, 'gamma_ratio': 4, 'gamma': '0.11222009113011176'} 0.44050397063976243 0.7605442176870749
uniport_esm {'C_num': 3, 'gamma_ratio': 8, 'gamma': '0.02838808905526428'} 0.5338491750694381 0.7768707482993197
collect valid feature:  ['uniport_ppi_2019', 'ppi_2019_dw_40', 'diffusion_2019', 'uniport_bio', 'uniport_seq', 'uniport_esm']
evaluation
late fusion parameter choosen
[{'ppi+0.6+200': 0.9102856413249671, 'ppi+0.6+4701': 0.9817598132204874, 'ppi+0.6+15671': 0.9819695753684518, 'ppi+0.65+200': 0.9102856413249671, 'ppi+0.65+4701': 0.9817598132204874, 'ppi+0.65+15671': 0.9819695753684518, 'ppi+0.7+200': 0.9096472347876843, 'ppi+0.7+4701': 0.9816777323799796, 'ppi+0.7+15671': 0.9818783744345543, 'ppi+0.75+200': 0.7735298409455712, 'ppi+0.75+4701': 0.9814314898584562, 'ppi+0.75+15671': 0.9818327739676054, 'ppi+0.8+200': 0.7753903399970815, 'ppi+0.8+4701': 0.981167007150153, 'ppi+0.8+15671': 0.981814533780826, 'ppi+0.85+200': 0.7769909163869838, 'ppi+0.85+4701': 0.9812308478038815, 'ppi+0.85+15671': 0.981960455275062, 'ppi+0.9+200': 0.7783178899751934, 'ppi+0.9+4701': 0.9810074055158325, 'ppi+0.9+15671': 0.9817598132204873, 'all+0.6+200': 0.9683167955639865, 'all+0.6+4701': 0.987988837005691, 'all+0.6+15671': 0.9889008463446666, 'all+0.65+200': 0.9683167955639865, 'all+0.65+4701': 0.987988837005691, 'all+0.65+15671': 0.9889008463446666, 'all+0.7+200': 0.9677695899606011, 'all+0.7+4701': 0.9876331533634904, 'all+0.7+15671': 0.988882606157887, 'all+0.75+200': 0.8386199474682622, 'all+0.75+4701': 0.9869765066394279, 'all+0.75+15671': 0.9888552458777178, 'all+0.8+200': 0.8411188530570555, 'all+0.8+4701': 0.9861192178607909, 'all+0.8+15671': 0.9887640449438202, 'all+0.85+200': 0.8435721581788997, 'all+0.85+4701': 0.9848697650663942, 'all+0.85+15671': 0.9886728440099226, 'all+0.9+200': 0.8458521815263389, 'all+0.9+4701': 0.9828451043338682, 'all+0.9+15671': 0.987988837005691}, {'ppi+0.6+200': 0.8330430103604262, 'ppi+0.6+4701': 0.9563147526630673, 'ppi+0.6+15671': 0.9590325404932146, 'ppi+0.65+200': 0.8330430103604262, 'ppi+0.65+4701': 0.9563147526630673, 'ppi+0.65+15671': 0.9590325404932146, 'ppi+0.7+200': 0.8329791697066978, 'ppi+0.7+4701': 0.9563147526630673, 'ppi+0.7+15671': 0.9589960601196557, 'ppi+0.75+200': 0.7642045454545454, 'ppi+0.75+4701': 0.9553936232307019, 'ppi+0.75+15671': 0.958795418065081, 'ppi+0.8+200': 0.5588975631110463, 'ppi+0.8+4701': 0.9535604844593606, 'ppi+0.8+15671': 0.9583850138625418, 'ppi+0.85+200': 0.5611411060849262, 'ppi+0.85+4701': 0.945543922369765, 'ppi+0.85+15671': 0.9579290091930541, 'ppi+0.9+200': 0.5641780971837151, 'ppi+0.9+4701': 0.8880326134539618, 'ppi+0.9+15671': 0.9563147526630673, 'all+0.6+200': 0.8916578505763898, 'all+0.6+4701': 0.9509794980300599, 'all+0.6+15671': 0.9275408580183861, 'all+0.65+200': 0.8916578505763898, 'all+0.65+4701': 0.9509794980300599, 'all+0.65+15671': 0.9275408580183861, 'all+0.7+200': 0.8922460966000293, 'all+0.7+4701': 0.9520374288632716, 'all+0.7+15671': 0.9291824748285421, 'all+0.75+200': 0.8268778272289509, 'all+0.75+4701': 0.9530132788559755, 'all+0.75+15671': 0.9336695607763024, 'all+0.8+200': 0.7605428279585582, 'all+0.8+4701': 0.9531956807237706, 'all+0.8+15671': 0.9382296074711804, 'all+0.85+200': 0.7639902232598862, 'all+0.85+4701': 0.9491007587917699, 'all+0.85+15671': 0.9449875966729899, 'all+0.9+200': 0.7682037064059536, 'all+0.9+4701': 0.9507058952283671, 'all+0.9+15671': 0.9509886181234496}, {'ppi+0.6+200': 0.8441284838756749, 'ppi+0.6+4701': 0.9669670217423026, 'ppi+0.6+15671': 0.9667025390339998, 'ppi+0.65+200': 0.8441284838756749, 'ppi+0.65+4701': 0.9669670217423026, 'ppi+0.65+15671': 0.9667025390339998, 'ppi+0.7+200': 0.8448580913468553, 'ppi+0.7+4701': 0.9673318254778929, 'ppi+0.7+15671': 0.9666386983802714, 'ppi+0.75+200': 0.8459889829271853, 'ppi+0.75+4701': 0.967924631548227, 'ppi+0.75+15671': 0.9664562965124763, 'ppi+0.8+200': 0.8473387567488692, 'ppi+0.8+4701': 0.9679884722019553, 'ppi+0.8+15671': 0.9662282941777324, 'ppi+0.85+200': 0.8487797315044506, 'ppi+0.85+4701': 0.9672315044506055, 'ppi+0.85+15671': 0.9662465343645118, 'ppi+0.9+200': 0.8499699036918139, 'ppi+0.9+4701': 0.9652798044651978, 'ppi+0.9+15671': 0.9669670217423025, 'all+0.6+200': 0.902916605866044, 'all+0.6+4701': 0.9692470450897417, 'all+0.6+15671': 0.9528126368014007, 'all+0.65+200': 0.902916605866044, 'all+0.65+4701': 0.9692470450897417, 'all+0.65+15671': 0.9528126368014007, 'all+0.7+200': 0.9038194951116301, 'all+0.7+4701': 0.9702776156427841, 'all+0.7+15671': 0.9528491171749599, 'all+0.75+200': 0.9051191084196704, 'all+0.75+4701': 0.9714541076900628, 'all+0.75+15671': 0.9559134685539179, 'all+0.8+200': 0.9073900116737195, 'all+0.8+4701': 0.9720377936670072, 'all+0.8+15671': 0.9599445498321902, 'all+0.85+200': 0.8429109514081424, 'all+0.85+4701': 0.9722931562819204, 'all+0.85+15671': 0.9648237997957099, 'all+0.9+200': 0.8453414562965125, 'all+0.9+4701': 0.9693382460236393, 'all+0.9+15671': 0.9692470450897417}] [{'uniport_ppi_2019+0.9+15671': 0.9780844155844157, 'ppi_2019_dw_40+0.9+15671': 0.9650654822705385, 'diffusion_2019+0.9+15671': 0.9830822267620021, 'uniport_bio+0.9+15671': 0.9633509047132643, 'uniport_seq+0.9+15671': 0.927358456150591, 'uniport_esm+0.9+15671': 0.8916259302495257}, {'uniport_ppi_2019+0.9+15671': 0.955758426966292, 'ppi_2019_dw_40+0.9+15671': 0.9351926163723916, 'diffusion_2019+0.9+15671': 0.9520830293302203, 'uniport_bio+0.9+15671': 0.9457901648912885, 'uniport_seq+0.9+15671': 0.6402579162410623, 'uniport_esm+0.9+15671': 0.6646906464322194}, {'uniport_ppi_2019+0.9+15671': 0.9536790456734276, 'ppi_2019_dw_40+0.9+15671': 0.9548190573471473, 'diffusion_2019+0.9+15671': 0.963355464759959, 'uniport_bio+0.9+15671': 0.9690600831752516, 'uniport_seq+0.9+15671': 0.8262166204581936, 'uniport_esm+0.9+15671': 0.6601853202976798}]
late fusion evaluation
ppi+0.6+15671 0.9706606595651538
all+0.8+4701 0.9713887470207695
late fusion bag 1 evaluation
ppi+0.6+15671 0.9692348849652221
all+0.75+4701 0.9704812977284888
late fusion bag 2 evaluation
[{'uniport_ppi_2019+0.9+15671': 0.9780844155844157}, {'uniport_ppi_2019+0.9+15671': 0.955758426966292}, {'uniport_ppi_2019+0.9+15671': 0.9536790456734276}]
uniport_ppi_2019+0.9+15671 0.9625072960747119
[{'ppi_2019_dw_40+0.9+15671': 0.9650654822705385}, {'ppi_2019_dw_40+0.9+15671': 0.9351926163723916}, {'ppi_2019_dw_40+0.9+15671': 0.9548190573471473}]
ppi_2019_dw_40+0.9+15671 0.9516923853300258
[{'diffusion_2019+0.9+15671': 0.9830822267620021}, {'diffusion_2019+0.9+15671': 0.9520830293302203}, {'diffusion_2019+0.9+15671': 0.963355464759959}]
diffusion_2019+0.9+15671 0.9661735736173939
[{'uniport_bio+0.9+15671': 0.9633509047132643}, {'uniport_bio+0.9+15671': 0.9457901648912885}, {'uniport_bio+0.9+15671': 0.9690600831752516}]
uniport_bio+0.9+15671 0.9594003842599349
[{'uniport_seq+0.9+15671': 0.927358456150591}, {'uniport_seq+0.9+15671': 0.6402579162410623}, {'uniport_seq+0.9+15671': 0.8262166204581936}]
uniport_seq+0.9+15671 0.7979443309499489
[{'uniport_esm+0.9+15671': 0.8916259302495257}, {'uniport_esm+0.9+15671': 0.6646906464322194}, {'uniport_esm+0.9+15671': 0.6601853202976798}]
uniport_esm+0.9+15671 0.7388339656598083
ICD10_D66 15
kernels existing
uniport_ppi_2019 {'C_num': 1, 'gamma_ratio': 2, 'gamma': '0.5052695526173884'} 0.94795671645382 0.9217391304347826
ppi_2019_dw_40 {'C_num': 1, 'gamma_ratio': 4, 'gamma': '0.24069017366708123'} 0.9551194359038325 0.9362318840579711
diffusion_2019 {'C_num': 1, 'gamma_ratio': '2', 'gamma': '2'} 0.959750033225195 0.9449275362318841
uniport_bio {'C_num': 1, 'gamma_ratio': 2, 'gamma': '0.5427586367192363'} 0.8895904185718452 0.8695652173913043
uniport_seq {'C_num': 3, 'gamma_ratio': 8, 'gamma': '0.05611004556505588'} 0.37228862222778236 0.8029891304347826
uniport_esm {'C_num': 3, 'gamma_ratio': 2, 'gamma': '0.11355235622105712'} 0.51635229041093 0.8058574879227053
collect valid feature:  ['uniport_ppi_2019', 'ppi_2019_dw_40', 'diffusion_2019', 'uniport_bio', 'uniport_seq', 'uniport_esm']
evaluation
late fusion parameter choosen
[{'ppi+0.6+200': 0.6813987620445409, 'ppi+0.6+4702': 0.9392380830834025, 'ppi+0.6+15676': 0.9377065917937591, 'ppi+0.65+200': 0.6813987620445409, 'ppi+0.65+4702': 0.9392380830834025, 'ppi+0.65+15676': 0.9377065917937591, 'ppi+0.7+200': 0.6829302533341841, 'ppi+0.7+4702': 0.9402846021313254, 'ppi+0.7+15676': 0.9376044923744496, 'ppi+0.75+200': 0.6850296726437367, 'ppi+0.75+4702': 0.9424159275094124, 'ppi+0.75+15676': 0.9373237189713484, 'ppi+0.8+200': 0.58973900835939, 'ppi+0.8+4702': 0.9456831089273179, 'ppi+0.8+15676': 0.9369153212941101, 'ppi+0.85+200': 0.5919150022334247, 'ppi+0.85+4702': 0.9476485227490268, 'ppi+0.85+15676': 0.9370301831408334, 'ppi+0.9+200': 0.5939378469784953, 'ppi+0.9+4702': 0.9416118945823496, 'ppi+0.9+15676': 0.9392380830834024, 'all+0.6+200': 0.6563333546040457, 'all+0.6+4702': 0.9182694148427031, 'all+0.6+15676': 0.9389062599706464, 'all+0.65+200': 0.6563333546040457, 'all+0.65+4702': 0.9182694148427031, 'all+0.65+15676': 0.9389062599706464, 'all+0.7+200': 0.6593708123285048, 'all+0.7+4702': 0.9170442218109885, 'all+0.7+15676': 0.9385999617127178, 'all+0.75+200': 0.6637355625039884, 'all+0.75+4702': 0.9144917363282496, 'all+0.75+15676': 0.9372343819794525, 'all+0.8+200': 0.575177078680365, 'all+0.8+4702': 0.9119009635632698, 'all+0.8+15676': 0.9342862612468892, 'all+0.85+200': 0.5804990109118755, 'all+0.85+4702': 0.9080467104843342, 'all+0.85+15676': 0.9277774232659052, 'all+0.9+200': 0.5856167443047668, 'all+0.9+4702': 0.8889285942186205, 'all+0.9+15676': 0.9182821772701167}, {'ppi+0.6+200': 0.7892285112628422, 'ppi+0.6+4702': 0.8197243315678643, 'ppi+0.6+15676': 0.8558866696445664, 'ppi+0.65+200': 0.7892285112628422, 'ppi+0.65+4702': 0.8197243315678643, 'ppi+0.65+15676': 0.8558866696445664, 'ppi+0.7+200': 0.789949588411716, 'ppi+0.7+4702': 0.8249250207389445, 'ppi+0.7+15676': 0.8548146257418161, 'ppi+0.75+200': 0.7908238146895539, 'ppi+0.75+4702': 0.8341586369727523, 'ppi+0.75+15676': 0.851190096356327, 'ppi+0.8+200': 0.7919086210197179, 'ppi+0.8+4702': 0.8445600153149129, 'ppi+0.8+15676': 0.8310509858975177, 'ppi+0.85+200': 0.7928530406483314, 'ppi+0.85+4702': 0.8555420841043966, 'ppi+0.85+15676': 0.8177142492502074, 'ppi+0.9+200': 0.7939442281922022, 'ppi+0.9+4702': 0.866083849148108, 'ppi+0.9+15676': 0.8196860442856231, 'all+0.6+200': 0.8798927956097249, 'all+0.6+4702': 0.8484589368897965, 'all+0.6+15676': 0.8746346755152831, 'all+0.65+200': 0.8798927956097249, 'all+0.65+4702': 0.8484589368897965, 'all+0.65+15676': 0.8746346755152831, 'all+0.7+200': 0.8807095909642014, 'all+0.7+4702': 0.8529130240571757, 'all+0.7+15676': 0.873677493459256, 'all+0.75+200': 0.8814306681130751, 'all+0.75+4702': 0.8568757577691277, 'all+0.75+15676': 0.870920809137898, 'all+0.8+200': 0.8826239550762556, 'all+0.8+4702': 0.8676919150022334, 'all+0.8+15676': 0.8618977729564163, 'all+0.85+200': 0.8836321868419373, 'all+0.85+4702': 0.8738306425882203, 'all+0.85+15676': 0.8523770021058006, 'all+0.9+200': 0.8842447833577947, 'all+0.9+4702': 0.8368068406610938, 'all+0.9+15676': 0.8484461744623828}, {'ppi+0.6+200': 0.8596053219322316, 'ppi+0.6+4702': 0.9855305979197243, 'ppi+0.6+15675': 0.9858815646736009, 'ppi+0.65+200': 0.8596053219322316, 'ppi+0.65+4702': 0.9855305979197243, 'ppi+0.65+15675': 0.9858815646736009, 'ppi+0.7+200': 0.8601237955459128, 'ppi+0.7+4702': 0.9854189266798545, 'ppi+0.7+15675': 0.9858815646736009, 'ppi+0.75+200': 0.8612405079446112, 'ppi+0.75+4702': 0.9851796311658477, 'ppi+0.75+15675': 0.9858177525365325, 'ppi+0.8+200': 0.7414172675642907, 'ppi+0.8+4702': 0.9850041477889093, 'ppi+0.8+15675': 0.9857698934337311, 'ppi+0.85+200': 0.7426775572713931, 'ppi+0.85+4702': 0.9844936506923616, 'ppi+0.85+15675': 0.9857060812966627, 'ppi+0.9+200': 0.7437623636015571, 'ppi+0.9+4702': 0.9835045625678005, 'ppi+0.9+15675': 0.9855305979197243, 'all+0.6+200': 0.8419373364813988, 'all+0.6+4702': 0.9664667219705189, 'all+0.6+15675': 0.9685246633909769, 'all+0.65+200': 0.8419373364813988, 'all+0.65+4702': 0.9664667219705189, 'all+0.65+15675': 0.9685246633909769, 'all+0.7+200': 0.8430460723629634, 'all+0.7+4702': 0.9662433794907791, 'all+0.7+15675': 0.9685246633909769, 'all+0.75+200': 0.8454071214344969, 'all+0.75+4702': 0.9666900644502584, 'all+0.75+15675': 0.9682853678769702, 'all+0.8+200': 0.7315901984557462, 'all+0.8+4702': 0.9673281858209432, 'all+0.8+15675': 0.9684768042881756, 'all+0.85+200': 0.7349243826175738, 'all+0.85+4702': 0.9683172739455045, 'all+0.85+15675': 0.9678227298832238, 'all+0.9+200': 0.7380192712653947, 'all+0.9+4702': 0.9690351604875249, 'all+0.9+15675': 0.9664667219705187}] [{'uniport_ppi_2019+0.9+15676': 0.9023546678578266, 'ppi_2019_dw_40+0.9+15676': 0.9169676472465063, 'diffusion_2019+0.9+15676': 0.9575904537042945, 'uniport_bio+0.9+15676': 0.7944866313572843, 'uniport_seq+0.9+15676': 0.7930189522047094, 'uniport_esm+0.9+15676': 0.8084614893752791}, {'uniport_ppi_2019+0.9+15676': 0.8347457086337822, 'ppi_2019_dw_40+0.9+15676': 0.8241337502392956, 'diffusion_2019+0.9+15676': 0.8513815327675326, 'uniport_bio+0.9+15676': 0.8377002105800524, 'uniport_seq+0.9+15676': 0.8363218684193734, 'uniport_esm+0.9+15676': 0.5137132282560144}, {'uniport_ppi_2019+0.9+15675': 0.9886254865675451, 'ppi_2019_dw_40+0.9+15675': 0.9811913725990684, 'diffusion_2019+0.9+15675': 0.9760544955650564, 'uniport_bio+0.9+15675': 0.8178562312551847, 'uniport_seq+0.9+15675': 0.8346467998213261, 'uniport_esm+0.9+15675': 0.8416182757960564}]
late fusion evaluation
ppi+0.6+15675 0.9849722417203752
all+0.7+15675 0.970566651777168
late fusion bag 1 evaluation
ppi+0.6+15675 0.9858815646736009
all+0.6+15675 0.9685246633909769
late fusion bag 2 evaluation
[{'uniport_ppi_2019+0.9+15676': 0.9023546678578266}, {'uniport_ppi_2019+0.9+15676': 0.8347457086337822}, {'uniport_ppi_2019+0.9+15675': 0.9886254865675451}]
uniport_ppi_2019+0.9+15675 0.9886254865675451
[{'ppi_2019_dw_40+0.9+15676': 0.9169676472465063}, {'ppi_2019_dw_40+0.9+15676': 0.8241337502392956}, {'ppi_2019_dw_40+0.9+15675': 0.9811913725990684}]
ppi_2019_dw_40+0.9+15675 0.9811913725990684
[{'diffusion_2019+0.9+15676': 0.9575904537042945}, {'diffusion_2019+0.9+15676': 0.8513815327675326}, {'diffusion_2019+0.9+15675': 0.9760544955650564}]
diffusion_2019+0.9+15675 0.9760544955650564
[{'uniport_bio+0.9+15676': 0.7944866313572843}, {'uniport_bio+0.9+15676': 0.8377002105800524}, {'uniport_bio+0.9+15675': 0.8178562312551847}]
uniport_bio+0.9+15675 0.8178562312551847
[{'uniport_seq+0.9+15676': 0.7930189522047094}, {'uniport_seq+0.9+15676': 0.8363218684193734}, {'uniport_seq+0.9+15675': 0.8346467998213261}]
uniport_seq+0.9+15675 0.8346467998213261
[{'uniport_esm+0.9+15676': 0.8084614893752791}, {'uniport_esm+0.9+15676': 0.5137132282560144}, {'uniport_esm+0.9+15675': 0.8416182757960564}]
uniport_esm+0.9+15675 0.8416182757960564
ICD10_D83 23
kernels existing
uniport_ppi_2019 {'C_num': 1, 'gamma_ratio': 2, 'gamma': '0.5052695526173884'} 0.9043498827735849 0.9210884353741496
ppi_2019_dw_40 {'C_num': 9, 'gamma_ratio': 2, 'gamma': '0.48138034733416246'} 0.915324645115331 0.942857142857143
diffusion_2019 {'C_num': 3, 'gamma_ratio': '0.1', 'gamma': '0.1'} 0.9450801493030502 0.9564625850340137
uniport_bio {'C_num': 3, 'gamma_ratio': 8, 'gamma': '0.13568965917980907'} 0.836080113695969 0.9129251700680273
uniport_seq {'C_num': 3, 'gamma_ratio': 4, 'gamma': '0.11222009113011176'} 0.7335977206906286 0.8829931972789117
uniport_esm {'C_num': 27, 'gamma_ratio': 8, 'gamma': '0.02838808905526428'} 0.658004833440426 0.8231292517006802
collect valid feature:  ['uniport_ppi_2019', 'ppi_2019_dw_40', 'diffusion_2019', 'uniport_bio', 'uniport_seq', 'uniport_esm']
evaluation
late fusion parameter choosen
[{'ppi+0.6+200': 0.9194553132496056, 'ppi+0.6+4701': 0.9090030189436433, 'ppi+0.6+15670': 0.900393101120931, 'ppi+0.65+200': 0.9194553132496056, 'ppi+0.65+4701': 0.9090030189436433, 'ppi+0.65+15670': 0.900393101120931, 'ppi+0.7+200': 0.9196240457493091, 'ppi+0.7+4701': 0.9121314106949042, 'ppi+0.7+15670': 0.8993898267983691, 'ppi+0.75+200': 0.9201667259510584, 'ppi+0.75+4701': 0.9151275526491003, 'ppi+0.75+15670': 0.8956594704535712, 'ppi+0.8+200': 0.9205133116261253, 'ppi+0.8+4701': 0.8840123676361945, 'ppi+0.8+15670': 0.8976386570717159, 'ppi+0.85+200': 0.9213068104085151, 'ppi+0.85+4701': 0.8928959057286964, 'ppi+0.85+15670': 0.8985872073403197, 'ppi+0.9+200': 0.8521948905974954, 'ppi+0.9+4701': 0.9018341678751561, 'ppi+0.9+15670': 0.9090030189436433, 'all+0.6+200': 0.9143431745423701, 'all+0.6+4701': 0.917968643117082, 'all+0.6+15670': 0.9142565281236034, 'all+0.65+200': 0.9143431745423701, 'all+0.65+4701': 0.917968643117082, 'all+0.65+15670': 0.9142565281236034, 'all+0.7+200': 0.9150181045411845, 'all+0.7+4701': 0.9210149487874061, 'all+0.7+15670': 0.913107322990487, 'all+0.75+200': 0.9163725248766429, 'all+0.75+4701': 0.924198064592625, 'all+0.75+15670': 0.9084968214445326, 'all+0.8+200': 0.9177588675769102, 'all+0.8+4701': 0.9255023212119554, 'all+0.8+15670': 0.9071241597577548, 'all+0.85+200': 0.9195282786548827, 'all+0.85+4701': 0.9260039583732362, 'all+0.85+15670': 0.9081821581342745, 'all+0.9+200': 0.9214344998677503, 'all+0.9+4701': 0.9340620753185396, 'all+0.9+15670': 0.9179595224414224}, {'ppi+0.6+200': 0.8408259683877383, 'ppi+0.6+4701': 0.9719356809952482, 'ppi+0.6+15670': 0.9732399376145785, 'ppi+0.65+200': 0.8408259683877383, 'ppi+0.65+4701': 0.9719356809952482, 'ppi+0.65+15670': 0.9732399376145785, 'ppi+0.7+200': 0.7730183051960489, 'ppi+0.7+4701': 0.9715252505905637, 'ppi+0.7+15670': 0.9731852135606205, 'ppi+0.75+200': 0.7740717432347387, 'ppi+0.75+4701': 0.9705493382949808, 'ppi+0.75+15670': 0.9730392827500661, 'ppi+0.8+200': 0.7060315028137284, 'ppi+0.8+4701': 0.9692998057296085, 'ppi+0.8+15670': 0.9728295072098941, 'ppi+0.85+200': 0.7075728970002099, 'ppi+0.85+4701': 0.9686887204604114, 'ppi+0.85+15670': 0.9723369907242729, 'ppi+0.9+200': 0.7087312228089857, 'ppi+0.9+4701': 0.9709871307266442, 'ppi+0.9+15670': 0.9719356809952482, 'all+0.6+200': 0.8931239226201877, 'all+0.6+4701': 0.963818279658157, 'all+0.6+15670': 0.9496903530613549, 'all+0.65+200': 0.8931239226201877, 'all+0.65+4701': 0.963818279658157, 'all+0.65+15670': 0.9496903530613549, 'all+0.7+200': 0.8304648808383726, 'all+0.7+4701': 0.9640645379009677, 'all+0.7+15670': 0.949763318466632, 'all+0.75+200': 0.832001714687024, 'all+0.75+4701': 0.9635446593883675, 'all+0.75+15670': 0.950684506708257, 'all+0.8+200': 0.7686768635820541, 'all+0.8+4701': 0.9613192145274122, 'all+0.8+15670': 0.9547796900794411, 'all+0.85+200': 0.7720469532382959, 'all+0.85+4701': 0.9576344615609125, 'all+0.85+15670': 0.9596501308816957, 'all+0.9+200': 0.7752255087056849, 'all+0.9+4701': 0.9551901204841255, 'all+0.9+15670': 0.9638182796581571}, {'ppi+0.6+200': 0.7753167154622814, 'ppi+0.6+4701': 0.9647303472241224, 'ppi+0.6+15670': 0.965186381007105, 'ppi+0.65+200': 0.7753167154622814, 'ppi+0.65+4701': 0.9647303472241224, 'ppi+0.65+15670': 0.965186381007105, 'ppi+0.7+200': 0.7760691712042028, 'ppi+0.7+4701': 0.9644202442516941, 'ppi+0.7+15670': 0.9651498983044664, 'ppi+0.75+200': 0.7773643071478735, 'ppi+0.75+4701': 0.9631980737133007, 'ppi+0.75+15670': 0.9649310020886347, 'ppi+0.8+200': 0.778691365456353, 'ppi+0.8+4701': 0.9611915250681771, 'ppi+0.8+15670': 0.9649583641156136, 'ppi+0.85+200': 0.7797448034950429, 'ppi+0.85+4701': 0.9595315620981203, 'ppi+0.85+15670': 0.9650450105343804, 'ppi+0.9+200': 0.7809988963982453, 'ppi+0.9+4701': 0.9579172025063618, 'ppi+0.9+15670': 0.9647303472241223, 'all+0.6+200': 0.9030517780757199, 'all+0.6+4701': 0.9628150053355953, 'all+0.6+15670': 0.9601335266916573, 'all+0.65+200': 0.9030517780757199, 'all+0.65+4701': 0.9628150053355953, 'all+0.65+15670': 0.9601335266916573, 'all+0.7+200': 0.9040094490199834, 'all+0.7+4701': 0.9630339015514269, 'all+0.7+15670': 0.9600331992594011, 'all+0.75+200': 0.8375790078529017, 'all+0.75+4701': 0.9626325918224022, 'all+0.75+15670': 0.9598872684488466, 'all+0.8+200': 0.8386917302833794, 'all+0.8+4701': 0.9618664550669914, 'all+0.8+15670': 0.960379784934468, 'all+0.85+200': 0.7726671591831523, 'all+0.85+4701': 0.9609999908793243, 'all+0.85+15670': 0.960981749528005, 'all+0.9+200': 0.7751388622869182, 'all+0.9+4701': 0.9592397004770113, 'all+0.9+15670': 0.9628150053355952}] [{'uniport_ppi_2019+0.9+15670': 0.933291378225299, 'ppi_2019_dw_40+0.9+15670': 0.8811256737899142, 'diffusion_2019+0.9+15670': 0.8857544166871881, 'uniport_bio+0.9+15670': 0.9758758128802181, 'uniport_seq+0.9+15670': 0.7747101905309145, 'uniport_esm+0.9+15670': 0.6414479984677266}, {'uniport_ppi_2019+0.9+15670': 0.9398400233489297, 'ppi_2019_dw_40+0.9+15670': 0.9783657573353034, 'diffusion_2019+0.9+15670': 0.9662991034375827, 'uniport_bio+0.9+15670': 0.8545161025528771, 'uniport_seq+0.9+15670': 0.7881403854397533, 'uniport_esm+0.9+15670': 0.7330879871580886}, {'uniport_ppi_2019+0.9+15670': 0.9519887633275873, 'ppi_2019_dw_40+0.9+15670': 0.9601426473673169, 'diffusion_2019+0.9+15670': 0.9529008308935525, 'uniport_bio+0.9+15670': 0.9347005226147153, 'uniport_seq+0.9+15670': 0.7311772056073914, 'uniport_esm+0.9+15670': 0.7812588356545453}]
late fusion evaluation
ppi+0.6+15670 0.949500338985112
all+0.8+4701 0.9528020235739062
late fusion bag 1 evaluation
ppi+0.75+4701 0.9496249882191273
all+0.75+4701 0.9501251052677983
late fusion bag 2 evaluation
[{'uniport_ppi_2019+0.9+15670': 0.933291378225299}, {'uniport_ppi_2019+0.9+15670': 0.9398400233489297}, {'uniport_ppi_2019+0.9+15670': 0.9519887633275873}]
uniport_ppi_2019+0.9+15670 0.9417067216339386
[{'ppi_2019_dw_40+0.9+15670': 0.8811256737899142}, {'ppi_2019_dw_40+0.9+15670': 0.9783657573353034}, {'ppi_2019_dw_40+0.9+15670': 0.9601426473673169}]
ppi_2019_dw_40+0.9+15670 0.9398780261641781
[{'diffusion_2019+0.9+15670': 0.8857544166871881}, {'diffusion_2019+0.9+15670': 0.9662991034375827}, {'diffusion_2019+0.9+15670': 0.9529008308935525}]
diffusion_2019+0.9+15670 0.9349847836727744
[{'uniport_bio+0.9+15670': 0.9758758128802181}, {'uniport_bio+0.9+15670': 0.8545161025528771}, {'uniport_bio+0.9+15670': 0.9347005226147153}]
uniport_bio+0.9+15670 0.9216974793492702
[{'uniport_seq+0.9+15670': 0.7747101905309145}, {'uniport_seq+0.9+15670': 0.7881403854397533}, {'uniport_seq+0.9+15670': 0.7311772056073914}]
uniport_seq+0.9+15670 0.7646759271926863
[{'uniport_esm+0.9+15670': 0.6414479984677266}, {'uniport_esm+0.9+15670': 0.7330879871580886}, {'uniport_esm+0.9+15670': 0.7812588356545453}]
uniport_esm+0.9+15670 0.7185982737601201
ICD10_E11 269
kernels existing
uniport_ppi_2019 {'C_num': 1, 'gamma_ratio': 4, 'gamma': '0.2526347763086942'} 0.8091968263313886 0.8951915301329771
ppi_2019_dw_40 {'C_num': 1, 'gamma_ratio': 2, 'gamma': '0.48138034733416246'} 0.8125618988005364 0.8945072326240492
diffusion_2019 {'C_num': 1, 'gamma_ratio': '0.1', 'gamma': '0.1'} 0.8105992753202055 0.9063821980410524
uniport_bio {'C_num': 1, 'gamma_ratio': 2, 'gamma': '0.5427586367192363'} 0.7199716251557938 0.8815238379440352
uniport_seq {'C_num': 27, 'gamma_ratio': 2, 'gamma': '0.22444018226022353'} 0.4574824828670359 0.6973758410637826
uniport_esm {'C_num': 1, 'gamma_ratio': 2, 'gamma': '0.11355235622105712'} 0.4535824998841025 0.654793520204693
collect valid feature:  ['uniport_ppi_2019', 'ppi_2019_dw_40', 'diffusion_2019', 'uniport_bio', 'uniport_seq', 'uniport_esm']
evaluation
late fusion parameter choosen
[{'ppi+0.6+200': 0.7274975381367675, 'ppi+0.6+4651': 0.9075382399594307, 'ppi+0.6+15505': 0.9127888635331717, 'ppi+0.65+200': 0.7274975381367675, 'ppi+0.65+4651': 0.9075382399594307, 'ppi+0.65+15505': 0.9127888635331717, 'ppi+0.7+200': 0.7171945668005213, 'ppi+0.7+4651': 0.9060397465607624, 'ppi+0.7+15505': 0.9118358128866011, 'ppi+0.75+200': 0.7072280746755353, 'ppi+0.75+4651': 0.9035255503075118, 'ppi+0.75+15505': 0.9099319228478598, 'ppi+0.8+200': 0.7085721488085762, 'ppi+0.8+4651': 0.8949960050003832, 'ppi+0.8+15505': 0.9080707837275264, 'ppi+0.85+200': 0.6706970463537889, 'ppi+0.85+4651': 0.8883563451207935, 'ppi+0.85+15505': 0.9079377399211025, 'ppi+0.9+200': 0.6440116282498068, 'ppi+0.9+4651': 0.8642256629340693, 'ppi+0.9+15505': 0.9075400826714312, 'all+0.6+200': 0.7821671177625643, 'all+0.6+4651': 0.911596260326558, 'all+0.6+15505': 0.9111517981920785, 'all+0.65+200': 0.7821671177625643, 'all+0.65+4651': 0.911596260326558, 'all+0.65+15505': 0.9111517981920785, 'all+0.7+200': 0.767817919415993, 'all+0.7+4651': 0.9105532853343712, 'all+0.7+15505': 0.9112925813889036, 'all+0.75+200': 0.7540322223991225, 'all+0.75+4651': 0.9094955686461816, 'all+0.75+15505': 0.912522775920324, 'all+0.8+200': 0.7404945544174967, 'all+0.8+4651': 0.9063290523448142, 'all+0.8+15505': 0.9128566753347839, 'all+0.85+200': 0.7166189035716181, 'all+0.85+4651': 0.9047634842293336, 'all+0.85+15505': 0.9131102325060294, 'all+0.9+200': 0.6865233626398249, 'all+0.9+4651': 0.9041450700820228, 'all+0.9+15505': 0.9115966288689581}, {'ppi+0.6+200': 0.8045298554588569, 'ppi+0.6+4651': 0.9308935724782093, 'ppi+0.6+15504': 0.9405731395183254, 'ppi+0.65+200': 0.8045298554588569, 'ppi+0.65+4651': 0.9308935724782093, 'ppi+0.65+15504': 0.9405731395183254, 'ppi+0.7+200': 0.7940189923200169, 'ppi+0.7+4651': 0.926546229382552, 'ppi+0.7+15504': 0.9398827537000132, 'ppi+0.75+200': 0.7781628579885318, 'ppi+0.75+4651': 0.9223181754131691, 'ppi+0.75+15504': 0.9382291081870364, 'ppi+0.8+200': 0.7509947594795713, 'ppi+0.8+4651': 0.9215234116093669, 'ppi+0.8+15504': 0.9367924197724709, 'ppi+0.85+200': 0.7013697373924441, 'ppi+0.85+4651': 0.915062041529018, 'ppi+0.85+15504': 0.9355682151140814, 'ppi+0.9+200': 0.6914795504887499, 'ppi+0.9+4651': 0.9062324095136061, 'ppi+0.9+15504': 0.9308961819278465, 'all+0.6+200': 0.8406394195391116, 'all+0.6+4651': 0.9320044524666381, 'all+0.6+15504': 0.9250759909012218, 'all+0.65+200': 0.8406394195391116, 'all+0.65+4651': 0.9320044524666381, 'all+0.65+15504': 0.9250759909012218, 'all+0.7+200': 0.8308830601239563, 'all+0.7+4651': 0.9315817216254039, 'all+0.7+15504': 0.924985778499477, 'all+0.75+200': 0.8214249235244868, 'all+0.75+4651': 0.9301312404056129, 'all+0.75+15504': 0.9264567625378464, 'all+0.8+200': 0.7957278090538956, 'all+0.8+4651': 0.9270942138063744, 'all+0.8+15504': 0.9272973780995603, 'all+0.85+200': 0.7541134245746038, 'all+0.85+4651': 0.9234510493342549, 'all+0.85+15504': 0.9297133556851334, 'all+0.9+200': 0.7349473897675277, 'all+0.9+4651': 0.9136492109397076, 'all+0.9+15504': 0.932009298587393}, {'ppi+0.6+200': 0.7929256329220095, 'ppi+0.6+4651': 0.8831973064515287, 'ppi+0.6+15504': 0.8898946453347887, 'ppi+0.65+200': 0.7929256329220095, 'ppi+0.65+4651': 0.8831973064515287, 'ppi+0.65+15504': 0.8898946453347887, 'ppi+0.7+200': 0.7935526463919885, 'ppi+0.7+4651': 0.8798654120432811, 'ppi+0.7+15504': 0.8892303540128489, 'ppi+0.75+200': 0.7776596069870623, 'ppi+0.75+4651': 0.8677568201694055, 'ppi+0.75+15504': 0.887625169707421, 'ppi+0.8+200': 0.7562117948614717, 'ppi+0.8+4651': 0.8667786493339567, 'ppi+0.8+15504': 0.8856352779697588, 'ppi+0.85+200': 0.7121777050114109, 'ppi+0.85+4651': 0.8546163773532576, 'ppi+0.85+15504': 0.8844390317003398, 'ppi+0.9+200': 0.6848724240072348, 'ppi+0.9+4651': 0.8409186306502971, 'ppi+0.9+15504': 0.8831965608944895, 'all+0.6+200': 0.8222748585491909, 'all+0.6+4651': 0.884478546223418, 'all+0.6+15504': 0.8844837651226926, 'all+0.65+200': 0.8222748585491909, 'all+0.65+4651': 0.884478546223418, 'all+0.65+15504': 0.8844837651226926, 'all+0.7+200': 0.8180427040160921, 'all+0.7+4651': 0.8844267300091928, 'all+0.7+15504': 0.8840889926704288, 'all+0.75+200': 0.7980759409489004, 'all+0.75+4651': 0.8848509519645056, 'all+0.75+15504': 0.8847219705967215, 'all+0.8+200': 0.7725898191204067, 'all+0.8+4651': 0.8862589364330613, 'all+0.8+15504': 0.8839659757589584, 'all+0.85+200': 0.7527442090720872, 'all+0.85+4651': 0.8783112983950393, 'all+0.85+15504': 0.8838899289409587, 'all+0.9+200': 0.7160680216420297, 'all+0.9+4651': 0.8779277092983637, 'all+0.9+15504': 0.8844789190019378}] [{'uniport_ppi_2019+0.9+15505': 0.8951061991780029, 'ppi_2019_dw_40+0.9+15505': 0.8824405025149334, 'diffusion_2019+0.9+15505': 0.9026403114625531, 'uniport_bio+0.9+15505': 0.8751396775696252, 'uniport_seq+0.9+15505': 0.7092325767894945, 'uniport_esm+0.9+15505': 0.7410105137775891}, {'uniport_ppi_2019+0.9+15504': 0.9094953398957266, 'ppi_2019_dw_40+0.9+15504': 0.910937619988086, 'diffusion_2019+0.9+15504': 0.9409183324274815, 'uniport_bio+0.9+15504': 0.8928623351293804, 'uniport_seq+0.9+15504': 0.687311141082504, 'uniport_esm+0.9+15504': 0.6832910975270619}, {'uniport_ppi_2019+0.9+15504': 0.8660644056903897, 'ppi_2019_dw_40+0.9+15504': 0.8625942104513676, 'diffusion_2019+0.9+15504': 0.8782755116571571, 'uniport_bio+0.9+15504': 0.8566636769829394, 'uniport_seq+0.9+15504': 0.6906538460678203, 'uniport_esm+0.9+15504': 0.6811841533342429}]
late fusion evaluation
ppi+0.9+15504 0.9488831182774053
all+0.85+15505 0.9346618549770914
late fusion bag 1 evaluation
ppi+0.6+15504 0.9152338924265571
all+0.85+15505 0.9131102325060294
late fusion bag 2 evaluation
[{'uniport_ppi_2019+0.9+15505': 0.8951061991780029}, {'uniport_ppi_2019+0.9+15504': 0.9094953398957266}, {'uniport_ppi_2019+0.9+15504': 0.8660644056903897}]
uniport_ppi_2019+0.9+15505 0.8951061991780029
[{'ppi_2019_dw_40+0.9+15505': 0.8824405025149334}, {'ppi_2019_dw_40+0.9+15504': 0.910937619988086}, {'ppi_2019_dw_40+0.9+15504': 0.8625942104513676}]
ppi_2019_dw_40+0.9+15504 0.8867659152197268
[{'diffusion_2019+0.9+15505': 0.9026403114625531}, {'diffusion_2019+0.9+15504': 0.9409183324274815}, {'diffusion_2019+0.9+15504': 0.8782755116571571}]
diffusion_2019+0.9+15504 0.9095969220423192
[{'uniport_bio+0.9+15505': 0.8751396775696252}, {'uniport_bio+0.9+15504': 0.8928623351293804}, {'uniport_bio+0.9+15504': 0.8566636769829394}]
uniport_bio+0.9+15505 0.8751396775696252
[{'uniport_seq+0.9+15505': 0.7092325767894945}, {'uniport_seq+0.9+15504': 0.687311141082504}, {'uniport_seq+0.9+15504': 0.6906538460678203}]
uniport_seq+0.9+15505 0.7092325767894945
[{'uniport_esm+0.9+15505': 0.7410105137775891}, {'uniport_esm+0.9+15504': 0.6832910975270619}, {'uniport_esm+0.9+15504': 0.6811841533342429}]
uniport_esm+0.9+15505 0.7410105137775891
ICD10_E66 259
kernels existing
uniport_ppi_2019 {'C_num': 1, 'gamma_ratio': 4, 'gamma': '0.2526347763086942'} 0.7757448355256811 0.8718094586512066
ppi_2019_dw_40 {'C_num': 1, 'gamma_ratio': 8, 'gamma': '0.12034508683354062'} 0.7748225406898882 0.87949150633535
diffusion_2019 {'C_num': 3, 'gamma_ratio': '2', 'gamma': '2'} 0.7880064773246437 0.883479784928825
uniport_bio {'C_num': 1, 'gamma_ratio': 2, 'gamma': '0.5427586367192363'} 0.7445239868841823 0.8232063408350986
uniport_seq {'C_num': 3, 'gamma_ratio': 8, 'gamma': '0.05611004556505588'} 0.46963724614337804 0.6918666677161966
uniport_esm {'C_num': 3, 'gamma_ratio': 2, 'gamma': '0.11355235622105712'} 0.4978056059510492 0.723666409781719
collect valid feature:  ['uniport_ppi_2019', 'ppi_2019_dw_40', 'diffusion_2019', 'uniport_bio', 'uniport_seq', 'uniport_esm']
evaluation
late fusion parameter choosen
[{'ppi+0.6+200': 0.7164497691213647, 'ppi+0.6+4653': 0.8967219428122581, 'ppi+0.6+15512': 0.9037859520550297, 'ppi+0.65+200': 0.7164497691213647, 'ppi+0.65+4653': 0.8967219428122581, 'ppi+0.65+15512': 0.9037859520550297, 'ppi+0.7+200': 0.717606259461067, 'ppi+0.7+4653': 0.8966868629865896, 'ppi+0.7+15512': 0.9030893124735472, 'ppi+0.75+200': 0.7132384398628836, 'ppi+0.75+4653': 0.8895290533404001, 'ppi+0.75+15512': 0.9019770532183834, 'ppi+0.8+200': 0.6973167746388113, 'ppi+0.8+4653': 0.8860424237109116, 'ppi+0.8+15512': 0.9007370576414919, 'ppi+0.85+200': 0.6641762532458372, 'ppi+0.85+4653': 0.8870749907534156, 'ppi+0.85+15512': 0.8982502030435562, 'ppi+0.9+200': 0.6249482381920162, 'ppi+0.9+4653': 0.8872473394621349, 'ppi+0.9+15512': 0.8967204176024464, 'all+0.6+200': 0.7969137379460762, 'all+0.6+4653': 0.9005822488456068, 'all+0.6+15512': 0.9026275552030627, 'all+0.65+200': 0.7969137379460762, 'all+0.65+4653': 0.9005822488456068, 'all+0.65+15512': 0.9026275552030627, 'all+0.7+200': 0.7928688815255148, 'all+0.7+4653': 0.8991291051975336, 'all+0.7+15512': 0.9024552064943434, 'all+0.75+200': 0.7733027274564458, 'all+0.75+4653': 0.896384871443878, 'all+0.75+15512': 0.9026016266362641, 'all+0.8+200': 0.7426219881872499, 'all+0.8+4653': 0.8928959539996721, 'all+0.8+15512': 0.9023903850773473, 'all+0.85+200': 0.7120670787275175, 'all+0.85+4653': 0.8931529518529393, 'all+0.85+15512': 0.9018680007168486, 'all+0.9+200': 0.6759421030355489, 'all+0.9+4653': 0.890495273756096, 'all+0.9+15512': 0.9005830114505126}, {'ppi+0.6+200': 0.7569025276539604, 'ppi+0.6+4653': 0.8938556922736685, 'ppi+0.6+15512': 0.8976683355004024, 'ppi+0.65+200': 0.7569025276539604, 'ppi+0.65+4653': 0.8938556922736685, 'ppi+0.65+15512': 0.8976683355004024, 'ppi+0.7+200': 0.7523718919083806, 'ppi+0.7+4653': 0.8926168406041356, 'ppi+0.7+15512': 0.8968950541258831, 'ppi+0.75+200': 0.7134107885716029, 'ppi+0.75+4653': 0.886715803842766, 'ppi+0.75+15512': 0.8961957454272302, 'ppi+0.8+200': 0.6801047819140621, 'ppi+0.8+4653': 0.8771912498713104, 'ppi+0.8+15512': 0.8950495502537568, 'ppi+0.85+200': 0.6583190662665532, 'ppi+0.85+4653': 0.8770494053588246, 'ppi+0.85+15512': 0.8945424179913748, 'ppi+0.9+200': 0.6193743589352511, 'ppi+0.9+4653': 0.8693371819460914, 'ppi+0.9+15512': 0.893853404458951, 'all+0.6+200': 0.7836222970422368, 'all+0.6+4653': 0.8765205388566264, 'all+0.6+15512': 0.8659828642677657, 'all+0.65+200': 0.7836222970422368, 'all+0.65+4653': 0.8765205388566264, 'all+0.65+15512': 0.8659828642677657, 'all+0.7+200': 0.7848680121559222, 'all+0.7+4653': 0.8759184622834678, 'all+0.7+15512': 0.8660881037447714, 'all+0.75+200': 0.7703964401602996, 'all+0.75+4653': 0.8747307051426262, 'all+0.75+15512': 0.8672449753869266, 'all+0.8+200': 0.7401206440961035, 'all+0.8+4653': 0.8725088557494691, 'all+0.8+15512': 0.8698469833256438, 'all+0.85+200': 0.725977373512444, 'all+0.85+4653': 0.8677810866357304, 'all+0.85+15512': 0.8740950739536107, 'all+0.9+200': 0.6844386655939357, 'all+0.9+4653': 0.865017025154523, 'all+0.9+15512': 0.8765216827639852}, {'ppi+0.6+200': 0.7443053613485323, 'ppi+0.6+4653': 0.9095359249553194, 'ppi+0.6+15511': 0.9161851361404093, 'ppi+0.65+200': 0.7443053613485323, 'ppi+0.65+4653': 0.9095359249553194, 'ppi+0.65+15511': 0.9161851361404093, 'ppi+0.7+200': 0.739385878808644, 'ppi+0.7+4653': 0.907177274228548, 'ppi+0.7+15511': 0.9154937076924501, 'ppi+0.75+200': 0.7348734593338211, 'ppi+0.75+4653': 0.9038308685761204, 'ppi+0.75+15511': 0.9139599866653085, 'ppi+0.8+200': 0.7127986801124806, 'ppi+0.8+4653': 0.9007715291989615, 'ppi+0.8+15511': 0.9125454907444276, 'ppi+0.85+200': 0.7022675149012091, 'ppi+0.85+4653': 0.8895392894955351, 'ppi+0.85+15511': 0.9105672800007408, 'ppi+0.9+200': 0.6510203971392148, 'ppi+0.9+4653': 0.8782638355141109, 'ppi+0.9+15511': 0.9095320665376412, 'all+0.6+200': 0.7918113573296045, 'all+0.6+4653': 0.9079805967891792, 'all+0.6+15511': 0.9088109282735587, 'all+0.65+200': 0.7918113573296045, 'all+0.65+4653': 0.9079805967891792, 'all+0.65+15511': 0.9088109282735587, 'all+0.7+200': 0.7879112687403347, 'all+0.7+4653': 0.9075021529970645, 'all+0.7+15511': 0.9087599971602046, 'all+0.75+200': 0.7682325668972457, 'all+0.75+4653': 0.9068543246688706, 'all+0.75+15511': 0.9090015341068688, 'all+0.8+200': 0.7594523516284066, 'all+0.8+4653': 0.9038108048041931, 'all+0.8+15511': 0.9093827457734893, 'all+0.85+200': 0.738813289625178, 'all+0.85+4653': 0.8967329234150392, 'all+0.85+15511': 0.9092399843193906, 'all+0.9+200': 0.7021093197763969, 'all+0.9+4653': 0.8923964477863486, 'all+0.9+15511': 0.9079829118397862}] [{'uniport_ppi_2019+0.9+15512': 0.8721542444682546, 'ppi_2019_dw_40+0.9+15512': 0.8821561891107645, 'diffusion_2019+0.9+15512': 0.886678817504833, 'uniport_bio+0.9+15512': 0.8474927457208332, 'uniport_seq+0.9+15512': 0.7200976896884377, 'uniport_esm+0.9+15512': 0.7222753079970563}, {'uniport_ppi_2019+0.9+15512': 0.8748420454588784, 'ppi_2019_dw_40+0.9+15512': 0.880536797593219, 'diffusion_2019+0.9+15512': 0.8900487685837282, 'uniport_bio+0.9+15512': 0.7432980374362748, 'uniport_seq+0.9+15512': 0.6875359854189942, 'uniport_esm+0.9+15512': 0.698138862727304}, {'uniport_ppi_2019+0.9+15511': 0.903645278685792, 'ppi_2019_dw_40+0.9+15511': 0.8807374670876973, 'diffusion_2019+0.9+15511': 0.8941574296147448, 'uniport_bio+0.9+15511': 0.834927631518025, 'uniport_seq+0.9+15511': 0.7452190346547642, 'uniport_esm+0.9+15511': 0.7411252534980415}]
late fusion evaluation
ppi+0.6+15511 0.944123166865761
all+0.9+15511 0.9259299558288343
late fusion bag 1 evaluation
ppi+0.6+15511 0.9161851361404093
all+0.8+15511 0.9093827457734893
late fusion bag 2 evaluation
[{'uniport_ppi_2019+0.9+15512': 0.8721542444682546}, {'uniport_ppi_2019+0.9+15512': 0.8748420454588784}, {'uniport_ppi_2019+0.9+15511': 0.903645278685792}]
uniport_ppi_2019+0.9+15511 0.903645278685792
[{'ppi_2019_dw_40+0.9+15512': 0.8821561891107645}, {'ppi_2019_dw_40+0.9+15512': 0.880536797593219}, {'ppi_2019_dw_40+0.9+15511': 0.8807374670876973}]
ppi_2019_dw_40+0.9+15512 0.8813464933519918
[{'diffusion_2019+0.9+15512': 0.886678817504833}, {'diffusion_2019+0.9+15512': 0.8900487685837282}, {'diffusion_2019+0.9+15511': 0.8941574296147448}]
diffusion_2019+0.9+15511 0.8941574296147448
[{'uniport_bio+0.9+15512': 0.8474927457208332}, {'uniport_bio+0.9+15512': 0.7432980374362748}, {'uniport_bio+0.9+15511': 0.834927631518025}]
uniport_bio+0.9+15511 0.834927631518025
[{'uniport_seq+0.9+15512': 0.7200976896884377}, {'uniport_seq+0.9+15512': 0.6875359854189942}, {'uniport_seq+0.9+15511': 0.7452190346547642}]
uniport_seq+0.9+15511 0.7452190346547642
[{'uniport_esm+0.9+15512': 0.7222753079970563}, {'uniport_esm+0.9+15512': 0.698138862727304}, {'uniport_esm+0.9+15511': 0.7411252534980415}]
uniport_esm+0.9+15511 0.7411252534980415
ICD10_F01 33
kernels existing
uniport_ppi_2019 {'C_num': 9, 'gamma_ratio': 8, 'gamma': '0.1263173881543471'} 0.41106195576428944 0.7754629629629629
ppi_2019_dw_40 {'C_num': 9, 'gamma_ratio': 8, 'gamma': '0.12034508683354062'} 0.1248200681550936 0.6805555555555557
diffusion_2019 {'C_num': 1, 'gamma_ratio': '0.2', 'gamma': '0.2'} 0.8898276191771309 0.875
uniport_bio {'C_num': 1, 'gamma_ratio': 2, 'gamma': '0.5427586367192363'} 0.29165329868928463 0.6018518518518519
uniport_seq {'C_num': 9, 'gamma_ratio': 8, 'gamma': '0.05611004556505588'} 0.2920966461363366 0.7060185185185185
uniport_esm {'C_num': 9, 'gamma_ratio': 8, 'gamma': '0.02838808905526428'} 0.1337179529046262 0.7337962962962963
collect valid feature:  ['uniport_ppi_2019', 'ppi_2019_dw_40', 'diffusion_2019', 'uniport_bio', 'uniport_seq', 'uniport_esm']
evaluation
late fusion parameter choosen
[{'ppi+0.6+200': 0.7293809493387848, 'ppi+0.6+4696': 0.9091228518494857, 'ppi+0.6+15655': 0.9070146297834281, 'ppi+0.65+200': 0.7293809493387848, 'ppi+0.65+4696': 0.9091228518494857, 'ppi+0.65+15655': 0.9070146297834281, 'ppi+0.7+200': 0.7305468600268319, 'ppi+0.7+4696': 0.9118379863284993, 'ppi+0.7+15655': 0.9064716028876254, 'ppi+0.75+200': 0.7322078834728167, 'ppi+0.75+4696': 0.9160544304606146, 'ppi+0.75+15655': 0.9046189228901808, 'ppi+0.8+200': 0.7326870248514662, 'ppi+0.8+4696': 0.9265316552737495, 'ppi+0.8+15655': 0.9022551587555101, 'ppi+0.85+200': 0.4845716476074874, 'ppi+0.85+4696': 0.9366575097425411, 'ppi+0.85+15655': 0.9014565897910943, 'ppi+0.9+200': 0.48859643518814283, 'ppi+0.9+4696': 0.9469750207627929, 'ppi+0.9+15655': 0.9091228518494857, 'all+0.6+200': 0.7038267424774803, 'all+0.6+4696': 0.8891586277390916, 'all+0.6+15655': 0.9182265380438255, 'all+0.65+200': 0.7038267424774803, 'all+0.65+4696': 0.8891586277390916, 'all+0.65+15655': 0.9182265380438255, 'all+0.7+200': 0.7059030217849612, 'all+0.7+4696': 0.8879448029131796, 'all+0.7+15655': 0.9171404842522201, 'all+0.75+200': 0.7093368683319492, 'all+0.75+4696': 0.8863796077429247, 'all+0.75+15655': 0.9123171277071488, 'all+0.8+200': 0.7103750079856896, 'all+0.8+4696': 0.8909793649779595, 'all+0.8+15655': 0.9036606401328818, 'all+0.85+200': 0.46128537660512364, 'all+0.85+4696': 0.8995719670350731, 'all+0.85+15655': 0.8962818629016801, 'all+0.9+200': 0.4721139717626014, 'all+0.9+4696': 0.9084201111607999, 'all+0.9+15655': 0.8891586277390916}, {'ppi+0.6+200': 0.4679294703890628, 'ppi+0.6+4696': 0.5141186992908707, 'ppi+0.6+15655': 0.5174088034242638, 'ppi+0.65+200': 0.4679294703890628, 'ppi+0.65+4696': 0.5141186992908707, 'ppi+0.65+15655': 0.5174088034242638, 'ppi+0.7+200': 0.4711876317638791, 'ppi+0.7+4696': 0.5231584999680572, 'ppi+0.7+15655': 0.5210502779019996, 'ppi+0.75+200': 0.4759471027917971, 'ppi+0.75+4696': 0.5363189165016291, 'ppi+0.75+15655': 0.5298025937519965, 'ppi+0.8+200': 0.4807385165782917, 'ppi+0.8+4696': 0.5482335654507123, 'ppi+0.8+15655': 0.5258736344470709, 'ppi+0.85+200': 0.48521050277902, 'ppi+0.85+4696': 0.5538714623394877, 'ppi+0.85+15655': 0.4841883345045678, 'ppi+0.9+200': 0.48955471794544175, 'ppi+0.9+4696': 0.560020443365489, 'ppi+0.9+15655': 0.5141027279115824, 'all+0.6+200': 0.6986839583466429, 'all+0.6+4696': 0.5619689516386636, 'all+0.6+15655': 0.5701143550757044, 'all+0.65+200': 0.6986839583466429, 'all+0.65+4696': 0.5619689516386636, 'all+0.65+15655': 0.5701143550757044, 'all+0.7+200': 0.7013990928256564, 'all+0.7+4696': 0.5652111416341915, 'all+0.7+15655': 0.5711365233501565, 'all+0.75+200': 0.7057912221299432, 'all+0.75+4696': 0.5623522647415831, 'all+0.75+15655': 0.5666645371494282, 'all+0.8+200': 0.710039609020635, 'all+0.8+4696': 0.5267999744457932, 'all+0.8+15655': 0.5567622819906728, 'all+0.85+200': 0.7141123107391555, 'all+0.85+4696': 0.5455184309716987, 'all+0.85+15655': 0.5481057944164058, 'all+0.9+200': 0.7193189803871463, 'all+0.9+4696': 0.577541046444771, 'all+0.9+15655': 0.5619689516386634}, {'ppi+0.6+200': 0.9868395834664283, 'ppi+0.6+4696': 0.989267233118252, 'ppi+0.6+15654': 0.9894588896697118, 'ppi+0.65+200': 0.9868395834664283, 'ppi+0.65+4696': 0.989267233118252, 'ppi+0.65+15654': 0.9894588896697118, 'ppi+0.7+200': 0.9867118124321216, 'ppi+0.7+4696': 0.9896505462211717, 'ppi+0.7+15654': 0.989458889669712, 'ppi+0.75+200': 0.9854979876062095, 'ppi+0.75+4696': 0.989969973806938, 'ppi+0.75+15654': 0.9893950041525587, 'ppi+0.8+200': 0.981409314508401, 'ppi+0.8+4696': 0.9903532869098576, 'ppi+0.8+15654': 0.989267233118252, 'ppi+0.85+200': 0.974573564173002, 'ppi+0.85+4696': 0.9907366000127771, 'ppi+0.85+15654': 0.9892033476010987, 'ppi+0.9+200': 0.9782469814093145, 'ppi+0.9+4696': 0.9908643710470837, 'ppi+0.9+15654': 0.989267233118252, 'all+0.6+200': 0.9787900083051172, 'all+0.6+4696': 0.9778956110649716, 'all+0.6+15654': 0.9688238676292084, 'all+0.65+200': 0.9787900083051172, 'all+0.65+4696': 0.9778956110649716, 'all+0.65+15654': 0.9688238676292084, 'all+0.7+200': 0.9777678400306651, 'all+0.7+4696': 0.9793649779594965, 'all+0.7+15654': 0.9685683255605954, 'all+0.75+200': 0.9741902510700824, 'all+0.75+4696': 0.9818565131284738, 'all+0.75+15654': 0.9671628441832237, 'all+0.8+200': 0.9640643966012907, 'all+0.8+4696': 0.9831981089886923, 'all+0.8+15654': 0.9665239890116911, 'all+0.85+200': 0.945601482143998, 'all+0.85+4696': 0.9852424455375965, 'all+0.85+15654': 0.97042100555804, 'all+0.9+200': 0.9551523669584105, 'all+0.9+4696': 0.9850507889861368, 'all+0.9+15654': 0.9778956110649716}] [{'uniport_ppi_2019+0.9+15655': 0.7995591899316425, 'ppi_2019_dw_40+0.9+15655': 0.7802977065099341, 'diffusion_2019+0.9+15655': 0.9746693924487319, 'uniport_bio+0.9+15655': 0.8946527822142721, 'uniport_seq+0.9+15655': 0.43985178560020444, 'uniport_esm+0.9+15655': 0.6238740177601738}, {'uniport_ppi_2019+0.9+15655': 0.5342266658148598, 'ppi_2019_dw_40+0.9+15655': 0.5436976937328308, 'diffusion_2019+0.9+15655': 0.5858621350539832, 'uniport_bio+0.9+15655': 0.8088385612981539, 'uniport_seq+0.9+15655': 0.7103750079856896, 'uniport_esm+0.9+15655': 0.4751325624480931}, {'uniport_ppi_2019+0.9+15654': 0.9612214910879704, 'ppi_2019_dw_40+0.9+15654': 0.9789177793394237, 'diffusion_2019+0.9+15654': 0.9928448220788347, 'uniport_bio+0.9+15654': 0.9471666773142529, 'uniport_seq+0.9+15654': 0.6734811218296812, 'uniport_esm+0.9+15654': 0.2421580527694372}]
late fusion evaluation
ppi+0.6+15654 0.9908643710470837
all+0.9+15654 0.974829106241615
late fusion bag 1 evaluation
ppi+0.7+15654 0.989458889669712
all+0.9+15654 0.9778956110649716
late fusion bag 2 evaluation
[{'uniport_ppi_2019+0.9+15655': 0.7995591899316425}, {'uniport_ppi_2019+0.9+15655': 0.5342266658148598}, {'uniport_ppi_2019+0.9+15654': 0.9612214910879704}]
uniport_ppi_2019+0.9+15654 0.9612214910879704
[{'ppi_2019_dw_40+0.9+15655': 0.7802977065099341}, {'ppi_2019_dw_40+0.9+15655': 0.5436976937328308}, {'ppi_2019_dw_40+0.9+15654': 0.9789177793394237}]
ppi_2019_dw_40+0.9+15654 0.9789177793394237
[{'diffusion_2019+0.9+15655': 0.9746693924487319}, {'diffusion_2019+0.9+15655': 0.5858621350539832}, {'diffusion_2019+0.9+15654': 0.9928448220788347}]
diffusion_2019+0.9+15654 0.9928448220788347
[{'uniport_bio+0.9+15655': 0.8946527822142721}, {'uniport_bio+0.9+15655': 0.8088385612981539}, {'uniport_bio+0.9+15654': 0.9471666773142529}]
uniport_bio+0.9+15654 0.9471666773142529
[{'uniport_seq+0.9+15655': 0.43985178560020444}, {'uniport_seq+0.9+15655': 0.7103750079856896}, {'uniport_seq+0.9+15654': 0.6734811218296812}]
uniport_seq+0.9+15654 0.6734811218296812
[{'uniport_esm+0.9+15655': 0.6238740177601738}, {'uniport_esm+0.9+15655': 0.4751325624480931}, {'uniport_esm+0.9+15654': 0.2421580527694372}]
uniport_esm+0.9+15655 0.5495032901041335
ICD10_F20 834
kernels existing
uniport_ppi_2019 {'C_num': 1, 'gamma_ratio': 2, 'gamma': '0.5052695526173884'} 0.708089214188984 0.804307217630854
ppi_2019_dw_40 {'C_num': 9, 'gamma_ratio': 2, 'gamma': '0.48138034733416246'} 0.6860036248736033 0.8183325619834712
diffusion_2019 {'C_num': 3, 'gamma_ratio': '2', 'gamma': '2'} 0.6999728406974293 0.8468504683195593
uniport_bio {'C_num': 1, 'gamma_ratio': 2, 'gamma': '0.5427586367192363'} 0.668100657465053 0.8128000000000001
uniport_seq {'C_num': 3, 'gamma_ratio': 2, 'gamma': '0.22444018226022353'} 0.5107337718882693 0.7179574655647384
uniport_esm {'C_num': 9, 'gamma_ratio': 2, 'gamma': '0.11355235622105712'} 0.49325935391497416 0.7044857300275483
collect valid feature:  ['uniport_ppi_2019', 'ppi_2019_dw_40', 'diffusion_2019', 'uniport_bio', 'uniport_seq', 'uniport_esm']
evaluation
late fusion parameter choosen
[{'ppi+0.6+200': 0.6711065410722047, 'ppi+0.6+4538': 0.8501423036668442, 'ppi+0.6+15128': 0.8694670804184033, 'ppi+0.65+200': 0.6711065410722047, 'ppi+0.65+4538': 0.8501423036668442, 'ppi+0.65+15128': 0.8694670804184033, 'ppi+0.7+200': 0.6695903490571234, 'ppi+0.7+4538': 0.8477855101203919, 'ppi+0.7+15128': 0.8687283254683781, 'ppi+0.75+200': 0.6551931351486997, 'ppi+0.75+4538': 0.8411066022780829, 'ppi+0.75+15128': 0.865547700801185, 'ppi+0.8+200': 0.6419607915144171, 'ppi+0.8+4538': 0.8373063292998659, 'ppi+0.8+15128': 0.86120428685971, 'ppi+0.85+200': 0.6183109625848465, 'ppi+0.85+4538': 0.8236455445180955, 'ppi+0.85+15128': 0.8580679752483429, 'ppi+0.9+200': 0.5998445370693402, 'ppi+0.9+4538': 0.8048979391980805, 'ppi+0.9+15128': 0.8501464656665626, 'all+0.6+200': 0.7192405574631388, 'all+0.6+4538': 0.8651907481194494, 'all+0.6+15128': 0.8683181236725975, 'all+0.65+200': 0.7192405574631388, 'all+0.65+4538': 0.8651907481194494, 'all+0.65+15128': 0.8683181236725975, 'all+0.7+200': 0.7132201024586401, 'all+0.7+4538': 0.8632893263068985, 'all+0.7+15128': 0.8683493386704858, 'all+0.75+200': 0.6934261214447035, 'all+0.75+4538': 0.8587308349093847, 'all+0.75+15128': 0.869716677989754, 'all+0.8+200': 0.6867174675455829, 'all+0.8+4538': 0.8527856631350875, 'all+0.8+15128': 0.8725233347410685, 'all+0.85+200': 0.6612061230360564, 'all+0.85+4538': 0.8435796869931389, 'all+0.85+15128': 0.8701935941927863, 'all+0.9+200': 0.639676588139525, 'all+0.9+4538': 0.831238256122118, 'all+0.9+15128': 0.8651924618840394}, {'ppi+0.6+200': 0.6821555486188893, 'ppi+0.6+4538': 0.8297913491611734, 'ppi+0.6+15128': 0.854472986785651, 'ppi+0.65+200': 0.6821555486188893, 'ppi+0.65+4538': 0.8297913491611734, 'ppi+0.65+15128': 0.854472986785651, 'ppi+0.7+200': 0.6836781060453045, 'ppi+0.7+4538': 0.8254507506900963, 'ppi+0.7+15128': 0.8534803498527999, 'ppi+0.75+200': 0.6754265743682023, 'ppi+0.75+4538': 0.8183152469963215, 'ppi+0.75+15128': 0.8493427100738755, 'ppi+0.8+200': 0.6623995152494446, 'ppi+0.8+4538': 0.812682714847934, 'ppi+0.8+15128': 0.8438455653280941, 'ppi+0.85+200': 0.6522393394661623, 'ppi+0.85+4538': 0.8023346370185392, 'ppi+0.85+15128': 0.8375698818114492, 'ppi+0.9+200': 0.6243088938261632, 'ppi+0.9+4538': 0.7826628229375148, 'ppi+0.9+15128': 0.8297975921607512, 'all+0.6+200': 0.7198158927183367, 'all+0.6+4538': 0.8619151319292704, 'all+0.6+15128': 0.87066120710233, 'all+0.65+200': 0.7198158927183367, 'all+0.65+4538': 0.8619151319292704, 'all+0.65+15128': 0.87066120710233, 'all+0.7+200': 0.7187096576755233, 'all+0.7+4538': 0.8588003647870341, 'all+0.7+15128': 0.8705001132308747, 'all+0.75+200': 0.7069250778844801, 'all+0.75+4538': 0.853204800989087, 'all+0.75+15128': 0.8705559329918044, 'all+0.8+200': 0.6937267647184836, 'all+0.8+4538': 0.84674770324942, 'all+0.8+15128': 0.8718804281963242, 'all+0.85+200': 0.6788052612572911, 'all+0.85+4538': 0.8404224429714229, 'all+0.85+15128': 0.8680884792175441, 'all+0.9+200': 0.6553636547253997, 'all+0.9+4538': 0.8263820593329784, 'all+0.9+15128': 0.861919293928989}, {'ppi+0.6+200': 0.697230311599126, 'ppi+0.6+4538': 0.8724099814546189, 'ppi+0.6+15128': 0.8862057864037262, 'ppi+0.65+200': 0.697230311599126, 'ppi+0.65+4538': 0.8724099814546189, 'ppi+0.65+15128': 0.8862057864037262, 'ppi+0.7+200': 0.6898386000991534, 'ppi+0.7+4538': 0.8701503828427681, 'ppi+0.7+15128': 0.8859379494806681, 'ppi+0.75+200': 0.6747235636510531, 'ppi+0.75+4538': 0.8635989056388975, 'ppi+0.75+15128': 0.8830074120318514, 'ppi+0.8+200': 0.6614541292545737, 'ppi+0.8+4538': 0.8560061940348751, 'ppi+0.8+15128': 0.8791509520574357, 'ppi+0.85+200': 0.6517974330254678, 'ppi+0.85+4538': 0.8395733950288584, 'ppi+0.85+15128': 0.877184774425736, 'ppi+0.9+200': 0.612583683736986, 'ppi+0.9+4538': 0.8162190680792983, 'ppi+0.9+15128': 0.8724129193367731, 'all+0.6+200': 0.7412832424426041, 'all+0.6+4538': 0.8971429096050385, 'all+0.6+15128': 0.8912484162979012, 'all+0.65+200': 0.7412832424426041, 'all+0.65+4538': 0.8971429096050385, 'all+0.65+15128': 0.8912484162979012, 'all+0.7+200': 0.7364008495375897, 'all+0.7+4538': 0.8950468530997717, 'all+0.7+15128': 0.8920327084213167, 'all+0.75+200': 0.7293370791330799, 'all+0.75+4538': 0.8902363158957787, 'all+0.75+15128': 0.8940558075197541, 'all+0.8+200': 0.7122597822294854, 'all+0.8+4538': 0.882975584975181, 'all+0.8+15128': 0.8975974244566447, 'all+0.85+200': 0.6948263895264503, 'all+0.85+4538': 0.8725797665607806, 'all+0.85+15128': 0.8984496551048763, 'all+0.9+200': 0.6666274949046106, 'all+0.9+4538': 0.8588957235452893, 'all+0.9+15128': 0.8971456026636797}] [{'uniport_ppi_2019+0.9+15128': 0.8152009695011109, 'ppi_2019_dw_40+0.9+15128': 0.820386698738547, 'diffusion_2019+0.9+15128': 0.8275919771334841, 'uniport_bio+0.9+15128': 0.797631454924931, 'uniport_seq+0.9+15128': 0.7055674090939693, 'uniport_esm+0.9+15128': 0.6940818812238727}, {'uniport_ppi_2019+0.9+15128': 0.8065523340861657, 'ppi_2019_dw_40+0.9+15128': 0.8135666501410795, 'diffusion_2019+0.9+15128': 0.8063100812202004, 'uniport_bio+0.9+15128': 0.8253719175189586, 'uniport_seq+0.9+15128': 0.7293815146006624, 'uniport_esm+0.9+15128': 0.6964040322432566}, {'uniport_ppi_2019+0.9+15128': 0.8216346865953006, 'ppi_2019_dw_40+0.9+15128': 0.8363335230715558, 'diffusion_2019+0.9+15128': 0.8561860169050635, 'uniport_bio+0.9+15128': 0.8385173488061793, 'uniport_seq+0.9+15128': 0.7279633744024776, 'uniport_esm+0.9+15128': 0.709019175801644}]
late fusion evaluation
ppi+0.9+4538 0.9676990874203559
all+0.9+4538 0.952110358278809
late fusion bag 1 evaluation
ppi+0.6+15128 0.87004861786926
all+0.8+15128 0.8806670624646791
late fusion bag 2 evaluation
[{'uniport_ppi_2019+0.9+15128': 0.8152009695011109}, {'uniport_ppi_2019+0.9+15128': 0.8065523340861657}, {'uniport_ppi_2019+0.9+15128': 0.8216346865953006}]
uniport_ppi_2019+0.9+15128 0.8144626633941924
[{'ppi_2019_dw_40+0.9+15128': 0.820386698738547}, {'ppi_2019_dw_40+0.9+15128': 0.8135666501410795}, {'ppi_2019_dw_40+0.9+15128': 0.8363335230715558}]
ppi_2019_dw_40+0.9+15128 0.8234289573170607
[{'diffusion_2019+0.9+15128': 0.8275919771334841}, {'diffusion_2019+0.9+15128': 0.8063100812202004}, {'diffusion_2019+0.9+15128': 0.8561860169050635}]
diffusion_2019+0.9+15128 0.8300293584195826
[{'uniport_bio+0.9+15128': 0.797631454924931}, {'uniport_bio+0.9+15128': 0.8253719175189586}, {'uniport_bio+0.9+15128': 0.8385173488061793}]
uniport_bio+0.9+15128 0.8205069070833564
[{'uniport_seq+0.9+15128': 0.7055674090939693}, {'uniport_seq+0.9+15128': 0.7293815146006624}, {'uniport_seq+0.9+15128': 0.7279633744024776}]
uniport_seq+0.9+15128 0.7209707660323698
[{'uniport_esm+0.9+15128': 0.6940818812238727}, {'uniport_esm+0.9+15128': 0.6964040322432566}, {'uniport_esm+0.9+15128': 0.709019175801644}]
uniport_esm+0.9+15128 0.6998350297562578
ICD10_F31 441
kernels existing
/itf-fi-ml/shared/users/ziyuzh/.venv/lib64/python3.11/site-packages/gseapy/enrichr.py:689: FutureWarning: The behavior of DataFrame concatenation with empty or all-NA entries is deprecated. In a future version, this will no longer exclude empty or all-NA columns when determining the result dtypes. To retain the old behavior, exclude the relevant entries before the concat operation.
  self.results = pd.concat(self.results, ignore_index=True)
uniport_ppi_2019 {'C_num': 1, 'gamma_ratio': 2, 'gamma': '0.5052695526173884'} 0.7341480787595333 0.8271578142970396
ppi_2019_dw_40 {'C_num': 1, 'gamma_ratio': 2, 'gamma': '0.48138034733416246'} 0.7470325587481753 0.8338757780925254
diffusion_2019 {'C_num': 1, 'gamma_ratio': '2', 'gamma': '2'} 0.7295114147014404 0.8527842117093583
uniport_bio {'C_num': 1, 'gamma_ratio': 2, 'gamma': '0.5427586367192363'} 0.7081057941289832 0.816951396748116
uniport_seq {'C_num': 1, 'gamma_ratio': 2, 'gamma': '0.22444018226022353'} 0.6130299664935398 0.750004237320419
uniport_esm {'C_num': 1, 'gamma_ratio': 2, 'gamma': '0.11355235622105712'} 0.5876367420180783 0.7381394399075564
collect valid feature:  ['uniport_ppi_2019', 'ppi_2019_dw_40', 'diffusion_2019', 'uniport_bio', 'uniport_seq', 'uniport_esm']
evaluation
late fusion parameter choosen
[{'ppi+0.6+200': 0.6766063765136121, 'ppi+0.6+4617': 0.8444224469270851, 'ppi+0.6+15393': 0.8635859433633087, 'ppi+0.65+200': 0.6766063765136121, 'ppi+0.65+4617': 0.8444224469270851, 'ppi+0.65+15393': 0.8635859433633087, 'ppi+0.7+200': 0.6679367667308297, 'ppi+0.7+4617': 0.8436909067706841, 'ppi+0.7+15393': 0.862663430845249, 'ppi+0.75+200': 0.6566834526018199, 'ppi+0.75+4617': 0.8445422508502286, 'ppi+0.75+15393': 0.8593325694438868, 'ppi+0.8+200': 0.6419489086464968, 'ppi+0.8+4617': 0.8386533414362727, 'ppi+0.8+15393': 0.8549569375172343, 'ppi+0.85+200': 0.6302232948800667, 'ppi+0.85+4617': 0.8236193992223677, 'ppi+0.85+15393': 0.8496344753302082, 'ppi+0.9+200': 0.6153042484211315, 'ppi+0.9+4617': 0.8046189878286353, 'ppi+0.9+15393': 0.8444191004487851, 'all+0.6+200': 0.7431841160969177, 'all+0.6+4617': 0.8643277460531635, 'all+0.6+15393': 0.864485030533268, 'all+0.65+200': 0.7431841160969177, 'all+0.65+4617': 0.8643277460531635, 'all+0.65+15393': 0.864485030533268, 'all+0.7+200': 0.7230309544780787, 'all+0.7+4617': 0.8652745763135373, 'all+0.7+15393': 0.8644631668750407, 'all+0.75+200': 0.7168493397621413, 'all+0.75+4617': 0.86583522297808, 'all+0.75+15393': 0.8647576569654492, 'all+0.8+200': 0.7010474923276407, 'all+0.8+4617': 0.8641662227005455, 'all+0.8+15393': 0.8652660985685106, 'all+0.85+200': 0.6748421131538014, 'all+0.85+4617': 0.8580783093770106, 'all+0.85+15393': 0.8626228269085412, 'all+0.9+200': 0.6380614163545518, 'all+0.9+4617': 0.8486401250779729, 'all+0.9+15393': 0.8643181528153698}, {'ppi+0.6+200': 0.7165081701196273, 'ppi+0.6+4617': 0.8736504432332578, 'ppi+0.6+15392': 0.8841483685817434, 'ppi+0.65+200': 0.7165081701196273, 'ppi+0.65+4617': 0.8736504432332578, 'ppi+0.65+15392': 0.8841483685817434, 'ppi+0.7+200': 0.7110717565263018, 'ppi+0.7+4617': 0.8738054356049375, 'ppi+0.7+15392': 0.8831312592209231, 'ppi+0.75+200': 0.6929279900948643, 'ppi+0.75+4617': 0.8704360362205942, 'ppi+0.75+15392': 0.8794011094758293, 'ppi+0.8+200': 0.6778775569248794, 'ppi+0.8+4617': 0.8591725833319857, 'ppi+0.8+15392': 0.8761583995083373, 'ppi+0.85+200': 0.6595572339657022, 'ppi+0.85+4617': 0.8482121517613422, 'ppi+0.85+15392': 0.8741282240659576, 'ppi+0.9+200': 0.6408076495249596, 'ppi+0.9+4617': 0.8289647947182194, 'ppi+0.9+15392': 0.8736504432332577, 'all+0.6+200': 0.7543952691835631, 'all+0.6+4617': 0.8784563298884593, 'all+0.6+15392': 0.8872998801392324, 'all+0.65+200': 0.7543952691835631, 'all+0.65+4617': 0.8784563298884593, 'all+0.65+15392': 0.8872998801392324, 'all+0.7+200': 0.746360599411658, 'all+0.7+4617': 0.8775140211939713, 'all+0.7+15392': 0.8871426415012964, 'all+0.75+200': 0.7298076387428816, 'all+0.75+4617': 0.874155403887658, 'all+0.75+15392': 0.8863032118013436, 'all+0.8+200': 0.7062939481993031, 'all+0.8+4617': 0.8689840497125677, 'all+0.8+15392': 0.8857993742800716, 'all+0.85+200': 0.6898652060544963, 'all+0.85+4617': 0.866697126037101, 'all+0.85+15392': 0.8816893809110495, 'all+0.9+200': 0.6733241505968778, 'all+0.9+4617': 0.8609314098106128, 'all+0.9+15392': 0.8784527358624494}, {'ppi+0.6+200': 0.6987808614520943, 'ppi+0.6+4617': 0.871420125467448, 'ppi+0.6+15392': 0.881385910339833, 'ppi+0.65+200': 0.6987808614520943, 'ppi+0.65+4617': 0.871420125467448, 'ppi+0.65+15392': 0.881385910339833, 'ppi+0.7+200': 0.700020575798907, 'ppi+0.7+4617': 0.8713904747528658, 'ppi+0.7+15392': 0.8805134605259138, 'ppi+0.75+200': 0.681596475338692, 'ppi+0.75+4617': 0.8647017677216929, 'ppi+0.75+15392': 0.8776303777860439, 'ppi+0.8+200': 0.650041825477691, 'ppi+0.8+4617': 0.8585746272545774, 'ppi+0.8+15392': 0.8746668787142013, 'ppi+0.85+200': 0.6417683776027487, 'ppi+0.85+4617': 0.8467570204805572, 'ppi+0.85+15392': 0.8719374405862574, 'ppi+0.9+200': 0.6299285327927918, 'ppi+0.9+4617': 0.8282796835100696, 'ppi+0.9+15392': 0.8714203500940736, 'all+0.6+200': 0.7741071540884741, 'all+0.6+4617': 0.889703160406772, 'all+0.6+15392': 0.8903741201375074, 'all+0.65+200': 0.7741071540884741, 'all+0.65+4617': 0.889703160406772, 'all+0.65+15392': 0.8903741201375074, 'all+0.7+200': 0.7758895663627916, 'all+0.7+4617': 0.8890295051565289, 'all+0.7+15392': 0.8898457983140424, 'all+0.75+200': 0.7492535657230551, 'all+0.75+4617': 0.8864582041730236, 'all+0.75+15392': 0.8892862533896156, 'all+0.8+200': 0.719895090380769, 'all+0.8+4617': 0.8826683037455142, 'all+0.8+15392': 0.8900156160430135, 'all+0.85+200': 0.7134678487418213, 'all+0.85+4617': 0.8789253502827601, 'all+0.85+15392': 0.8897042835399, 'all+0.9+200': 0.703314500637041, 'all+0.9+4617': 0.8731088684388808, 'all+0.9+15392': 0.8897006895138901}] [{'uniport_ppi_2019+0.9+15393': 0.8213237151085018, 'ppi_2019_dw_40+0.9+15393': 0.8182489708463735, 'diffusion_2019+0.9+15393': 0.8446230125265375, 'uniport_bio+0.9+15393': 0.8374169292536638, 'uniport_seq+0.9+15393': 0.7221249512529662, 'uniport_esm+0.9+15393': 0.7252423073387824}, {'uniport_ppi_2019+0.9+15392': 0.838012979824935, 'ppi_2019_dw_40+0.9+15392': 0.8597366207889247, 'diffusion_2019+0.9+15392': 0.8409634505524916, 'uniport_bio+0.9+15392': 0.8160806607257418, 'uniport_seq+0.9+15392': 0.7608795659854191, 'uniport_esm+0.9+15392': 0.7562899947706921}, {'uniport_ppi_2019+0.9+15392': 0.8430780856061054, 'ppi_2019_dw_40+0.9+15392': 0.8464517528963356, 'diffusion_2019+0.9+15392': 0.8391417286186902, 'uniport_bio+0.9+15392': 0.8300176197125138, 'uniport_seq+0.9+15392': 0.7824810100650699, 'uniport_esm+0.9+15392': 0.7540482210469757}]
late fusion evaluation
ppi+0.8+4617 0.9406859239999844
all+0.8+4617 0.9258794195553457
late fusion bag 1 evaluation
ppi+0.6+15392 0.8827671394607882
all+0.6+15392 0.8888370001383699
late fusion bag 2 evaluation
[{'uniport_ppi_2019+0.9+15393': 0.8213237151085018}, {'uniport_ppi_2019+0.9+15392': 0.838012979824935}, {'uniport_ppi_2019+0.9+15392': 0.8430780856061054}]
uniport_ppi_2019+0.9+15392 0.8405455327155202
[{'ppi_2019_dw_40+0.9+15393': 0.8182489708463735}, {'ppi_2019_dw_40+0.9+15392': 0.8597366207889247}, {'ppi_2019_dw_40+0.9+15392': 0.8464517528963356}]
ppi_2019_dw_40+0.9+15392 0.85309418684263
[{'diffusion_2019+0.9+15393': 0.8446230125265375}, {'diffusion_2019+0.9+15392': 0.8409634505524916}, {'diffusion_2019+0.9+15392': 0.8391417286186902}]
diffusion_2019+0.9+15393 0.8446230125265375
[{'uniport_bio+0.9+15393': 0.8374169292536638}, {'uniport_bio+0.9+15392': 0.8160806607257418}, {'uniport_bio+0.9+15392': 0.8300176197125138}]
uniport_bio+0.9+15393 0.8374169292536638
[{'uniport_seq+0.9+15393': 0.7221249512529662}, {'uniport_seq+0.9+15392': 0.7608795659854191}, {'uniport_seq+0.9+15392': 0.7824810100650699}]
uniport_seq+0.9+15392 0.7716802880252445
[{'uniport_esm+0.9+15393': 0.7252423073387824}, {'uniport_esm+0.9+15392': 0.7562899947706921}, {'uniport_esm+0.9+15392': 0.7540482210469757}]
uniport_esm+0.9+15392 0.7551691079088338
ICD10_F72 31
kernels existing
uniport_ppi_2019 {'C_num': 9, 'gamma_ratio': 2, 'gamma': '0.5052695526173884'} 0.4667003079785161 0.6707482993197278
ppi_2019_dw_40 {'C_num': 9, 'gamma_ratio': 2, 'gamma': '0.48138034733416246'} 0.48663563915815217 0.6462585034013606
diffusion_2019 {'C_num': 1, 'gamma_ratio': '2', 'gamma': '2'} 0.37529646925825116 0.5959183673469387
uniport_bio {'C_num': 9, 'gamma_ratio': 2, 'gamma': '0.5427586367192363'} 0.5485975226878603 0.6775510204081633
uniport_seq {'C_num': 3, 'gamma_ratio': 2, 'gamma': '0.22444018226022353'} 0.388940818212199 0.6734693877551021
uniport_esm {'C_num': 27, 'gamma_ratio': 4, 'gamma': '0.05677617811052856'} 0.44198040027082613 0.617687074829932
collect valid feature:  ['uniport_ppi_2019', 'ppi_2019_dw_40', 'diffusion_2019', 'uniport_bio', 'uniport_seq', 'uniport_esm']
evaluation
late fusion parameter choosen
[{'ppi+0.6+200': 0.6029657343614546, 'ppi+0.6+4698': 0.6572797371903089, 'ppi+0.6+15662': 0.6449331569101611, 'ppi+0.65+200': 0.6029657343614546, 'ppi+0.65+4698': 0.6572797371903089, 'ppi+0.65+15662': 0.6449331569101611, 'ppi+0.7+200': 0.604402974859698, 'ppi+0.7+4698': 0.6607199890495962, 'ppi+0.7+15662': 0.6446593968152576, 'ppi+0.75+200': 0.6072865811926813, 'ppi+0.75+4698': 0.662558744353698, 'ppi+0.75+15662': 0.6428023908381622, 'ppi+0.8+200': 0.5429164575443719, 'ppi+0.8+4698': 0.666076561573208, 'ppi+0.8+15662': 0.6442213806634118, 'ppi+0.85+200': 0.5473696217548022, 'ppi+0.85+4698': 0.6050417484144728, 'ppi+0.85+15662': 0.6518501619747228, 'ppi+0.9+200': 0.4849568827850527, 'ppi+0.9+4698': 0.5780079390427522, 'ppi+0.9+15662': 0.6572979878633025, 'all+0.6+200': 0.6572158598348314, 'all+0.6+4698': 0.7205639457955012, 'all+0.6+15662': 0.7442898206871378, 'all+0.65+200': 0.6572158598348314, 'all+0.65+4698': 0.7205639457955012, 'all+0.65+15662': 0.7442898206871378, 'all+0.7+200': 0.6594652552812886, 'all+0.7+4698': 0.7217456768718346, 'all+0.7+15662': 0.7434137883834466, 'all+0.75+200': 0.6638682301409864, 'all+0.75+4698': 0.7243646484464115, 'all+0.75+15662': 0.7375735730255053, 'all+0.8+200': 0.6054615138933248, 'all+0.8+4698': 0.725500752840261, 'all+0.8+15662': 0.7306748186339371, 'all+0.85+200': 0.6119541908107862, 'all+0.85+4698': 0.7013824884792627, 'all+0.85+15662': 0.7246794725555505, 'all+0.9+200': 0.6208012045444176, 'all+0.9+4698': 0.7009627230004106, 'all+0.9+15662': 0.7205821964684948}, {'ppi+0.6+200': 0.617324451339143, 'ppi+0.6+4698': 0.6295067755623489, 'ppi+0.6+15662': 0.5893507323082539, 'ppi+0.65+200': 0.617324451339143, 'ppi+0.65+4698': 0.6295067755623489, 'ppi+0.65+15662': 0.5893507323082539, 'ppi+0.7+200': 0.6197746041885294, 'ppi+0.7+4698': 0.6297075329652781, 'ppi+0.7+15662': 0.5903545193229001, 'ppi+0.75+200': 0.6225030798010676, 'ppi+0.75+4698': 0.6114705479764566, 'ppi+0.75+15662': 0.5984030661130629, 'ppi+0.8+200': 0.6257015102431901, 'ppi+0.8+4698': 0.5883788839713464, 'ppi+0.8+15662': 0.6114568599717115, 'ppi+0.85+200': 0.6286261805904092, 'ppi+0.85+4698': 0.6054706392298217, 'ppi+0.85+15662': 0.6264634758406716, 'ppi+0.9+200': 0.5621024775288588, 'ppi+0.9+4698': 0.631582789615367, 'ppi+0.9+15662': 0.6295022128941005, 'all+0.6+200': 0.6645571930464936, 'all+0.6+4698': 0.7666833964502441, 'all+0.6+15662': 0.7241137016927499, 'all+0.65+200': 0.6645571930464936, 'all+0.65+4698': 0.7666833964502441, 'all+0.65+15662': 0.7241137016927499, 'all+0.7+200': 0.6683533330291554, 'all+0.7+4698': 0.7673495460145092, 'all+0.7+15662': 0.7255372541862481, 'all+0.75+200': 0.6732673267326733, 'all+0.75+4698': 0.7659807455399917, 'all+0.75+15662': 0.7358215084181229, 'all+0.8+200': 0.678774467308482, 'all+0.8+4698': 0.7625587443536981, 'all+0.8+15662': 0.7478852032668705, 'all+0.85+200': 0.6852625815576949, 'all+0.85+4698': 0.7643199342975773, 'all+0.85+15662': 0.7598667700871469, 'all+0.9+200': 0.6244695898161243, 'all+0.9+4698': 0.7467582242095178, 'all+0.9+15662': 0.7666651457772505}, {'ppi+0.6+200': 0.5448099648674543, 'ppi+0.6+4698': 0.6859652324679473, 'ppi+0.6+15662': 0.6917735091481498, 'ppi+0.65+200': 0.5448099648674543, 'ppi+0.65+4698': 0.6859652324679473, 'ppi+0.65+15662': 0.6917735091481498, 'ppi+0.7+200': 0.5476753205274445, 'ppi+0.7+4698': 0.6885157640187982, 'ppi+0.7+15662': 0.691554501072227, 'ppi+0.75+200': 0.5521376100743715, 'ppi+0.75+4698': 0.6946206141351462, 'ppi+0.75+15662': 0.6936259524569969, 'ppi+0.8+200': 0.5559428753935302, 'ppi+0.8+4698': 0.699849431947803, 'ppi+0.8+15662': 0.6940457179358489, 'ppi+0.85+200': 0.5598028927316694, 'ppi+0.85+4698': 0.7019619473468085, 'ppi+0.85+15662': 0.6967011908564127, 'ppi+0.9+200': 0.49182369849888213, 'ppi+0.9+4698': 0.6757539809280468, 'ppi+0.9+15662': 0.6859561071314504, 'all+0.6+200': 0.6612446958981613, 'all+0.6+4698': 0.7227083998722453, 'all+0.6+15662': 0.7221882556919286, 'all+0.65+200': 0.6612446958981613, 'all+0.65+4698': 0.7227083998722453, 'all+0.65+15662': 0.7221882556919286, 'all+0.7+200': 0.6653830359994525, 'all+0.7+4698': 0.7202171830086235, 'all+0.7+15662': 0.7218049915590637, 'all+0.75+200': 0.6715472008030297, 'all+0.75+4698': 0.7168408085048136, 'all+0.75+15662': 0.7230095359766391, 'all+0.8+200': 0.6772185974357805, 'all+0.8+4698': 0.7106082036775105, 'all+0.8+15662': 0.723228544052562, 'all+0.85+200': 0.6160834055755806, 'all+0.85+4698': 0.7132636765980745, 'all+0.85+15662': 0.7239038189533239, 'all+0.9+200': 0.5539124880229959, 'all+0.9+4698': 0.7276999589359858, 'all+0.9+15662': 0.7227175252087421}] [{'uniport_ppi_2019+0.9+15662': 0.6204498790892915, 'ppi_2019_dw_40+0.9+15662': 0.6650362732125747, 'diffusion_2019+0.9+15662': 0.5305014372404981, 'uniport_bio+0.9+15662': 0.6705388511201351, 'uniport_seq+0.9+15662': 0.7627275630788884, 'uniport_esm+0.9+15662': 0.6614591413058357}, {'uniport_ppi_2019+0.9+15662': 0.574964639321075, 'ppi_2019_dw_40+0.9+15662': 0.626933430670256, 'diffusion_2019+0.9+15662': 0.6763608158050829, 'uniport_bio+0.9+15662': 0.7202263083451201, 'uniport_seq+0.9+15662': 0.7226992745357486, 'uniport_esm+0.9+15662': 0.7143313409681982}, {'uniport_ppi_2019+0.9+15662': 0.6887530227677146, 'ppi_2019_dw_40+0.9+15662': 0.6299676050554364, 'diffusion_2019+0.9+15662': 0.6718437742391751, 'uniport_bio+0.9+15662': 0.7829584340922571, 'uniport_seq+0.9+15662': 0.5802299584797189, 'uniport_esm+0.9+15662': 0.5452981703700324}]
late fusion evaluation
ppi+0.85+15662 0.6697662392967407
all+0.85+15662 0.7409104044044957
late fusion bag 1 evaluation
ppi+0.7+4698 0.6596477620112241
all+0.9+15662 0.7366549558181624
late fusion bag 2 evaluation
[{'uniport_ppi_2019+0.9+15662': 0.6204498790892915}, {'uniport_ppi_2019+0.9+15662': 0.574964639321075}, {'uniport_ppi_2019+0.9+15662': 0.6887530227677146}]
uniport_ppi_2019+0.9+15662 0.6280558470593604
[{'ppi_2019_dw_40+0.9+15662': 0.6650362732125747}, {'ppi_2019_dw_40+0.9+15662': 0.626933430670256}, {'ppi_2019_dw_40+0.9+15662': 0.6299676050554364}]
ppi_2019_dw_40+0.9+15662 0.640645769646089
[{'diffusion_2019+0.9+15662': 0.5305014372404981}, {'diffusion_2019+0.9+15662': 0.6763608158050829}, {'diffusion_2019+0.9+15662': 0.6718437742391751}]
diffusion_2019+0.9+15662 0.626235342428252
[{'uniport_bio+0.9+15662': 0.6705388511201351}, {'uniport_bio+0.9+15662': 0.7202263083451201}, {'uniport_bio+0.9+15662': 0.7829584340922571}]
uniport_bio+0.9+15662 0.7245745311858375
[{'uniport_seq+0.9+15662': 0.7627275630788884}, {'uniport_seq+0.9+15662': 0.7226992745357486}, {'uniport_seq+0.9+15662': 0.5802299584797189}]
uniport_seq+0.9+15662 0.6885522653647853
[{'uniport_esm+0.9+15662': 0.6614591413058357}, {'uniport_esm+0.9+15662': 0.7143313409681982}, {'uniport_esm+0.9+15662': 0.5452981703700324}]
uniport_esm+0.9+15662 0.6403628842146888
ICD10_F90 24
kernels existing
uniport_ppi_2019 {'C_num': 1, 'gamma_ratio': 8, 'gamma': '0.1263173881543471'} 0.5762355382262005 0.6497947454844007
ppi_2019_dw_40 {'C_num': 1, 'gamma_ratio': 8, 'gamma': '0.12034508683354062'} 0.4731629585974604 0.6366310892172962
diffusion_2019 {'C_num': 1, 'gamma_ratio': '0.2', 'gamma': '0.2'} 0.6081504300102935 0.6941707717569786
uniport_bio {'C_num': 1, 'gamma_ratio': 2, 'gamma': '0.5427586367192363'} 0.5591402196237755 0.6996168582375478
uniport_seq {'C_num': 27, 'gamma_ratio': 8, 'gamma': '0.05611004556505588'} 0.30142366165159046 0.7165571975916804
uniport_esm {'C_num': 27, 'gamma_ratio': 8, 'gamma': '0.02838808905526428'} 0.5630566145924029 0.7850574712643678
collect valid feature:  ['uniport_ppi_2019', 'ppi_2019_dw_40', 'diffusion_2019', 'uniport_bio', 'uniport_seq', 'uniport_esm']
evaluation
late fusion parameter choosen
[{'ppi+0.6+200': 0.6239198910313711, 'ppi+0.6+4700': 0.8103424424296599, 'ppi+0.6+15668': 0.7951411058613205, 'ppi+0.65+200': 0.6239198910313711, 'ppi+0.65+4700': 0.8103424424296599, 'ppi+0.65+15668': 0.7951411058613205, 'ppi+0.7+200': 0.626516409143149, 'ppi+0.7+4700': 0.8089962967692503, 'ppi+0.7+15668': 0.795651896309539, 'ppi+0.75+200': 0.6299163580641042, 'ppi+0.75+4700': 0.8053781977610353, 'ppi+0.75+15668': 0.8028987357936407, 'ppi+0.8+200': 0.6337366449580727, 'ppi+0.8+4700': 0.7829406631762653, 'ppi+0.8+15668': 0.8090495041076066, 'ppi+0.85+200': 0.5594592006129486, 'ppi+0.85+4700': 0.7950080875154302, 'ppi+0.85+15668': 0.8094219554760993, 'ppi+0.9+200': 0.4855063210317967, 'ppi+0.9+4700': 0.7992912782530968, 'ppi+0.9+15668': 0.8103318009619886, 'all+0.6+200': 0.6703007278763888, 'all+0.6+4700': 0.8162218533180097, 'all+0.6+15668': 0.8215745115566339, 'all+0.65+200': 0.6703007278763888, 'all+0.65+4700': 0.8162218533180097, 'all+0.65+15668': 0.8215745115566339, 'all+0.7+200': 0.6746158430170689, 'all+0.7+4700': 0.8168390584429405, 'all+0.7+15668': 0.8207870429489634, 'all+0.75+200': 0.6802238964798025, 'all+0.75+4700': 0.8204677989188269, 'all+0.75+15668': 0.8228674498786872, 'all+0.8+200': 0.6868109649682884, 'all+0.8+4700': 0.8265227940237517, 'all+0.8+15668': 0.8235006172051249, 'all+0.85+200': 0.6199878687268547, 'all+0.85+4700': 0.8303324394500489, 'all+0.85+15668': 0.8192759545396501, 'all+0.9+200': 0.5529306601966544, 'all+0.9+4700': 0.8213510407355382, 'all+0.9+15668': 0.8162324947856808}, {'ppi+0.6+200': 0.7202145319882517, 'ppi+0.6+4700': 0.7286000085131741, 'ppi+0.6+15668': 0.7546077555016388, 'ppi+0.65+200': 0.7202145319882517, 'ppi+0.65+4700': 0.7286000085131741, 'ppi+0.65+15668': 0.7546077555016388, 'ppi+0.7+200': 0.7226673902864683, 'ppi+0.7+4700': 0.7285095560379687, 'ppi+0.7+15668': 0.7545439066956114, 'ppi+0.75+200': 0.7261365087472866, 'ppi+0.75+4700': 0.7293555527178308, 'ppi+0.75+15668': 0.7525539522410931, 'ppi+0.8+200': 0.7293023453794748, 'ppi+0.8+4700': 0.731430638913719, 'ppi+0.8+15668': 0.747158728131784, 'ppi+0.85+200': 0.7325426722853616, 'ppi+0.85+4700': 0.7485314774613715, 'ppi+0.85+15668': 0.7406035840463117, 'ppi+0.9+200': 0.7369056740305623, 'ppi+0.9+4700': 0.686582173413357, 'ppi+0.9+15668': 0.7286106499808453, 'all+0.6+200': 0.6940365215170476, 'all+0.6+4700': 0.7979291703911804, 'all+0.6+15668': 0.8526263142212573, 'all+0.65+200': 0.6940365215170476, 'all+0.65+4700': 0.7979291703911804, 'all+0.65+15668': 0.8526263142212573, 'all+0.7+200': 0.6977237900651257, 'all+0.7+4700': 0.7901821819265313, 'all+0.7+15668': 0.8522112969820799, 'all+0.75+200': 0.7028582982164899, 'all+0.75+4700': 0.7789235091303793, 'all+0.75+15668': 0.848178180734687, 'all+0.8+200': 0.7092538202868939, 'all+0.8+4700': 0.7710168986506619, 'all+0.8+15668': 0.8381964840590814, 'all+0.85+200': 0.7155003618099007, 'all+0.85+4700': 0.7639722470523134, 'all+0.85+15668': 0.8225748095177288, 'all+0.9+200': 0.7232952368790704, 'all+0.9+4700': 0.7624877623121782, 'all+0.9+15668': 0.7979398118588515}, {'ppi+0.6+200': 0.5665176861192696, 'ppi+0.6+4700': 0.6005937938960542, 'ppi+0.6+15667': 0.5886923764525603, 'ppi+0.65+200': 0.5665176861192696, 'ppi+0.65+4700': 0.6005937938960542, 'ppi+0.65+15667': 0.5886923764525603, 'ppi+0.7+200': 0.5692248754948283, 'ppi+0.7+4700': 0.6069148256927596, 'ppi+0.7+15667': 0.585927723151577, 'ppi+0.75+200': 0.573745370961563, 'ppi+0.75+4700': 0.6143021325501213, 'ppi+0.75+15667': 0.5820201762227047, 'ppi+0.8+200': 0.5775762993232026, 'ppi+0.8+4700': 0.5955752777423062, 'ppi+0.8+15667': 0.5814327672072532, 'ppi+0.85+200': 0.5820329459839101, 'ppi+0.85+4700': 0.6125782147873835, 'ppi+0.85+15667': 0.5870642318988635, 'ppi+0.9+200': 0.5867449878687268, 'ppi+0.9+4700': 0.5958817520112375, 'ppi+0.9+15667': 0.6005618694930405, 'all+0.6+200': 0.532058485506321, 'all+0.6+4700': 0.7587281317839357, 'all+0.6+15667': 0.7791342101902695, 'all+0.65+200': 0.532058485506321, 'all+0.65+4700': 0.7587281317839357, 'all+0.65+15667': 0.7791342101902695, 'all+0.7+200': 0.5379261907802325, 'all+0.7+4700': 0.7599029498148385, 'all+0.7+15667': 0.7772251308900524, 'all+0.75+200': 0.5470565700421401, 'all+0.75+4700': 0.7589452177244286, 'all+0.75+15667': 0.7742944706933981, 'all+0.8+200': 0.5558932447963224, 'all+0.8+4700': 0.7470438002809348, 'all+0.8+15667': 0.7711531094368536, 'all+0.85+200': 0.5648065381177372, 'all+0.85+4700': 0.7302004852509258, 'all+0.85+15667': 0.7650874728642575, 'all+0.9+200': 0.5738986080960287, 'all+0.9+4700': 0.7125207508619589, 'all+0.9+15667': 0.7587536713063466}] [{'uniport_ppi_2019+0.9+15668': 0.7583429106542374, 'ppi_2019_dw_40+0.9+15668': 0.7624451964414931, 'diffusion_2019+0.9+15668': 0.7691333588728557, 'uniport_bio+0.9+15668': 0.5905376069467502, 'uniport_seq+0.9+15668': 0.5780711275699145, 'uniport_esm+0.9+15668': 0.6921423402715703}, {'uniport_ppi_2019+0.9+15668': 0.6198814540501426, 'ppi_2019_dw_40+0.9+15668': 0.8368556591325076, 'diffusion_2019+0.9+15668': 0.6378495722129995, 'uniport_bio+0.9+15668': 0.7669305750649129, 'uniport_seq+0.9+15668': 0.7778912867662708, 'uniport_esm+0.9+15668': 0.7476429149108246}, {'uniport_ppi_2019+0.9+15667': 0.5897905759162303, 'ppi_2019_dw_40+0.9+15667': 0.6797663133699401, 'diffusion_2019+0.9+15667': 0.5072085302004853, 'uniport_bio+0.9+15667': 0.8354297024645639, 'uniport_seq+0.9+15667': 0.7190652534797599, 'uniport_esm+0.9+15667': 0.776375941769889}]
late fusion evaluation
ppi+0.8+15668 0.7701496190354573
all+0.6+15668 0.8354164006299749
late fusion bag 1 evaluation
ppi+0.8+15668 0.7781041161196953
all+0.6+15668 0.8371004128889457
late fusion bag 2 evaluation
[{'uniport_ppi_2019+0.9+15668': 0.7583429106542374}, {'uniport_ppi_2019+0.9+15668': 0.6198814540501426}, {'uniport_ppi_2019+0.9+15667': 0.5897905759162303}]
uniport_ppi_2019+0.9+15668 0.68911218235219
[{'ppi_2019_dw_40+0.9+15668': 0.7624451964414931}, {'ppi_2019_dw_40+0.9+15668': 0.8368556591325076}, {'ppi_2019_dw_40+0.9+15667': 0.6797663133699401}]
ppi_2019_dw_40+0.9+15668 0.7996504277870004
[{'diffusion_2019+0.9+15668': 0.7691333588728557}, {'diffusion_2019+0.9+15668': 0.6378495722129995}, {'diffusion_2019+0.9+15667': 0.5072085302004853}]
diffusion_2019+0.9+15668 0.7034914655429276
[{'uniport_bio+0.9+15668': 0.5905376069467502}, {'uniport_bio+0.9+15668': 0.7669305750649129}, {'uniport_bio+0.9+15667': 0.8354297024645639}]
uniport_bio+0.9+15667 0.8354297024645639
[{'uniport_seq+0.9+15668': 0.5780711275699145}, {'uniport_seq+0.9+15668': 0.7778912867662708}, {'uniport_seq+0.9+15667': 0.7190652534797599}]
uniport_seq+0.9+15667 0.7190652534797599
[{'uniport_esm+0.9+15668': 0.6921423402715703}, {'uniport_esm+0.9+15668': 0.7476429149108246}, {'uniport_esm+0.9+15667': 0.776375941769889}]
uniport_esm+0.9+15667 0.776375941769889
ICD10_G10 32
kernels existing
uniport_ppi_2019 {'C_num': 9, 'gamma_ratio': 2, 'gamma': '0.5052695526173884'} 0.8375935535679598 0.9094108505873212
ppi_2019_dw_40 {'C_num': 1, 'gamma_ratio': 2, 'gamma': '0.48138034733416246'} 0.867353152490569 0.9428230266465562
diffusion_2019 {'C_num': 1, 'gamma_ratio': '2', 'gamma': '2'} 0.8224147165591668 0.9140065816536405
uniport_bio {'C_num': 1, 'gamma_ratio': 2, 'gamma': '0.5427586367192363'} 0.777570377209444 0.8849707482060424
uniport_seq {'C_num': 27, 'gamma_ratio': 8, 'gamma': '0.05611004556505588'} 0.45439424406705936 0.6348679098679099
uniport_esm {'C_num': 3, 'gamma_ratio': 8, 'gamma': '0.02838808905526428'} 0.5064047562444742 0.6311474473239179
collect valid feature:  ['uniport_ppi_2019', 'ppi_2019_dw_40', 'diffusion_2019', 'uniport_bio', 'uniport_seq', 'uniport_esm']
evaluation
late fusion parameter choosen
[{'ppi+0.6+200': 0.707562400548219, 'ppi+0.6+4699': 0.8935561053230658, 'ppi+0.6+15665': 0.8993577011974866, 'ppi+0.65+200': 0.707562400548219, 'ppi+0.65+4699': 0.8935561053230658, 'ppi+0.65+15665': 0.8993577011974866, 'ppi+0.7+200': 0.7087703404299802, 'ppi+0.7+4699': 0.8884194571239417, 'ppi+0.7+15665': 0.8990905606467124, 'ppi+0.75+200': 0.7104893318001788, 'ppi+0.75+4699': 0.8609126914991231, 'ppi+0.75+15665': 0.8982136427517801, 'ppi+0.8+200': 0.6244003856115776, 'ppi+0.8+4699': 0.8652595328524805, 'ppi+0.8+15665': 0.896924399224131, 'ppi+0.85+200': 0.6268743394078773, 'ppi+0.85+4699': 0.8702306700581902, 'ppi+0.85+15665': 0.8980336132501713, 'ppi+0.9+200': 0.629284411768122, 'ppi+0.9+4699': 0.8513682242122258, 'ppi+0.9+15665': 0.8935561053230658, 'all+0.6+200': 0.6841121061128728, 'all+0.6+4699': 0.9164372742371976, 'all+0.6+15665': 0.9021917139970034, 'all+0.65+200': 0.6841121061128728, 'all+0.65+4699': 0.9164372742371976, 'all+0.65+15665': 0.9021917139970034, 'all+0.7+200': 0.6875239555385205, 'all+0.7+4699': 0.916623111142084, 'all+0.7+15665': 0.9020871807380048, 'all+0.75+200': 0.6925009001475081, 'all+0.75+4699': 0.9179646212992322, 'all+0.75+15665': 0.9039571645934237, 'all+0.8+200': 0.6976317409433546, 'all+0.8+4699': 0.9209670487938023, 'all+0.8+15665': 0.9081094579369781, 'all+0.85+200': 0.7030093963785033, 'all+0.85+4699': 0.9221633738690083, 'all+0.85+15665': 0.9135626096147368, 'all+0.9+200': 0.6657084451258464, 'all+0.9+4699': 0.9196661904595979, 'all+0.9+15665': 0.9164605038503083}, {'ppi+0.6+200': 0.8848728759422511, 'ppi+0.6+4699': 0.9587325923086751, 'ppi+0.6+15664': 0.9613836719049444, 'ppi+0.65+200': 0.8848728759422511, 'ppi+0.65+4699': 0.9587325923086751, 'ppi+0.65+15664': 0.9613836719049444, 'ppi+0.7+200': 0.8378114220007666, 'ppi+0.7+4699': 0.9585281717133002, 'ppi+0.7+15664': 0.9613134023252843, 'ppi+0.75+200': 0.8387696435415869, 'ppi+0.75+4699': 0.9575827264596908, 'ppi+0.75+15664': 0.9609876070014054, 'ppi+0.8+200': 0.8395170563434265, 'ppi+0.8+4699': 0.9565446531238021, 'ppi+0.8+15664': 0.9602401941995655, 'ppi+0.85+200': 0.8399258975341767, 'ppi+0.85+4699': 0.9543758783697456, 'ppi+0.85+15664': 0.9595949916954133, 'ppi+0.9+200': 0.8411428388910184, 'ppi+0.9+4699': 0.9507474128018397, 'ppi+0.9+15664': 0.9587389804522806, 'all+0.6+200': 0.8670403730675865, 'all+0.6+4699': 0.9569055832375112, 'all+0.6+15664': 0.9579085217835697, 'all+0.65+200': 0.8670403730675865, 'all+0.65+4699': 0.9569055832375112, 'all+0.65+15664': 0.9579085217835697, 'all+0.7+200': 0.8246262935990801, 'all+0.7+4699': 0.9568544780886674, 'all+0.7+15664': 0.9578190877730931, 'all+0.75+200': 0.8265171841062988, 'all+0.75+4699': 0.9559793024147183, 'all+0.75+15664': 0.9573974702951322, 'all+0.8+200': 0.8283346109620543, 'all+0.8+4699': 0.9546633448319919, 'all+0.8+15664': 0.9570205698224097, 'all+0.85+200': 0.830104126740769, 'all+0.85+4699': 0.9494378433627189, 'all+0.85+15664': 0.9564328606107065, 'all+0.9+200': 0.831474383544142, 'all+0.9+4699': 0.9443688514117798, 'all+0.9+15664': 0.9569055832375112}, {'ppi+0.6+200': 0.7321674971253355, 'ppi+0.6+4699': 0.9472467101060432, 'ppi+0.6+15664': 0.9521208636770154, 'ppi+0.65+200': 0.7321674971253355, 'ppi+0.65+4699': 0.9472467101060432, 'ppi+0.65+15664': 0.9521208636770154, 'ppi+0.7+200': 0.6859652484987862, 'ppi+0.7+4699': 0.9467356586176057, 'ppi+0.7+15664': 0.952031429666539, 'ppi+0.75+200': 0.6878433627187939, 'ppi+0.75+4699': 0.9463651462884887, 'ppi+0.75+15664': 0.9520250415229334, 'ppi+0.8+200': 0.6899833908266257, 'ppi+0.8+4699': 0.9467739874792385, 'ppi+0.8+15664': 0.9517120224862655, 'ppi+0.85+200': 0.6922128529449341, 'ppi+0.85+4699': 0.9480388399131212, 'ppi+0.85+15664': 0.9508783697457519, 'ppi+0.9+200': 0.6944039862016097, 'ppi+0.9+4699': 0.9510316851922831, 'ppi+0.9+15664': 0.9472467101060432, 'all+0.6+200': 0.8068704484476811, 'all+0.6+4699': 0.9183020314296666, 'all+0.6+15664': 0.9087325923086751, 'all+0.65+200': 0.8068704484476811, 'all+0.65+4699': 0.9183020314296666, 'all+0.65+15664': 0.9087325923086751, 'all+0.7+200': 0.7654912482432605, 'all+0.7+4699': 0.9169701034879265, 'all+0.7+15664': 0.9094161236744602, 'all+0.75+200': 0.7689536220774245, 'all+0.75+4699': 0.9166219496614284, 'all+0.75+15664': 0.9117030790852177, 'all+0.8+200': 0.7722818448958734, 'all+0.8+4699': 0.9172607640219752, 'all+0.8+15664': 0.9149674204676121, 'all+0.85+200': 0.7308579276862144, 'all+0.85+4699': 0.9178772198799029, 'all+0.85+15664': 0.9197074230228696, 'all+0.9+200': 0.7356490353903157, 'all+0.9+4699': 0.9200683531365785, 'all+0.9+15664': 0.918308419573272}] [{'uniport_ppi_2019+0.9+15665': 0.8564584131851285, 'ppi_2019_dw_40+0.9+15665': 0.8569578498670105, 'diffusion_2019+0.9+15665': 0.8997903527416751, 'uniport_bio+0.9+15665': 0.8763255397981348, 'uniport_seq+0.9+15665': 0.6683624284237546, 'uniport_esm+0.9+15665': 0.4447309430061442}, {'uniport_ppi_2019+0.9+15664': 0.943273284783442, 'ppi_2019_dw_40+0.9+15664': 0.9743004982752013, 'diffusion_2019+0.9+15664': 0.8953877603168519, 'uniport_bio+0.9+15664': 0.8856777820365402, 'uniport_seq+0.9+15664': 0.7341637920020443, 'uniport_esm+0.9+15664': 0.6257282483710234}, {'uniport_ppi_2019+0.9+15664': 0.9643094416762488, 'ppi_2019_dw_40+0.9+15664': 0.9487798645713555, 'diffusion_2019+0.9+15664': 0.8599846684553469, 'uniport_bio+0.9+15664': 0.8332438993228568, 'uniport_seq+0.9+15664': 0.5565286827647885, 'uniport_esm+0.9+15664': 0.5679666538903795}]
late fusion evaluation
ppi+0.75+15664 0.9607656190111153
all+0.9+15664 0.9400344959754696
late fusion bag 1 evaluation
ppi+0.6+15664 0.9567522677909799
all+0.85+15664 0.938070141816788
late fusion bag 2 evaluation
[{'uniport_ppi_2019+0.9+15665': 0.8564584131851285}, {'uniport_ppi_2019+0.9+15664': 0.943273284783442}, {'uniport_ppi_2019+0.9+15664': 0.9643094416762488}]
uniport_ppi_2019+0.9+15664 0.9537913632298454
[{'ppi_2019_dw_40+0.9+15665': 0.8569578498670105}, {'ppi_2019_dw_40+0.9+15664': 0.9743004982752013}, {'ppi_2019_dw_40+0.9+15664': 0.9487798645713555}]
ppi_2019_dw_40+0.9+15664 0.9615401814232785
[{'diffusion_2019+0.9+15665': 0.8997903527416751}, {'diffusion_2019+0.9+15664': 0.8953877603168519}, {'diffusion_2019+0.9+15664': 0.8599846684553469}]
diffusion_2019+0.9+15665 0.8997903527416751
[{'uniport_bio+0.9+15665': 0.8763255397981348}, {'uniport_bio+0.9+15664': 0.8856777820365402}, {'uniport_bio+0.9+15664': 0.8332438993228568}]
uniport_bio+0.9+15665 0.8763255397981348
[{'uniport_seq+0.9+15665': 0.6683624284237546}, {'uniport_seq+0.9+15664': 0.7341637920020443}, {'uniport_seq+0.9+15664': 0.5565286827647885}]
uniport_seq+0.9+15665 0.6683624284237546
[{'uniport_esm+0.9+15665': 0.4447309430061442}, {'uniport_esm+0.9+15664': 0.6257282483710234}, {'uniport_esm+0.9+15664': 0.5679666538903795}]
uniport_esm+0.9+15664 0.5968474511307014
ICD10_G20 137
kernels existing
uniport_ppi_2019 {'C_num': 1, 'gamma_ratio': 4, 'gamma': '0.2526347763086942'} 0.7849771332045923 0.8542551440329218
ppi_2019_dw_40 {'C_num': 1, 'gamma_ratio': 2, 'gamma': '0.48138034733416246'} 0.8184186801108781 0.8664362139917694
diffusion_2019 {'C_num': 1, 'gamma_ratio': '1', 'gamma': '1'} 0.8127126751434474 0.8887242798353908
uniport_bio {'C_num': 9, 'gamma_ratio': 2, 'gamma': '0.5427586367192363'} 0.7794889307564802 0.8769218106995886
uniport_seq {'C_num': 1, 'gamma_ratio': 2, 'gamma': '0.22444018226022353'} 0.5349569899242598 0.6768065843621399
uniport_esm {'C_num': 9, 'gamma_ratio': 8, 'gamma': '0.02838808905526428'} 0.4683020482848041 0.6807572016460904
collect valid feature:  ['uniport_ppi_2019', 'ppi_2019_dw_40', 'diffusion_2019', 'uniport_bio', 'uniport_seq', 'uniport_esm']
evaluation
late fusion parameter choosen
[{'ppi+0.6+200': 0.7870781257815794, 'ppi+0.6+4678': 0.9369562887216756, 'ppi+0.6+15594': 0.9386884472742084, 'ppi+0.65+200': 0.7870781257815794, 'ppi+0.65+4678': 0.9369562887216756, 'ppi+0.65+15594': 0.9386884472742084, 'ppi+0.7+200': 0.787918479930828, 'ppi+0.7+4678': 0.9345767144725279, 'ppi+0.7+15594': 0.9383954666609501, 'ppi+0.75+200': 0.7892940596394196, 'ppi+0.75+4678': 0.9355721339707448, 'ppi+0.75+15594': 0.9386670096683603, 'ppi+0.8+200': 0.7799801344852474, 'ppi+0.8+4678': 0.9354427937487941, 'ppi+0.8+15594': 0.9392601167634932, 'ppi+0.85+200': 0.7705097148083836, 'ppi+0.85+4678': 0.9284898635853681, 'ppi+0.85+15594': 0.9381010568739684, 'ppi+0.9+200': 0.7279467775705476, 'ppi+0.9+4678': 0.9184234784659249, 'ppi+0.9+15594': 0.9369570033085373, 'all+0.6+200': 0.8389985779721454, 'all+0.6+4678': 0.9445251927598058, 'all+0.6+15594': 0.9366104286806581, 'all+0.65+200': 0.8389985779721454, 'all+0.65+4678': 0.9445251927598058, 'all+0.65+15594': 0.9366104286806581, 'all+0.7+200': 0.8403191344923933, 'all+0.7+4678': 0.944195053629744, 'all+0.7+15594': 0.9379452769381381, 'all+0.75+200': 0.8327073552425666, 'all+0.75+4678': 0.9431488984643528, 'all+0.75+15594': 0.941605390843284, 'all+0.8+200': 0.8354835251999058, 'all+0.8+4678': 0.9397431774819388, 'all+0.8+15594': 0.9449482281818766, 'all+0.85+200': 0.8373593157116213, 'all+0.85+4678': 0.9332868851873289, 'all+0.85+15594': 0.9459057745764287, 'all+0.9+200': 0.7759577250412674, 'all+0.9+4678': 0.9219521083885351, 'all+0.9+15594': 0.9445280511072522}, {'ppi+0.6+200': 0.7192788389392674, 'ppi+0.6+4678': 0.8368791133406221, 'ppi+0.6+15594': 0.841804760577672, 'ppi+0.65+200': 0.7192788389392674, 'ppi+0.65+4678': 0.8368791133406221, 'ppi+0.65+15594': 0.841804760577672, 'ppi+0.7+200': 0.7201106180461766, 'ppi+0.7+4678': 0.8336356035757926, 'ppi+0.7+15594': 0.8415460801337706, 'ppi+0.75+200': 0.6999392601167634, 'ppi+0.75+4678': 0.8391700788189308, 'ppi+0.75+15594': 0.8422077875676177, 'ppi+0.8+200': 0.7012791104822746, 'ppi+0.8+4678': 0.841079454913142, 'ppi+0.8+15594': 0.8421141766887474, 'ppi+0.85+200': 0.6919616123937945, 'ppi+0.85+4678': 0.8405313667902903, 'ppi+0.85+15594': 0.8408679372021066, 'ppi+0.9+200': 0.6497802645400562, 'ppi+0.9+4678': 0.8447467146869038, 'ppi+0.9+15594': 0.8368741112325908, 'all+0.6+200': 0.7761292258880529, 'all+0.6+4678': 0.8626413988752403, 'all+0.6+15594': 0.8379174080505356, 'all+0.65+200': 0.7761292258880529, 'all+0.65+4678': 0.8626413988752403, 'all+0.65+15594': 0.8379174080505356, 'all+0.7+200': 0.7775591141981263, 'all+0.7+4678': 0.8640827205750996, 'all+0.7+15594': 0.8384990817558828, 'all+0.75+200': 0.760030298482932, 'all+0.75+4678': 0.8653904145318384, 'all+0.75+15594': 0.843767016099642, 'all+0.8+200': 0.7423214068786131, 'all+0.8+4678': 0.866314375343895, 'all+0.8+15594': 0.8524592506842168, 'all+0.85+200': 0.735161961112183, 'all+0.85+4678': 0.869244896063341, 'all+0.85+15594': 0.859317855381911, 'all+0.9+200': 0.7076782358279561, 'all+0.9+4678': 0.8714486819445338, 'all+0.9+15594': 0.8626349675934859}, {'ppi+0.6+200': 0.7739897528244045, 'ppi+0.6+4678': 0.8591320627978933, 'ppi+0.6+15594': 0.870108116992161, 'ppi+0.65+200': 0.7739897528244045, 'ppi+0.65+4678': 0.8591320627978933, 'ppi+0.65+15594': 0.870108116992161, 'ppi+0.7+200': 0.774957303435019, 'ppi+0.7+4678': 0.8567460572669912, 'ppi+0.7+15594': 0.8694235427787426, 'ppi+0.75+200': 0.7547773704632667, 'ppi+0.75+4678': 0.851106537755197, 'ppi+0.75+15594': 0.8678100056452361, 'ppi+0.8+200': 0.7240915814521834, 'ppi+0.8+4678': 0.844943940660707, 'ppi+0.8+15594': 0.864712986187036, 'ppi+0.85+200': 0.7150413388499438, 'ppi+0.85+4678': 0.8389978633852837, 'ppi+0.85+15594': 0.8602839768188022, 'ppi+0.9+200': 0.7165119586111289, 'ppi+0.9+4678': 0.8379988709527586, 'ppi+0.9+15594': 0.8591270606898622, 'all+0.6+200': 0.7889925039838216, 'all+0.6+4678': 0.8756661736017322, 'all+0.6+15594': 0.8645157602132326, 'all+0.65+200': 0.7889925039838216, 'all+0.65+4678': 0.8756661736017322, 'all+0.65+15594': 0.8645157602132326, 'all+0.7+200': 0.790751102250234, 'all+0.7+4678': 0.877209681222801, 'all+0.7+15594': 0.8644042846628222, 'all+0.75+200': 0.7740219092331769, 'all+0.75+4678': 0.8793805961083598, 'all+0.75+15594': 0.8657319870516862, 'all+0.8+200': 0.7770253178125067, 'all+0.8+4678': 0.8823182626964221, 'all+0.8+15594': 0.8665709120272114, 'all+0.85+200': 0.7596787217470221, 'all+0.85+4678': 0.8818930835137666, 'all+0.85+15594': 0.8706111861427316, 'all+0.9+200': 0.7530866579487069, 'all+0.9+4678': 0.8720625120586531, 'all+0.9+15594': 0.875664744428009}] [{'uniport_ppi_2019+0.9+15594': 0.9231025932357209, 'ppi_2019_dw_40+0.9+15594': 0.9244167184742141, 'diffusion_2019+0.9+15594': 0.9223629958339586, 'uniport_bio+0.9+15594': 0.887659084900065, 'uniport_seq+0.9+15594': 0.7421949250041089, 'uniport_esm+0.9+15594': 0.7603497188100699}, {'uniport_ppi_2019+0.9+15594': 0.829547452140545, 'ppi_2019_dw_40+0.9+15594': 0.8430931606891475, 'diffusion_2019+0.9+15594': 0.8192795535261288, 'uniport_bio+0.9+15594': 0.8317976861677422, 'uniport_seq+0.9+15594': 0.7107273779664286, 'uniport_esm+0.9+15594': 0.6634024338828506}, {'uniport_ppi_2019+0.9+15594': 0.8306850744242217, 'ppi_2019_dw_40+0.9+15594': 0.8501318412759664, 'diffusion_2019+0.9+15594': 0.8726456149377237, 'uniport_bio+0.9+15594': 0.8072051793255729, 'uniport_seq+0.9+15594': 0.7086293509407536, 'uniport_esm+0.9+15594': 0.6509307493872418}]
late fusion evaluation
ppi+0.85+15594 0.9094349285294041
all+0.7+4678 0.9096107168973591
late fusion bag 1 evaluation
ppi+0.6+15594 0.8835337749480138
all+0.8+4678 0.8961252718407519
late fusion bag 2 evaluation
[{'uniport_ppi_2019+0.9+15594': 0.9231025932357209}, {'uniport_ppi_2019+0.9+15594': 0.829547452140545}, {'uniport_ppi_2019+0.9+15594': 0.8306850744242217}]
uniport_ppi_2019+0.9+15594 0.8611117066001626
[{'ppi_2019_dw_40+0.9+15594': 0.9244167184742141}, {'ppi_2019_dw_40+0.9+15594': 0.8430931606891475}, {'ppi_2019_dw_40+0.9+15594': 0.8501318412759664}]
ppi_2019_dw_40+0.9+15594 0.8725472401464427
[{'diffusion_2019+0.9+15594': 0.9223629958339586}, {'diffusion_2019+0.9+15594': 0.8192795535261288}, {'diffusion_2019+0.9+15594': 0.8726456149377237}]
diffusion_2019+0.9+15594 0.8714293880992704
[{'uniport_bio+0.9+15594': 0.887659084900065}, {'uniport_bio+0.9+15594': 0.8317976861677422}, {'uniport_bio+0.9+15594': 0.8072051793255729}]
uniport_bio+0.9+15594 0.8422206501311266
[{'uniport_seq+0.9+15594': 0.7421949250041089}, {'uniport_seq+0.9+15594': 0.7107273779664286}, {'uniport_seq+0.9+15594': 0.7086293509407536}]
uniport_seq+0.9+15594 0.7205172179704303
[{'uniport_esm+0.9+15594': 0.7603497188100699}, {'uniport_esm+0.9+15594': 0.6634024338828506}, {'uniport_esm+0.9+15594': 0.6509307493872418}]
uniport_esm+0.9+15594 0.6915609673600541
ICD10_G24 22
kernels existing
uniport_ppi_2019 {'C_num': 1, 'gamma_ratio': 8, 'gamma': '0.1263173881543471'} 0.8524309201657728 0.8759259259259261
ppi_2019_dw_40 {'C_num': 9, 'gamma_ratio': 8, 'gamma': '0.12034508683354062'} 0.7197136807958738 0.8907407407407407
diffusion_2019 {'C_num': 1, 'gamma_ratio': '2', 'gamma': '2'} 0.7783896085317673 0.7907407407407407
uniport_bio {'C_num': 1, 'gamma_ratio': 2, 'gamma': '0.5427586367192363'} 0.7448027046647289 0.725925925925926
uniport_seq {'C_num': 1, 'gamma_ratio': 2, 'gamma': '0.22444018226022353'} 0.11924460157280836 0.4648148148148148
uniport_esm {'C_num': 9, 'gamma_ratio': 8, 'gamma': '0.02838808905526428'} 0.4034758943742455 0.5351851851851852
collect valid feature:  ['uniport_ppi_2019', 'ppi_2019_dw_40', 'diffusion_2019', 'uniport_bio', 'uniport_seq', 'uniport_esm']
evaluation
late fusion parameter choosen
[{'ppi+0.6+200': 0.7164517364657814, 'ppi+0.6+4701': 0.81886278515492, 'ppi+0.6+15670': 0.8296518556350018, 'ppi+0.65+200': 0.7164517364657814, 'ppi+0.65+4701': 0.81886278515492, 'ppi+0.65+15670': 0.8296518556350018, 'ppi+0.7+200': 0.7178668709567586, 'ppi+0.7+4701': 0.8173838100102144, 'ppi+0.7+15670': 0.8287368062648962, 'ppi+0.75+200': 0.6444926796050391, 'ppi+0.75+4701': 0.8114998297582567, 'ppi+0.75+15670': 0.8255873340143003, 'ppi+0.8+200': 0.6483443990466462, 'ppi+0.8+4701': 0.78630405175349, 'ppi+0.8+15670': 0.8248318862785154, 'ppi+0.85+200': 0.6520790772897515, 'ppi+0.85+4701': 0.7938425689479061, 'ppi+0.85+15670': 0.8250446884576099, 'ppi+0.9+200': 0.6561967994552264, 'ppi+0.9+4701': 0.8054934882533196, 'ppi+0.9+15670': 0.8188415049370106, 'all+0.6+200': 0.7718281835205992, 'all+0.6+4701': 0.7884320735444332, 'all+0.6+15670': 0.8251830098740212, 'all+0.65+200': 0.7718281835205992, 'all+0.65+4701': 0.7884320735444332, 'all+0.65+15670': 0.8251830098740212, 'all+0.7+200': 0.7718707439564181, 'all+0.7+4701': 0.7866445352400409, 'all+0.7+15670': 0.8224804221995232, 'all+0.75+200': 0.6277451481103167, 'all+0.75+4701': 0.7833301413006469, 'all+0.75+15670': 0.8111061457269323, 'all+0.8+200': 0.6355762683009873, 'all+0.8+4701': 0.7784463312904325, 'all+0.8+15670': 0.802093973442288, 'all+0.85+200': 0.6431626659856997, 'all+0.85+4701': 0.7839153472931564, 'all+0.85+15670': 0.7958163091590057, 'all+0.9+200': 0.6513342696629213, 'all+0.9+4701': 0.79294879979571, 'all+0.9+15670': 0.7884373935989104}, {'ppi+0.6+200': 0.9046646237657475, 'ppi+0.6+4701': 0.848357167177392, 'ppi+0.6+15670': 0.8761278515491998, 'ppi+0.65+200': 0.9046646237657475, 'ppi+0.65+4701': 0.848357167177392, 'ppi+0.65+15670': 0.8761278515491998, 'ppi+0.7+200': 0.905563712972421, 'ppi+0.7+4701': 0.8517141215526047, 'ppi+0.7+15670': 0.8744254341164454, 'ppi+0.75+200': 0.9071916496424924, 'ppi+0.75+4701': 0.8574172199523324, 'ppi+0.75+15670': 0.8705205141300648, 'ppi+0.8+200': 0.9084684627170584, 'ppi+0.8+4701': 0.8635565628192032, 'ppi+0.8+15670': 0.8654771024855296, 'ppi+0.85+200': 0.9096814351378959, 'ppi+0.85+4701': 0.8707811967994554, 'ppi+0.85+15670': 0.8625297923050732, 'ppi+0.9+200': 0.9110912495743958, 'ppi+0.9+4701': 0.8791336823289071, 'ppi+0.9+15670': 0.8483412070139598, 'all+0.6+200': 0.9008501447054819, 'all+0.6+4701': 0.8256671348314608, 'all+0.6+15670': 0.803179264555669, 'all+0.65+200': 0.9008501447054819, 'all+0.65+4701': 0.8256671348314608, 'all+0.65+15670': 0.803179264555669, 'all+0.7+200': 0.901908835546476, 'all+0.7+4701': 0.8292209312223358, 'all+0.7+15670': 0.8029345420497107, 'all+0.75+200': 0.903675093632959, 'all+0.75+4701': 0.8354347548518898, 'all+0.75+15670': 0.8053392066734764, 'all+0.8+200': 0.9054573118828737, 'all+0.8+4701': 0.8424572267620021, 'all+0.8+15670': 0.8113827885597549, 'all+0.85+200': 0.9072395301327885, 'all+0.85+4701': 0.8511714759959143, 'all+0.85+15670': 0.8195863125638407, 'all+0.9+200': 0.9088355464759961, 'all+0.9+4701': 0.8625936329588015, 'all+0.9+15670': 0.825656494722506}, {'ppi+0.6+200': 0.7149514811031665, 'ppi+0.6+4701': 0.8446650493701056, 'ppi+0.6+15670': 0.8216398535921008, 'ppi+0.65+200': 0.7149514811031665, 'ppi+0.65+4701': 0.8446650493701056, 'ppi+0.65+15670': 0.8216398535921008, 'ppi+0.7+200': 0.6401195948246509, 'ppi+0.7+4701': 0.8465696288729997, 'ppi+0.7+15670': 0.8209269662921349, 'ppi+0.75+200': 0.6437265917602996, 'ppi+0.75+4701': 0.8513363976847124, 'ppi+0.75+15670': 0.8241189989785496, 'ppi+0.8+200': 0.6480358358869595, 'ppi+0.8+4701': 0.853618701055499, 'ppi+0.8+15670': 0.8305456247871977, 'ppi+0.85+200': 0.6521961184882533, 'ppi+0.85+4701': 0.8646578140960164, 'ppi+0.85+15670': 0.8381639427987743, 'ppi+0.9+200': 0.6562180796731358, 'ppi+0.9+4701': 0.8265236636023152, 'ppi+0.9+15670': 0.8446437691521961, 'all+0.6+200': 0.7756426625808647, 'all+0.6+4701': 0.8310669901259788, 'all+0.6+15670': 0.8142662580864828, 'all+0.65+200': 0.7756426625808647, 'all+0.65+4701': 0.8310669901259788, 'all+0.65+15670': 0.8142662580864828, 'all+0.7+200': 0.7083492934967655, 'all+0.7+4701': 0.8343867041198502, 'all+0.7+15670': 0.8125744807626829, 'all+0.75+200': 0.7144141556009533, 'all+0.75+4701': 0.842888151174668, 'all+0.75+15670': 0.8163410793326524, 'all+0.8+200': 0.7206439393939393, 'all+0.8+4701': 0.8531345760980592, 'all+0.8+15670': 0.8211504085801838, 'all+0.85+200': 0.7266768811712633, 'all+0.85+4701': 0.8652962206332993, 'all+0.85+15670': 0.8237359550561797, 'all+0.9+200': 0.7330503064351379, 'all+0.9+4701': 0.8768407388491659, 'all+0.9+15670': 0.8310563500170242}] [{'uniport_ppi_2019+0.9+15670': 0.8041209141981615, 'ppi_2019_dw_40+0.9+15670': 0.7915336653047327, 'diffusion_2019+0.9+15670': 0.8470537538304392, 'uniport_bio+0.9+15670': 0.7148663602315287, 'uniport_seq+0.9+15670': 0.6387683009874021, 'uniport_esm+0.9+15670': 0.5185723101804562}, {'uniport_ppi_2019+0.9+15670': 0.8422869850187267, 'ppi_2019_dw_40+0.9+15670': 0.8605454119850188, 'diffusion_2019+0.9+15670': 0.8704992339121553, 'uniport_bio+0.9+15670': 0.8264119424582907, 'uniport_seq+0.9+15670': 0.46545156622403816, 'uniport_esm+0.9+15670': 0.44274025366019754}, {'uniport_ppi_2019+0.9+15670': 0.8269865083418454, 'ppi_2019_dw_40+0.9+15670': 0.6846803711270004, 'diffusion_2019+0.9+15670': 0.8548423135852912, 'uniport_bio+0.9+15670': 0.6943309499489275, 'uniport_seq+0.9+15670': 0.5826417262512767, 'uniport_esm+0.9+15670': 0.7424668028600613}]
late fusion evaluation
ppi+0.6+15670 0.8449771592327773
all+0.9+4701 0.8602137952559302
late fusion bag 1 evaluation
ppi+0.85+4701 0.8430938599477926
all+0.9+4701 0.8441277238678925
late fusion bag 2 evaluation
[{'uniport_ppi_2019+0.9+15670': 0.8041209141981615}, {'uniport_ppi_2019+0.9+15670': 0.8422869850187267}, {'uniport_ppi_2019+0.9+15670': 0.8269865083418454}]
uniport_ppi_2019+0.9+15670 0.8244648025195778
[{'ppi_2019_dw_40+0.9+15670': 0.7915336653047327}, {'ppi_2019_dw_40+0.9+15670': 0.8605454119850188}, {'ppi_2019_dw_40+0.9+15670': 0.6846803711270004}]
ppi_2019_dw_40+0.9+15670 0.7789198161389174
[{'diffusion_2019+0.9+15670': 0.8470537538304392}, {'diffusion_2019+0.9+15670': 0.8704992339121553}, {'diffusion_2019+0.9+15670': 0.8548423135852912}]
diffusion_2019+0.9+15670 0.8574651004426285
[{'uniport_bio+0.9+15670': 0.7148663602315287}, {'uniport_bio+0.9+15670': 0.8264119424582907}, {'uniport_bio+0.9+15670': 0.6943309499489275}]
uniport_bio+0.9+15670 0.7452030842129157
[{'uniport_seq+0.9+15670': 0.6387683009874021}, {'uniport_seq+0.9+15670': 0.46545156622403816}, {'uniport_seq+0.9+15670': 0.5826417262512767}]
uniport_seq+0.9+15670 0.5622871978209057
[{'uniport_esm+0.9+15670': 0.5185723101804562}, {'uniport_esm+0.9+15670': 0.44274025366019754}, {'uniport_esm+0.9+15670': 0.7424668028600613}]
uniport_esm+0.9+15670 0.567926455566905
ICD10_G30 183
kernels existing
uniport_ppi_2019 {'C_num': 1, 'gamma_ratio': 2, 'gamma': '0.5052695526173884'} 0.8509890273433983 0.9237238394817977
ppi_2019_dw_40 {'C_num': 1, 'gamma_ratio': 2, 'gamma': '0.48138034733416246'} 0.8622644664348184 0.9267945728863834
diffusion_2019 {'C_num': 3, 'gamma_ratio': '2', 'gamma': '2'} 0.857173662959092 0.9251622237091951
uniport_bio {'C_num': 1, 'gamma_ratio': 2, 'gamma': '0.5427586367192363'} 0.7148175704771121 0.8326379139628158
uniport_seq {'C_num': 27, 'gamma_ratio': 4, 'gamma': '0.11222009113011176'} 0.6987129736727535 0.8133475597682359
uniport_esm {'C_num': 27, 'gamma_ratio': 4, 'gamma': '0.05677617811052856'} 0.6372366336001453 0.7995966129739586
collect valid feature:  ['uniport_ppi_2019', 'ppi_2019_dw_40', 'diffusion_2019', 'uniport_bio', 'uniport_seq', 'uniport_esm']
evaluation
late fusion parameter choosen
[{'ppi+0.6+200': 0.8812810423788945, 'ppi+0.6+4668': 0.9443727129904874, 'ppi+0.6+15562': 0.95140689008251, 'ppi+0.65+200': 0.8812810423788945, 'ppi+0.65+4668': 0.9443727129904874, 'ppi+0.65+15562': 0.95140689008251, 'ppi+0.7+200': 0.8569117841598728, 'ppi+0.7+4668': 0.9446329141325299, 'ppi+0.7+15562': 0.951062506218042, 'ppi+0.75+200': 0.849170253543054, 'ppi+0.75+4668': 0.9382989842315921, 'ppi+0.75+15562': 0.9495734559850089, 'ppi+0.8+200': 0.8166795491741894, 'ppi+0.8+4668': 0.9396273219945401, 'ppi+0.8+15562': 0.9489169400783009, 'ppi+0.85+200': 0.8006247013973239, 'ppi+0.85+4668': 0.9415810171240776, 'ppi+0.85+15562': 0.9488125316368511, 'ppi+0.9+200': 0.7762734823331077, 'ppi+0.9+4668': 0.9370351501131, 'ppi+0.9+15562': 0.9443705264262685, 'all+0.6+200': 0.9037048050841989, 'all+0.6+4668': 0.9504863465463764, 'all+0.6+15562': 0.9486332333709058, 'all+0.65+200': 0.9037048050841989, 'all+0.65+4668': 0.9504863465463764, 'all+0.65+15562': 0.9486332333709058, 'all+0.7+200': 0.8963962141827115, 'all+0.7+4668': 0.9509848831882731, 'all+0.7+15562': 0.9482385585294044, 'all+0.75+200': 0.8816254262433624, 'all+0.75+4668': 0.9509427918270603, 'all+0.75+15562': 0.9467418553216053, 'all+0.8+200': 0.8589742608592977, 'all+0.8+4668': 0.9508345568982276, 'all+0.8+15562': 0.9466051950579275, 'all+0.85+200': 0.851873940199655, 'all+0.85+4668': 0.9485523304948085, 'all+0.85+15562': 0.948271356992687, 'all+0.9+200': 0.8203354845480973, 'all+0.9+4668': 0.9480445009549818, 'all+0.9+15562': 0.9504852532642671}, {'ppi+0.6+200': 0.7471963157297697, 'ppi+0.6+4668': 0.9067099360079361, 'ppi+0.6+15561': 0.9205148280533023, 'ppi+0.65+200': 0.7471963157297697, 'ppi+0.65+4668': 0.9067099360079361, 'ppi+0.65+15561': 0.9205148280533023, 'ppi+0.7+200': 0.7228717689790852, 'ppi+0.7+4668': 0.9033134854877921, 'ppi+0.7+15561': 0.9198964827719662, 'ppi+0.75+200': 0.7158164048337696, 'ppi+0.75+4668': 0.9052864073027023, 'ppi+0.75+15561': 0.9181826876666808, 'ppi+0.8+200': 0.7169213077780274, 'ppi+0.8+4668': 0.9029742852884981, 'ppi+0.8+15561': 0.9150820642055931, 'ppi+0.85+200': 0.7098598269078064, 'ppi+0.85+4668': 0.8899339838562946, 'ppi+0.85+15561': 0.9091032436436107, 'ppi+0.9+200': 0.6767939242015449, 'ppi+0.9+4668': 0.8798041313472145, 'ppi+0.9+15561': 0.9067071556784337, 'all+0.6+200': 0.8176910141974746, 'all+0.6+4668': 0.9111784815842096, 'all+0.6+15561': 0.9182427427839328, 'all+0.65+200': 0.8176910141974746, 'all+0.65+4668': 0.9111784815842096, 'all+0.65+15561': 0.9182427427839328, 'all+0.7+200': 0.7721864733633313, 'all+0.7+4668': 0.9105562438415702, 'all+0.7+15561': 0.9180180921601381, 'all+0.75+200': 0.75095754548063, 'all+0.75+4668': 0.9104105545756438, 'all+0.75+15561': 0.9176677706428344, 'all+0.8+200': 0.7461080947625265, 'all+0.8+4668': 0.9085883266197644, 'all+0.8+15561': 0.9169304272587953, 'all+0.85+200': 0.7412369574743042, 'all+0.85+4668': 0.9024994050094866, 'all+0.85+15561': 0.9140399967080899, 'all+0.9+200': 0.7274709900419719, 'all+0.9+4668': 0.8941383981298392, 'all+0.9+15561': 0.9111784815842096}, {'ppi+0.6+200': 0.7831103879783001, 'ppi+0.6+4668': 0.9283876090723263, 'ppi+0.6+15561': 0.9280228298416102, 'ppi+0.65+200': 0.7831103879783001, 'ppi+0.65+4668': 0.9283876090723263, 'ppi+0.65+15561': 0.9280228298416102, 'ppi+0.7+200': 0.7838571844826473, 'ppi+0.7+4668': 0.9262895724298078, 'ppi+0.7+15561': 0.9275079128177638, 'ppi+0.75+200': 0.7763625282759511, 'ppi+0.75+4668': 0.9260754870581223, 'ppi+0.75+15561': 0.9265214519103089, 'ppi+0.8+200': 0.7688739887941599, 'ppi+0.8+4668': 0.9225589263034741, 'ppi+0.8+15561': 0.9264035659394065, 'ppi+0.85+200': 0.7358158710105053, 'ppi+0.85+4668': 0.9177261575623848, 'ppi+0.85+15561': 0.9262461992895702, 'ppi+0.9+200': 0.7116531394368608, 'ppi+0.9+4668': 0.9095592176820058, 'ppi+0.9+15561': 0.9283864969405254, 'all+0.6+200': 0.846287259195662, 'all+0.6+4668': 0.9328889625367283, 'all+0.6+15561': 0.9194049205159402, 'all+0.65+200': 0.846287259195662, 'all+0.65+4668': 0.9328889625367283, 'all+0.65+15561': 0.9194049205159402, 'all+0.7+200': 0.8474661189046836, 'all+0.7+4668': 0.9331330754670397, 'all+0.7+15561': 0.9193860142753238, 'all+0.75+200': 0.848910778114136, 'all+0.75+4668': 0.9324874829565801, 'all+0.75+15561': 0.9197986151734816, 'all+0.8+200': 0.8339348112823546, 'all+0.8+4668': 0.9314114954391476, 'all+0.8+15561': 0.9226679152199686, 'all+0.85+200': 0.8189983251295078, 'all+0.85+4668': 0.9291555360808921, 'all+0.85+15561': 0.9285444196562622, 'all+0.9+200': 0.7806147642169369, 'all+0.9+4668': 0.9167102251622045, 'all+0.9+15561': 0.9328917428662306}] [{'uniport_ppi_2019+0.9+15562': 0.9428229856003814, 'ppi_2019_dw_40+0.9+15562': 0.9388024406429811, 'diffusion_2019+0.9+15562': 0.9425168666097432, 'uniport_bio+0.9+15562': 0.862022331380367, 'uniport_seq+0.9+15562': 0.8314678296272892, 'uniport_esm+0.9+15562': 0.8099121329168658}, {'uniport_ppi_2019+0.9+15561': 0.8946916837008188, 'ppi_2019_dw_40+0.9+15561': 0.9119619784379887, 'diffusion_2019+0.9+15561': 0.8577071845938606, 'uniport_bio+0.9+15561': 0.8346226648012509, 'uniport_seq+0.9+15561': 0.7761067379617294, 'uniport_esm+0.9+15561': 0.7587519212076862}, {'uniport_ppi_2019+0.9+15561': 0.9169526698948145, 'ppi_2019_dw_40+0.9+15561': 0.9125119276135655, 'diffusion_2019+0.9+15561': 0.9232306539112564, 'uniport_bio+0.9+15561': 0.8450094197563542, 'uniport_seq+0.9+15561': 0.7865435388478759, 'uniport_esm+0.9+15561': 0.7953866548632411}]
late fusion evaluation
ppi+0.8+15562 0.9638708527709782
all+0.6+15562 0.9539848492965277
late fusion bag 1 evaluation
ppi+0.6+15562 0.95140689008251
all+0.9+15562 0.9504852532642671
late fusion bag 2 evaluation
[{'uniport_ppi_2019+0.9+15562': 0.9428229856003814}, {'uniport_ppi_2019+0.9+15561': 0.8946916837008188}, {'uniport_ppi_2019+0.9+15561': 0.9169526698948145}]
uniport_ppi_2019+0.9+15562 0.9428229856003814
[{'ppi_2019_dw_40+0.9+15562': 0.9388024406429811}, {'ppi_2019_dw_40+0.9+15561': 0.9119619784379887}, {'ppi_2019_dw_40+0.9+15561': 0.9125119276135655}]
ppi_2019_dw_40+0.9+15562 0.9388024406429811
[{'diffusion_2019+0.9+15562': 0.9425168666097432}, {'diffusion_2019+0.9+15561': 0.8577071845938606}, {'diffusion_2019+0.9+15561': 0.9232306539112564}]
diffusion_2019+0.9+15562 0.9425168666097432
[{'uniport_bio+0.9+15562': 0.862022331380367}, {'uniport_bio+0.9+15561': 0.8346226648012509}, {'uniport_bio+0.9+15561': 0.8450094197563542}]
uniport_bio+0.9+15562 0.862022331380367
[{'uniport_seq+0.9+15562': 0.8314678296272892}, {'uniport_seq+0.9+15561': 0.7761067379617294}, {'uniport_seq+0.9+15561': 0.7865435388478759}]
uniport_seq+0.9+15562 0.8314678296272892
[{'uniport_esm+0.9+15562': 0.8099121329168658}, {'uniport_esm+0.9+15561': 0.7587519212076862}, {'uniport_esm+0.9+15561': 0.7953866548632411}]
uniport_esm+0.9+15562 0.8099121329168658
ICD10_G40 120
kernels existing
uniport_ppi_2019 {'C_num': 1, 'gamma_ratio': 4, 'gamma': '0.2526347763086942'} 0.697118489439148 0.8076667853136309
ppi_2019_dw_40 {'C_num': 1, 'gamma_ratio': 2, 'gamma': '0.48138034733416246'} 0.6982690548169487 0.8031839776129116
diffusion_2019 {'C_num': 3, 'gamma_ratio': '2', 'gamma': '2'} 0.755465916094861 0.8382656270890498
uniport_bio {'C_num': 1, 'gamma_ratio': 2, 'gamma': '0.5427586367192363'} 0.7005916391745305 0.8128253549890605
uniport_seq {'C_num': 3, 'gamma_ratio': 4, 'gamma': '0.11222009113011176'} 0.5892428640203788 0.7560076812841497
uniport_esm {'C_num': 9, 'gamma_ratio': 4, 'gamma': '0.05677617811052856'} 0.49041791572377175 0.7243739380432638
collect valid feature:  ['uniport_ppi_2019', 'ppi_2019_dw_40', 'diffusion_2019', 'uniport_bio', 'uniport_seq', 'uniport_esm']
evaluation
late fusion parameter choosen
[{'ppi+0.6+200': 0.7365002248490299, 'ppi+0.6+4681': 0.892635391237312, 'ppi+0.6+15606': 0.9038224335089298, 'ppi+0.65+200': 0.7365002248490299, 'ppi+0.65+4681': 0.892635391237312, 'ppi+0.65+15606': 0.9038224335089298, 'ppi+0.7+200': 0.7250329243222409, 'ppi+0.7+4681': 0.8936102723885391, 'ppi+0.7+15606': 0.9032747655145831, 'ppi+0.75+200': 0.7140731401773095, 'ppi+0.75+4681': 0.8938166516767313, 'ppi+0.75+15606': 0.9020862777849159, 'ppi+0.8+200': 0.7033374020300657, 'ppi+0.8+4681': 0.885442631376076, 'ppi+0.8+15606': 0.8987681485288448, 'ppi+0.85+200': 0.6679116343312348, 'ppi+0.85+4681': 0.8717742194526532, 'ppi+0.85+15606': 0.8941603494796351, 'ppi+0.9+200': 0.6574111846331748, 'ppi+0.9+4681': 0.8528612039059489, 'ppi+0.9+15606': 0.8926281639470641, 'all+0.6+200': 0.8223716754464858, 'all+0.6+4681': 0.9150150970062958, 'all+0.6+15606': 0.9186223178722857, 'all+0.65+200': 0.8223716754464858, 'all+0.65+4681': 0.9150150970062958, 'all+0.65+15606': 0.9186223178722857, 'all+0.7+200': 0.8121458627778492, 'all+0.7+4681': 0.9144513683669536, 'all+0.7+15606': 0.9182481048438906, 'all+0.75+200': 0.8029278555826801, 'all+0.75+4681': 0.9132259411537967, 'all+0.75+15606': 0.9186158936142875, 'all+0.8+200': 0.79367853012977, 'all+0.8+4681': 0.9106931774380058, 'all+0.8+15606': 0.9179975587819607, 'all+0.85+200': 0.7725475395091866, 'all+0.85+4681': 0.908528202492612, 'all+0.85+15606': 0.9170082230502377, 'all+0.9+200': 0.7515129127585765, 'all+0.9+4681': 0.9079837466272647, 'all+0.9+15606': 0.9150199151997944}, {'ppi+0.6+200': 0.7159110750913399, 'ppi+0.6+4681': 0.8599355268056283, 'ppi+0.6+15605': 0.8696369800057324, 'ppi+0.65+200': 0.7159110750913399, 'ppi+0.65+4681': 0.8599355268056283, 'ppi+0.65+15605': 0.8696369800057324, 'ppi+0.7+200': 0.7045286077150397, 'ppi+0.7+4681': 0.8591259055732909, 'ppi+0.7+15605': 0.8690950361899867, 'ppi+0.75+200': 0.6810281777839275, 'ppi+0.75+4681': 0.8536529319325157, 'ppi+0.75+15605': 0.869122215743056, 'ppi+0.8+200': 0.6828615621818757, 'ppi+0.8+4681': 0.8366475915621489, 'ppi+0.8+15605': 0.8684163709860743, 'ppi+0.85+200': 0.6595456237625067, 'ppi+0.85+4681': 0.8447174479552741, 'ppi+0.85+15605': 0.8650708150900879, 'ppi+0.9+200': 0.648126093359294, 'ppi+0.9+4681': 0.8260656855671629, 'ppi+0.9+15605': 0.8599355268056285, 'all+0.6+200': 0.8119677337523925, 'all+0.6+4681': 0.8787404830383115, 'all+0.6+15605': 0.8668597238557408, 'all+0.65+200': 0.8119677337523925, 'all+0.65+4681': 0.8787404830383115, 'all+0.65+15605': 0.8668597238557408, 'all+0.7+200': 0.7900865462859552, 'all+0.7+4681': 0.8782660762938291, 'all+0.7+15605': 0.8663597848038296, 'all+0.75+200': 0.7574892023048261, 'all+0.75+4681': 0.8789999242267005, 'all+0.75+15605': 0.8682796495979073, 'all+0.8+200': 0.7610629017220305, 'all+0.8+4681': 0.8811891136830107, 'all+0.8+15605': 0.872425766875208, 'all+0.85+200': 0.7280718660328066, 'all+0.85+4681': 0.8839334249201909, 'all+0.85+15605': 0.8774152739204775, 'all+0.9+200': 0.6944655840968316, 'all+0.9+4681': 0.8704301287816643, 'all+0.9+15605': 0.8787470720208739}, {'ppi+0.6+200': 0.7168500051064615, 'ppi+0.6+4681': 0.8487844974418276, 'ppi+0.6+15605': 0.868016090295417, 'ppi+0.65+200': 0.7168500051064615, 'ppi+0.65+4681': 0.8487844974418276, 'ppi+0.65+15605': 0.868016090295417, 'ppi+0.7+200': 0.705300342297644, 'ppi+0.7+4681': 0.8505223415926231, 'ppi+0.7+15605': 0.8669124357162388, 'ppi+0.75+200': 0.694291799681752, 'ppi+0.75+4681': 0.8528227201296712, 'ppi+0.75+15605': 0.863057880917318, 'ppi+0.8+200': 0.6955848875095951, 'ppi+0.8+4681': 0.8484295160062858, 'ppi+0.8+15605': 0.8580189565028317, 'ppi+0.85+200': 0.671848077829062, 'ppi+0.85+4681': 0.8489451038917826, 'ppi+0.85+15605': 0.8555538534017268, 'ppi+0.9+200': 0.6484703676981719, 'ppi+0.9+4681': 0.8286304470295219, 'ppi+0.9+15605': 0.848786144687468, 'all+0.6+200': 0.8147779348151956, 'all+0.6+4681': 0.897396363540524, 'all+0.6+15605': 0.9087722419342618, 'all+0.65+200': 0.8147779348151956, 'all+0.65+4681': 0.897396363540524, 'all+0.65+15605': 0.9087722419342618, 'all+0.7+200': 0.7922246711274079, 'all+0.7+4681': 0.8965200288597437, 'all+0.7+15605': 0.9082006476969858, 'all+0.75+200': 0.7708154195369922, 'all+0.75+4681': 0.8938193696320383, 'all+0.75+15605': 0.906420798782356, 'all+0.8+200': 0.7484252331676203, 'all+0.8+4681': 0.8916318274213687, 'all+0.8+15605': 0.9046294191482422, 'all+0.85+200': 0.7144927965948139, 'all+0.85+4681': 0.8906780721954819, 'all+0.85+15605': 0.9021354892484278, 'all+0.9+200': 0.6805957758032793, 'all+0.9+4681': 0.8817417645954201, 'all+0.9+15605': 0.8973996580318051}] [{'uniport_ppi_2019+0.9+15606': 0.8734557689836824, 'ppi_2019_dw_40+0.9+15606': 0.881385712450212, 'diffusion_2019+0.9+15606': 0.8497647115508159, 'uniport_bio+0.9+15606': 0.8475507516381858, 'uniport_seq+0.9+15606': 0.8189579853526917, 'uniport_esm+0.9+15606': 0.7688527881279712}, {'uniport_ppi_2019+0.9+15605': 0.8514538590023621, 'ppi_2019_dw_40+0.9+15605': 0.8362786085386625, 'diffusion_2019+0.9+15605': 0.8293058177421534, 'uniport_bio+0.9+15605': 0.8340630631521033, 'uniport_seq+0.9+15605': 0.709003350497633, 'uniport_esm+0.9+15605': 0.706639553003423}, {'uniport_ppi_2019+0.9+15605': 0.8441318521300534, 'ppi_2019_dw_40+0.9+15605': 0.827372774982951, 'diffusion_2019+0.9+15605': 0.8441063198226246, 'uniport_bio+0.9+15605': 0.8295924384836115, 'uniport_seq+0.9+15605': 0.8304580660677281, 'uniport_esm+0.9+15605': 0.8217737870506726}]
late fusion evaluation
ppi+0.75+15606 0.9299779969163562
all+0.8+15606 0.934717493254529
late fusion bag 1 evaluation
ppi+0.6+15606 0.9038224335089298
all+0.6+15606 0.9186223178722857
late fusion bag 2 evaluation
[{'uniport_ppi_2019+0.9+15606': 0.8734557689836824}, {'uniport_ppi_2019+0.9+15605': 0.8514538590023621}, {'uniport_ppi_2019+0.9+15605': 0.8441318521300534}]
uniport_ppi_2019+0.9+15606 0.8734557689836824
[{'ppi_2019_dw_40+0.9+15606': 0.881385712450212}, {'ppi_2019_dw_40+0.9+15605': 0.8362786085386625}, {'ppi_2019_dw_40+0.9+15605': 0.827372774982951}]
ppi_2019_dw_40+0.9+15606 0.881385712450212
[{'diffusion_2019+0.9+15606': 0.8497647115508159}, {'diffusion_2019+0.9+15605': 0.8293058177421534}, {'diffusion_2019+0.9+15605': 0.8441063198226246}]
diffusion_2019+0.9+15606 0.8497647115508159
[{'uniport_bio+0.9+15606': 0.8475507516381858}, {'uniport_bio+0.9+15605': 0.8340630631521033}, {'uniport_bio+0.9+15605': 0.8295924384836115}]
uniport_bio+0.9+15606 0.8475507516381858
[{'uniport_seq+0.9+15606': 0.8189579853526917}, {'uniport_seq+0.9+15605': 0.709003350497633}, {'uniport_seq+0.9+15605': 0.8304580660677281}]
uniport_seq+0.9+15606 0.8189579853526917
[{'uniport_esm+0.9+15606': 0.7688527881279712}, {'uniport_esm+0.9+15605': 0.706639553003423}, {'uniport_esm+0.9+15605': 0.8217737870506726}]
uniport_esm+0.9+15606 0.7688527881279712
ICD10_G43 23
kernels existing
uniport_ppi_2019 {'C_num': 3, 'gamma_ratio': 2, 'gamma': '0.5052695526173884'} 0.5992780146543161 0.792178699436764
ppi_2019_dw_40 {'C_num': 1, 'gamma_ratio': 2, 'gamma': '0.48138034733416246'} 0.6238048595083767 0.8539506528417818
diffusion_2019 {'C_num': 1, 'gamma_ratio': '0.8', 'gamma': '0.8'} 0.8160759397352068 0.9224030337941628
uniport_bio {'C_num': 9, 'gamma_ratio': 2, 'gamma': '0.5427586367192363'} 0.5467569035758322 0.7699532770097287
uniport_seq {'C_num': 9, 'gamma_ratio': 4, 'gamma': '0.11222009113011176'} 0.5446667805202664 0.6675707245263697
uniport_esm {'C_num': 9, 'gamma_ratio': 2, 'gamma': '0.11355235622105712'} 0.45696381315393125 0.6777233742959549
collect valid feature:  ['uniport_ppi_2019', 'ppi_2019_dw_40', 'diffusion_2019', 'uniport_bio', 'uniport_seq', 'uniport_esm']
evaluation
late fusion parameter choosen
[{'ppi+0.6+200': 0.8409992612252716, 'ppi+0.6+4701': 0.9699200116744648, 'ppi+0.6+15670': 0.970257476673872, 'ppi+0.65+200': 0.8409992612252716, 'ppi+0.65+4701': 0.9699200116744648, 'ppi+0.65+15670': 0.970257476673872, 'ppi+0.7+200': 0.8417061135888948, 'ppi+0.7+4701': 0.9705128555923422, 'ppi+0.7+15670': 0.9702118732955737, 'ppi+0.75+200': 0.8426455431818389, 'ppi+0.75+4701': 0.9717988708603533, 'ppi+0.75+15670': 0.9700933045119983, 'ppi+0.8+200': 0.8435074470316761, 'ppi+0.8+4701': 0.9727474211289573, 'ppi+0.8+15670': 0.9701389078902966, 'ppi+0.85+200': 0.8442735837870871, 'ppi+0.85+4701': 0.9735044372087085, 'ppi+0.85+15670': 0.9697467188369315, 'ppi+0.9+200': 0.845746572906121, 'ppi+0.9+4701': 0.9740151950456489, 'ppi+0.9+15670': 0.9699200116744648, 'all+0.6+200': 0.8252113716584124, 'all+0.6+4701': 0.953885863864795, 'all+0.6+15670': 0.9455586869875321, 'all+0.65+200': 0.8252113716584124, 'all+0.65+4701': 0.953885863864795, 'all+0.65+15670': 0.9455586869875321, 'all+0.7+200': 0.8268667742906395, 'all+0.7+4701': 0.9542415702155216, 'all+0.7+15670': 0.9458961519869392, 'all+0.75+200': 0.8285176165850368, 'all+0.75+4701': 0.9542689322425005, 'all+0.75+15670': 0.9485593892795579, 'all+0.8+200': 0.8296075373263652, 'all+0.8+4701': 0.9547067246741638, 'all+0.8+15670': 0.9523079869756752, 'all+0.85+200': 0.8313404657016993, 'all+0.85+4701': 0.9556461542671081, 'all+0.85+15670': 0.9549985862952728, 'all+0.9+200': 0.8347333570470902, 'all+0.9+4701': 0.9552904479163817, 'all+0.9+15670': 0.9538858638647951}, {'ppi+0.6+200': 0.645427653280555, 'ppi+0.6+4700': 0.7205941816169743, 'ppi+0.6+15669': 0.7269360914256529, 'ppi+0.65+200': 0.645427653280555, 'ppi+0.65+4700': 0.7205941816169743, 'ppi+0.65+15669': 0.7269360914256529, 'ppi+0.7+200': 0.6470344123092637, 'ppi+0.7+4700': 0.7256645172274362, 'ppi+0.7+15669': 0.7276277426631765, 'ppi+0.75+200': 0.6494392304581924, 'ppi+0.75+4700': 0.7003554023282044, 'ppi+0.75+15669': 0.7249037008661602, 'ppi+0.8+200': 0.6517589223009641, 'ppi+0.8+4700': 0.7164655557683713, 'ppi+0.8+15669': 0.7181468003149674, 'ppi+0.85+200': 0.6542063036029708, 'ppi+0.85+4700': 0.7321500776777543, 'ppi+0.85+15669': 0.7132946008640321, 'ppi+0.9+200': 0.6569835493413352, 'ppi+0.9+4700': 0.7379812296494923, 'ppi+0.9+15669': 0.7205622592521653, 'all+0.6+200': 0.7012705101193896, 'all+0.6+4700': 0.8201387558790355, 'all+0.6+15669': 0.7830768903360361, 'all+0.65+200': 0.7012705101193896, 'all+0.65+4700': 0.8201387558790355, 'all+0.65+15669': 0.7830768903360361, 'all+0.7+200': 0.7044840281768073, 'all+0.7+4700': 0.8248313435059269, 'all+0.7+15669': 0.7835770073847071, 'all+0.75+200': 0.7097086552171786, 'all+0.75+4700': 0.8283640852114325, 'all+0.75+15669': 0.7850454361659113, 'all+0.8+200': 0.7148800783162017, 'all+0.8+4700': 0.830822107301709, 'all+0.8+15669': 0.7865245057353849, 'all+0.85+200': 0.6430600778905702, 'all+0.85+4700': 0.8243471876396603, 'all+0.85+15669': 0.7988891017046542, 'all+0.9+200': 0.649577560705697, 'all+0.9+4700': 0.7517823320351571, 'all+0.9+15669': 0.8201174743024964}, {'ppi+0.6+200': 0.9846985464683223, 'ppi+0.6+4700': 0.9855178871650813, 'ppi+0.6+15669': 0.9863159462853007, 'ppi+0.65+200': 0.9846985464683223, 'ppi+0.65+4700': 0.9855178871650813, 'ppi+0.65+15669': 0.9863159462853007, 'ppi+0.7+200': 0.9064781118985294, 'ppi+0.7+4700': 0.9854540424354636, 'ppi+0.7+15669': 0.9862733831322225, 'ppi+0.75+200': 0.90712187958884, 'ppi+0.75+4700': 0.9854327608589244, 'ppi+0.75+15669': 0.9861882568260657, 'ppi+0.8+200': 0.9079199387090597, 'ppi+0.8+4700': 0.9850816148460277, 'ppi+0.8+15669': 0.9860924897316393, 'ppi+0.85+200': 0.9087605609823577, 'ppi+0.85+4700': 0.9848794398689056, 'ppi+0.85+15669': 0.9859328779075954, 'ppi+0.9+200': 0.9097661154738343, 'ppi+0.9+4700': 0.9830492242865351, 'ppi+0.9+15669': 0.9855178871650812, 'all+0.6+200': 0.9697375981612718, 'all+0.6+4700': 0.9761539934878376, 'all+0.6+15669': 0.9361446295941603, 'all+0.65+200': 0.9697375981612718, 'all+0.65+4700': 0.9761539934878376, 'all+0.65+15669': 0.9361446295941603, 'all+0.7+200': 0.8978803549766967, 'all+0.7+4700': 0.977090382855562, 'all+0.7+15669': 0.9376449807401732, 'all+0.75+200': 0.8994711528230013, 'all+0.75+4700': 0.9786758603077316, 'all+0.75+15669': 0.9456468535189088, 'all+0.8+200': 0.9014237374704719, 'all+0.8+4700': 0.9791546957798634, 'all+0.8+15669': 0.9555853497627105, 'all+0.85+200': 0.9029134478282153, 'all+0.85+4700': 0.9785588116367661, 'all+0.85+15669': 0.9674391878950392, 'all+0.9+200': 0.9046106535572156, 'all+0.9+4700': 0.9751111962374174, 'all+0.9+15669': 0.9761539934878376}] [{'uniport_ppi_2019+0.9+15670': 0.9470407967822256, 'ppi_2019_dw_40+0.9+15670': 0.9475834769839749, 'diffusion_2019+0.9+15670': 0.9701617095794457, 'uniport_bio+0.9+15670': 0.8369177588675769, 'uniport_seq+0.9+15670': 0.788464169425671, 'uniport_esm+0.9+15670': 0.6971297233699073}, {'uniport_ppi_2019+0.9+15669': 0.7408169997233396, 'ppi_2019_dw_40+0.9+15669': 0.66263380791249, 'diffusion_2019+0.9+15669': 0.7312349698865692, 'uniport_bio+0.9+15669': 0.7917491327757562, 'uniport_seq+0.9+15669': 0.6904488284492116, 'uniport_esm+0.9+15669': 0.5351731256251463}, {'uniport_ppi_2019+0.9+15669': 0.9724084360169402, 'ppi_2019_dw_40+0.9+15669': 0.9876354040307306, 'diffusion_2019+0.9+15669': 0.9716742216263381, 'uniport_bio+0.9+15669': 0.7177530911489922, 'uniport_seq+0.9+15669': 0.8403349720147268, 'uniport_esm+0.9+15669': 0.7144704079678224}]
late fusion evaluation
ppi+0.9+4701 0.9751005554491475
all+0.9+4701 0.9552129221732745
late fusion bag 1 evaluation
ppi+0.9+4701 0.9740151950456489
all+0.85+4701 0.9556461542671081
late fusion bag 2 evaluation
[{'uniport_ppi_2019+0.9+15670': 0.9470407967822256}, {'uniport_ppi_2019+0.9+15669': 0.7408169997233396}, {'uniport_ppi_2019+0.9+15669': 0.9724084360169402}]
uniport_ppi_2019+0.9+15670 0.9470407967822256
[{'ppi_2019_dw_40+0.9+15670': 0.9475834769839749}, {'ppi_2019_dw_40+0.9+15669': 0.66263380791249}, {'ppi_2019_dw_40+0.9+15669': 0.9876354040307306}]
ppi_2019_dw_40+0.9+15670 0.9475834769839749
[{'diffusion_2019+0.9+15670': 0.9701617095794457}, {'diffusion_2019+0.9+15669': 0.7312349698865692}, {'diffusion_2019+0.9+15669': 0.9716742216263381}]
diffusion_2019+0.9+15670 0.9701617095794457
[{'uniport_bio+0.9+15670': 0.8369177588675769}, {'uniport_bio+0.9+15669': 0.7917491327757562}, {'uniport_bio+0.9+15669': 0.7177530911489922}]
uniport_bio+0.9+15670 0.8369177588675769
[{'uniport_seq+0.9+15670': 0.788464169425671}, {'uniport_seq+0.9+15669': 0.6904488284492116}, {'uniport_seq+0.9+15669': 0.8403349720147268}]
uniport_seq+0.9+15670 0.788464169425671
[{'uniport_esm+0.9+15670': 0.6971297233699073}, {'uniport_esm+0.9+15669': 0.5351731256251463}, {'uniport_esm+0.9+15669': 0.7144704079678224}]
uniport_esm+0.9+15670 0.6971297233699073
ICD10_G91 22
kernels existing
uniport_ppi_2019 {'C_num': 9, 'gamma_ratio': 4, 'gamma': '0.2526347763086942'} 0.34585390130848576 0.7084924879042527
ppi_2019_dw_40 {'C_num': 9, 'gamma_ratio': 4, 'gamma': '0.24069017366708123'} 0.24387610419551187 0.5529029793735676
diffusion_2019 {'C_num': 1, 'gamma_ratio': '2', 'gamma': '2'} 0.2484193337543333 0.5021220609455903
uniport_bio {'C_num': 3, 'gamma_ratio': 2, 'gamma': '0.5427586367192363'} 0.6761645976291671 0.8275825481707834
uniport_seq {'C_num': 27, 'gamma_ratio': 8, 'gamma': '0.05611004556505588'} 0.35702454519724974 0.6249257278669044
uniport_esm {'C_num': 27, 'gamma_ratio': 8, 'gamma': '0.02838808905526428'} 0.29792648601226085 0.5653170359052712
collect valid feature:  ['uniport_ppi_2019', 'ppi_2019_dw_40', 'diffusion_2019', 'uniport_bio', 'uniport_seq', 'uniport_esm']
evaluation
late fusion parameter choosen
[{'ppi+0.6+200': 0.6600029184298847, 'ppi+0.6+4701': 0.5853458339413395, 'ppi+0.6+15671': 0.585099591419816, 'ppi+0.65+200': 0.6600029184298847, 'ppi+0.65+4701': 0.5853458339413395, 'ppi+0.65+15671': 0.585099591419816, 'ppi+0.7+200': 0.5979270027725083, 'ppi+0.7+4701': 0.5757241354151466, 'ppi+0.7+15671': 0.5836130161972859, 'ppi+0.75+200': 0.6016890412957828, 'ppi+0.75+4701': 0.5529786225010944, 'ppi+0.75+15671': 0.5816430760250985, 'ppi+0.8+200': 0.6068008536407412, 'ppi+0.8+4701': 0.5739548372975338, 'ppi+0.8+15671': 0.5775344739530133, 'ppi+0.85+200': 0.6124507514956953, 'ppi+0.85+4701': 0.5996689406099519, 'ppi+0.85+15671': 0.5789435283817306, 'ppi+0.9+200': 0.6185794542536116, 'ppi+0.9+4701': 0.6366965197723624, 'ppi+0.9+15671': 0.5853549540347294, 'all+0.6+200': 0.7020647891434407, 'all+0.6+4701': 0.8661079089449876, 'all+0.6+15671': 0.785705165620896, 'all+0.65+200': 0.7020647891434407, 'all+0.65+4701': 0.8661079089449876, 'all+0.65+15671': 0.785705165620896, 'all+0.7+200': 0.6473487888515979, 'all+0.7+4701': 0.8716438056325697, 'all+0.7+15671': 0.787273821683934, 'all+0.75+200': 0.6532449292280753, 'all+0.75+4701': 0.8801893331387713, 'all+0.75+15671': 0.7971052823580913, 'all+0.8+200': 0.6595013132934482, 'all+0.8+4701': 0.8865460382314315, 'all+0.8+15671': 0.8149624252152342, 'all+0.85+200': 0.6666605866044067, 'all+0.85+4701': 0.892775062016635, 'all+0.85+15671': 0.8391945133518167, 'all+0.9+200': 0.6736192178607909, 'all+0.9+4701': 0.8931216255654457, 'all+0.9+15671': 0.8661079089449876}, {'ppi+0.6+200': 0.5249890558879321, 'ppi+0.6+4701': 0.6379322924266745, 'ppi+0.6+15671': 0.6520410769006275, 'ppi+0.65+200': 0.5249890558879321, 'ppi+0.65+4701': 0.6379322924266745, 'ppi+0.65+15671': 0.6520410769006275, 'ppi+0.7+200': 0.528664453524004, 'ppi+0.7+4701': 0.633043922369765, 'ppi+0.7+15671': 0.651384430176565, 'ppi+0.75+200': 0.534209470304976, 'ppi+0.75+4701': 0.6290082810447979, 'ppi+0.75+15671': 0.6548044651977236, 'ppi+0.8+200': 0.5400508901211147, 'ppi+0.8+4701': 0.5661069969356486, 'ppi+0.8+15671': 0.6558897563111046, 'ppi+0.85+200': 0.5448845396176857, 'ppi+0.85+4701': 0.5853549540347294, 'ppi+0.85+15671': 0.651384430176565, 'ppi+0.9+200': 0.4832737487231869, 'ppi+0.9+4701': 0.6157248650226179, 'ppi+0.9+15671': 0.637950532613454, 'all+0.6+200': 0.7596672989931418, 'all+0.6+4701': 0.7859787684225885, 'all+0.6+15671': 0.7592568947906025, 'all+0.65+200': 0.7596672989931418, 'all+0.65+4701': 0.7859787684225885, 'all+0.65+15671': 0.7592568947906025, 'all+0.7+200': 0.7615597183715163, 'all+0.7+4701': 0.7882223113964686, 'all+0.7+15671': 0.7617284400992266, 'all+0.75+200': 0.7047597767401139, 'all+0.75+4701': 0.7931198015467678, 'all+0.75+15671': 0.7716784619874506, 'all+0.8+200': 0.6473396687582081, 'all+0.8+4701': 0.8029968626878738, 'all+0.8+15671': 0.7808806362177149, 'all+0.85+200': 0.5916614986137457, 'all+0.85+4701': 0.8133390485918577, 'all+0.85+15671': 0.7821027287319422, 'all+0.9+200': 0.5378985480811322, 'all+0.9+4701': 0.7993351451918866, 'all+0.9+15671': 0.7859787684225886}, {'ppi+0.6+200': 0.5420390704800817, 'ppi+0.6+4701': 0.5847378277153559, 'ppi+0.6+15670': 0.5625212802179094, 'ppi+0.65+200': 0.5420390704800817, 'ppi+0.65+4701': 0.5847378277153559, 'ppi+0.65+15670': 0.5625212802179094, 'ppi+0.7+200': 0.5453162240381342, 'ppi+0.7+4701': 0.5813808733401429, 'ppi+0.7+15670': 0.5687670241743276, 'ppi+0.75+200': 0.5498116700715016, 'ppi+0.75+4701': 0.577396152536602, 'ppi+0.75+15670': 0.5788751276813074, 'ppi+0.8+200': 0.5551370446033368, 'ppi+0.8+4701': 0.5355273237997957, 'ppi+0.8+15670': 0.5852272727272727, 'ppi+0.85+200': 0.5610369850187267, 'ppi+0.85+4701': 0.5530888236295539, 'ppi+0.85+15670': 0.5784920837589377, 'ppi+0.9+200': 0.5667986040177052, 'ppi+0.9+4701': 0.557562989445012, 'ppi+0.9+15670': 0.5847378277153559, 'all+0.6+200': 0.5943671263193735, 'all+0.6+4701': 0.5859880405175348, 'all+0.6+15670': 0.6506958631256384, 'all+0.65+200': 0.5943671263193735, 'all+0.65+4701': 0.5859880405175348, 'all+0.65+15670': 0.6506958631256384, 'all+0.7+200': 0.599697820905686, 'all+0.7+4701': 0.5747999659516514, 'all+0.7+15670': 0.6515151515151515, 'all+0.75+200': 0.6074491402791965, 'all+0.75+4701': 0.5632182073544433, 'all+0.75+15670': 0.6518343547837929, 'all+0.8+200': 0.6151046986721144, 'all+0.8+4701': 0.5380862700034048, 'all+0.8+15670': 0.6422050561797752, 'all+0.85+200': 0.6224463738508682, 'all+0.85+4701': 0.5367988168198843, 'all+0.85+15670': 0.6169773578481443, 'all+0.9+200': 0.6307030983997276, 'all+0.9+4701': 0.5353304817841334, 'all+0.9+15670': 0.585988040517535}] [{'uniport_ppi_2019+0.9+15671': 0.6716811980154677, 'ppi_2019_dw_40+0.9+15671': 0.4860462571136728, 'diffusion_2019+0.9+15671': 0.525864584853349, 'uniport_bio+0.9+15671': 0.9054200715015321, 'uniport_seq+0.9+15671': 0.7329591055012403, 'uniport_esm+0.9+15671': 0.7483173427695899}, {'uniport_ppi_2019+0.9+15671': 0.714965161243251, 'ppi_2019_dw_40+0.9+15671': 0.5723907412811908, 'diffusion_2019+0.9+15671': 0.616956077630235, 'uniport_bio+0.9+15671': 0.6939661462133373, 'uniport_seq+0.9+15671': 0.7770410769006274, 'uniport_esm+0.9+15671': 0.6936195826645264}, {'uniport_ppi_2019+0.9+15670': 0.7001883299284984, 'ppi_2019_dw_40+0.9+15670': 0.5633139683350358, 'diffusion_2019+0.9+15670': 0.5255628617637045, 'uniport_bio+0.9+15670': 0.6428275025536261, 'uniport_seq+0.9+15670': 0.7267141215526047, 'uniport_esm+0.9+15670': 0.6755085972080355}]
late fusion evaluation
ppi+0.6+15671 0.6463387385086823
all+0.9+15671 0.8153386290675616
late fusion bag 1 evaluation
ppi+0.6+15671 0.6185703341602218
all+0.9+15671 0.8260433386837881
late fusion bag 2 evaluation
[{'uniport_ppi_2019+0.9+15671': 0.6716811980154677}, {'uniport_ppi_2019+0.9+15671': 0.714965161243251}, {'uniport_ppi_2019+0.9+15670': 0.7001883299284984}]
uniport_ppi_2019+0.9+15670 0.7001883299284984
[{'ppi_2019_dw_40+0.9+15671': 0.4860462571136728}, {'ppi_2019_dw_40+0.9+15671': 0.5723907412811908}, {'ppi_2019_dw_40+0.9+15670': 0.5633139683350358}]
ppi_2019_dw_40+0.9+15670 0.5633139683350358
[{'diffusion_2019+0.9+15671': 0.525864584853349}, {'diffusion_2019+0.9+15671': 0.616956077630235}, {'diffusion_2019+0.9+15670': 0.5255628617637045}]
diffusion_2019+0.9+15671 0.571410331241792
[{'uniport_bio+0.9+15671': 0.9054200715015321}, {'uniport_bio+0.9+15671': 0.6939661462133373}, {'uniport_bio+0.9+15670': 0.6428275025536261}]
uniport_bio+0.9+15671 0.7996931088574347
[{'uniport_seq+0.9+15671': 0.7329591055012403}, {'uniport_seq+0.9+15671': 0.7770410769006274}, {'uniport_seq+0.9+15670': 0.7267141215526047}]
uniport_seq+0.9+15671 0.7550000912009338
[{'uniport_esm+0.9+15671': 0.7483173427695899}, {'uniport_esm+0.9+15671': 0.6936195826645264}, {'uniport_esm+0.9+15670': 0.6755085972080355}]
uniport_esm+0.9+15671 0.7209684627170582
ICD10_I10 35
kernels existing
uniport_ppi_2019 {'C_num': 1, 'gamma_ratio': 2, 'gamma': '0.5052695526173884'} 0.8812734134668928 0.9484551396316103
ppi_2019_dw_40 {'C_num': 3, 'gamma_ratio': 2, 'gamma': '0.48138034733416246'} 0.8563750799192867 0.9626941685765216
diffusion_2019 {'C_num': 1, 'gamma_ratio': '0.2', 'gamma': '0.2'} 0.9623329555644901 0.9752779899838723
uniport_bio {'C_num': 1, 'gamma_ratio': 2, 'gamma': '0.5427586367192363'} 0.8147691686759625 0.8629360835243188
uniport_seq {'C_num': 3, 'gamma_ratio': 2, 'gamma': '0.22444018226022353'} 0.4039533013473744 0.791783380018674
uniport_esm {'C_num': 3, 'gamma_ratio': 8, 'gamma': '0.02838808905526428'} 0.21661292131568388 0.7004074357015533
collect valid feature:  ['uniport_ppi_2019', 'ppi_2019_dw_40', 'diffusion_2019', 'uniport_bio', 'uniport_seq', 'uniport_esm']
evaluation
late fusion parameter choosen
2025-08-28 17:57:13,562 [ERROR] Error fetching enrichment results: KEGG_2019_Human
2025-08-28 17:57:13,807 [ERROR] Error fetching enrichment results: KEGG_2019_Human
[{'ppi+0.6+200': 0.9210137188860593, 'ppi+0.6+4697': 0.9488120339184168, 'ppi+0.6+15658': 0.9580674899823836, 'ppi+0.65+200': 0.9210137188860593, 'ppi+0.65+4697': 0.9488120339184168, 'ppi+0.65+15658': 0.9580674899823836, 'ppi+0.7+200': 0.9213696979654427, 'ppi+0.7+4697': 0.9483100121397994, 'ppi+0.7+15658': 0.957903191945745, 'ppi+0.75+200': 0.9217576238852835, 'ppi+0.75+4697': 0.9513130151428024, 'ppi+0.75+15658': 0.9568991483885101, 'ppi+0.8+200': 0.9218489005723048, 'ppi+0.8+4697': 0.953622315324443, 'ppi+0.8+15658': 0.9555938917641046, 'ppi+0.85+200': 0.8517620964429475, 'ppi+0.85+4697': 0.9535401663061238, 'ppi+0.85+15658': 0.9539874220725284, 'ppi+0.9+200': 0.8523143203994269, 'ppi+0.9+4697': 0.907240066814535, 'ppi+0.9+15658': 0.948812033918417, 'all+0.6+200': 0.9137800414396159, 'all+0.6+4697': 0.9437644331261353, 'all+0.6+15658': 0.9499986308496947, 'all+0.65+200': 0.9137800414396159, 'all+0.65+4697': 0.9437644331261353, 'all+0.65+15658': 0.9499986308496947, 'all+0.7+200': 0.9144372335861699, 'all+0.7+4697': 0.9423861551521125, 'all+0.7+15658': 0.9497704391321412, 'all+0.75+200': 0.9152267769289046, 'all+0.75+4697': 0.9422492401215805, 'all+0.75+15658': 0.948812033918417, 'all+0.8+200': 0.9153271812846281, 'all+0.8+4697': 0.9420484314101335, 'all+0.8+15658': 0.947680202999352, 'all+0.85+200': 0.8471298045766131, 'all+0.85+4697': 0.9401772593261956, 'all+0.85+15658': 0.9472968409138622, 'all+0.9+200': 0.8497038071506158, 'all+0.9+4697': 0.9291784185401206, 'all+0.9+15658': 0.9437644331261352}, {'ppi+0.6+200': 0.8427713427713428, 'ppi+0.6+4697': 0.9184442801464078, 'ppi+0.6+15658': 0.934874083810254, 'ppi+0.65+200': 0.8427713427713428, 'ppi+0.65+4697': 0.9184442801464078, 'ppi+0.65+15658': 0.934874083810254, 'ppi+0.7+200': 0.8438392800094928, 'ppi+0.7+4697': 0.9193479193479193, 'ppi+0.7+15658': 0.9346550197614027, 'ppi+0.75+200': 0.8451536643026005, 'ppi+0.75+4697': 0.9167465337678102, 'ppi+0.75+15658': 0.9340891043018702, 'ppi+0.8+200': 0.8466095274605914, 'ppi+0.8+4697': 0.9130863386182533, 'ppi+0.8+15658': 0.931533357065272, 'ppi+0.85+200': 0.8480745182872844, 'ppi+0.85+4697': 0.8823169674233504, 'ppi+0.85+15658': 0.9229168378104549, 'ppi+0.9+200': 0.8500050202177862, 'ppi+0.9+4697': 0.8895415172010916, 'ppi+0.9+15658': 0.9184442801464078, 'all+0.6+200': 0.8290022545341695, 'all+0.6+4697': 0.8805735827012423, 'all+0.6+15658': 0.899960751024581, 'all+0.65+200': 0.8290022545341695, 'all+0.65+4697': 0.8805735827012423, 'all+0.65+15658': 0.899960751024581, 'all+0.7+200': 0.8310787991639057, 'all+0.7+4697': 0.8814407112279452, 'all+0.7+15658': 0.8996138996138996, 'all+0.75+200': 0.834104621338664, 'all+0.75+4697': 0.8767399618463447, 'all+0.75+15658': 0.9002893470978578, 'all+0.8+200': 0.8371395711821245, 'all+0.8+4697': 0.871628467373148, 'all+0.8+15658': 0.8986281113940688, 'all+0.85+200': 0.8404118404118405, 'all+0.85+4697': 0.8600591472931898, 'all+0.85+15658': 0.8878665899942496, 'all+0.9+200': 0.8438301523407907, 'all+0.9+4697': 0.8670463776846756, 'all+0.9+15658': 0.88056445503254}, {'ppi+0.6+200': 0.820906012395374, 'ppi+0.6+4697': 0.967041509594701, 'ppi+0.6+15657': 0.9683406811066386, 'ppi+0.65+200': 0.820906012395374, 'ppi+0.65+4697': 0.967041509594701, 'ppi+0.65+15657': 0.9683406811066386, 'ppi+0.7+200': 0.8219389602368325, 'ppi+0.7+4697': 0.9668498285519561, 'ppi+0.7+15657': 0.9682874363725428, 'ppi+0.75+200': 0.8232168338551317, 'ppi+0.75+4697': 0.9660831043809768, 'ppi+0.75+15657': 0.9681809469043511, 'ppi+0.8+200': 0.824441462739335, 'ppi+0.8+4697': 0.9646135497199326, 'ppi+0.8+15657': 0.9679679679679679, 'ppi+0.85+200': 0.8257299853044533, 'ppi+0.85+4697': 0.9603220241518113, 'ppi+0.85+15657': 0.967371626946095, 'ppi+0.9+200': 0.8276041999446255, 'ppi+0.9+4697': 0.9555938917641045, 'ppi+0.9+15657': 0.967041509594701, 'all+0.6+200': 0.8091708730006602, 'all+0.6+4697': 0.9593103742039912, 'all+0.6+15657': 0.9544970502417311, 'all+0.65+200': 0.8091708730006602, 'all+0.65+4697': 0.9593103742039912, 'all+0.65+15657': 0.9544970502417311, 'all+0.7+200': 0.8114390986731412, 'all+0.7+4697': 0.9596085447149277, 'all+0.7+15657': 0.9544438055076353, 'all+0.75+200': 0.8149851979639212, 'all+0.75+4697': 0.9595340020871935, 'all+0.75+15657': 0.9541775818371563, 'all+0.8+200': 0.8178497646582752, 'all+0.8+4697': 0.9587033842352991, 'all+0.8+15657': 0.9546674333908376, 'all+0.85+200': 0.8209805550231082, 'all+0.85+4697': 0.9553276680936256, 'all+0.85+15657': 0.9561156901582434, 'all+0.9+200': 0.8241539411752177, 'all+0.9+4697': 0.9438800502630289, 'all+0.9+15657': 0.9592997252571721}] [{'uniport_ppi_2019+0.9+15658': 0.9311910694889418, 'ppi_2019_dw_40+0.9+15658': 0.9634071761731338, 'diffusion_2019+0.9+15658': 0.9463384357001379, 'uniport_bio+0.9+15658': 0.9339248062652317, 'uniport_seq+0.9+15658': 0.8527433208284272, 'uniport_esm+0.9+15658': 0.6748450578237812}, {'uniport_ppi_2019+0.9+15658': 0.9083216955557382, 'ppi_2019_dw_40+0.9+15658': 0.9256551384210959, 'diffusion_2019+0.9+15658': 0.8805827103699444, 'uniport_bio+0.9+15658': 0.8017698549613443, 'uniport_seq+0.9+15658': 0.7138932245315225, 'uniport_esm+0.9+15658': 0.7693392480626523}, {'uniport_ppi_2019+0.9+15657': 0.9448065086362959, 'ppi_2019_dw_40+0.9+15657': 0.9515153451323665, 'diffusion_2019+0.9+15657': 0.9738994313462399, 'uniport_bio+0.9+15657': 0.786339531020382, 'uniport_seq+0.9+15657': 0.7507667241709794, 'uniport_esm+0.9+15657': 0.712228185632441}]
late fusion evaluation
ppi+0.7+15657 0.9674035737865525
all+0.9+15657 0.9583626179370861
late fusion bag 1 evaluation
ppi+0.6+15657 0.9683406811066386
all+0.9+15657 0.9592997252571721
late fusion bag 2 evaluation
[{'uniport_ppi_2019+0.9+15658': 0.9311910694889418}, {'uniport_ppi_2019+0.9+15658': 0.9083216955557382}, {'uniport_ppi_2019+0.9+15657': 0.9448065086362959}]
uniport_ppi_2019+0.9+15657 0.9448065086362959
[{'ppi_2019_dw_40+0.9+15658': 0.9634071761731338}, {'ppi_2019_dw_40+0.9+15658': 0.9256551384210959}, {'ppi_2019_dw_40+0.9+15657': 0.9515153451323665}]
ppi_2019_dw_40+0.9+15657 0.9515153451323665
[{'diffusion_2019+0.9+15658': 0.9463384357001379}, {'diffusion_2019+0.9+15658': 0.8805827103699444}, {'diffusion_2019+0.9+15657': 0.9738994313462399}]
diffusion_2019+0.9+15657 0.9738994313462399
[{'uniport_bio+0.9+15658': 0.9339248062652317}, {'uniport_bio+0.9+15658': 0.8017698549613443}, {'uniport_bio+0.9+15657': 0.786339531020382}]
uniport_bio+0.9+15658 0.867847330613288
[{'uniport_seq+0.9+15658': 0.8527433208284272}, {'uniport_seq+0.9+15658': 0.7138932245315225}, {'uniport_seq+0.9+15657': 0.7507667241709794}]
uniport_seq+0.9+15658 0.7833182726799748
[{'uniport_esm+0.9+15658': 0.6748450578237812}, {'uniport_esm+0.9+15658': 0.7693392480626523}, {'uniport_esm+0.9+15657': 0.712228185632441}]
uniport_esm+0.9+15658 0.7220921529432167
ICD10_I25 138
kernels existing
uniport_ppi_2019 {'C_num': 1, 'gamma_ratio': 2, 'gamma': '0.5052695526173884'} 0.7753235402893485 0.8932599145831696
ppi_2019_dw_40 {'C_num': 1, 'gamma_ratio': 2, 'gamma': '0.48138034733416246'} 0.7847062355303165 0.9137228400479613
diffusion_2019 {'C_num': 1, 'gamma_ratio': '1', 'gamma': '1'} 0.8481763481321435 0.9375480036640917
uniport_bio {'C_num': 1, 'gamma_ratio': 2, 'gamma': '0.5427586367192363'} 0.7689901737149798 0.8976901099894753
uniport_seq {'C_num': 27, 'gamma_ratio': 2, 'gamma': '0.22444018226022353'} 0.4575526018142497 0.6924178284293999
uniport_esm {'C_num': 1, 'gamma_ratio': 2, 'gamma': '0.11355235622105712'} 0.5083541402760755 0.7227986331663075
collect valid feature:  ['uniport_ppi_2019', 'ppi_2019_dw_40', 'diffusion_2019', 'uniport_bio', 'uniport_seq', 'uniport_esm']
evaluation
late fusion parameter choosen
[{'ppi+0.6+200': 0.8151217621491341, 'ppi+0.6+4675': 0.9552286298457747, 'ppi+0.6+15586': 0.9552083192287382, 'ppi+0.65+200': 0.8151217621491341, 'ppi+0.65+4675': 0.9552286298457747, 'ppi+0.65+15586': 0.9552083192287382, 'ppi+0.7+200': 0.777492958986094, 'ppi+0.7+4675': 0.9550746076665809, 'ppi+0.7+15586': 0.9548562685334381, 'ppi+0.75+200': 0.7656391751181402, 'ppi+0.75+4675': 0.9540150704778412, 'ppi+0.75+15586': 0.9546988612514048, 'ppi+0.8+200': 0.7281897824055894, 'ppi+0.8+4675': 0.9517470515754267, 'ppi+0.8+15586': 0.9547665633081933, 'ppi+0.85+200': 0.7038669722286163, 'ppi+0.85+4675': 0.9502660690831787, 'ppi+0.85+15586': 0.9551304618634314, 'ppi+0.9+200': 0.7052717899069774, 'ppi+0.9+4675': 0.9328827197270253, 'ppi+0.9+15586': 0.9552320149486142, 'all+0.6+200': 0.8670822444585866, 'all+0.6+4675': 0.9491371372862307, 'all+0.6+15586': 0.9390359904133887, 'all+0.65+200': 0.8670822444585866, 'all+0.65+4675': 0.9491371372862307, 'all+0.65+15586': 0.9390359904133887, 'all+0.7+200': 0.8438215102974828, 'all+0.7+4675': 0.948923875807347, 'all+0.7+15586': 0.939105385021597, 'all+0.75+200': 0.8451095419278839, 'all+0.75+4675': 0.9474902847548509, 'all+0.75+15586': 0.941163527547967, 'all+0.8+200': 0.8095845801795459, 'all+0.8+4675': 0.9439359267734554, 'all+0.8+15586': 0.9437142025374731, 'all+0.85+200': 0.786587884039917, 'all+0.85+4675': 0.9404323453346513, 'all+0.85+15586': 0.9467354068216592, 'all+0.9+200': 0.763906002464355, 'all+0.9+4675': 0.9314880573571824, 'all+0.9+15586': 0.9491405223890701}, {'ppi+0.6+200': 0.8181598919475174, 'ppi+0.6+4675': 0.9301179369829256, 'ppi+0.6+15586': 0.9343459304293664, 'ppi+0.65+200': 0.8181598919475174, 'ppi+0.65+4675': 0.9301179369829256, 'ppi+0.65+15586': 0.9343459304293664, 'ppi+0.7+200': 0.8186600408920423, 'ppi+0.7+4675': 0.9298378197229631, 'ppi+0.7+15586': 0.9339625675328016, 'ppi+0.75+200': 0.7811099413700189, 'ppi+0.75+4675': 0.9284863174143231, 'ppi+0.75+15586': 0.9337078385441349, 'ppi+0.8+200': 0.7693644807929266, 'ppi+0.8+4675': 0.9250216646581724, 'ppi+0.8+15586': 0.9342435310684738, 'ppi+0.85+200': 0.770291152695219, 'ppi+0.85+4675': 0.9261201305295655, 'ppi+0.85+15586': 0.9341817529416544, 'ppi+0.9+200': 0.7585947761092982, 'ppi+0.9+4675': 0.9212785871934789, 'ppi+0.9+15586': 0.9301187832586355, 'all+0.6+200': 0.8872625350358145, 'all+0.6+4675': 0.9558717993852653, 'all+0.6+15586': 0.9408961044236523, 'all+0.65+200': 0.8872625350358145, 'all+0.65+4675': 0.9558717993852653, 'all+0.65+15586': 0.9408961044236523, 'all+0.7+200': 0.8882019010737547, 'all+0.7+4675': 0.9564777327935222, 'all+0.7+15586': 0.9411381392766712, 'all+0.75+200': 0.8774440442500643, 'all+0.75+4675': 0.9578402366863905, 'all+0.75+15586': 0.9439223863620976, 'all+0.8+200': 0.8667014203891513, 'all+0.8+4675': 0.959107957699755, 'all+0.8+15586': 0.9478034067674975, 'all+0.85+200': 0.8679962222252312, 'all+0.85+4675': 0.9593779196511991, 'all+0.85+15586': 0.9518266014921533, 'all+0.9+200': 0.8313575616427227, 'all+0.9+4675': 0.9600447849105654, 'all+0.9+15586': 0.9558701068338455}, {'ppi+0.6+200': 0.7598769981713125, 'ppi+0.6+4675': 0.9194969023564341, 'ppi+0.6+15585': 0.9313355676231929, 'ppi+0.65+200': 0.7598769981713125, 'ppi+0.65+4675': 0.9194969023564341, 'ppi+0.65+15585': 0.9313355676231929, 'ppi+0.7+200': 0.7605975218851473, 'ppi+0.7+4675': 0.918549531007725, 'ppi+0.7+15585': 0.9309009936100239, 'ppi+0.75+200': 0.7618108525299161, 'ppi+0.75+4675': 0.9089211091719454, 'ppi+0.75+15585': 0.9299849115902628, 'ppi+0.8+200': 0.7500521488815804, 'ppi+0.8+4675': 0.9035697647737784, 'ppi+0.8+15585': 0.9283543898928514, 'ppi+0.85+200': 0.7381474283648196, 'ppi+0.85+4675': 0.8866544058851751, 'ppi+0.85+15585': 0.9252445782546117, 'ppi+0.9+200': 0.7261853440783207, 'ppi+0.9+4675': 0.8939743705629993, 'ppi+0.9+15585': 0.9194977715044605, 'all+0.6+200': 0.8151678498668466, 'all+0.6+4675': 0.9104290809976427, 'all+0.6+15585': 0.9057408965435721, 'all+0.65+200': 0.8151678498668466, 'all+0.65+4675': 0.9104290809976427, 'all+0.65+15585': 0.9057408965435721, 'all+0.7+200': 0.8042800325409022, 'all+0.7+4675': 0.9097633136094675, 'all+0.7+15585': 0.9059460154777882, 'all+0.75+200': 0.8068205522218901, 'all+0.75+4675': 0.907128925941635, 'all+0.75+15585': 0.9081849407936364, 'all+0.8+200': 0.809368894235115, 'all+0.8+4675': 0.904500622309987, 'all+0.8+15585': 0.9102083173989528, 'all+0.85+200': 0.7991033868960291, 'all+0.85+4675': 0.9063406086817457, 'all+0.85+15585': 0.9108653933068649, 'all+0.9+200': 0.8016856256822811, 'all+0.9+4675': 0.9111635110798992, 'all+0.9+15585': 0.9104308192936955}] [{'uniport_ppi_2019+0.9+15586': 0.9220833953935521, 'ppi_2019_dw_40+0.9+15586': 0.9427350615411696, 'diffusion_2019+0.9+15586': 0.9623821984211881, 'uniport_bio+0.9+15586': 0.8585636331631754, 'uniport_seq+0.9+15586': 0.7249443150582915, 'uniport_esm+0.9+15586': 0.7320242576469473}, {'uniport_ppi_2019+0.9+15586': 0.9126364196444287, 'ppi_2019_dw_40+0.9+15586': 0.922436292364562, 'diffusion_2019+0.9+15586': 0.9355696451058184, 'uniport_bio+0.9+15586': 0.9160858394378021, 'uniport_seq+0.9+15586': 0.7700702747349465, 'uniport_esm+0.9+15586': 0.7392946122703208}, {'uniport_ppi_2019+0.9+15585': 0.8864553709871437, 'ppi_2019_dw_40+0.9+15585': 0.9201774452610572, 'diffusion_2019+0.9+15585': 0.9190214783860269, 'uniport_bio+0.9+15585': 0.8971293778986087, 'uniport_seq+0.9+15585': 0.6388316216911535, 'uniport_esm+0.9+15585': 0.7047512846007831}]
late fusion evaluation
ppi+0.6+15586 0.9548482289141944
all+0.9+15586 0.9573760544595344
late fusion bag 1 evaluation
ppi+0.6+15586 0.9447771248290523
all+0.9+15586 0.9525053146114578
late fusion bag 2 evaluation
[{'uniport_ppi_2019+0.9+15586': 0.9220833953935521}, {'uniport_ppi_2019+0.9+15586': 0.9126364196444287}, {'uniport_ppi_2019+0.9+15585': 0.8864553709871437}]
uniport_ppi_2019+0.9+15586 0.9173599075189904
[{'ppi_2019_dw_40+0.9+15586': 0.9427350615411696}, {'ppi_2019_dw_40+0.9+15586': 0.922436292364562}, {'ppi_2019_dw_40+0.9+15585': 0.9201774452610572}]
ppi_2019_dw_40+0.9+15586 0.9325856769528658
[{'diffusion_2019+0.9+15586': 0.9623821984211881}, {'diffusion_2019+0.9+15586': 0.9355696451058184}, {'diffusion_2019+0.9+15585': 0.9190214783860269}]
diffusion_2019+0.9+15586 0.9489759217635032
[{'uniport_bio+0.9+15586': 0.8585636331631754}, {'uniport_bio+0.9+15586': 0.9160858394378021}, {'uniport_bio+0.9+15585': 0.8971293778986087}]
uniport_bio+0.9+15585 0.8971293778986087
[{'uniport_seq+0.9+15586': 0.7249443150582915}, {'uniport_seq+0.9+15586': 0.7700702747349465}, {'uniport_seq+0.9+15585': 0.6388316216911535}]
uniport_seq+0.9+15586 0.747507294896619
[{'uniport_esm+0.9+15586': 0.7320242576469473}, {'uniport_esm+0.9+15586': 0.7392946122703208}, {'uniport_esm+0.9+15585': 0.7047512846007831}]
uniport_esm+0.9+15586 0.7356594349586341
ICD10_I26 15
kernels existing
/itf-fi-ml/shared/users/ziyuzh/.venv/lib64/python3.11/site-packages/gseapy/enrichr.py:689: FutureWarning: The behavior of DataFrame concatenation with empty or all-NA entries is deprecated. In a future version, this will no longer exclude empty or all-NA columns when determining the result dtypes. To retain the old behavior, exclude the relevant entries before the concat operation.
  self.results = pd.concat(self.results, ignore_index=True)
uniport_ppi_2019 {'C_num': 27, 'gamma_ratio': 4, 'gamma': '0.2526347763086942'} 0.9091586096133644 0.9496074879227052
ppi_2019_dw_40 {'C_num': 9, 'gamma_ratio': 8, 'gamma': '0.12034508683354062'} 0.9089464489676956 0.9154589371980677
diffusion_2019 {'C_num': 1, 'gamma_ratio': '2', 'gamma': '2'} 0.9180305505244521 0.8493961352657005
uniport_bio {'C_num': 3, 'gamma_ratio': 2, 'gamma': '0.5427586367192363'} 0.7463501598893756 0.9020833333333332
uniport_seq {'C_num': 3, 'gamma_ratio': 8, 'gamma': '0.05611004556505588'} 0.5644817125295373 0.7069444444444445
uniport_esm {'C_num': 9, 'gamma_ratio': 8, 'gamma': '0.02838808905526428'} 0.5355951762455818 0.7126811594202899
collect valid feature:  ['uniport_ppi_2019', 'ppi_2019_dw_40', 'diffusion_2019', 'uniport_bio', 'uniport_seq', 'uniport_esm']
evaluation
late fusion parameter choosen
2025-08-28 20:07:58,103 [ERROR] Error fetching enrichment results: KEGG_2019_Human
2025-08-28 20:07:58,348 [ERROR] Error fetching enrichment results: KEGG_2019_Human
[{'ppi+0.6+200': 0.7756110012124307, 'ppi+0.6+4702': 0.7997638950928467, 'ppi+0.6+15676': 0.780983983153596, 'ppi+0.65+200': 0.7756110012124307, 'ppi+0.65+4702': 0.7997638950928467, 'ppi+0.65+15676': 0.780983983153596, 'ppi+0.7+200': 0.6819220215685022, 'ppi+0.7+4702': 0.801582540999298, 'ppi+0.7+15676': 0.7790823814689554, 'ppi+0.75+200': 0.683434369217025, 'ppi+0.75+4702': 0.7757832939825156, 'ppi+0.75+15676': 0.7760449237444962, 'ppi+0.8+200': 0.6848063301639972, 'ppi+0.8+4702': 0.7871482355944102, 'ppi+0.8+15676': 0.7786484589368898, 'ppi+0.85+200': 0.6863888711632953, 'ppi+0.85+4702': 0.7995852211090548, 'ppi+0.85+15676': 0.7871992853040649, 'ppi+0.9+200': 0.6893050858273244, 'ppi+0.9+4702': 0.8117350520068917, 'ppi+0.9+15676': 0.7997447514517261, 'all+0.6+200': 0.7679535447642142, 'all+0.6+4702': 0.8123157424542148, 'all+0.6+15676': 0.7879267436666455, 'all+0.65+200': 0.7679535447642142, 'all+0.65+4702': 0.8123157424542148, 'all+0.65+15676': 0.7879267436666455, 'all+0.7+200': 0.7701486822793695, 'all+0.7+4702': 0.809342096866824, 'all+0.7+15676': 0.7873396720056155, 'all+0.75+200': 0.7728224108225384, 'all+0.75+4702': 0.8057175674813349, 'all+0.75+15676': 0.7917554718907537, 'all+0.8+200': 0.7748643992087296, 'all+0.8+4702': 0.8090613234637227, 'all+0.8+15676': 0.8000638121370685, 'all+0.85+200': 0.7759619679663072, 'all+0.85+4702': 0.8165401059281475, 'all+0.85+15676': 0.8105928147533661, 'all+0.9+200': 0.6828728224108225, 'all+0.9+4702': 0.8163997192265968, 'all+0.9+15676': 0.8123285048816284}, {'ppi+0.6+200': 0.8810797013591986, 'ppi+0.6+4702': 0.9753557526641567, 'ppi+0.6+15676': 0.9746155318741625, 'ppi+0.65+200': 0.8810797013591986, 'ppi+0.65+4702': 0.9753557526641567, 'ppi+0.65+15676': 0.9746155318741625, 'ppi+0.7+200': 0.8821964137578968, 'ppi+0.7+4702': 0.97547061451088, 'ppi+0.7+15676': 0.9746027694467487, 'ppi+0.75+200': 0.883766192329781, 'ppi+0.75+4702': 0.9759938740348414, 'ppi+0.75+15676': 0.9744623827451981, 'ppi+0.8+200': 0.8853232084742518, 'ppi+0.8+4702': 0.9770403930827642, 'ppi+0.8+15676': 0.9743730457533023, 'ppi+0.85+200': 0.886446302086657, 'ppi+0.85+4702': 0.9780613872758599, 'ppi+0.85+15676': 0.9746538191564036, 'ppi+0.9+200': 0.7921128198583371, 'ppi+0.9+4702': 0.9782400612596516, 'ppi+0.9+15676': 0.9753557526641567, 'all+0.6+200': 0.863078297492183, 'all+0.6+4702': 0.9749984046965733, 'all+0.6+15676': 0.9650309488864782, 'all+0.65+200': 0.863078297492183, 'all+0.65+4702': 0.9749984046965733, 'all+0.65+15676': 0.9650309488864782, 'all+0.7+200': 0.8652160040839768, 'all+0.7+4702': 0.9745900070193351, 'all+0.7+15676': 0.9650564737413057, 'all+0.75+200': 0.8686682406993811, 'all+0.75+4702': 0.9736966371003765, 'all+0.75+15676': 0.96721332397422, 'all+0.8+200': 0.8718397039116839, 'all+0.8+4702': 0.9729819411652096, 'all+0.8+15676': 0.9705826048114352, 'all+0.85+200': 0.8740029353583053, 'all+0.85+4702': 0.9720758088188373, 'all+0.85+15676': 0.9737093995277902, 'all+0.9+200': 0.786778125199413, 'all+0.9+4702': 0.970340118690575, 'all+0.9+15676': 0.975011167123987}, {'ppi+0.6+200': 0.9938261757386255, 'ppi+0.6+4702': 0.9883223789164699, 'ppi+0.6+15675': 0.9886573926360794, 'ppi+0.65+200': 0.9938261757386255, 'ppi+0.65+4702': 0.9883223789164699, 'ppi+0.65+15675': 0.9886573926360794, 'ppi+0.7+200': 0.9936985514644885, 'ppi+0.7+4702': 0.9882266607108672, 'ppi+0.7+15675': 0.9886414396018123, 'ppi+0.75+200': 0.9931880543679408, 'ppi+0.75+4702': 0.9879714121625934, 'ppi+0.75+15675': 0.9886414396018123, 'ppi+0.8+200': 0.9922707548975815, 'ppi+0.8+4702': 0.987524727203114, 'ppi+0.8+15675': 0.988609533533278, 'ppi+0.85+200': 0.9906275923680683, 'ppi+0.85+4702': 0.9871418543807031, 'ppi+0.85+15675': 0.9885457213962096, 'ppi+0.9+200': 0.8695281092463786, 'ppi+0.9+4702': 0.9891838427668943, 'ppi+0.9+15675': 0.9883223789164699, 'all+0.6+200': 0.9887690638759492, 'all+0.6+4702': 0.9835524216706018, 'all+0.6+15675': 0.9768361942441453, 'all+0.65+200': 0.9887690638759492, 'all+0.65+4702': 0.9835524216706018, 'all+0.65+15675': 0.9768361942441453, 'all+0.7+200': 0.9885457213962094, 'all+0.7+4702': 0.9840948248356837, 'all+0.7+15675': 0.9767883351413439, 'all+0.75+200': 0.9878597409227236, 'all+0.75+4702': 0.9846372280007658, 'all+0.75+15675': 0.9765649926616042, 'all+0.8+200': 0.9863362261502138, 'all+0.8+4702': 0.9848845000319061, 'all+0.8+15675': 0.9773626443749601, 'all+0.85+200': 0.9838794588730776, 'all+0.85+4702': 0.9847329462063684, 'all+0.85+15675': 0.9801703784059729, 'all+0.9+200': 0.8658828409163423, 'all+0.9+4702': 0.9852753493714506, 'all+0.9+15675': 0.9835524216706018}] [{'uniport_ppi_2019+0.9+15676': 0.8437815072426776, 'ppi_2019_dw_40+0.9+15676': 0.7815519111735052, 'diffusion_2019+0.9+15676': 0.7045370429455683, 'uniport_bio+0.9+15676': 0.7963563269733903, 'uniport_seq+0.9+15676': 0.7032033692808372, 'uniport_esm+0.9+15676': 0.6793567736583498}, {'uniport_ppi_2019+0.9+15676': 0.9536851509157043, 'ppi_2019_dw_40+0.9+15676': 0.9561482994065471, 'diffusion_2019+0.9+15676': 0.9871227107395827, 'uniport_bio+0.9+15676': 0.8927317975879013, 'uniport_seq+0.9+15676': 0.8532576095973454, 'uniport_esm+0.9+15676': 0.7958968795864974}, {'uniport_ppi_2019+0.9+15675': 0.9866233807670218, 'ppi_2019_dw_40+0.9+15675': 0.9878597409227234, 'diffusion_2019+0.9+15675': 0.966881500861464, 'uniport_bio+0.9+15675': 0.9604045689490142, 'uniport_seq+0.9+15675': 0.8453034267117606, 'uniport_esm+0.9+15675': 0.7019414842703082}]
late fusion evaluation
ppi+0.6+15675 0.9873492438261757
all+0.9+15675 0.9817816348669517
late fusion bag 1 evaluation
ppi+0.6+15675 0.9886573926360794
all+0.9+15675 0.9835524216706018
late fusion bag 2 evaluation
[{'uniport_ppi_2019+0.9+15676': 0.8437815072426776}, {'uniport_ppi_2019+0.9+15676': 0.9536851509157043}, {'uniport_ppi_2019+0.9+15675': 0.9866233807670218}]
uniport_ppi_2019+0.9+15675 0.9866233807670218
[{'ppi_2019_dw_40+0.9+15676': 0.7815519111735052}, {'ppi_2019_dw_40+0.9+15676': 0.9561482994065471}, {'ppi_2019_dw_40+0.9+15675': 0.9878597409227234}]
ppi_2019_dw_40+0.9+15675 0.9878597409227234
[{'diffusion_2019+0.9+15676': 0.7045370429455683}, {'diffusion_2019+0.9+15676': 0.9871227107395827}, {'diffusion_2019+0.9+15675': 0.966881500861464}]
diffusion_2019+0.9+15675 0.966881500861464
[{'uniport_bio+0.9+15676': 0.7963563269733903}, {'uniport_bio+0.9+15676': 0.8927317975879013}, {'uniport_bio+0.9+15675': 0.9604045689490142}]
uniport_bio+0.9+15675 0.9604045689490142
[{'uniport_seq+0.9+15676': 0.7032033692808372}, {'uniport_seq+0.9+15676': 0.8532576095973454}, {'uniport_seq+0.9+15675': 0.8453034267117606}]
uniport_seq+0.9+15675 0.8453034267117606
[{'uniport_esm+0.9+15676': 0.6793567736583498}, {'uniport_esm+0.9+15676': 0.7958968795864974}, {'uniport_esm+0.9+15675': 0.7019414842703082}]
uniport_esm+0.9+15676 0.7376268266224235
ICD10_I42 154
kernels existing
uniport_ppi_2019 {'C_num': 3, 'gamma_ratio': 2, 'gamma': '0.5052695526173884'} 0.8475532912759314 0.9080657439295688
ppi_2019_dw_40 {'C_num': 1, 'gamma_ratio': 2, 'gamma': '0.48138034733416246'} 0.8586189445880755 0.9124022181257995
diffusion_2019 {'C_num': 3, 'gamma_ratio': '2', 'gamma': '2'} 0.8424117705663248 0.8996640727321873
uniport_bio {'C_num': 1, 'gamma_ratio': 2, 'gamma': '0.5427586367192363'} 0.7782791273023841 0.8658681602163173
uniport_seq {'C_num': 1, 'gamma_ratio': 8, 'gamma': '0.05611004556505588'} 0.5966633792090207 0.7244764259738394
uniport_esm {'C_num': 3, 'gamma_ratio': 2, 'gamma': '0.11355235622105712'} 0.5031701441061899 0.7047802669299948
collect valid feature:  ['uniport_ppi_2019', 'ppi_2019_dw_40', 'diffusion_2019', 'uniport_bio', 'uniport_seq', 'uniport_esm']
evaluation
late fusion parameter choosen
[{'ppi+0.6+200': 0.8133412520300419, 'ppi+0.6+4674': 0.9103759453820158, 'ppi+0.6+15581': 0.9154963814008734, 'ppi+0.65+200': 0.8133412520300419, 'ppi+0.65+4674': 0.9103759453820158, 'ppi+0.65+15581': 0.9154963814008734, 'ppi+0.7+200': 0.7943495193596367, 'ppi+0.7+4674': 0.910485659625684, 'ppi+0.7+15581': 0.9150956287743014, 'ppi+0.75+200': 0.7855441300908723, 'ppi+0.75+4674': 0.9043219528347008, 'ppi+0.75+15581': 0.9138289876857258, 'ppi+0.8+200': 0.7765416493664167, 'ppi+0.8+4674': 0.9068118748915996, 'ppi+0.8+15581': 0.9129302506477738, 'ppi+0.85+200': 0.7379044973642302, 'ppi+0.85+4674': 0.9098089789611441, 'ppi+0.85+15581': 0.91344334540409, 'ppi+0.9+200': 0.7196735377127931, 'ppi+0.9+4674': 0.89871207303421, 'ppi+0.9+15581': 0.9103746314389778, 'all+0.6+200': 0.8409386546274445, 'all+0.6+4674': 0.919748958043171, 'all+0.6+15581': 0.9067310673947664, 'all+0.65+200': 0.8409386546274445, 'all+0.65+4674': 0.919748958043171, 'all+0.65+15581': 0.9067310673947664, 'all+0.7+200': 0.8235972344126936, 'all+0.7+4674': 0.9203468021254343, 'all+0.7+15581': 0.9077375477618292, 'all+0.75+200': 0.8249512527132924, 'all+0.75+4674': 0.9198179400526628, 'all+0.75+15581': 0.9119461073123558, 'all+0.8+200': 0.8167903525046383, 'all+0.8+4674': 0.9183686608818136, 'all+0.8+15581': 0.9158761109388386, 'all+0.85+200': 0.7706919749615014, 'all+0.85+4674': 0.9183042776729543, 'all+0.85+15581': 0.9185972869704152, 'all+0.9+200': 0.7543169598511567, 'all+0.9+4674': 0.9088222077396502, 'all+0.9+15581': 0.9197496150146898}, {'ppi+0.6+200': 0.7363876459352735, 'ppi+0.6+4674': 0.9068602991673105, 'ppi+0.6+15580': 0.9223525087990386, 'ppi+0.65+200': 0.7363876459352735, 'ppi+0.65+4674': 0.9068602991673105, 'ppi+0.65+15580': 0.9223525087990386, 'ppi+0.7+200': 0.7373976575242511, 'ppi+0.7+4674': 0.9040556056313848, 'ppi+0.7+15580': 0.9217489162159842, 'ppi+0.75+200': 0.7388543276246888, 'ppi+0.75+4674': 0.9042876534466477, 'ppi+0.75+15580': 0.9201903060348529, 'ppi+0.8+200': 0.7201885623229461, 'ppi+0.8+4674': 0.9031971628465962, 'ppi+0.8+15580': 0.9183741630182849, 'ppi+0.85+200': 0.7011673480556271, 'ppi+0.85+4674': 0.9011483013563397, 'ppi+0.85+15580': 0.9146734698257362, 'ppi+0.9+200': 0.6821716188084814, 'ppi+0.9+4674': 0.9014796066185939, 'ppi+0.9+15580': 0.9068629818010129, 'all+0.6+200': 0.8247837797235814, 'all+0.6+4674': 0.9235610352819984, 'all+0.6+15580': 0.9184009893553094, 'all+0.65+200': 0.8247837797235814, 'all+0.65+4674': 0.9235610352819984, 'all+0.65+15580': 0.9184009893553094, 'all+0.7+200': 0.8263330006867544, 'all+0.7+4674': 0.9231801012962485, 'all+0.7+15580': 0.9191024980685037, 'all+0.75+200': 0.8090206240879045, 'all+0.75+4674': 0.9211480062666323, 'all+0.75+15580': 0.9215946647780926, 'all+0.8+200': 0.7822164187913124, 'all+0.8+4674': 0.918317827710533, 'all+0.8+15580': 0.9238172268005838, 'all+0.85+200': 0.7349222572753026, 'all+0.85+4674': 0.9126641771825907, 'all+0.85+15580': 0.9244516696712164, 'all+0.9+200': 0.7073923995621941, 'all+0.9+4674': 0.9114348602884368, 'all+0.9+15580': 0.9235623765988497}, {'ppi+0.6+200': 0.7965457067130226, 'ppi+0.6+4674': 0.941896836638338, 'ppi+0.6+15580': 0.9445995900935702, 'ppi+0.65+200': 0.7965457067130226, 'ppi+0.65+4674': 0.941896836638338, 'ppi+0.65+15580': 0.9445995900935702, 'ppi+0.7+200': 0.777092588419607, 'ppi+0.7+4674': 0.941528645162675, 'ppi+0.7+15580': 0.9441261052450854, 'ppi+0.75+200': 0.7481456294531721, 'ppi+0.75+4674': 0.9412127650442098, 'ppi+0.75+15580': 0.9433977701948666, 'ppi+0.8+200': 0.7494453654820157, 'ppi+0.8+4674': 0.9329958580135634, 'ppi+0.8+15580': 0.9429537943171088, 'ppi+0.85+200': 0.7307319834320543, 'ppi+0.85+4674': 0.9338341810455832, 'ppi+0.85+15580': 0.9427016267490772, 'ppi+0.9+200': 0.6812219664778093, 'ppi+0.9+4674': 0.9235020173405442, 'ppi+0.9+15580': 0.9418981779551893, 'all+0.6+200': 0.8266743658253928, 'all+0.6+4674': 0.9482915647265859, 'all+0.6+15580': 0.9220212035367843, 'all+0.65+200': 0.8266743658253928, 'all+0.65+4674': 0.9482915647265859, 'all+0.65+15580': 0.9220212035367843, 'all+0.7+200': 0.8278949641600138, 'all+0.7+4674': 0.949515516353335, 'all+0.7+15580': 0.9221446046870976, 'all+0.75+200': 0.8300900291870547, 'all+0.75+4674': 0.9507052644003777, 'all+0.75+15580': 0.9250921484676796, 'all+0.8+200': 0.8130177483045754, 'all+0.8+4674': 0.9517850244656193, 'all+0.8+15580': 0.9309181582110052, 'all+0.85+200': 0.7954813717915702, 'all+0.85+4674': 0.9506616716027126, 'all+0.85+15580': 0.9395951369216241, 'all+0.9+200': 0.7585173620053222, 'all+0.9+4674': 0.9442072549145849, 'all+0.9+15580': 0.9482882114344579}] [{'uniport_ppi_2019+0.9+15581': 0.8897844870629168, 'ppi_2019_dw_40+0.9+15581': 0.9160173598154173, 'diffusion_2019+0.9+15581': 0.9033115306385238, 'uniport_bio+0.9+15581': 0.8275903073049977, 'uniport_seq+0.9+15581': 0.7608006117718784, 'uniport_esm+0.9+15581': 0.7382007915192861}, {'uniport_ppi_2019+0.9+15580': 0.8923807837582625, 'ppi_2019_dw_40+0.9+15580': 0.909436968838527, 'diffusion_2019+0.9+15580': 0.8882025817666752, 'uniport_bio+0.9+15580': 0.9011657384754056, 'uniport_seq+0.9+15580': 0.7715093570263543, 'uniport_esm+0.9+15580': 0.693166393038029}, {'uniport_ppi_2019+0.9+15580': 0.9303138949695253, 'ppi_2019_dw_40+0.9+15580': 0.9301965297450425, 'diffusion_2019+0.9+15580': 0.9233766042149542, 'uniport_bio+0.9+15580': 0.9050354375912096, 'uniport_seq+0.9+15580': 0.6815291280367414, 'uniport_esm+0.9+15580': 0.6432767834148854}]
late fusion evaluation
ppi+0.6+15580 0.9517967609880676
all+0.85+15580 0.9436945365482016
late fusion bag 1 evaluation
ppi+0.6+15580 0.9334760494463044
all+0.9+15580 0.9359252940166538
late fusion bag 2 evaluation
[{'uniport_ppi_2019+0.9+15581': 0.8897844870629168}, {'uniport_ppi_2019+0.9+15580': 0.8923807837582625}, {'uniport_ppi_2019+0.9+15580': 0.9303138949695253}]
uniport_ppi_2019+0.9+15580 0.9113473393638939
[{'ppi_2019_dw_40+0.9+15581': 0.9160173598154173}, {'ppi_2019_dw_40+0.9+15580': 0.909436968838527}, {'ppi_2019_dw_40+0.9+15580': 0.9301965297450425}]
ppi_2019_dw_40+0.9+15580 0.9198167492917848
[{'diffusion_2019+0.9+15581': 0.9033115306385238}, {'diffusion_2019+0.9+15580': 0.8882025817666752}, {'diffusion_2019+0.9+15580': 0.9233766042149542}]
diffusion_2019+0.9+15580 0.9057895929908146
[{'uniport_bio+0.9+15581': 0.8275903073049977}, {'uniport_bio+0.9+15580': 0.9011657384754056}, {'uniport_bio+0.9+15580': 0.9050354375912096}]
uniport_bio+0.9+15580 0.9031005880333076
[{'uniport_seq+0.9+15581': 0.7608006117718784}, {'uniport_seq+0.9+15580': 0.7715093570263543}, {'uniport_seq+0.9+15580': 0.6815291280367414}]
uniport_seq+0.9+15581 0.7608006117718784
[{'uniport_esm+0.9+15581': 0.7382007915192861}, {'uniport_esm+0.9+15580': 0.693166393038029}, {'uniport_esm+0.9+15580': 0.6432767834148854}]
uniport_esm+0.9+15581 0.7382007915192861
ICD10_I50 155
kernels existing
uniport_ppi_2019 {'C_num': 1, 'gamma_ratio': 4, 'gamma': '0.2526347763086942'} 0.8349680400250085 0.9092482422931315
ppi_2019_dw_40 {'C_num': 1, 'gamma_ratio': 8, 'gamma': '0.12034508683354062'} 0.8427353207222007 0.9205696773030466
diffusion_2019 {'C_num': 3, 'gamma_ratio': '2', 'gamma': '2'} 0.847597640583638 0.9281413376599964
uniport_bio {'C_num': 1, 'gamma_ratio': 8, 'gamma': '0.13568965917980907'} 0.714059849573588 0.8266089778258517
uniport_seq {'C_num': 27, 'gamma_ratio': 2, 'gamma': '0.22444018226022353'} 0.48050974431637056 0.7533802055164954
uniport_esm {'C_num': 9, 'gamma_ratio': 4, 'gamma': '0.05677617811052856'} 0.5002195823582598 0.764990084730485
collect valid feature:  ['uniport_ppi_2019', 'ppi_2019_dw_40', 'diffusion_2019', 'uniport_bio', 'uniport_seq', 'uniport_esm']
evaluation
late fusion parameter choosen
[{'ppi+0.6+200': 0.8154373922822022, 'ppi+0.6+4672': 0.9523458708988625, 'ppi+0.6+15574': 0.9565340436905633, 'ppi+0.65+200': 0.8154373922822022, 'ppi+0.65+4672': 0.9523458708988625, 'ppi+0.65+15574': 0.9565340436905633, 'ppi+0.7+200': 0.8159989099071175, 'ppi+0.7+4672': 0.9515395315894842, 'ppi+0.7+15574': 0.9561851540729494, 'ppi+0.75+200': 0.805526980547532, 'ppi+0.75+4672': 0.9491594455500103, 'ppi+0.75+15574': 0.9556101600250363, 'ppi+0.8+200': 0.7834975210868587, 'ppi+0.8+4672': 0.9453980261532449, 'ppi+0.8+15574': 0.9547806113204947, 'ppi+0.85+200': 0.7613295539453726, 'ppi+0.85+4672': 0.9301419666293819, 'ppi+0.85+15574': 0.9540543818589378, 'ppi+0.9+200': 0.6933657066961351, 'ppi+0.9+4672': 0.9245874342837206, 'ppi+0.9+15574': 0.9523473682791955, 'all+0.6+200': 0.8433365826486562, 'all+0.6+4672': 0.9458547271548426, 'all+0.6+15574': 0.938108778691679, 'all+0.65+200': 0.8433365826486562, 'all+0.65+4672': 0.9458547271548426, 'all+0.65+15574': 0.938108778691679, 'all+0.7+200': 0.8332360036116814, 'all+0.7+4672': 0.94512101079162, 'all+0.7+15574': 0.9389383273962203, 'all+0.75+200': 0.8238788739100943, 'all+0.75+4672': 0.9429206103921189, 'all+0.75+15574': 0.9418372557211158, 'all+0.8+200': 0.7936033409549992, 'all+0.8+4672': 0.9400411480115536, 'all+0.8+15574': 0.9440279231484517, 'all+0.85+200': 0.7953320665495714, 'all+0.85+4672': 0.9351866409716202, 'all+0.85+15574': 0.9455911882162158, 'all+0.9+200': 0.7310308115951144, 'all+0.9+4672': 0.9312036092855549, 'all+0.9+15574': 0.9458532297745096}, {'ppi+0.6+200': 0.758165589301517, 'ppi+0.6+4672': 0.9115467489626897, 'ppi+0.6+15574': 0.9158539634908727, 'ppi+0.65+200': 0.758165589301517, 'ppi+0.65+4672': 0.9115467489626897, 'ppi+0.65+15574': 0.9158539634908727, 'ppi+0.7+200': 0.7589008030450727, 'ppi+0.7+4672': 0.9099947142474241, 'ppi+0.7+15574': 0.9153171526414539, 'ppi+0.75+200': 0.7599527127290804, 'ppi+0.75+4672': 0.9043069150521162, 'ppi+0.75+15574': 0.9143655674397642, 'ppi+0.8+200': 0.7609192717341013, 'ppi+0.8+4672': 0.8972692274865123, 'ppi+0.8+15574': 0.9140106883008178, 'ppi+0.85+200': 0.715785233733583, 'ppi+0.85+4672': 0.895659543628422, 'ppi+0.85+15574': 0.9143049235362734, 'ppi+0.9+200': 0.6940417739165331, 'ppi+0.9+4672': 0.8770957709487253, 'ppi+0.9+15574': 0.9115497437233561, 'all+0.6+200': 0.8335257467061375, 'all+0.6+4672': 0.9100605989820809, 'all+0.6+15574': 0.9085766950719715, 'all+0.65+200': 0.8335257467061375, 'all+0.65+4672': 0.9100605989820809, 'all+0.65+15574': 0.9085766950719715, 'all+0.7+200': 0.8347535985792855, 'all+0.7+4672': 0.9084314491796601, 'all+0.7+15574': 0.9083917686008329, 'all+0.75+200': 0.8257049292263187, 'all+0.75+4672': 0.9065267813959478, 'all+0.75+15574': 0.9086942394281206, 'all+0.8+200': 0.8166607520143508, 'all+0.8+4672': 0.9074843561189698, 'all+0.8+15574': 0.9091943644593784, 'all+0.85+200': 0.7860265964694766, 'all+0.85+4672': 0.9058409812033847, 'all+0.85+15574': 0.91026499139755, 'all+0.9+200': 0.7673130857564692, 'all+0.9+4672': 0.9004534067648648, 'all+0.9+15574': 0.9100643424329136}, {'ppi+0.6+200': 0.7217305823461854, 'ppi+0.6+4672': 0.9095140551604968, 'ppi+0.6+15574': 0.9177369192597551, 'ppi+0.65+200': 0.7217305823461854, 'ppi+0.65+4672': 0.9095140551604968, 'ppi+0.65+15574': 0.9177369192597551, 'ppi+0.7+200': 0.7112444278734354, 'ppi+0.7+4672': 0.9092946889416965, 'ppi+0.7+15574': 0.9172352968481642, 'ppi+0.75+200': 0.7125703581584018, 'ppi+0.75+4672': 0.9042926899389518, 'ppi+0.75+15574': 0.9164132350452883, 'ppi+0.8+200': 0.6792873368042609, 'ppi+0.8+4672': 0.8883942542521858, 'ppi+0.8+15574': 0.9153441054874497, 'ppi+0.85+200': 0.6808011883210323, 'ppi+0.85+4672': 0.8745404914102778, 'ppi+0.85+15574': 0.9130501188171294, 'ppi+0.9+200': 0.6474425492600696, 'ppi+0.9+4672': 0.8451454180910496, 'ppi+0.9+15574': 0.9095170499211629, 'all+0.6+200': 0.8074833079527366, 'all+0.6+4672': 0.9070980319930281, 'all+0.6+15574': 0.9112562571780669, 'all+0.65+200': 0.8074833079527366, 'all+0.65+4672': 0.9070980319930281, 'all+0.65+15574': 0.9112562571780669, 'all+0.7+200': 0.8088601491690288, 'all+0.7+4672': 0.9069864771582117, 'all+0.7+15574': 0.9113191471520574, 'all+0.75+200': 0.8111114604998554, 'all+0.75+4672': 0.9060985306206791, 'all+0.75+15574': 0.9122714810439136, 'all+0.8+200': 0.7916559978317933, 'all+0.8+4672': 0.9042357894862937, 'all+0.8+15574': 0.9127716060751714, 'all+0.85+200': 0.7837034108826608, 'all+0.85+4672': 0.8975776878351325, 'all+0.85+15574': 0.9109867287181077, 'all+0.9+200': 0.7426444934586941, 'all+0.9+4672': 0.8968829033605706, 'all+0.9+15574': 0.9070957859225285}] [{'uniport_ppi_2019+0.9+15574': 0.9476822798514001, 'ppi_2019_dw_40+0.9+15574': 0.9384973488881202, 'diffusion_2019+0.9+15574': 0.9513014481165202, 'uniport_bio+0.9+15574': 0.8442125501435238, 'uniport_seq+0.9+15574': 0.7725763776273409, 'uniport_esm+0.9+15574': 0.7568014758180563}, {'uniport_ppi_2019+0.9+15574': 0.899807287151129, 'ppi_2019_dw_40+0.9+15574': 0.8820423668791448, 'diffusion_2019+0.9+15574': 0.9168819150895509, 'uniport_bio+0.9+15574': 0.8598369652293312, 'uniport_seq+0.9+15574': 0.7486160462271256, 'uniport_esm+0.9+15574': 0.8050283528966073}, {'uniport_ppi_2019+0.9+15574': 0.8879061082635927, 'ppi_2019_dw_40+0.9+15574': 0.8804394212325537, 'diffusion_2019+0.9+15574': 0.8995220361976721, 'uniport_bio+0.9+15574': 0.7994393808032847, 'uniport_seq+0.9+15574': 0.7891860689723329, 'uniport_esm+0.9+15574': 0.7335696199498977}]
late fusion evaluation
ppi+0.6+15574 0.9460840759091967
all+0.85+15574 0.9306450864213058
late fusion bag 1 evaluation
ppi+0.6+15574 0.9300416421470636
all+0.85+15574 0.9222809694439578
late fusion bag 2 evaluation
[{'uniport_ppi_2019+0.9+15574': 0.9476822798514001}, {'uniport_ppi_2019+0.9+15574': 0.899807287151129}, {'uniport_ppi_2019+0.9+15574': 0.8879061082635927}]
uniport_ppi_2019+0.9+15574 0.9117985584220406
[{'ppi_2019_dw_40+0.9+15574': 0.9384973488881202}, {'ppi_2019_dw_40+0.9+15574': 0.8820423668791448}, {'ppi_2019_dw_40+0.9+15574': 0.8804394212325537}]
ppi_2019_dw_40+0.9+15574 0.9003263789999396
[{'diffusion_2019+0.9+15574': 0.9513014481165202}, {'diffusion_2019+0.9+15574': 0.9168819150895509}, {'diffusion_2019+0.9+15574': 0.8995220361976721}]
diffusion_2019+0.9+15574 0.9225684664679145
[{'uniport_bio+0.9+15574': 0.8442125501435238}, {'uniport_bio+0.9+15574': 0.8598369652293312}, {'uniport_bio+0.9+15574': 0.7994393808032847}]
uniport_bio+0.9+15574 0.8344962987253798
[{'uniport_seq+0.9+15574': 0.7725763776273409}, {'uniport_seq+0.9+15574': 0.7486160462271256}, {'uniport_seq+0.9+15574': 0.7891860689723329}]
uniport_seq+0.9+15574 0.7701261642755998
[{'uniport_esm+0.9+15574': 0.7568014758180563}, {'uniport_esm+0.9+15574': 0.8050283528966073}, {'uniport_esm+0.9+15574': 0.7335696199498977}]
uniport_esm+0.9+15574 0.7651331495548538
ICD10_I63 37
kernels existing
uniport_ppi_2019 {'C_num': 1, 'gamma_ratio': 2, 'gamma': '0.5052695526173884'} 0.8767553446729361 0.9274886503846176
ppi_2019_dw_40 {'C_num': 1, 'gamma_ratio': 2, 'gamma': '0.48138034733416246'} 0.8830057668723746 0.9349087012734003
diffusion_2019 {'C_num': 1, 'gamma_ratio': '2', 'gamma': '2'} 0.9230949515476622 0.930188796202823
uniport_bio {'C_num': 1, 'gamma_ratio': 2, 'gamma': '0.5427586367192363'} 0.8363494947227025 0.9147029913394613
uniport_seq {'C_num': 1, 'gamma_ratio': 8, 'gamma': '0.05611004556505588'} 0.8155821595520457 0.8612166374439898
uniport_esm {'C_num': 3, 'gamma_ratio': 8, 'gamma': '0.02838808905526428'} 0.7539373428578736 0.8682684530872725
collect valid feature:  ['uniport_ppi_2019', 'ppi_2019_dw_40', 'diffusion_2019', 'uniport_bio', 'uniport_seq', 'uniport_esm']
evaluation
late fusion parameter choosen
[{'ppi+0.6+200': 0.8222383751890429, 'ppi+0.6+4698': 0.9524730014697425, 'ppi+0.6+15661': 0.9551089526487315, 'ppi+0.65+200': 0.8222383751890429, 'ppi+0.65+4698': 0.9524730014697425, 'ppi+0.65+15661': 0.9551089526487315, 'ppi+0.7+200': 0.8227549151170468, 'ppi+0.7+4698': 0.9529575904743647, 'ppi+0.7+15661': 0.9550130998785865, 'ppi+0.75+200': 0.7829706903529512, 'ppi+0.75+4698': 0.953644535327071, 'ppi+0.75+15661': 0.9547042409525635, 'ppi+0.8+200': 0.7839638315547319, 'ppi+0.8+4698': 0.9533410015549448, 'ppi+0.8+15661': 0.9542569280252199, 'ppi+0.85+200': 0.7849063837944917, 'ppi+0.85+4698': 0.9541717255628688, 'ppi+0.85+15661': 0.9531599463224487, 'ppi+0.9+200': 0.7857930219183334, 'ppi+0.9+4698': 0.9571990755532834, 'ppi+0.9+15661': 0.9524676763158455, 'all+0.6+200': 0.8937472042942041, 'all+0.6+4698': 0.95191918546446, 'all+0.6+15661': 0.9453532707095236, 'all+0.65+200': 0.8937472042942041, 'all+0.65+4698': 0.95191918546446, 'all+0.65+15661': 0.9453532707095236, 'all+0.7+200': 0.8946684559183762, 'all+0.7+4698': 0.9520789400813684, 'all+0.7+15661': 0.9454171725562869, 'all+0.75+200': 0.8577944277589623, 'all+0.75+4698': 0.951615651692334, 'all+0.75+15661': 0.9463330990265619, 'all+0.8+200': 0.8207553198287431, 'all+0.8+4698': 0.9508541546850704, 'all+0.8+15661': 0.9492938845932647, 'all+0.85+200': 0.8228481053102434, 'all+0.85+4698': 0.9507636270688224, 'all+0.85+15661': 0.9514665473832193, 'all+0.9+200': 0.8249169275992076, 'all+0.9+4698': 0.9497358723667113, 'all+0.9+15661': 0.9519191854644599}, {'ppi+0.6+200': 0.7768707265639977, 'ppi+0.6+4698': 0.9024218799923318, 'ppi+0.6+15661': 0.9077204081197947, 'ppi+0.65+200': 0.7768707265639977, 'ppi+0.65+4698': 0.9024218799923318, 'ppi+0.65+15661': 0.9077204081197947, 'ppi+0.7+200': 0.7375817411123181, 'ppi+0.7+4698': 0.8978582231026477, 'ppi+0.7+15661': 0.9076671565808252, 'ppi+0.75+200': 0.738457728928366, 'ppi+0.75+4698': 0.8808443564019, 'ppi+0.75+15661': 0.9075872792723709, 'ppi+0.8+200': 0.6995281913647304, 'ppi+0.8+4698': 0.8849393997486527, 'ppi+0.8+15661': 0.9075340277334015, 'ppi+0.85+200': 0.7012828295737747, 'ppi+0.85+4698': 0.8636813853920379, 'ppi+0.85+15661': 0.9069642362664281, 'ppi+0.9+200': 0.6615385434639061, 'ppi+0.9+4698': 0.8683914840138881, 'ppi+0.9+15661': 0.9024272051462288, 'all+0.6+200': 0.8394918738151533, 'all+0.6+4698': 0.9040034506997252, 'all+0.6+15661': 0.924265661277611, 'all+0.65+200': 0.8394918738151533, 'all+0.65+4698': 0.9040034506997252, 'all+0.65+15661': 0.924265661277611, 'all+0.7+200': 0.8405196285172641, 'all+0.7+4698': 0.9030395978443777, 'all+0.7+15661': 0.9239088759665155, 'all+0.75+200': 0.8409829169062986, 'all+0.75+4698': 0.9034336592327519, 'all+0.75+15661': 0.922321980105225, 'all+0.8+200': 0.7667129955055703, 'all+0.8+4698': 0.9026002726478795, 'all+0.8+15661': 0.9191428632287473, 'all+0.85+200': 0.7700731676145443, 'all+0.85+4698': 0.9012796344814364, 'all+0.85+15661': 0.9135461264830554, 'all+0.9+200': 0.6942323258142161, 'all+0.9+4698': 0.900629965706009, 'all+0.9+15661': 0.9039981255458283}, {'ppi+0.6+200': 0.8035657230493961, 'ppi+0.6+4698': 0.9531889926164321, 'ppi+0.6+15660': 0.9546471165743963, 'ppi+0.65+200': 0.8035657230493961, 'ppi+0.65+4698': 0.9531889926164321, 'ppi+0.65+15660': 0.9546471165743963, 'ppi+0.7+200': 0.8039258970947896, 'ppi+0.7+4698': 0.9533051777923655, 'ppi+0.7+15660': 0.954565786951243, 'ppi+0.75+200': 0.7602867450142037, 'ppi+0.75+4698': 0.953525929626639, 'ppi+0.75+15660': 0.9541939943882559, 'ppi+0.8+200': 0.6723868501617879, 'ppi+0.8+4698': 0.952677777842325, 'ppi+0.8+15660': 0.9540487629183393, 'ppi+0.85+200': 0.6741151046537973, 'ppi+0.85+4698': 0.9484544466971458, 'ppi+0.85+15660': 0.9539209592248125, 'ppi+0.9+200': 0.6755296591707864, 'ppi+0.9+4698': 0.919562098071907, 'ppi+0.9+15660': 0.9531889926164321, 'all+0.6+200': 0.9372890512899459, 'all+0.6+4698': 0.977105711082323, 'all+0.6+15660': 0.9784069850527771, 'all+0.65+200': 0.9372890512899459, 'all+0.65+4698': 0.977105711082323, 'all+0.65+15660': 0.9784069850527771, 'all+0.7+200': 0.9373529531367093, 'all+0.7+4698': 0.9768965777656429, 'all+0.7+15660': 0.9783605109824037, 'all+0.75+200': 0.9368272152156106, 'all+0.75+4698': 0.9766525888961827, 'all+0.75+15660': 0.9783024183944371, 'all+0.8+200': 0.8937922260498784, 'all+0.8+4698': 0.9764666926146893, 'all+0.8+15660': 0.9783198461708271, 'all+0.85+200': 0.8507862831781293, 'all+0.85+4698': 0.9754326445488821, 'all+0.85+15660': 0.9782966091356404, 'all+0.9+200': 0.851373018316593, 'all+0.9+4698': 0.9729637095602972, 'all+0.9+15660': 0.9771057110823229}] [{'uniport_ppi_2019+0.9+15661': 0.9504387926811084, 'ppi_2019_dw_40+0.9+15661': 0.9447036019340959, 'diffusion_2019+0.9+15661': 0.924973906745905, 'uniport_bio+0.9+15661': 0.9390589388033314, 'uniport_seq+0.9+15661': 0.8137740430698447, 'uniport_esm+0.9+15661': 0.7812373527594947}, {'uniport_ppi_2019+0.9+15661': 0.879928429931625, 'ppi_2019_dw_40+0.9+15661': 0.903867659275353, 'diffusion_2019+0.9+15661': 0.8906639401878713, 'uniport_bio+0.9+15661': 0.8443297761305302, 'uniport_seq+0.9+15661': 0.8050061771785204, 'uniport_esm+0.9+15661': 0.8578450167209832}, {'uniport_ppi_2019+0.9+15660': 0.9463863505655313, 'ppi_2019_dw_40+0.9+15660': 0.9595297985929976, 'diffusion_2019+0.9+15660': 0.9419509814742737, 'uniport_bio+0.9+15660': 0.9480826541341592, 'uniport_seq+0.9+15660': 0.954202708276451, 'uniport_esm+0.9+15660': 0.9102730932560315}]
late fusion evaluation
ppi+0.7+15660 0.9606190346173732
all+0.6+15660 0.9808207320827936
late fusion bag 1 evaluation
ppi+0.6+15660 0.9546471165743963
all+0.6+15660 0.9784069850527771
late fusion bag 2 evaluation
[{'uniport_ppi_2019+0.9+15661': 0.9504387926811084}, {'uniport_ppi_2019+0.9+15661': 0.879928429931625}, {'uniport_ppi_2019+0.9+15660': 0.9463863505655313}]
uniport_ppi_2019+0.9+15660 0.9463863505655313
[{'ppi_2019_dw_40+0.9+15661': 0.9447036019340959}, {'ppi_2019_dw_40+0.9+15661': 0.903867659275353}, {'ppi_2019_dw_40+0.9+15660': 0.9595297985929976}]
ppi_2019_dw_40+0.9+15660 0.9595297985929976
[{'diffusion_2019+0.9+15661': 0.924973906745905}, {'diffusion_2019+0.9+15661': 0.8906639401878713}, {'diffusion_2019+0.9+15660': 0.9419509814742737}]
diffusion_2019+0.9+15660 0.9419509814742737
[{'uniport_bio+0.9+15661': 0.9390589388033314}, {'uniport_bio+0.9+15661': 0.8443297761305302}, {'uniport_bio+0.9+15660': 0.9480826541341592}]
uniport_bio+0.9+15660 0.9480826541341592
[{'uniport_seq+0.9+15661': 0.8137740430698447}, {'uniport_seq+0.9+15661': 0.8050061771785204}, {'uniport_seq+0.9+15660': 0.954202708276451}]
uniport_seq+0.9+15660 0.954202708276451
[{'uniport_esm+0.9+15661': 0.7812373527594947}, {'uniport_esm+0.9+15661': 0.8578450167209832}, {'uniport_esm+0.9+15660': 0.9102730932560315}]
uniport_esm+0.9+15660 0.9102730932560315
ICD10_I70 65
kernels existing
uniport_ppi_2019 {'C_num': 1, 'gamma_ratio': 4, 'gamma': '0.2526347763086942'} 0.8655674486370085 0.9367568785044513
ppi_2019_dw_40 {'C_num': 1, 'gamma_ratio': 8, 'gamma': '0.12034508683354062'} 0.870391637885524 0.938556966226869
diffusion_2019 {'C_num': 1, 'gamma_ratio': '2', 'gamma': '2'} 0.8622075291417834 0.9534246565193167
uniport_bio {'C_num': 1, 'gamma_ratio': 8, 'gamma': '0.13568965917980907'} 0.6907707394598989 0.8590899391870267
uniport_seq {'C_num': 27, 'gamma_ratio': 8, 'gamma': '0.05611004556505588'} 0.6285260725910454 0.7578757542349776
uniport_esm {'C_num': 3, 'gamma_ratio': 2, 'gamma': '0.11355235622105712'} 0.5389025417172367 0.7440199094325308
collect valid feature:  ['uniport_ppi_2019', 'ppi_2019_dw_40', 'diffusion_2019', 'uniport_bio', 'uniport_seq', 'uniport_esm']
evaluation
late fusion parameter choosen
[{'ppi+0.6+200': 0.8949445343722279, 'ppi+0.6+4692': 0.9413305044186551, 'ppi+0.6+15642': 0.9423151374370886, 'ppi+0.65+200': 0.8949445343722279, 'ppi+0.65+4692': 0.9413305044186551, 'ppi+0.65+15642': 0.9423151374370886, 'ppi+0.7+200': 0.8951213415396245, 'ppi+0.7+4692': 0.9429720675159505, 'ppi+0.7+15642': 0.9426321709786277, 'ppi+0.75+200': 0.8726043390917599, 'ppi+0.75+4692': 0.9455616828384256, 'ppi+0.75+15642': 0.9438759179492806, 'ppi+0.8+200': 0.8733008983633144, 'ppi+0.8+4692': 0.9482336049457233, 'ppi+0.8+15642': 0.9461698385262818, 'ppi+0.85+200': 0.8505171609646355, 'ppi+0.85+4692': 0.9497242722708441, 'ppi+0.85+15642': 0.9448757929649038, 'ppi+0.9+200': 0.8279879649190192, 'ppi+0.9+4692': 0.9325175816437579, 'ppi+0.9+15642': 0.9413289802189362, 'all+0.6+200': 0.9102962739413671, 'all+0.6+4692': 0.9411018744608144, 'all+0.6+15642': 0.9271066726415296, 'all+0.65+200': 0.9102962739413671, 'all+0.65+4692': 0.9411018744608144, 'all+0.65+15642': 0.9271066726415296, 'all+0.7+200': 0.9103511451312489, 'all+0.7+4692': 0.9420529750854314, 'all+0.7+15642': 0.9275273517639563, 'all+0.75+200': 0.9101133699750946, 'all+0.75+4692': 0.943967369932417, 'all+0.75+15642': 0.929877667730558, 'all+0.8+200': 0.8888675500928238, 'all+0.8+4692': 0.9475294246755741, 'all+0.8+15642': 0.9329474059644983, 'all+0.85+200': 0.867007477723821, 'all+0.85+4692': 0.9529235674808941, 'all+0.85+15642': 0.9359500794108053, 'all+0.9+200': 0.8667300733749744, 'all+0.9+4692': 0.9449702933474777, 'all+0.9+15642': 0.9410988260613764}, {'ppi+0.6+200': 0.7733027274029771, 'ppi+0.6+4692': 0.9493965693312726, 'ppi+0.6+15642': 0.950460460735091, 'ppi+0.65+200': 0.7733027274029771, 'ppi+0.65+4692': 0.9493965693312726, 'ppi+0.65+15642': 0.950460460735091, 'ppi+0.7+200': 0.7509213787300977, 'ppi+0.7+4692': 0.949436198523965, 'ppi+0.7+15642': 0.9502074435817474, 'ppi+0.75+200': 0.7519532619398185, 'ppi+0.75+4692': 0.9485856950807977, 'ppi+0.75+15642': 0.9498020064565099, 'ppi+0.8+200': 0.7529912419484149, 'ppi+0.8+4692': 0.9442051450885713, 'ppi+0.8+15642': 0.949387424132959, 'ppi+0.85+200': 0.7075121707347557, 'ppi+0.85+4692': 0.9286217271621535, 'ppi+0.85+15642': 0.949289875350947, 'ppi+0.9+200': 0.6856871549592886, 'ppi+0.9+4692': 0.9326760984145275, 'ppi+0.9+15642': 0.9493965693312727, 'all+0.6+200': 0.8019774967153496, 'all+0.6+4692': 0.9407116793327663, 'all+0.6+15642': 0.9328163247886698, 'all+0.65+200': 0.8019774967153496, 'all+0.65+4692': 0.9407116793327663, 'all+0.65+15642': 0.9328163247886698, 'all+0.7+200': 0.7825378535000199, 'all+0.7+4692': 0.940571452958624, 'all+0.7+15642': 0.9330632451431375, 'all+0.75+200': 0.7639334717306678, 'all+0.75+4692': 0.9383461213689752, 'all+0.75+15642': 0.9341179913486424, 'all+0.8+200': 0.766614539036279, 'all+0.8+4692': 0.9340829347551068, 'all+0.8+15642': 0.9364926945107471, 'all+0.85+200': 0.7470453388448396, 'all+0.85+4692': 0.9317051831935642, 'all+0.85+15642': 0.939059446837438, 'all+0.9+200': 0.750549473998677, 'all+0.9+4692': 0.9253294557692482, 'all+0.9+15642': 0.9407147277322042}, {'ppi+0.6+200': 0.8339526918891236, 'ppi+0.6+4692': 0.959986556558479, 'ppi+0.6+15641': 0.9622911465335126, 'ppi+0.65+200': 0.8339526918891236, 'ppi+0.65+4692': 0.959986556558479, 'ppi+0.65+15641': 0.9622911465335126, 'ppi+0.7+200': 0.8099753536905447, 'ppi+0.7+4692': 0.9596792778951411, 'ppi+0.7+15641': 0.9620830932718776, 'ppi+0.75+200': 0.7863052941553038, 'ppi+0.75+4692': 0.9588118558350938, 'ppi+0.75+15641': 0.9617534088726715, 'ppi+0.8+200': 0.714210037769669, 'ppi+0.8+4692': 0.9574899174188591, 'ppi+0.8+15641': 0.9613565072658601, 'ppi+0.85+200': 0.6419595416426606, 'ppi+0.85+4692': 0.9557518724793547, 'ppi+0.85+15641': 0.9607787593623968, 'ppi+0.9+200': 0.644182510722745, 'ppi+0.9+4692': 0.955415786441329, 'ppi+0.9+15641': 0.959986556558479, 'all+0.6+200': 0.8098185135394662, 'all+0.6+4692': 0.9473689264451699, 'all+0.6+15641': 0.9391636258882273, 'all+0.65+200': 0.8098185135394662, 'all+0.65+4692': 0.9473689264451699, 'all+0.65+15641': 0.9391636258882273, 'all+0.7+200': 0.7871038985980411, 'all+0.7+4692': 0.9476698034696882, 'all+0.7+15641': 0.9392996607131426, 'all+0.75+200': 0.7660201011458935, 'all+0.75+4692': 0.9478426477178158, 'all+0.75+15641': 0.9406312015876065, 'all+0.8+200': 0.6999615901670827, 'all+0.8+4692': 0.9460757954036233, 'all+0.8+15641': 0.9426797260098585, 'all+0.85+200': 0.7036137251136291, 'all+0.85+4692': 0.9400582549132578, 'all+0.85+15641': 0.9454708405351769, 'all+0.9+200': 0.7076227514243646, 'all+0.9+4692': 0.9319009666474616, 'all+0.9+15641': 0.94736892644517}] [{'uniport_ppi_2019+0.9+15642': 0.9179126999368982, 'ppi_2019_dw_40+0.9+15642': 0.9404693315774553, 'diffusion_2019+0.9+15642': 0.9507744458771922, 'uniport_bio+0.9+15642': 0.8280093037150843, 'uniport_seq+0.9+15642': 0.8257885447245923, 'uniport_esm+0.9+15642': 0.7732265174170303}, {'uniport_ppi_2019+0.9+15642': 0.9348328410168241, 'ppi_2019_dw_40+0.9+15642': 0.937178584384269, 'diffusion_2019+0.9+15642': 0.9561853548794206, 'uniport_bio+0.9+15642': 0.8648568319204002, 'uniport_seq+0.9+15642': 0.7137491959846483, 'uniport_esm+0.9+15642': 0.7332665733856438}, {'uniport_ppi_2019+0.9+15641': 0.9602362204724408, 'ppi_2019_dw_40+0.9+15641': 0.9535144997119264, 'diffusion_2019+0.9+15641': 0.954388323410793, 'uniport_bio+0.9+15641': 0.8707669163305807, 'uniport_seq+0.9+15641': 0.7721016580244542, 'uniport_esm+0.9+15641': 0.7357035401062673}]
late fusion evaluation
ppi+0.75+15641 0.968172652198963
all+0.9+15641 0.9498991741885923
late fusion bag 1 evaluation
ppi+0.6+15641 0.9622911465335126
all+0.9+15641 0.94736892644517
late fusion bag 2 evaluation
[{'uniport_ppi_2019+0.9+15642': 0.9179126999368982}, {'uniport_ppi_2019+0.9+15642': 0.9348328410168241}, {'uniport_ppi_2019+0.9+15641': 0.9602362204724408}]
uniport_ppi_2019+0.9+15641 0.9602362204724408
[{'ppi_2019_dw_40+0.9+15642': 0.9404693315774553}, {'ppi_2019_dw_40+0.9+15642': 0.937178584384269}, {'ppi_2019_dw_40+0.9+15641': 0.9535144997119264}]
ppi_2019_dw_40+0.9+15641 0.9535144997119264
[{'diffusion_2019+0.9+15642': 0.9507744458771922}, {'diffusion_2019+0.9+15642': 0.9561853548794206}, {'diffusion_2019+0.9+15641': 0.954388323410793}]
diffusion_2019+0.9+15641 0.954388323410793
[{'uniport_bio+0.9+15642': 0.8280093037150843}, {'uniport_bio+0.9+15642': 0.8648568319204002}, {'uniport_bio+0.9+15641': 0.8707669163305807}]
uniport_bio+0.9+15641 0.8707669163305807
[{'uniport_seq+0.9+15642': 0.8257885447245923}, {'uniport_seq+0.9+15642': 0.7137491959846483}, {'uniport_seq+0.9+15641': 0.7721016580244542}]
uniport_seq+0.9+15641 0.7721016580244542
[{'uniport_esm+0.9+15642': 0.7732265174170303}, {'uniport_esm+0.9+15642': 0.7332665733856438}, {'uniport_esm+0.9+15641': 0.7357035401062673}]
uniport_esm+0.9+15642 0.7532465454013371
ICD10_J45 187
kernels existing
uniport_ppi_2019 {'C_num': 1, 'gamma_ratio': 2, 'gamma': '0.5052695526173884'} 0.876498030599171 0.9519597641345822
ppi_2019_dw_40 {'C_num': 1, 'gamma_ratio': 2, 'gamma': '0.48138034733416246'} 0.8798033993435599 0.9470516822754075
diffusion_2019 {'C_num': 1, 'gamma_ratio': '1', 'gamma': '1'} 0.8881608933585601 0.9589316684009712
uniport_bio {'C_num': 1, 'gamma_ratio': 2, 'gamma': '0.5427586367192363'} 0.7761748192760686 0.921548733957683
uniport_seq {'C_num': 1, 'gamma_ratio': 2, 'gamma': '0.22444018226022353'} 0.7129077784592853 0.8053936871314602
uniport_esm {'C_num': 1, 'gamma_ratio': 8, 'gamma': '0.02838808905526428'} 0.684844002832083 0.8022199098161638
collect valid feature:  ['uniport_ppi_2019', 'ppi_2019_dw_40', 'diffusion_2019', 'uniport_bio', 'uniport_seq', 'uniport_esm']
evaluation
late fusion parameter choosen
[{'ppi+0.6+200': 0.8045701179472557, 'ppi+0.6+4668': 0.9606384595051919, 'ppi+0.6+15561': 0.9660716924505016, 'ppi+0.65+200': 0.8045701179472557, 'ppi+0.65+4668': 0.9606384595051919, 'ppi+0.65+15561': 0.9660716924505016, 'ppi+0.7+200': 0.8051320688743706, 'ppi+0.7+4668': 0.96038141898853, 'ppi+0.7+15561': 0.9655711398654232, 'ppi+0.75+200': 0.7979833246265627, 'ppi+0.75+4668': 0.9600775492279419, 'ppi+0.75+15561': 0.9645981322416223, 'ppi+0.8+200': 0.7908538324012578, 'ppi+0.8+4668': 0.9587616474736143, 'ppi+0.8+15561': 0.9633555963027792, 'ppi+0.85+200': 0.7360011780156472, 'ppi+0.85+4668': 0.9537909833933096, 'ppi+0.85+15561': 0.9621921497536782, 'ppi+0.9+200': 0.7131781655007918, 'ppi+0.9+4668': 0.9471896209745061, 'ppi+0.9+15561': 0.9606384595051918, 'all+0.6+200': 0.8524738328591438, 'all+0.6+4668': 0.9588568669362644, 'all+0.6+15561': 0.9534798290836661, 'all+0.65+200': 0.8524738328591438, 'all+0.65+4668': 0.9588568669362644, 'all+0.65+15561': 0.9534798290836661, 'all+0.7+200': 0.8531861576917552, 'all+0.7+4668': 0.9589062978048531, 'all+0.7+15561': 0.953624479414905, 'all+0.75+200': 0.8464765676869892, 'all+0.75+4668': 0.9588027531432829, 'all+0.75+15561': 0.9548295519586072, 'all+0.8+200': 0.8472617380101526, 'all+0.8+4668': 0.9583979403457872, 'all+0.8+15561': 0.9562021691305786, 'all+0.85+200': 0.7863577046594056, 'all+0.85+4668': 0.9563905267561486, 'all+0.85+15561': 0.9578151764213716, 'all+0.9+200': 0.7646908541445961, 'all+0.9+4668': 0.9507564483868887, 'all+0.9+15561': 0.9588599888858594}, {'ppi+0.6+200': 0.8290857474675785, 'ppi+0.6+4668': 0.9544164139621911, 'ppi+0.6+15561': 0.9609371260164546, 'ppi+0.65+200': 0.8290857474675785, 'ppi+0.65+4668': 0.9544164139621911, 'ppi+0.65+15561': 0.9609371260164546, 'ppi+0.7+200': 0.8137533326811927, 'ppi+0.7+4668': 0.9524870491124298, 'ppi+0.7+15561': 0.960455305128947, 'ppi+0.75+200': 0.7911238810412325, 'ppi+0.75+4668': 0.9458716379204486, 'ppi+0.75+15561': 0.9595530616959679, 'ppi+0.8+200': 0.7682477953832608, 'ppi+0.8+4668': 0.9469653609285925, 'ppi+0.8+15561': 0.9587704929974671, 'ppi+0.85+200': 0.7532218519821258, 'ppi+0.85+4668': 0.9382036093899919, 'ppi+0.85+15561': 0.9579192414078743, 'ppi+0.9+200': 0.7222198518530852, 'ppi+0.9+4668': 0.9213835856215489, 'ppi+0.9+15561': 0.9544200562367188, 'all+0.6+200': 0.8755028940472747, 'all+0.6+4668': 0.9456473778745351, 'all+0.6+15561': 0.942881850858224, 'all+0.65+200': 0.8755028940472747, 'all+0.65+4668': 0.9456473778745351, 'all+0.65+15561': 0.942881850858224, 'all+0.7+200': 0.8683562310991969, 'all+0.7+4668': 0.9443793460139989, 'all+0.7+15561': 0.9425613306997953, 'all+0.75+200': 0.8542861245990896, 'all+0.75+4668': 0.9426778834846785, 'all+0.75+15561': 0.943410500989658, 'all+0.8+200': 0.8327816154632246, 'all+0.8+4668': 0.9431852002938795, 'all+0.8+15561': 0.9448112157079853, 'all+0.85+200': 0.8187156715625773, 'all+0.85+4668': 0.9384070564386048, 'all+0.85+15561': 0.9460651987953438, 'all+0.9+200': 0.7809848294062676, 'all+0.9+4668': 0.937535512176644, 'all+0.9+15561': 0.9456536217737251}, {'ppi+0.6+200': 0.8284759266466722, 'ppi+0.6+4668': 0.9622077595016536, 'ppi+0.6+15561': 0.9671289927133697, 'ppi+0.65+200': 0.8284759266466722, 'ppi+0.65+4668': 0.9622077595016536, 'ppi+0.65+15561': 0.9671289927133697, 'ppi+0.7+200': 0.8133126174633534, 'ppi+0.7+4668': 0.9617660036339494, 'ppi+0.7+15561': 0.96676476526061, 'ppi+0.75+200': 0.7984432918669049, 'ppi+0.75+4668': 0.961016215406197, 'ppi+0.75+15561': 0.9660534810778635, 'ppi+0.8+200': 0.7913080760673425, 'ppi+0.8+4668': 0.9604100368598181, 'ppi+0.8+15561': 0.9652173189113138, 'ppi+0.85+200': 0.7604481246448781, 'ppi+0.85+4668': 0.9500181073076515, 'ppi+0.85+15561': 0.9643650266718561, 'ppi+0.9+200': 0.7215325026172346, 'ppi+0.9+4668': 0.9337293352953052, 'ppi+0.9+15561': 0.9622108814512487, 'all+0.6+200': 0.8762313489527941, 'all+0.6+4668': 0.9526733254382697, 'all+0.6+15561': 0.9524308540197183, 'all+0.65+200': 0.8762313489527941, 'all+0.65+4668': 0.9526733254382697, 'all+0.65+15561': 0.9524308540197183, 'all+0.7+200': 0.8619338604571783, 'all+0.7+4668': 0.9520895208639891, 'all+0.7+15561': 0.9523257483833504, 'all+0.75+200': 0.8630619249108683, 'all+0.75+4668': 0.9514817813428129, 'all+0.75+15561': 0.9530261057425141, 'all+0.8+200': 0.8637706074689522, 'all+0.8+4668': 0.950357879488583, 'all+0.8+15561': 0.9537431134995182, 'all+0.85+200': 0.8490646639013131, 'all+0.85+4668': 0.9463430523093062, 'all+0.85+15561': 0.9542041213897255, 'all+0.9+200': 0.7954404966813675, 'all+0.9+4668': 0.9306807515157065, 'all+0.9+15561': 0.9526743660881347}] [{'uniport_ppi_2019+0.9+15561': 0.9544741700297001, 'ppi_2019_dw_40+0.9+15561': 0.9498484813796519, 'diffusion_2019+0.9+15561': 0.9564155023529094, 'uniport_bio+0.9+15561': 0.9094899983141473, 'uniport_seq+0.9+15561': 0.8206106949667928, 'uniport_esm+0.9+15561': 0.8135649750556229}, {'uniport_ppi_2019+0.9+15561': 0.9436581756575346, 'ppi_2019_dw_40+0.9+15561': 0.9280692406794194, 'diffusion_2019+0.9+15561': 0.9637911082712931, 'uniport_bio+0.9+15561': 0.9177090509481362, 'uniport_seq+0.9+15561': 0.8028556472946226, 'uniport_esm+0.9+15561': 0.8077945715540442}, {'uniport_ppi_2019+0.9+15561': 0.9406938845170033, 'ppi_2019_dw_40+0.9+15561': 0.9557099417444205, 'diffusion_2019+0.9+15561': 0.9678969923137599, 'uniport_bio+0.9+15561': 0.9276092734390773, 'uniport_seq+0.9+15561': 0.8368089304408817, 'uniport_esm+0.9+15561': 0.8229760921100008}]
late fusion evaluation
ppi+0.6+15561 0.9706854136271019
all+0.8+4668 0.9611844538010429
late fusion bag 1 evaluation
ppi+0.6+15561 0.9647126037267754
all+0.85+15561 0.952694832202147
late fusion bag 2 evaluation
[{'uniport_ppi_2019+0.9+15561': 0.9544741700297001}, {'uniport_ppi_2019+0.9+15561': 0.9436581756575346}, {'uniport_ppi_2019+0.9+15561': 0.9406938845170033}]
uniport_ppi_2019+0.9+15561 0.9462754100680794
[{'ppi_2019_dw_40+0.9+15561': 0.9498484813796519}, {'ppi_2019_dw_40+0.9+15561': 0.9280692406794194}, {'ppi_2019_dw_40+0.9+15561': 0.9557099417444205}]
ppi_2019_dw_40+0.9+15561 0.9445425546011639
[{'diffusion_2019+0.9+15561': 0.9564155023529094}, {'diffusion_2019+0.9+15561': 0.9637911082712931}, {'diffusion_2019+0.9+15561': 0.9678969923137599}]
diffusion_2019+0.9+15561 0.9627012009793209
[{'uniport_bio+0.9+15561': 0.9094899983141473}, {'uniport_bio+0.9+15561': 0.9177090509481362}, {'uniport_bio+0.9+15561': 0.9276092734390773}]
uniport_bio+0.9+15561 0.9182694409004535
[{'uniport_seq+0.9+15561': 0.8206106949667928}, {'uniport_seq+0.9+15561': 0.8028556472946226}, {'uniport_seq+0.9+15561': 0.8368089304408817}]
uniport_seq+0.9+15561 0.8200917575674324
[{'uniport_esm+0.9+15561': 0.8135649750556229}, {'uniport_esm+0.9+15561': 0.8077945715540442}, {'uniport_esm+0.9+15561': 0.8229760921100008}]
uniport_esm+0.9+15561 0.8147785462398893
ICD10_J62 16
kernels existing
uniport_ppi_2019 {'C_num': 3, 'gamma_ratio': 2, 'gamma': '0.5052695526173884'} 0.8894173712485288 0.837012987012987
ppi_2019_dw_40 {'C_num': 1, 'gamma_ratio': 2, 'gamma': '0.48138034733416246'} 0.9117380275684219 0.830050505050505
diffusion_2019 {'C_num': 1, 'gamma_ratio': '2', 'gamma': '2'} 0.9188534122437143 0.8680375180375179
uniport_bio {'C_num': 1, 'gamma_ratio': 4, 'gamma': '0.27137931835961815'} 0.8543563527701498 0.8143939393939394
uniport_seq {'C_num': 3, 'gamma_ratio': 8, 'gamma': '0.05611004556505588'} 0.08051257955353974 0.6844516594516595
uniport_esm {'C_num': 9, 'gamma_ratio': 8, 'gamma': '0.02838808905526428'} 0.48871704836511065 0.7527417027417028
collect valid feature:  ['uniport_ppi_2019', 'ppi_2019_dw_40', 'diffusion_2019', 'uniport_bio', 'uniport_seq', 'uniport_esm']
evaluation
late fusion parameter choosen
[{'ppi+0.6+200': 0.7889789406509254, 'ppi+0.6+4702': 0.9735928525845564, 'ppi+0.6+15675': 0.9741161455009573, 'ppi+0.65+200': 0.7889789406509254, 'ppi+0.65+4702': 0.9735928525845564, 'ppi+0.65+15675': 0.9741161455009573, 'ppi+0.7+200': 0.789661774090619, 'ppi+0.7+4702': 0.973490746649649, 'ppi+0.7+15675': 0.9741161455009573, 'ppi+0.75+200': 0.7907977026164646, 'ppi+0.75+4702': 0.9732737715379707, 'ppi+0.75+15675': 0.9740650925335035, 'ppi+0.8+200': 0.7918953414167198, 'ppi+0.8+4702': 0.9729419272495214, 'ppi+0.8+15675': 0.9739246968730056, 'ppi+0.85+200': 0.7927887683471603, 'ppi+0.85+4702': 0.9731589023611998, 'ppi+0.85+15675': 0.9736439055520102, 'ppi+0.9+200': 0.794192724952138, 'ppi+0.9+4702': 0.9712061263560945, 'ppi+0.9+15675': 0.9735928525845565, 'all+0.6+200': 0.8635035098915124, 'all+0.6+4702': 0.9609444798978941, 'all+0.6+15675': 0.9556477345245692, 'all+0.65+200': 0.8635035098915124, 'all+0.65+4702': 0.9609444798978941, 'all+0.65+15675': 0.9556477345245692, 'all+0.7+200': 0.8651691129546903, 'all+0.7+4702': 0.9617230376515635, 'all+0.7+15675': 0.9556222080408424, 'all+0.75+200': 0.7767198468410977, 'all+0.75+4702': 0.9629355456285896, 'all+0.75+15675': 0.9551627313337588, 'all+0.8+200': 0.7804084237396299, 'all+0.8+4702': 0.9629993618379069, 'all+0.8+15675': 0.9543841735800893, 'all+0.85+200': 0.7838162093171666, 'all+0.85+4702': 0.9631397574984046, 'all+0.85+15675': 0.9562858966177409, 'all+0.9+200': 0.7875558391831526, 'all+0.9+4702': 0.9573580089342693, 'all+0.9+15675': 0.9609317166560306}, {'ppi+0.6+200': 0.8617022973835353, 'ppi+0.6+4702': 0.7831684747925973, 'ppi+0.6+15674': 0.7962507977026164, 'ppi+0.65+200': 0.8617022973835353, 'ppi+0.65+4702': 0.7831684747925973, 'ppi+0.65+15674': 0.7962507977026164, 'ppi+0.7+200': 0.7416400765794512, 'ppi+0.7+4702': 0.7902680280791321, 'ppi+0.7+15674': 0.7982769623484365, 'ppi+0.75+200': 0.7427409061901723, 'ppi+0.75+4702': 0.8018107849393746, 'ppi+0.75+15674': 0.8056955966815571, 'ppi+0.8+200': 0.7436343331206126, 'ppi+0.8+4702': 0.8141113592852582, 'ppi+0.8+15674': 0.8078174856413529, 'ppi+0.85+200': 0.744639438417358, 'ppi+0.85+4702': 0.8270022335673262, 'ppi+0.85+15674': 0.8162571793235481, 'ppi+0.9+200': 0.746011486917677, 'ppi+0.9+4702': 0.8397814294830888, 'ppi+0.9+15674': 0.7831604977664326, 'all+0.6+200': 0.8273213146139119, 'all+0.6+4702': 0.748604020421187, 'all+0.6+15674': 0.749840459476707, 'all+0.65+200': 0.8273213146139119, 'all+0.65+4702': 0.748604020421187, 'all+0.65+15674': 0.749840459476707, 'all+0.7+200': 0.7200542437779195, 'all+0.7+4702': 0.7510370134014039, 'all+0.7+15674': 0.7508136566687938, 'all+0.75+200': 0.7244256541161456, 'all+0.75+4702': 0.7566767708998086, 'all+0.75+15674': 0.7547543075941289, 'all+0.8+200': 0.7290204211869815, 'all+0.8+4702': 0.7650287172941928, 'all+0.8+15674': 0.7553286534779834, 'all+0.85+200': 0.7340140395660499, 'all+0.85+4702': 0.7781269942565412, 'all+0.85+15674': 0.7548978940650926, 'all+0.9+200': 0.7390714741544352, 'all+0.9+4702': 0.7961231652839822, 'all+0.9+15674': 0.748604020421187}, {'ppi+0.6+200': 0.7379865985960433, 'ppi+0.6+4702': 0.8261327377153797, 'ppi+0.6+15674': 0.8073229100191448, 'ppi+0.65+200': 0.7379865985960433, 'ppi+0.65+4702': 0.8261327377153797, 'ppi+0.65+15674': 0.8073229100191448, 'ppi+0.7+200': 0.73873643905552, 'ppi+0.7+4702': 0.7829211869814933, 'ppi+0.7+15674': 0.8129068283343969, 'ppi+0.75+200': 0.7397415443522655, 'ppi+0.75+4702': 0.7925095724313975, 'ppi+0.75+15674': 0.8189055520102105, 'ppi+0.8+200': 0.7402361199744736, 'ppi+0.8+4702': 0.8031030631780471, 'ppi+0.8+15674': 0.8191129546904914, 'ppi+0.85+200': 0.6182354818123803, 'ppi+0.85+4702': 0.8161135928525844, 'ppi+0.85+15674': 0.8177089980855137, 'ppi+0.9+200': 0.6204371410338225, 'ppi+0.9+4702': 0.8302568602425016, 'ppi+0.9+15674': 0.8261167836630505, 'all+0.6+200': 0.8247766432673898, 'all+0.6+4702': 0.9020740268028079, 'all+0.6+15674': 0.8639917038927888, 'all+0.65+200': 0.8247766432673898, 'all+0.65+4702': 0.9020740268028079, 'all+0.65+15674': 0.8639917038927888, 'all+0.7+200': 0.8264358647096363, 'all+0.7+4702': 0.9038449266113593, 'all+0.7+15674': 0.8675494575622208, 'all+0.75+200': 0.8281429483088704, 'all+0.75+4702': 0.9064135290363752, 'all+0.75+15674': 0.874074664964901, 'all+0.8+200': 0.7146378430121252, 'all+0.8+4702': 0.9082482450542437, 'all+0.8+15674': 0.8790842373962987, 'all+0.85+200': 0.6003270580727506, 'all+0.85+4702': 0.910609444798979, 'all+0.85+15674': 0.888895979578813, 'all+0.9+200': 0.6089183152520741, 'all+0.9+4702': 0.9142469687300574, 'all+0.9+15674': 0.9020660497766433}] [{'uniport_ppi_2019+0.9+15675': 0.9644416081684748, 'ppi_2019_dw_40+0.9+15675': 0.9740395660497765, 'diffusion_2019+0.9+15675': 0.9662922782386727, 'uniport_bio+0.9+15675': 0.9166560306317805, 'uniport_seq+0.9+15675': 0.7774473516273134, 'uniport_esm+0.9+15675': 0.6399234205488193}, {'uniport_ppi_2019+0.9+15674': 0.7922463305679642, 'ppi_2019_dw_40+0.9+15674': 0.8027600510529673, 'diffusion_2019+0.9+15674': 0.8156349712827057, 'uniport_bio+0.9+15674': 0.7754626675175494, 'uniport_seq+0.9+15674': 0.6896298659859605, 'uniport_esm+0.9+15674': 0.727185705169113}, {'uniport_ppi_2019+0.9+15674': 0.7884253350350989, 'ppi_2019_dw_40+0.9+15674': 0.8562220804084237, 'diffusion_2019+0.9+15674': 0.8100749840459478, 'uniport_bio+0.9+15674': 0.7048340778557753, 'uniport_seq+0.9+15674': 0.7386247606892151, 'uniport_esm+0.9+15674': 0.897319719208679}]
late fusion evaluation
ppi+0.85+15675 0.974773452456924
all+0.9+15675 0.9611997447351628
late fusion bag 1 evaluation
ppi+0.6+15675 0.9741161455009573
all+0.9+15675 0.9609317166560306
late fusion bag 2 evaluation
[{'uniport_ppi_2019+0.9+15675': 0.9644416081684748}, {'uniport_ppi_2019+0.9+15674': 0.7922463305679642}, {'uniport_ppi_2019+0.9+15674': 0.7884253350350989}]
uniport_ppi_2019+0.9+15675 0.9644416081684748
[{'ppi_2019_dw_40+0.9+15675': 0.9740395660497765}, {'ppi_2019_dw_40+0.9+15674': 0.8027600510529673}, {'ppi_2019_dw_40+0.9+15674': 0.8562220804084237}]
ppi_2019_dw_40+0.9+15675 0.9740395660497765
[{'diffusion_2019+0.9+15675': 0.9662922782386727}, {'diffusion_2019+0.9+15674': 0.8156349712827057}, {'diffusion_2019+0.9+15674': 0.8100749840459478}]
diffusion_2019+0.9+15675 0.9662922782386727
[{'uniport_bio+0.9+15675': 0.9166560306317805}, {'uniport_bio+0.9+15674': 0.7754626675175494}, {'uniport_bio+0.9+15674': 0.7048340778557753}]
uniport_bio+0.9+15675 0.9166560306317805
[{'uniport_seq+0.9+15675': 0.7774473516273134}, {'uniport_seq+0.9+15674': 0.6896298659859605}, {'uniport_seq+0.9+15674': 0.7386247606892151}]
uniport_seq+0.9+15675 0.7774473516273134
[{'uniport_esm+0.9+15675': 0.6399234205488193}, {'uniport_esm+0.9+15674': 0.727185705169113}, {'uniport_esm+0.9+15674': 0.897319719208679}]
uniport_esm+0.9+15674 0.812252712188896
ICD10_J80 52
kernels existing
/itf-fi-ml/shared/users/ziyuzh/.venv/lib64/python3.11/site-packages/gseapy/enrichr.py:689: FutureWarning: The behavior of DataFrame concatenation with empty or all-NA entries is deprecated. In a future version, this will no longer exclude empty or all-NA columns when determining the result dtypes. To retain the old behavior, exclude the relevant entries before the concat operation.
  self.results = pd.concat(self.results, ignore_index=True)
uniport_ppi_2019 {'C_num': 1, 'gamma_ratio': 2, 'gamma': '0.5052695526173884'} 0.7643645820329081 0.8754325259515571
ppi_2019_dw_40 {'C_num': 1, 'gamma_ratio': 2, 'gamma': '0.48138034733416246'} 0.7679751642304061 0.8692041522491349
diffusion_2019 {'C_num': 1, 'gamma_ratio': '2', 'gamma': '2'} 0.7401941100641971 0.8546712802768166
uniport_bio {'C_num': 1, 'gamma_ratio': 2, 'gamma': '0.5427586367192363'} 0.5418409565780763 0.8106113033448673
uniport_seq {'C_num': 3, 'gamma_ratio': 8, 'gamma': '0.05611004556505588'} 0.633705794365757 0.7577854671280276
uniport_esm {'C_num': 1, 'gamma_ratio': 2, 'gamma': '0.11355235622105712'} 0.7031067810079955 0.7605536332179931
collect valid feature:  ['uniport_ppi_2019', 'ppi_2019_dw_40', 'diffusion_2019', 'uniport_bio', 'uniport_seq', 'uniport_esm']
evaluation
late fusion parameter choosen
[{'ppi+0.6+200': 0.7184962637991106, 'ppi+0.6+4695': 0.8399209114373651, 'ppi+0.6+15651': 0.8332141862757639, 'ppi+0.65+200': 0.7184962637991106, 'ppi+0.65+4695': 0.8399209114373651, 'ppi+0.65+15651': 0.8332141862757639, 'ppi+0.7+200': 0.6912667715160772, 'ppi+0.7+4695': 0.8428255912829505, 'ppi+0.7+15651': 0.8330824974226609, 'ppi+0.75+200': 0.6931367532301393, 'ppi+0.75+4695': 0.8331351729639022, 'ppi+0.75+15651': 0.8338895619652491, 'ppi+0.8+200': 0.6662327205412036, 'ppi+0.8+4695': 0.8233901978342828, 'ppi+0.8+15651': 0.8360323277321674, 'ppi+0.85+200': 0.667980419748813, 'ppi+0.85+4695': 0.8322980081120332, 'ppi+0.85+15651': 0.8372457464500448, 'ppi+0.9+200': 0.6413322396887629, 'ppi+0.9+4695': 0.8415030589439306, 'ppi+0.9+15651': 0.8399190301680348, 'all+0.6+200': 0.7885528523805582, 'all+0.6+4695': 0.883793993483283, 'all+0.6+15651': 0.851906478339065, 'all+0.65+200': 0.7885528523805582, 'all+0.65+4695': 0.883793993483283, 'all+0.65+15651': 0.851906478339065, 'all+0.7+200': 0.7907802752673283, 'all+0.7+4695': 0.8854664419176906, 'all+0.7+15651': 0.8544762922439026, 'all+0.75+200': 0.7938241690433369, 'all+0.75+4695': 0.88765435814853, 'all+0.75+15651': 0.8607070562650031, 'all+0.8+200': 0.7693131109422149, 'all+0.8+4695': 0.8919775150689673, 'all+0.8+15651': 0.8675849769356381, 'all+0.85+200': 0.7449205728088855, 'all+0.85+4695': 0.8941503811451662, 'all+0.85+15651': 0.87389099172994, 'all+0.9+200': 0.6915809434941943, 'all+0.9+4695': 0.8774202529930996, 'all+0.9+15651': 0.8837827058673028}, {'ppi+0.6+200': 0.6881589145828473, 'ppi+0.6+4695': 0.8220300401086622, 'ppi+0.6+15651': 0.8298692894069486, 'ppi+0.65+200': 0.6881589145828473, 'ppi+0.65+4695': 0.8220300401086622, 'ppi+0.65+15651': 0.8298692894069486, 'ppi+0.7+200': 0.6610780425768875, 'ppi+0.7+4695': 0.8140252391093319, 'ppi+0.7+15651': 0.8289549925125481, 'ppi+0.75+200': 0.6631022883760131, 'ppi+0.75+4695': 0.8086429275560807, 'ppi+0.75+15651': 0.8263024027571884, 'ppi+0.8+200': 0.6645094778348848, 'ppi+0.8+4695': 0.8013266711315459, 'ppi+0.8+15651': 0.8235707996899668, 'ppi+0.85+200': 0.6373458299784031, 'ppi+0.85+4695': 0.8118730669957633, 'ppi+0.85+15651': 0.8225850145610245, 'ppi+0.9+200': 0.6106807184943827, 'ppi+0.9+4695': 0.8209859356304887, 'ppi+0.9+15651': 0.822026277570002, 'all+0.6+200': 0.6997964466584894, 'all+0.6+4695': 0.8547885829526898, 'all+0.6+15651': 0.8137167109392048, 'all+0.65+200': 0.6997964466584894, 'all+0.65+4695': 0.8547885829526898, 'all+0.65+15651': 0.8137167109392048, 'all+0.7+200': 0.7019975317746391, 'all+0.7+4695': 0.8585548841514347, 'all+0.7+15651': 0.8162338493028016, 'all+0.75+200': 0.7057356139334333, 'all+0.75+4695': 0.8643284997253347, 'all+0.75+15651': 0.8233149470610811, 'all+0.8+200': 0.7087400010535108, 'all+0.8+4695': 0.8690805860530216, 'all+0.8+15651': 0.8325783172422097, 'all+0.85+200': 0.6837774383131785, 'all+0.85+4695': 0.866476909300243, 'all+0.85+15651': 0.8435574050523369, 'all+0.9+200': 0.6316869718336356, 'all+0.9+4695': 0.8682622338944532, 'all+0.9+15651': 0.8547735327980495}, {'ppi+0.6+200': 0.7468131297549081, 'ppi+0.6+4695': 0.7973910556930973, 'ppi+0.6+15651': 0.8328906079509967, 'ppi+0.65+200': 0.7468131297549081, 'ppi+0.65+4695': 0.7973910556930973, 'ppi+0.65+15651': 0.8328906079509967, 'ppi+0.7+200': 0.748005854510155, 'ppi+0.7+4695': 0.798094650422533, 'ppi+0.7+15651': 0.8332706243556652, 'ppi+0.75+200': 0.6933606242804145, 'ppi+0.75+4695': 0.7960816922393879, 'ppi+0.75+15651': 0.8334587512886694, 'ppi+0.8+200': 0.6952795189970576, 'ppi+0.8+4695': 0.8042896703263624, 'ppi+0.8+15651': 0.8335528147551716, 'ppi+0.85+200': 0.6679089315142713, 'ppi+0.85+4695': 0.781131244873541, 'ppi+0.85+15651': 0.8363784812888952, 'ppi+0.9+200': 0.6408543972789321, 'ppi+0.9+4695': 0.7966046851131395, 'ppi+0.9+15651': 0.797387293154437, 'all+0.6+200': 0.7666548773788651, 'all+0.6+4695': 0.8293030273386058, 'all+0.6+15651': 0.8299934531827315, 'all+0.65+200': 0.7666548773788651, 'all+0.65+4695': 0.8293030273386058, 'all+0.65+15651': 0.8299934531827315, 'all+0.7+200': 0.7687205111032516, 'all+0.7+4695': 0.8292691644906651, 'all+0.7+15651': 0.8315172813400658, 'all+0.75+200': 0.7720917457426876, 'all+0.75+4695': 0.8301665299610954, 'all+0.75+15651': 0.8327927819458345, 'all+0.8+200': 0.7750190008202336, 'all+0.8+4695': 0.8317148146197203, 'all+0.8+15651': 0.8344859243428726, 'all+0.85+200': 0.7775587144157907, 'all+0.85+4695': 0.8351255559150872, 'all+0.85+15651': 0.8382522255416175, 'all+0.9+200': 0.7519772140658745, 'all+0.9+4695': 0.8328586263723858, 'all+0.9+15651': 0.829308671146596}] [{'uniport_ppi_2019+0.9+15651': 0.8572718584683459, 'ppi_2019_dw_40+0.9+15651': 0.8206341382657707, 'diffusion_2019+0.9+15651': 0.8129754908231682, 'uniport_bio+0.9+15651': 0.8507043472371678, 'uniport_seq+0.9+15651': 0.8429046045948123, 'uniport_esm+0.9+15651': 0.7373409386781449}, {'uniport_ppi_2019+0.9+15651': 0.818515829000143, 'ppi_2019_dw_40+0.9+15651': 0.8136395788966732, 'diffusion_2019+0.9+15651': 0.8165743590515392, 'uniport_bio+0.9+15651': 0.7864232554989503, 'uniport_seq+0.9+15651': 0.7466024275899434, 'uniport_esm+0.9+15651': 0.7339998043479897}, {'uniport_ppi_2019+0.9+15651': 0.8020603661702623, 'ppi_2019_dw_40+0.9+15651': 0.7762794512713618, 'diffusion_2019+0.9+15651': 0.8215785354694519, 'uniport_bio+0.9+15651': 0.8106502419312358, 'uniport_seq+0.9+15651': 0.7925016367043172, 'uniport_esm+0.9+15651': 0.7918958679800434}]
late fusion evaluation
ppi+0.6+15651 0.8435599134114437
all+0.7+4695 0.8662442589930945
late fusion bag 1 evaluation
ppi+0.85+15651 0.8320697474333215
all+0.85+4695 0.8652509487868322
late fusion bag 2 evaluation
[{'uniport_ppi_2019+0.9+15651': 0.8572718584683459}, {'uniport_ppi_2019+0.9+15651': 0.818515829000143}, {'uniport_ppi_2019+0.9+15651': 0.8020603661702623}]
uniport_ppi_2019+0.9+15651 0.825949351212917
[{'ppi_2019_dw_40+0.9+15651': 0.8206341382657707}, {'ppi_2019_dw_40+0.9+15651': 0.8136395788966732}, {'ppi_2019_dw_40+0.9+15651': 0.7762794512713618}]
ppi_2019_dw_40+0.9+15651 0.8035177228112685
[{'diffusion_2019+0.9+15651': 0.8129754908231682}, {'diffusion_2019+0.9+15651': 0.8165743590515392}, {'diffusion_2019+0.9+15651': 0.8215785354694519}]
diffusion_2019+0.9+15651 0.8170427951147198
[{'uniport_bio+0.9+15651': 0.8507043472371678}, {'uniport_bio+0.9+15651': 0.7864232554989503}, {'uniport_bio+0.9+15651': 0.8106502419312358}]
uniport_bio+0.9+15651 0.8159259482224513
[{'uniport_seq+0.9+15651': 0.8429046045948123}, {'uniport_seq+0.9+15651': 0.7466024275899434}, {'uniport_seq+0.9+15651': 0.7925016367043172}]
uniport_seq+0.9+15651 0.794002889629691
[{'uniport_esm+0.9+15651': 0.7373409386781449}, {'uniport_esm+0.9+15651': 0.7339998043479897}, {'uniport_esm+0.9+15651': 0.7918958679800434}]
uniport_esm+0.9+15651 0.7544122036687261
ICD10_K44 60
kernels existing
uniport_ppi_2019 {'C_num': 1, 'gamma_ratio': 2, 'gamma': '0.5052695526173884'} 0.8403311430473241 0.9375870470043789
ppi_2019_dw_40 {'C_num': 1, 'gamma_ratio': 2, 'gamma': '0.48138034733416246'} 0.8405696037993424 0.9264868397639413
diffusion_2019 {'C_num': 1, 'gamma_ratio': '2', 'gamma': '2'} 0.8528819601366795 0.9448224006978476
uniport_bio {'C_num': 9, 'gamma_ratio': 2, 'gamma': '0.5427586367192363'} 0.6994085911019735 0.9031890142499542
uniport_seq {'C_num': 27, 'gamma_ratio': 4, 'gamma': '0.11222009113011176'} 0.6209950733613333 0.7850619647570846
uniport_esm {'C_num': 3, 'gamma_ratio': 4, 'gamma': '0.05677617811052856'} 0.6202262838903305 0.7415990024630705
collect valid feature:  ['uniport_ppi_2019', 'ppi_2019_dw_40', 'diffusion_2019', 'uniport_bio', 'uniport_seq', 'uniport_esm']
evaluation
late fusion parameter choosen
[{'ppi+0.6+200': 0.7795981057212339, 'ppi+0.6+4693': 0.95622006507373, 'ppi+0.6+15645': 0.9579479544888074, 'ppi+0.65+200': 0.7795981057212339, 'ppi+0.65+4693': 0.95622006507373, 'ppi+0.65+15645': 0.9579479544888074, 'ppi+0.7+200': 0.7800157632016814, 'ppi+0.7+4693': 0.9563581614987167, 'ppi+0.7+15645': 0.9577829124199209, 'ppi+0.75+200': 0.7806759314772275, 'ppi+0.75+4693': 0.9566444589651524, 'ppi+0.75+15645': 0.9574932467479976, 'ppi+0.8+200': 0.7557124765067667, 'ppi+0.8+4693': 0.957523560597385, 'ppi+0.8+15645': 0.9571059031169374, 'ppi+0.85+200': 0.7566269442966176, 'ppi+0.85+4693': 0.958429607873517, 'ppi+0.85+15645': 0.9565602538279655, 'ppi+0.9+200': 0.7578714962242415, 'ppi+0.9+4693': 0.9594889084993299, 'ppi+0.9+15645': 0.9562166968682426, 'all+0.6+200': 0.846110059482509, 'all+0.6+4693': 0.9644620639015945, 'all+0.6+15645': 0.9593087095057494, 'all+0.65+200': 0.846110059482509, 'all+0.65+4693': 0.9644620639015945, 'all+0.65+15645': 0.9593087095057494, 'all+0.7+200': 0.847165991902834, 'all+0.7+4693': 0.9643138628601454, 'all+0.7+15645': 0.9593457597661119, 'all+0.75+200': 0.8488955654206553, 'all+0.75+4693': 0.9638928371742103, 'all+0.75+15645': 0.9608749250574279, 'all+0.8+200': 0.8256953660228903, 'all+0.8+4693': 0.9637311633108112, 'all+0.8+15645': 0.9630878360627025, 'all+0.85+200': 0.8271975856703064, 'all+0.85+4693': 0.9618045497719725, 'all+0.85+15645': 0.9644991141619568, 'all+0.9+200': 0.8292656638396195, 'all+0.9+4693': 0.9566916138419771, 'all+0.9+15645': 0.9644553274906196}, {'ppi+0.6+200': 0.8318069748799234, 'ppi+0.6+4693': 0.9478382857181351, 'ppi+0.6+15645': 0.9532796216831597, 'ppi+0.65+200': 0.8318069748799234, 'ppi+0.65+4693': 0.9478382857181351, 'ppi+0.65+15645': 0.9532796216831597, 'ppi+0.7+200': 0.8321286385039779, 'ppi+0.7+4693': 0.9475503041489555, 'ppi+0.7+15645': 0.9531145796142731, 'ppi+0.75+200': 0.8070725578826113, 'ppi+0.75+4693': 0.9475267267105433, 'ppi+0.75+15645': 0.952616085202126, 'ppi+0.8+200': 0.7818699603225394, 'ppi+0.8+4693': 0.9339915929591032, 'ppi+0.8+15645': 0.9519559169265798, 'ppi+0.85+200': 0.7571523843526645, 'ppi+0.85+4693': 0.9355746495382189, 'ppi+0.85+15645': 0.9500764582645658, 'ppi+0.9+200': 0.7582891537046892, 'ppi+0.9+4693': 0.9376696733514317, 'ppi+0.9+15645': 0.9478366016153914, 'all+0.6+200': 0.8720991330239075, 'all+0.6+4693': 0.9351115212836905, 'all+0.6+15645': 0.9327840912918416, 'all+0.65+200': 0.8720991330239075, 'all+0.65+4693': 0.9351115212836905, 'all+0.65+15645': 0.9327840912918416, 'all+0.7+200': 0.8722877525312065, 'all+0.7+4693': 0.9348925879270041, 'all+0.7+15645': 0.9329861836210903, 'all+0.75+200': 0.8242807197181485, 'all+0.75+4693': 0.9348858515160293, 'all+0.75+15645': 0.93389559910271, 'all+0.8+200': 0.8014695480541878, 'all+0.8+4693': 0.9344075663368071, 'all+0.8+15645': 0.9353068772019643, 'all+0.85+200': 0.8033186928668145, 'all+0.85+4693': 0.9322771763659758, 'all+0.85+15645': 0.9369000383975425, 'all+0.9+200': 0.80559054746812, 'all+0.9+4693': 0.9222197147803592, 'all+0.9+15645': 0.9351081530782029}, {'ppi+0.6+200': 0.8483279292347513, 'ppi+0.6+4693': 0.9620717607406459, 'ppi+0.6+15644': 0.9645391583827524, 'ppi+0.65+200': 0.8483279292347513, 'ppi+0.65+4693': 0.9620717607406459, 'ppi+0.65+15644': 0.9645391583827524, 'ppi+0.7+200': 0.795309100217586, 'ppi+0.7+4693': 0.9618584410597721, 'ppi+0.7+15644': 0.9643685026380533, 'ppi+0.75+200': 0.7960112775004622, 'ppi+0.75+4693': 0.961047826272452, 'ppi+0.75+15644': 0.9640271911486554, 'ppi+0.8+200': 0.7696574085925167, 'ppi+0.8+4693': 0.9580329081161029, 'ppi+0.8+15644': 0.9636965456433011, 'ppi+0.85+200': 0.770569350228252, 'ppi+0.85+4693': 0.9554766272736321, 'ppi+0.85+15644': 0.9631383591450147, 'ppi+0.9+200': 0.77164305928865, 'ppi+0.9+4693': 0.9127415845385894, 'ppi+0.9+15644': 0.9620753160686605, 'all+0.6+200': 0.8621368232433124, 'all+0.6+4693': 0.9461723338595219, 'all+0.6+15644': 0.9155111850619339, 'all+0.65+200': 0.8621368232433124, 'all+0.65+4693': 0.9461723338595219, 'all+0.65+15644': 0.9155111850619339, 'all+0.7+200': 0.8132528407070836, 'all+0.7+4693': 0.9470967191433082, 'all+0.7+15644': 0.9182096790249868, 'all+0.75+200': 0.8147994083934182, 'all+0.75+4693': 0.9477686761380606, 'all+0.75+15644': 0.9245986034671558, 'all+0.8+200': 0.8162979791515564, 'all+0.8+4693': 0.9446115448611289, 'all+0.8+15644': 0.9319012472090675, 'all+0.85+200': 0.8178498798299129, 'all+0.85+4693': 0.9415877383847433, 'all+0.85+15644': 0.9393816573517073, 'all+0.9+200': 0.819321785627942, 'all+0.9+4693': 0.9308755350768663, 'all+0.9+15644': 0.9461687785315074}] [{'uniport_ppi_2019+0.9+15645': 0.9483350960275383, 'ppi_2019_dw_40+0.9+15645': 0.9479410159855031, 'diffusion_2019+0.9+15645': 0.9563480568822543, 'uniport_bio+0.9+15645': 0.941895087135476, 'uniport_seq+0.9+15645': 0.8029330333384979, 'uniport_esm+0.9+15645': 0.8439022007854655}, {'uniport_ppi_2019+0.9+15645': 0.9247627099234068, 'ppi_2019_dw_40+0.9+15645': 0.9529731149837989, 'diffusion_2019+0.9+15645': 0.9344159868505257, 'uniport_bio+0.9+15645': 0.8960352853206869, 'uniport_seq+0.9+15645': 0.6956220065073729, 'uniport_esm+0.9+15645': 0.7448803276590299}, {'uniport_ppi_2019+0.9+15644': 0.9566569961744671, 'ppi_2019_dw_40+0.9+15644': 0.9555619551459817, 'diffusion_2019+0.9+15644': 0.9596754696588308, 'uniport_bio+0.9+15644': 0.8527098710126997, 'uniport_seq+0.9+15644': 0.7266930472005347, 'uniport_esm+0.9+15644': 0.6388586686007651}]
late fusion evaluation
ppi+0.7+15644 0.9696872733478391
all+0.85+15645 0.9527550236784845
late fusion bag 1 evaluation
ppi+0.6+15644 0.9645391583827524
all+0.85+15645 0.9506995762797497
late fusion bag 2 evaluation
[{'uniport_ppi_2019+0.9+15645': 0.9483350960275383}, {'uniport_ppi_2019+0.9+15645': 0.9247627099234068}, {'uniport_ppi_2019+0.9+15644': 0.9566569961744671}]
uniport_ppi_2019+0.9+15644 0.9566569961744671
[{'ppi_2019_dw_40+0.9+15645': 0.9479410159855031}, {'ppi_2019_dw_40+0.9+15645': 0.9529731149837989}, {'ppi_2019_dw_40+0.9+15644': 0.9555619551459817}]
ppi_2019_dw_40+0.9+15644 0.9555619551459817
[{'diffusion_2019+0.9+15645': 0.9563480568822543}, {'diffusion_2019+0.9+15645': 0.9344159868505257}, {'diffusion_2019+0.9+15644': 0.9596754696588308}]
diffusion_2019+0.9+15644 0.9596754696588308
[{'uniport_bio+0.9+15645': 0.941895087135476}, {'uniport_bio+0.9+15645': 0.8960352853206869}, {'uniport_bio+0.9+15644': 0.8527098710126997}]
uniport_bio+0.9+15645 0.9189651862280814
[{'uniport_seq+0.9+15645': 0.8029330333384979}, {'uniport_seq+0.9+15645': 0.6956220065073729}, {'uniport_seq+0.9+15644': 0.7266930472005347}]
uniport_seq+0.9+15645 0.7492775199229353
[{'uniport_esm+0.9+15645': 0.8439022007854655}, {'uniport_esm+0.9+15645': 0.7448803276590299}, {'uniport_esm+0.9+15644': 0.6388586686007651}]
uniport_esm+0.9+15645 0.7943912642222477
ICD10_K51 74
kernels existing
uniport_ppi_2019 {'C_num': 1, 'gamma_ratio': 2, 'gamma': '0.5052695526173884'} 0.8304156046003722 0.8940771349862259
ppi_2019_dw_40 {'C_num': 1, 'gamma_ratio': 8, 'gamma': '0.12034508683354062'} 0.8319701293187998 0.9146005509641874
diffusion_2019 {'C_num': 1, 'gamma_ratio': '2', 'gamma': '2'} 0.8574792279764162 0.9378787878787879
uniport_bio {'C_num': 1, 'gamma_ratio': 2, 'gamma': '0.5427586367192363'} 0.7263994555823574 0.8509641873278236
uniport_seq {'C_num': 3, 'gamma_ratio': 2, 'gamma': '0.22444018226022353'} 0.5485766647543593 0.7214876033057852
uniport_esm {'C_num': 81, 'gamma_ratio': 8, 'gamma': '0.02838808905526428'} 0.5724004782441767 0.7136363636363635
collect valid feature:  ['uniport_ppi_2019', 'ppi_2019_dw_40', 'diffusion_2019', 'uniport_bio', 'uniport_seq', 'uniport_esm']
evaluation
late fusion parameter choosen
[{'ppi+0.6+200': 0.807914366571169, 'ppi+0.6+4690': 0.950644026739338, 'ppi+0.6+15634': 0.952449164977989, 'ppi+0.65+200': 0.807914366571169, 'ppi+0.65+4690': 0.950644026739338, 'ppi+0.65+15634': 0.952449164977989, 'ppi+0.7+200': 0.7866748771341393, 'ppi+0.7+4690': 0.9492901730603498, 'ppi+0.7+15634': 0.9522351687513102, 'ppi+0.75+200': 0.7877463140241772, 'ppi+0.75+4690': 0.9468066522255607, 'ppi+0.75+15634': 0.9518479374839867, 'ppi+0.8+200': 0.7662229520415532, 'ppi+0.8+4690': 0.9452140544569446, 'ppi+0.8+15634': 0.9517576805720541, 'ppi+0.85+200': 0.767434141569422, 'ppi+0.85+4690': 0.9403474599958074, 'ppi+0.85+15634': 0.9520211725246315, 'ppi+0.9+200': 0.7686307735308503, 'ppi+0.9+4690': 0.8943339039899378, 'ppi+0.9+15634': 0.9506469382526263, 'all+0.6+200': 0.8618894556634757, 'all+0.6+4690': 0.9474704772552581, 'all+0.6+15634': 0.943196375748259, 'all+0.65+200': 0.8618894556634757, 'all+0.65+4690': 0.9474704772552581, 'all+0.65+15634': 0.943196375748259, 'all+0.7+200': 0.8418087485151282, 'all+0.7+4690': 0.9466756341275943, 'all+0.7+15634': 0.9435661379358535, 'all+0.75+200': 0.8229101157617683, 'all+0.75+4690': 0.9447773274637224, 'all+0.75+15634': 0.9437466517597187, 'all+0.8+200': 0.8244197354016723, 'all+0.8+4690': 0.9439533692031771, 'all+0.8+15634': 0.9443260429040599, 'all+0.85+200': 0.8259075186919154, 'all+0.85+4690': 0.94115249341998, 'all+0.85+15634': 0.9465475275429156, 'all+0.9+200': 0.8277810774928376, 'all+0.9+4690': 0.9273475531642326, 'all+0.9+15634': 0.9474763002818345}, {'ppi+0.6+200': 0.8313607830806139, 'ppi+0.6+4690': 0.9386951762047843, 'ppi+0.6+15634': 0.9422734260359165, 'ppi+0.65+200': 0.8313607830806139, 'ppi+0.65+4690': 0.9386951762047843, 'ppi+0.65+15634': 0.9422734260359165, 'ppi+0.7+200': 0.8318164349102088, 'ppi+0.7+4690': 0.9371142244893206, 'ppi+0.7+15634': 0.9420550625393055, 'ppi+0.75+200': 0.8321701837747186, 'ppi+0.75+4690': 0.9324295996086926, 'ppi+0.75+15634': 0.9415950434397783, 'ppi+0.8+200': 0.787980690843873, 'ppi+0.8+4690': 0.9184718049053175, 'ppi+0.8+15634': 0.9413155381641162, 'ppi+0.85+200': 0.7889589593086902, 'ppi+0.85+4690': 0.9060614795145927, 'ppi+0.85+15634': 0.9411495819066917, 'ppi+0.9+200': 0.7459035008035777, 'ppi+0.9+4690': 0.9145849346656417, 'ppi+0.9+15634': 0.9387009992313605, 'all+0.6+200': 0.8419077399669253, 'all+0.6+4690': 0.9444628840286027, 'all+0.6+15634': 0.934720960566464, 'all+0.65+200': 0.8419077399669253, 'all+0.65+4690': 0.9444628840286027, 'all+0.65+15634': 0.934720960566464, 'all+0.7+200': 0.8424944098944869, 'all+0.7+4690': 0.9440785642745674, 'all+0.7+15634': 0.9353178207905342, 'all+0.75+200': 0.8229741690541075, 'all+0.75+4690': 0.942186080637272, 'all+0.75+15634': 0.9370909323830153, 'all+0.8+200': 0.8239713623552977, 'all+0.8+4690': 0.9396516083199403, 'all+0.8+15634': 0.9399937111312976, 'all+0.85+200': 0.8259788507674749, 'all+0.85+4690': 0.9399194675424498, 'all+0.85+15634': 0.9429372510656139, 'all+0.9+200': 0.8070176204784197, 'all+0.9+4690': 0.9447904292735192, 'all+0.9+15634': 0.9444657955418908}, {'ppi+0.6+200': 0.689345899424685, 'ppi+0.6+4690': 0.9313348706123495, 'ppi+0.6+15634': 0.9311601798150607, 'ppi+0.65+200': 0.689345899424685, 'ppi+0.65+4690': 0.9313348706123495, 'ppi+0.65+15634': 0.9311601798150607, 'ppi+0.7+200': 0.6680540027484686, 'ppi+0.7+4690': 0.9312708173200103, 'ppi+0.7+15634': 0.9308049751939067, 'ppi+0.75+200': 0.6255095148254256, 'ppi+0.75+4690': 0.9303041949083455, 'ppi+0.75+15634': 0.9302022919432604, 'ppi+0.8+200': 0.6275519413970605, 'ppi+0.8+4690': 0.927590664523793, 'ppi+0.8+15634': 0.929916963641022, 'ppi+0.85+200': 0.6070796357114574, 'ppi+0.85+4690': 0.9263954883190088, 'ppi+0.85+15634': 0.9306987049588894, 'ppi+0.9+200': 0.5860439522045979, 'ppi+0.9+4690': 0.8762126452845133, 'ppi+0.9+15634': 0.9313319590990613, 'all+0.6+200': 0.7354511680991312, 'all+0.6+4690': 0.9303624251741084, 'all+0.6+15634': 0.9161687978943935, 'all+0.65+200': 0.7354511680991312, 'all+0.65+4690': 0.9303624251741084, 'all+0.65+15634': 0.9161687978943935, 'all+0.7+200': 0.7162759415833975, 'all+0.7+4690': 0.9304264784664477, 'all+0.7+15634': 0.9164861528428017, 'all+0.75+200': 0.6768278480422985, 'all+0.75+4690': 0.9296491044185126, 'all+0.75+15634': 0.9188881513055225, 'all+0.8+200': 0.6582960659632451, 'all+0.8+4690': 0.9281292944821, 'all+0.8+15634': 0.9230341462278434, 'all+0.85+200': 0.6403989937810075, 'all+0.85+4690': 0.9258597698739897, 'all+0.85+15634': 0.9275207882048774, 'all+0.9+200': 0.6220986770083619, 'all+0.9+4690': 0.9240910255514405, 'all+0.9+15634': 0.9303653366873966}] [{'uniport_ppi_2019+0.9+15634': 0.9348286865581255, 'ppi_2019_dw_40+0.9+15634': 0.9322927584841497, 'diffusion_2019+0.9+15634': 0.9523443504996157, 'uniport_bio+0.9+15634': 0.9057484918361167, 'uniport_seq+0.9+15634': 0.7983092842335733, 'uniport_esm+0.9+15634': 0.7776113362681387}, {'uniport_ppi_2019+0.9+15634': 0.9335010364987305, 'ppi_2019_dw_40+0.9+15634': 0.899319870495889, 'diffusion_2019+0.9+15634': 0.9494925232338759, 'uniport_bio+0.9+15634': 0.8398493000722056, 'uniport_seq+0.9+15634': 0.7813540866000512, 'uniport_esm+0.9+15634': 0.7986295506952694}, {'uniport_ppi_2019+0.9+15634': 0.8919784897398272, 'ppi_2019_dw_40+0.9+15634': 0.9013448279877949, 'diffusion_2019+0.9+15634': 0.9413825029697436, 'uniport_bio+0.9+15634': 0.8622257354482565, 'uniport_seq+0.9+15634': 0.6652982554212378, 'uniport_esm+0.9+15634': 0.6930304194908347}]
late fusion evaluation
ppi+0.6+15634 0.9498792692489849
all+0.7+4690 0.9445473179139591
late fusion bag 1 evaluation
ppi+0.6+15634 0.9419609236096554
all+0.9+15634 0.9407691441703739
late fusion bag 2 evaluation
[{'uniport_ppi_2019+0.9+15634': 0.9348286865581255}, {'uniport_ppi_2019+0.9+15634': 0.9335010364987305}, {'uniport_ppi_2019+0.9+15634': 0.8919784897398272}]
uniport_ppi_2019+0.9+15634 0.9201027375988944
[{'ppi_2019_dw_40+0.9+15634': 0.9322927584841497}, {'ppi_2019_dw_40+0.9+15634': 0.899319870495889}, {'ppi_2019_dw_40+0.9+15634': 0.9013448279877949}]
ppi_2019_dw_40+0.9+15634 0.9109858189892779
[{'diffusion_2019+0.9+15634': 0.9523443504996157}, {'diffusion_2019+0.9+15634': 0.9494925232338759}, {'diffusion_2019+0.9+15634': 0.9413825029697436}]
diffusion_2019+0.9+15634 0.9477397922344117
[{'uniport_bio+0.9+15634': 0.9057484918361167}, {'uniport_bio+0.9+15634': 0.8398493000722056}, {'uniport_bio+0.9+15634': 0.8622257354482565}]
uniport_bio+0.9+15634 0.8692745091188595
[{'uniport_seq+0.9+15634': 0.7983092842335733}, {'uniport_seq+0.9+15634': 0.7813540866000512}, {'uniport_seq+0.9+15634': 0.6652982554212378}]
uniport_seq+0.9+15634 0.748320542084954
[{'uniport_esm+0.9+15634': 0.7776113362681387}, {'uniport_esm+0.9+15634': 0.7986295506952694}, {'uniport_esm+0.9+15634': 0.6930304194908347}]
uniport_esm+0.9+15634 0.7564237688180809
ICD10_L20 58
kernels existing
2025-08-29 05:58:50,307 [ERROR] Error fetching enrichment results: GO_Cellular_Component_2021
2025-08-29 05:58:50,544 [ERROR] Error fetching enrichment results: GO_Cellular_Component_2021
uniport_ppi_2019 {'C_num': 1, 'gamma_ratio': 2, 'gamma': '0.5052695526173884'} 0.8640024776137191 0.9181902123730379
ppi_2019_dw_40 {'C_num': 1, 'gamma_ratio': 4, 'gamma': '0.24069017366708123'} 0.8784270213738782 0.9211449676823639
diffusion_2019 {'C_num': 1, 'gamma_ratio': '2', 'gamma': '2'} 0.8975215036066464 0.9427516158818098
uniport_bio {'C_num': 1, 'gamma_ratio': 8, 'gamma': '0.13568965917980907'} 0.7822840288313083 0.9228070175438597
uniport_seq {'C_num': 1, 'gamma_ratio': 2, 'gamma': '0.22444018226022353'} 0.7049992023045236 0.7750692520775623
uniport_esm {'C_num': 1, 'gamma_ratio': 4, 'gamma': '0.05677617811052856'} 0.7034148689540856 0.8112650046168053
collect valid feature:  ['uniport_ppi_2019', 'ppi_2019_dw_40', 'diffusion_2019', 'uniport_bio', 'uniport_seq', 'uniport_esm']
evaluation
late fusion parameter choosen
[{'ppi+0.6+200': 0.8605168860210418, 'ppi+0.6+4694': 0.9288422938585266, 'ppi+0.6+15647': 0.9050523352147967, 'ppi+0.65+200': 0.8605168860210418, 'ppi+0.65+4694': 0.9288422938585266, 'ppi+0.65+15647': 0.9050523352147967, 'ppi+0.7+200': 0.8607964112995569, 'ppi+0.7+4694': 0.9308663262969299, 'ppi+0.7+15647': 0.9060054153812993, 'ppi+0.75+200': 0.8611011948863714, 'ppi+0.75+4694': 0.9222380881818057, 'ppi+0.75+15647': 0.9090431479261245, 'ppi+0.8+200': 0.8356458717820915, 'ppi+0.8+4694': 0.9268940363450218, 'ppi+0.8+15647': 0.9139062142173966, 'ppi+0.85+200': 0.7844152870017377, 'ppi+0.85+4694': 0.9322791076744844, 'ppi+0.85+15647': 0.9198941171716083, 'ppi+0.9+200': 0.73340360755998, 'ppi+0.9+4694': 0.9144652647744266, 'ppi+0.9+15647': 0.9288389260840866, 'all+0.6+200': 0.8775089919577548, 'all+0.6+4694': 0.9479274716096615, 'all+0.6+15647': 0.9294047121899964, 'all+0.65+200': 0.8775089919577548, 'all+0.65+4694': 0.9479274716096615, 'all+0.65+15647': 0.9294047121899964, 'all+0.7+200': 0.877716110085811, 'all+0.7+4694': 0.9484764188433715, 'all+0.7+15647': 0.9301153125968235, 'all+0.75+200': 0.8534816052160091, 'all+0.75+4694': 0.9492644780623173, 'all+0.75+15647': 0.9324424447348214, 'all+0.8+200': 0.8544633114652513, 'all+0.8+4694': 0.9500693761534628, 'all+0.8+15647': 0.9372886721538938, 'all+0.85+200': 0.804704444115151, 'all+0.85+4694': 0.9516690690124338, 'all+0.85+15647': 0.942751202295475, 'all+0.9+200': 0.7297041073377069, 'all+0.9+4694': 0.9544053857448843, 'all+0.9+15647': 0.9479207360607815}, {'ppi+0.6+200': 0.8336386782158878, 'ppi+0.6+4694': 0.9146808023385825, 'ppi+0.6+15647': 0.9264983228483288, 'ppi+0.65+200': 0.8336386782158878, 'ppi+0.65+4694': 0.9146808023385825, 'ppi+0.65+15647': 0.9264983228483288, 'ppi+0.7+200': 0.8084123637735239, 'ppi+0.7+4694': 0.9153577250010103, 'ppi+0.7+15647': 0.9261817520509745, 'ppi+0.75+200': 0.8089966726388533, 'ppi+0.75+4694': 0.9067042285775866, 'ppi+0.75+15647': 0.9240028019883341, 'ppi+0.8+200': 0.8098369323616181, 'ppi+0.8+4694': 0.8910322902213301, 'ppi+0.8+15647': 0.9201096547357644, 'ppi+0.85+200': 0.8105929977233843, 'ppi+0.85+4694': 0.8825993830237224, 'ppi+0.85+15647': 0.9145797691053843, 'ppi+0.9+200': 0.7854205676720596, 'ppi+0.9+4694': 0.8900303773254482, 'ppi+0.9+15647': 0.9146791184513625, 'all+0.6+200': 0.8533401586895316, 'all+0.6+4694': 0.8980675710263628, 'all+0.6+15647': 0.8968164428219255, 'all+0.65+200': 0.8533401586895316, 'all+0.65+4694': 0.8980675710263628, 'all+0.65+15647': 0.8968164428219255, 'all+0.7+200': 0.8541770506378565, 'all+0.7+4694': 0.8994921396144572, 'all+0.7+15647': 0.897949698920965, 'all+0.75+200': 0.8551537052254389, 'all+0.75+4694': 0.9003913353899209, 'all+0.75+15647': 0.8987327064782509, 'all+0.8+200': 0.8562936968733583, 'all+0.8+4694': 0.8926909191330001, 'all+0.8+15647': 0.8967137257015074, 'all+0.85+200': 0.8574757857017768, 'all+0.85+4694': 0.896838333355785, 'all+0.85+15647': 0.8940565516683954, 'all+0.9+200': 0.8331335120498968, 'all+0.9+4694': 0.9013595705414034, 'all+0.9+15647': 0.898064203251923}, {'ppi+0.6+200': 0.806741947651314, 'ppi+0.6+4694': 0.9623045006937615, 'ppi+0.6+15647': 0.9671237859173145, 'ppi+0.65+200': 0.806741947651314, 'ppi+0.65+4694': 0.9623045006937615, 'ppi+0.65+15647': 0.9671237859173145, 'ppi+0.7+200': 0.7816840219309471, 'ppi+0.7+4694': 0.9621327441973246, 'ppi+0.7+15647': 0.9669655005186373, 'ppi+0.75+200': 0.7823845190144544, 'ppi+0.75+4694': 0.9625234060323575, 'ppi+0.75+15647': 0.9666320908490833, 'ppi+0.8+200': 0.7831793137822801, 'ppi+0.8+4694': 0.9626496975738553, 'ppi+0.8+15647': 0.9660612530815136, 'ppi+0.85+200': 0.7839724246628859, 'ppi+0.85+4694': 0.942421160400361, 'ppi+0.85+15647': 0.9650121913434726, 'ppi+0.9+200': 0.7072629423571726, 'ppi+0.9+4694': 0.9456862177198819, 'ppi+0.9+15647': 0.9623045006937615, 'all+0.6+200': 0.8725752024032439, 'all+0.6+4694': 0.9606340845715517, 'all+0.6+15647': 0.9404577479018764, 'all+0.65+200': 0.8725752024032439, 'all+0.65+4694': 0.9606340845715517, 'all+0.65+15647': 0.9404577479018764, 'all+0.7+200': 0.8486690555413361, 'all+0.7+4694': 0.9615669580914148, 'all+0.7+15647': 0.9414950224293777, 'all+0.75+200': 0.825714304958711, 'all+0.75+4694': 0.9633485107701426, 'all+0.75+15647': 0.9449537267791952, 'all+0.8+200': 0.8021196772324977, 'all+0.8+4694': 0.965268142200908, 'all+0.8+15647': 0.9509180553123274, 'all+0.85+200': 0.8032360944593374, 'all+0.85+4694': 0.9668947772553986, 'all+0.85+15647': 0.9567240984467824, 'all+0.9+200': 0.7034708283378012, 'all+0.9+4694': 0.9678646962941009, 'all+0.9+15647': 0.9606307167971119}] [{'uniport_ppi_2019+0.9+15647': 0.879315802944782, 'ppi_2019_dw_40+0.9+15647': 0.884734552018644, 'diffusion_2019+0.9+15647': 0.9312081554025837, 'uniport_bio+0.9+15647': 0.9356300432422238, 'uniport_seq+0.9+15647': 0.842140624789514, 'uniport_esm+0.9+15647': 0.8228735872186225}, {'uniport_ppi_2019+0.9+15647': 0.9032303692427895, 'ppi_2019_dw_40+0.9+15647': 0.9153055244971913, 'diffusion_2019+0.9+15647': 0.8981450298384817, 'uniport_bio+0.9+15647': 0.8555106893160724, 'uniport_seq+0.9+15647': 0.7815914081338489, 'uniport_esm+0.9+15647': 0.7385192569342476}, {'uniport_ppi_2019+0.9+15647': 0.9608209960529683, 'ppi_2019_dw_40+0.9+15647': 0.9605364191127935, 'diffusion_2019+0.9+15647': 0.9616242102568938, 'uniport_bio+0.9+15647': 0.9281822100682986, 'uniport_seq+0.9+15647': 0.7753492382094216, 'uniport_esm+0.9+15647': 0.7692501986986919}]
late fusion evaluation
ppi+0.75+15647 0.9407451313207513
all+0.8+4694 0.9410482310203457
late fusion bag 1 evaluation
ppi+0.7+4694 0.936118931831755
all+0.9+4694 0.9412098841934627
late fusion bag 2 evaluation
[{'uniport_ppi_2019+0.9+15647': 0.879315802944782}, {'uniport_ppi_2019+0.9+15647': 0.9032303692427895}, {'uniport_ppi_2019+0.9+15647': 0.9608209960529683}]
uniport_ppi_2019+0.9+15647 0.9144557227468466
[{'ppi_2019_dw_40+0.9+15647': 0.884734552018644}, {'ppi_2019_dw_40+0.9+15647': 0.9153055244971913}, {'ppi_2019_dw_40+0.9+15647': 0.9605364191127935}]
ppi_2019_dw_40+0.9+15647 0.920192165209543
[{'diffusion_2019+0.9+15647': 0.9312081554025837}, {'diffusion_2019+0.9+15647': 0.8981450298384817}, {'diffusion_2019+0.9+15647': 0.9616242102568938}]
diffusion_2019+0.9+15647 0.9303257984993197
[{'uniport_bio+0.9+15647': 0.9356300432422238}, {'uniport_bio+0.9+15647': 0.8555106893160724}, {'uniport_bio+0.9+15647': 0.9281822100682986}]
uniport_bio+0.9+15647 0.9064409808755315
[{'uniport_seq+0.9+15647': 0.842140624789514}, {'uniport_seq+0.9+15647': 0.7815914081338489}, {'uniport_seq+0.9+15647': 0.7753492382094216}]
uniport_seq+0.9+15647 0.7996937570442615
[{'uniport_esm+0.9+15647': 0.8228735872186225}, {'uniport_esm+0.9+15647': 0.7385192569342476}, {'uniport_esm+0.9+15647': 0.7692501986986919}]
uniport_esm+0.9+15647 0.7768810142838539
ICD10_L40 73
kernels existing
uniport_ppi_2019 {'C_num': 1, 'gamma_ratio': 2, 'gamma': '0.5052695526173884'} 0.8450641144076986 0.9130788276990973
ppi_2019_dw_40 {'C_num': 1, 'gamma_ratio': 2, 'gamma': '0.48138034733416246'} 0.8436665263555133 0.9168110747123709
diffusion_2019 {'C_num': 1, 'gamma_ratio': '2', 'gamma': '2'} 0.8485813376832704 0.9244837089834705
uniport_bio {'C_num': 1, 'gamma_ratio': 2, 'gamma': '0.5427586367192363'} 0.766605493555279 0.881698976569257
uniport_seq {'C_num': 3, 'gamma_ratio': 4, 'gamma': '0.11222009113011176'} 0.5805059521584134 0.7783551089313151
uniport_esm {'C_num': 1, 'gamma_ratio': 8, 'gamma': '0.02838808905526428'} 0.5727067282897149 0.7742086886338914
collect valid feature:  ['uniport_ppi_2019', 'ppi_2019_dw_40', 'diffusion_2019', 'uniport_bio', 'uniport_seq', 'uniport_esm']
evaluation
late fusion parameter choosen
[{'ppi+0.6+200': 0.8005655009714127, 'ppi+0.6+4691': 0.9173431862336943, 'ppi+0.6+15637': 0.9186121608061659, 'ppi+0.65+200': 0.8005655009714127, 'ppi+0.65+4691': 0.9173431862336943, 'ppi+0.65+15637': 0.9186121608061659, 'ppi+0.7+200': 0.7607589295245415, 'ppi+0.7+4691': 0.9173591985311387, 'ppi+0.7+15637': 0.9186788787121842, 'ppi+0.75+200': 0.7411131749183373, 'ppi+0.75+4691': 0.9166039518350093, 'ppi+0.75+15637': 0.918508080872777, 'ppi+0.8+200': 0.721594184333568, 'ppi+0.8+4691': 0.9186415166848139, 'ppi+0.8+15637': 0.9195942483827579, 'ppi+0.85+200': 0.7025528939558915, 'ppi+0.85+4691': 0.9200359209206004, 'ppi+0.85+15637': 0.9201333290633873, 'ppi+0.9+200': 0.7040553811994278, 'ppi+0.9+4691': 0.8966099297593886, 'ppi+0.9+15637': 0.9173431862336943, 'all+0.6+200': 0.8474588483955678, 'all+0.6+4691': 0.9336797327013813, 'all+0.6+15637': 0.9188176519567027, 'all+0.65+200': 0.8474588483955678, 'all+0.65+4691': 0.9336797327013813, 'all+0.65+15637': 0.9188176519567027, 'all+0.7+200': 0.8102822968039454, 'all+0.7+4691': 0.9331860201968445, 'all+0.7+15637': 0.9194367941245544, 'all+0.75+200': 0.7923044898482035, 'all+0.75+4691': 0.9321091931937062, 'all+0.75+15637': 0.9207471337987574, 'all+0.8+200': 0.774674950361878, 'all+0.8+4691': 0.93241209248703, 'all+0.8+15637': 0.9242324772091632, 'all+0.85+200': 0.7576151817929503, 'all+0.85+4691': 0.9313846367343454, 'all+0.85+15637': 0.9297914131386239, 'all+0.9+200': 0.7403272379854396, 'all+0.9+4691': 0.9237347616302655, 'all+0.9+15637': 0.9336824014176219}, {'ppi+0.6+200': 0.7570707636798394, 'ppi+0.6+4691': 0.887997982450522, 'ppi+0.6+15637': 0.9058290100130233, 'ppi+0.65+200': 0.7570707636798394, 'ppi+0.65+4691': 0.887997982450522, 'ppi+0.65+15637': 0.9058290100130233, 'ppi+0.7+200': 0.7372502081598667, 'ppi+0.7+4691': 0.8820640918892375, 'ppi+0.7+15637': 0.9057702982557271, 'ppi+0.75+200': 0.7182289331539956, 'ppi+0.75+4691': 0.885082409957514, 'ppi+0.75+15637': 0.9062239800166527, 'ppi+0.8+200': 0.6989581331796153, 'ppi+0.8+4691': 0.8882955443113645, 'ppi+0.8+15637': 0.9050123828433569, 'ppi+0.85+200': 0.6799341894575034, 'ppi+0.85+4691': 0.8777421059373599, 'ppi+0.85+15637': 0.9002033561775443, 'ppi+0.9+200': 0.6196919233971689, 'ppi+0.9+4691': 0.8509895599820662, 'ppi+0.9+15637': 0.8880006511667629, 'all+0.6+200': 0.7830547193578, 'all+0.6+4691': 0.905986464271227, 'all+0.6+15637': 0.8915620529900298, 'all+0.65+200': 0.7830547193578, 'all+0.65+4691': 0.905986464271227, 'all+0.65+15637': 0.8915620529900298, 'all+0.7+200': 0.7450762185358355, 'all+0.7+4691': 0.9076904395909392, 'all+0.7+15637': 0.8913405495420483, 'all+0.75+200': 0.7274213262452229, 'all+0.75+4691': 0.9100429129571511, 'all+0.75+15637': 0.8913832490019001, 'all+0.8+200': 0.7097891180426568, 'all+0.8+4691': 0.9125341595678815, 'all+0.8+15637': 0.8915673904225112, 'all+0.85+200': 0.6919620935545165, 'all+0.85+4691': 0.9113986208074467, 'all+0.85+15637': 0.8956104955272316, 'all+0.9+200': 0.6546734558807831, 'all+0.9+4691': 0.9026332223147379, 'all+0.9+15637': 0.9059664488994214}, {'ppi+0.6+200': 0.749531466253039, 'ppi+0.6+4690': 0.9283512346177516, 'ppi+0.6+15636': 0.9353534819088887, 'ppi+0.65+200': 0.749531466253039, 'ppi+0.65+4690': 0.9283512346177516, 'ppi+0.65+15636': 0.9353534819088887, 'ppi+0.7+200': 0.7289563602237822, 'ppi+0.7+4690': 0.9295263980128043, 'ppi+0.7+15636': 0.9349817181334396, 'ppi+0.75+200': 0.7297263428748061, 'ppi+0.75+4690': 0.9312933202264557, 'ppi+0.75+15636': 0.9341017379608408, 'ppi+0.8+200': 0.6669316817924862, 'ppi+0.8+4690': 0.9318962180345809, 'ppi+0.8+15636': 0.9324824073584165, 'ppi+0.85+200': 0.6683588648255773, 'ppi+0.85+4690': 0.9166803583412931, 'ppi+0.85+15636': 0.9298048727509685, 'ppi+0.9+200': 0.6696133935210068, 'ppi+0.9+4690': 0.8877384788038951, 'ppi+0.9+15636': 0.9283456651229883, 'all+0.6+200': 0.824480157282532, 'all+0.6+4690': 0.9319839375771026, 'all+0.6+15636': 0.9424643343479097, 'all+0.65+200': 0.824480157282532, 'all+0.65+4690': 0.9319839375771026, 'all+0.65+15636': 0.9424643343479097, 'all+0.7+200': 0.8254965900768312, 'all+0.7+4690': 0.9310635785674702, 'all+0.7+15636': 0.942369652936934, 'all+0.75+200': 0.8071534590739602, 'all+0.75+4690': 0.9282119972486695, 'all+0.75+15636': 0.9426481276750979, 'all+0.8+200': 0.788630711864973, 'all+0.8+4690': 0.9250304233651444, 'all+0.8+15636': 0.9419853577982673, 'all+0.85+200': 0.7705256767632324, 'all+0.85+4690': 0.9220618826563148, 'all+0.85+15636': 0.9388469474991576, 'all+0.9+200': 0.773205996118062, 'all+0.9+4690': 0.9038398881645451, 'all+0.9+15636': 0.9319853299507935}] [{'uniport_ppi_2019+0.9+15637': 0.9149920472256026, 'ppi_2019_dw_40+0.9+15637': 0.8956425201221204, 'diffusion_2019+0.9+15637': 0.9288640342449669, 'uniport_bio+0.9+15637': 0.9119870727385299, 'uniport_seq+0.9+15637': 0.7758505198659237, 'uniport_esm+0.9+15637': 0.7575871602724227}, {'uniport_ppi_2019+0.9+15637': 0.8888452998569569, 'ppi_2019_dw_40+0.9+15637': 0.8936876854757787, 'diffusion_2019+0.9+15637': 0.8936623326714918, 'uniport_bio+0.9+15637': 0.7899573539144731, 'uniport_seq+0.9+15637': 0.6840346719613997, 'uniport_esm+0.9+15637': 0.676793110442153}, {'uniport_ppi_2019+0.9+15636': 0.9209855777933105, 'ppi_2019_dw_40+0.9+15636': 0.9178318513836017, 'diffusion_2019+0.9+15636': 0.9247408096374536, 'uniport_bio+0.9+15636': 0.9331173297614307, 'uniport_seq+0.9+15636': 0.77791918106149, 'uniport_esm+0.9+15636': 0.7959880144472695}]
late fusion evaluation
ppi+0.6+15636 0.947941932447598
all+0.75+15636 0.949114311095269
late fusion bag 1 evaluation
ppi+0.6+15636 0.9353534819088887
all+0.75+15636 0.9426481276750979
late fusion bag 2 evaluation
[{'uniport_ppi_2019+0.9+15637': 0.9149920472256026}, {'uniport_ppi_2019+0.9+15637': 0.8888452998569569}, {'uniport_ppi_2019+0.9+15636': 0.9209855777933105}]
uniport_ppi_2019+0.9+15636 0.9209855777933105
[{'ppi_2019_dw_40+0.9+15637': 0.8956425201221204}, {'ppi_2019_dw_40+0.9+15637': 0.8936876854757787}, {'ppi_2019_dw_40+0.9+15636': 0.9178318513836017}]
ppi_2019_dw_40+0.9+15636 0.9178318513836017
[{'diffusion_2019+0.9+15637': 0.9288640342449669}, {'diffusion_2019+0.9+15637': 0.8936623326714918}, {'diffusion_2019+0.9+15636': 0.9247408096374536}]
diffusion_2019+0.9+15636 0.9247408096374536
[{'uniport_bio+0.9+15637': 0.9119870727385299}, {'uniport_bio+0.9+15637': 0.7899573539144731}, {'uniport_bio+0.9+15636': 0.9331173297614307}]
uniport_bio+0.9+15636 0.9331173297614307
[{'uniport_seq+0.9+15637': 0.7758505198659237}, {'uniport_seq+0.9+15637': 0.6840346719613997}, {'uniport_seq+0.9+15636': 0.77791918106149}]
uniport_seq+0.9+15636 0.77791918106149
[{'uniport_esm+0.9+15637': 0.7575871602724227}, {'uniport_esm+0.9+15637': 0.676793110442153}, {'uniport_esm+0.9+15636': 0.7959880144472695}]
uniport_esm+0.9+15636 0.7959880144472695
ICD10_M32 97
kernels existing
uniport_ppi_2019 {'C_num': 1, 'gamma_ratio': 2, 'gamma': '0.5052695526173884'} 0.8478627720287166 0.9089424251324548
ppi_2019_dw_40 {'C_num': 1, 'gamma_ratio': 4, 'gamma': '0.24069017366708123'} 0.8523755823610136 0.9123531284738138
diffusion_2019 {'C_num': 3, 'gamma_ratio': '2', 'gamma': '2'} 0.8723709264675629 0.9094920477654324
uniport_bio {'C_num': 1, 'gamma_ratio': 2, 'gamma': '0.5427586367192363'} 0.7410698705579817 0.8595248459448687
uniport_seq {'C_num': 1, 'gamma_ratio': 2, 'gamma': '0.22444018226022353'} 0.5489770574799119 0.76619923567318
uniport_esm {'C_num': 1, 'gamma_ratio': 4, 'gamma': '0.05677617811052856'} 0.5715032389611777 0.7515987500417077
collect valid feature:  ['uniport_ppi_2019', 'ppi_2019_dw_40', 'diffusion_2019', 'uniport_bio', 'uniport_seq', 'uniport_esm']
evaluation
late fusion parameter choosen
[{'ppi+0.6+200': 0.7229153303399615, 'ppi+0.6+4686': 0.8361509781911483, 'ppi+0.6+15622': 0.8342186497754971, 'ppi+0.65+200': 0.7229153303399615, 'ppi+0.65+4686': 0.8361509781911483, 'ppi+0.65+15622': 0.8342186497754971, 'ppi+0.7+200': 0.7083657392559333, 'ppi+0.7+4686': 0.8324607119948685, 'ppi+0.7+15622': 0.8329939063502245, 'ppi+0.75+200': 0.7096846937139192, 'ppi+0.75+4686': 0.8302708066067992, 'ppi+0.75+15622': 0.8325589320076972, 'ppi+0.8+200': 0.7111068794098782, 'ppi+0.8+4686': 0.8363273733162284, 'ppi+0.8+15622': 0.8324767479153302, 'ppi+0.85+200': 0.6814945477870429, 'ppi+0.85+4686': 0.8431396327774214, 'ppi+0.85+15622': 0.8310756093649776, 'ppi+0.9+200': 0.6519082745349584, 'ppi+0.9+4686': 0.8207454698524694, 'ppi+0.9+15622': 0.8361329377806286, 'all+0.6+200': 0.8021017078255291, 'all+0.6+4686': 0.8721826892238614, 'all+0.6+15622': 0.8577794259140475, 'all+0.65+200': 0.8021017078255291, 'all+0.65+4686': 0.8721826892238614, 'all+0.65+15622': 0.8577794259140475, 'all+0.7+200': 0.7739847257857602, 'all+0.7+4686': 0.8718369146889031, 'all+0.7+15622': 0.8574707344451572, 'all+0.75+200': 0.7755682729313663, 'all+0.75+4686': 0.8700108242463117, 'all+0.75+15622': 0.858982119948685, 'all+0.8+200': 0.7480556446440025, 'all+0.8+4686': 0.867528263309814, 'all+0.8+15622': 0.8602449486850545, 'all+0.85+200': 0.7350394884541374, 'all+0.85+4686': 0.8609545381654907, 'all+0.85+15622': 0.8654506093649775, 'all+0.9+200': 0.7074146087235408, 'all+0.9+4686': 0.8325208466966004, 'all+0.9+15622': 0.8721887026940347}, {'ppi+0.6+200': 0.8307175815762793, 'ppi+0.6+4686': 0.9571737466117652, 'ppi+0.6+15621': 0.9557843116969107, 'ppi+0.65+200': 0.8307175815762793, 'ppi+0.65+4686': 0.9571737466117652, 'ppi+0.65+15621': 0.9557843116969107, 'ppi+0.7+200': 0.8311500341409919, 'ppi+0.7+4686': 0.9579745080593433, 'ppi+0.7+15621': 0.9555980881044508, 'ppi+0.75+200': 0.831820439073848, 'ppi+0.75+4686': 0.9582362556643009, 'ppi+0.75+15621': 0.9558381096236214, 'ppi+0.8+200': 0.8167508121417781, 'ppi+0.8+4686': 0.9593111796230007, 'ppi+0.8+15621': 0.9561112375592294, 'ppi+0.85+200': 0.7857238924869125, 'ppi+0.85+4686': 0.9536892962817356, 'ppi+0.85+15621': 0.9561774503921041, 'ppi+0.9+200': 0.7708291088166526, 'ppi+0.9+4686': 0.9560646816611145, 'ppi+0.9+15621': 0.9571758157627925, 'all+0.6+200': 0.881385917358108, 'all+0.6+4686': 0.9529495747894638, 'all+0.6+15621': 0.9389434914854436, 'all+0.65+200': 0.881385917358108, 'all+0.65+4686': 0.9529495747894638, 'all+0.65+15621': 0.9389434914854436, 'all+0.7+200': 0.8671294667797803, 'all+0.7+4686': 0.9535537668894453, 'all+0.7+15621': 0.9398373647292516, 'all+0.75+200': 0.8529816466303877, 'all+0.75+4686': 0.9534503093380785, 'all+0.75+15621': 0.9434707939332493, 'all+0.8+200': 0.8243766682530158, 'all+0.8+4686': 0.9541186451199073, 'all+0.8+15621': 0.9469511059612241, 'all+0.85+200': 0.7952761282045976, 'all+0.85+4686': 0.9561226178898798, 'all+0.85+15621': 0.9498603323056549, 'all+0.9+200': 0.7820459765358273, 'all+0.9+4686': 0.9579703697572886, 'all+0.9+15621': 0.952949574789464}, {'ppi+0.6+200': 0.7649982412216267, 'ppi+0.6+4686': 0.945908253843448, 'ppi+0.6+15621': 0.9495085766310083, 'ppi+0.65+200': 0.7649982412216267, 'ppi+0.65+4686': 0.945908253843448, 'ppi+0.65+15621': 0.9495085766310083, 'ppi+0.7+200': 0.7655527736969521, 'ppi+0.7+4686': 0.9455502907157193, 'ppi+0.7+15621': 0.9492168263361543, 'ppi+0.75+200': 0.7664104367977819, 'ppi+0.75+4686': 0.9436673632808459, 'ppi+0.75+15621': 0.9484305489457676, 'ppi+0.8+200': 0.7513077034492748, 'ppi+0.8+4686': 0.9420617020836352, 'ppi+0.8+15621': 0.9473525212605268, 'ppi+0.85+200': 0.7206915102733349, 'ppi+0.85+4686': 0.9318494071882306, 'ppi+0.85+15621': 0.9459165304475573, 'ppi+0.9+200': 0.7060677853876555, 'ppi+0.9+4686': 0.9131566968072999, 'ppi+0.9+15621': 0.945908253843448, 'all+0.6+200': 0.8013966769434501, 'all+0.6+4686': 0.9383827515570362, 'all+0.6+15621': 0.9257692068944112, 'all+0.65+200': 0.8013966769434501, 'all+0.65+4686': 0.9383827515570362, 'all+0.65+15621': 0.9257692068944112, 'all+0.7+200': 0.8019336216350431, 'all+0.7+4686': 0.9385006931655941, 'all+0.7+15621': 0.9261230317200853, 'all+0.75+200': 0.8029930269610379, 'all+0.75+4686': 0.9377020008690434, 'all+0.75+15621': 0.928653603426514, 'all+0.8+200': 0.774267003248567, 'all+0.8+4686': 0.9369302075358481, 'all+0.8+15621': 0.9316973245877217, 'all+0.85+200': 0.7606012952885431, 'all+0.85+4686': 0.9390034968652362, 'all+0.85+15621': 0.9351838440687786, 'all+0.9+200': 0.7321152930952429, 'all+0.9+4686': 0.9318804444536408, 'all+0.9+15621': 0.9383786132549815}] [{'uniport_ppi_2019+0.9+15622': 0.8396808851828095, 'ppi_2019_dw_40+0.9+15622': 0.8228271327774215, 'diffusion_2019+0.9+15622': 0.849919820397691, 'uniport_bio+0.9+15622': 0.8540781350224502, 'uniport_seq+0.9+15622': 0.6506504570237333, 'uniport_esm+0.9+15622': 0.707376523412444}, {'uniport_ppi_2019+0.9+15621': 0.9291957209956755, 'ppi_2019_dw_40+0.9+15621': 0.9646733845103352, 'diffusion_2019+0.9+15621': 0.9277255891907552, 'uniport_bio+0.9+15621': 0.8546245525460904, 'uniport_seq+0.9+15621': 0.7897390800554532, 'uniport_esm+0.9+15621': 0.7185758033478864}, {'uniport_ppi_2019+0.9+15621': 0.9405150116907033, 'ppi_2019_dw_40+0.9+15621': 0.9281766641147138, 'diffusion_2019+0.9+15621': 0.941282666721844, 'uniport_bio+0.9+15621': 0.8792753833102278, 'uniport_seq+0.9+15621': 0.7035713546731776, 'uniport_esm+0.9+15621': 0.69111506548863}]
late fusion evaluation
ppi+0.6+15621 0.9625121562622856
all+0.9+15621 0.9501676012332141
late fusion bag 1 evaluation
ppi+0.6+15621 0.9526464441639595
all+0.9+15621 0.9456640940222227
late fusion bag 2 evaluation
[{'uniport_ppi_2019+0.9+15622': 0.8396808851828095}, {'uniport_ppi_2019+0.9+15621': 0.9291957209956755}, {'uniport_ppi_2019+0.9+15621': 0.9405150116907033}]
uniport_ppi_2019+0.9+15621 0.9348553663431893
[{'ppi_2019_dw_40+0.9+15622': 0.8228271327774215}, {'ppi_2019_dw_40+0.9+15621': 0.9646733845103352}, {'ppi_2019_dw_40+0.9+15621': 0.9281766641147138}]
ppi_2019_dw_40+0.9+15621 0.9464250243125245
[{'diffusion_2019+0.9+15622': 0.849919820397691}, {'diffusion_2019+0.9+15621': 0.9277255891907552}, {'diffusion_2019+0.9+15621': 0.941282666721844}]
diffusion_2019+0.9+15621 0.9345041279562996
[{'uniport_bio+0.9+15622': 0.8540781350224502}, {'uniport_bio+0.9+15621': 0.8546245525460904}, {'uniport_bio+0.9+15621': 0.8792753833102278}]
uniport_bio+0.9+15621 0.8669499679281591
[{'uniport_seq+0.9+15622': 0.6506504570237333}, {'uniport_seq+0.9+15621': 0.7897390800554532}, {'uniport_seq+0.9+15621': 0.7035713546731776}]
uniport_seq+0.9+15621 0.7466552173643154
[{'uniport_esm+0.9+15622': 0.707376523412444}, {'uniport_esm+0.9+15621': 0.7185758033478864}, {'uniport_esm+0.9+15621': 0.69111506548863}]
uniport_esm+0.9+15622 0.707376523412444
ICD10_M34 38
kernels existing
/itf-fi-ml/shared/users/ziyuzh/.venv/lib64/python3.11/site-packages/gseapy/enrichr.py:689: FutureWarning: The behavior of DataFrame concatenation with empty or all-NA entries is deprecated. In a future version, this will no longer exclude empty or all-NA columns when determining the result dtypes. To retain the old behavior, exclude the relevant entries before the concat operation.
  self.results = pd.concat(self.results, ignore_index=True)
uniport_ppi_2019 {'C_num': 1, 'gamma_ratio': 4, 'gamma': '0.2526347763086942'} 0.7912122486094537 0.9290577951339453
ppi_2019_dw_40 {'C_num': 1, 'gamma_ratio': 2, 'gamma': '0.48138034733416246'} 0.7879874420967047 0.9342352664668899
diffusion_2019 {'C_num': 1, 'gamma_ratio': '2', 'gamma': '2'} 0.8447658752105566 0.9263922222674205
uniport_bio {'C_num': 3, 'gamma_ratio': 2, 'gamma': '0.5427586367192363'} 0.5803706424439331 0.8026504314182791
uniport_seq {'C_num': 9, 'gamma_ratio': 8, 'gamma': '0.05611004556505588'} 0.4966396584004696 0.6996236107156255
uniport_esm {'C_num': 9, 'gamma_ratio': 8, 'gamma': '0.02838808905526428'} 0.5778375885021237 0.6918359344985469
collect valid feature:  ['uniport_ppi_2019', 'ppi_2019_dw_40', 'diffusion_2019', 'uniport_bio', 'uniport_seq', 'uniport_esm']
evaluation
late fusion parameter choosen
[{'ppi+0.6+200': 0.9068866013843009, 'ppi+0.6+4698': 0.9778172683655814, 'ppi+0.6+15661': 0.9794173745477427, 'ppi+0.65+200': 0.9068866013843009, 'ppi+0.65+4698': 0.9778172683655814, 'ppi+0.65+15661': 0.9794173745477427, 'ppi+0.7+200': 0.8701751022494887, 'ppi+0.7+4698': 0.9774412065439673, 'ppi+0.7+15661': 0.9792895626868021, 'ppi+0.75+200': 0.8337069372345447, 'ppi+0.75+4698': 0.9768955482145667, 'ppi+0.75+15661': 0.9791175082586125, 'ppi+0.8+200': 0.834530340569451, 'ppi+0.8+4698': 0.9762245359446278, 'ppi+0.8+15661': 0.9789061271039798, 'ppi+0.85+200': 0.8356486943526821, 'ppi+0.85+4698': 0.9760131547899953, 'ppi+0.85+15661': 0.9785030281579361, 'ppi+0.9+200': 0.7238919694824604, 'ppi+0.9+4698': 0.9755830187195218, 'ppi+0.9+15661': 0.977819726285984, 'all+0.6+200': 0.89229638587384, 'all+0.6+4698': 0.9646452729274815, 'all+0.6+15661': 0.9408181925436526, 'all+0.65+200': 0.89229638587384, 'all+0.65+4698': 0.9646452729274815, 'all+0.65+15661': 0.9408181925436526, 'all+0.7+200': 0.8919080344502124, 'all+0.7+4698': 0.9652204263017147, 'all+0.7+15661': 0.9415555686644643, 'all+0.75+200': 0.8571137132295108, 'all+0.75+4698': 0.9651565203712443, 'all+0.75+15661': 0.945709454145037, 'all+0.8+200': 0.8579985645744848, 'all+0.8+4698': 0.9639078968066699, 'all+0.8+15661': 0.9518001809029416, 'all+0.85+200': 0.8589768168947617, 'all+0.85+4698': 0.9623151643857166, 'all+0.85+15661': 0.9589674767972315, 'all+0.9+200': 0.752639806512506, 'all+0.9+4698': 0.9581907739499764, 'all+0.9+15661': 0.9646452729274815}, {'ppi+0.6+200': 0.8175192782890252, 'ppi+0.6+4698': 0.9583280078391275, 'ppi+0.6+15660': 0.9617576261077028, 'ppi+0.65+200': 0.8175192782890252, 'ppi+0.65+4698': 0.9583280078391275, 'ppi+0.65+15660': 0.9617576261077028, 'ppi+0.7+200': 0.8180012355146558, 'ppi+0.7+4698': 0.9578859918200409, 'ppi+0.7+15660': 0.96155525732788, 'ppi+0.75+200': 0.8188293498636673, 'ppi+0.75+4698': 0.9568208929788684, 'ppi+0.75+15660': 0.9613049591002044, 'ppi+0.8+200': 0.7794526457055215, 'ppi+0.8+4698': 0.9524539877300613, 'ppi+0.8+15660': 0.9607298057259714, 'ppi+0.85+200': 0.7802701090661214, 'ppi+0.85+4698': 0.9489817655078391, 'ppi+0.85+15660': 0.959776542263122, 'ppi+0.9+200': 0.7411516913769598, 'ppi+0.9+4698': 0.923730934730743, 'ppi+0.9+15660': 0.9583280078391275, 'all+0.6+200': 0.8398730402181322, 'all+0.6+4698': 0.9504782293796864, 'all+0.6+15660': 0.9224767808452624, 'all+0.65+200': 0.8398730402181322, 'all+0.65+4698': 0.9504782293796864, 'all+0.65+15660': 0.9224767808452624, 'all+0.7+200': 0.8408449429107021, 'all+0.7+4698': 0.9517936264485344, 'all+0.7+15660': 0.9230625852079074, 'all+0.75+200': 0.8038620483980913, 'all+0.75+4698': 0.9532261843899115, 'all+0.75+15660': 0.9276425102249488, 'all+0.8+200': 0.7672812286980232, 'all+0.8+4698': 0.9527042859577368, 'all+0.8+15660': 0.9342674250170415, 'all+0.85+200': 0.768873551465576, 'all+0.85+4698': 0.9532900903203818, 'all+0.85+15660': 0.9428734236537151, 'all+0.9+200': 0.7330383009543285, 'all+0.9+4698': 0.9540756007157464, 'all+0.9+15660': 0.9504782293796864}, {'ppi+0.6+200': 0.7346412747102932, 'ppi+0.6+4698': 0.9412970773687798, 'ppi+0.6+15660': 0.9429746080436264, 'ppi+0.65+200': 0.7346412747102932, 'ppi+0.65+4698': 0.9412970773687798, 'ppi+0.65+15660': 0.9429746080436264, 'ppi+0.7+200': 0.7351418711656441, 'ppi+0.7+4698': 0.9414621676891616, 'ppi+0.7+15660': 0.9427882157464211, 'ppi+0.75+200': 0.6553872699386503, 'ppi+0.75+4698': 0.9412491479209271, 'ppi+0.75+15660': 0.9426710548738922, 'ppi+0.8+200': 0.6568145023858214, 'ppi+0.8+4698': 0.939433154396728, 'ppi+0.8+15660': 0.9423009330265849, 'ppi+0.85+200': 0.6582417348329924, 'ppi+0.85+4698': 0.9382136162235856, 'ppi+0.85+15660': 0.9416592109747784, 'ppi+0.9+200': 0.6598686733128833, 'ppi+0.9+4698': 0.9063538471370143, 'ppi+0.9+15660': 0.9412970773687798, 'all+0.6+200': 0.7494594623381051, 'all+0.6+4698': 0.9234779737559645, 'all+0.6+15660': 0.913055981595092, 'all+0.65+200': 0.7494594623381051, 'all+0.65+4698': 0.9234779737559645, 'all+0.65+15660': 0.913055981595092, 'all+0.7+200': 0.7503035531697342, 'all+0.7+4698': 0.9226152436946149, 'all+0.7+15660': 0.9133755112474438, 'all+0.75+200': 0.6770939843217452, 'all+0.75+4698': 0.9196382924335378, 'all+0.75+15660': 0.9155376618950238, 'all+0.8+200': 0.6803185710633948, 'all+0.8+4698': 0.910893830947512, 'all+0.8+15660': 0.919361366734833, 'all+0.85+200': 0.6449919052488071, 'all+0.85+4698': 0.8981872017723245, 'all+0.85+15660': 0.9226791496250851, 'all+0.9+200': 0.6501176934219497, 'all+0.9+4698': 0.8677546651329243, 'all+0.9+15660': 0.9234726482617587}] [{'uniport_ppi_2019+0.9+15661': 0.9758878008494574, 'ppi_2019_dw_40+0.9+15661': 0.9780999292118924, 'diffusion_2019+0.9+15661': 0.9701264354255151, 'uniport_bio+0.9+15661': 0.9083539798647161, 'uniport_seq+0.9+15661': 0.6399171189240207, 'uniport_esm+0.9+15661': 0.6614681650149441}, {'uniport_ppi_2019+0.9+15660': 0.9535403885480573, 'ppi_2019_dw_40+0.9+15660': 0.9512797162576687, 'diffusion_2019+0.9+15660': 0.95281612133606, 'uniport_bio+0.9+15660': 0.9043514613156101, 'uniport_seq+0.9+15660': 0.6844751192910702, 'uniport_esm+0.9+15660': 0.5990249020109065}, {'uniport_ppi_2019+0.9+15660': 0.9401041666666667, 'ppi_2019_dw_40+0.9+15660': 0.939092322767553, 'diffusion_2019+0.9+15660': 0.9204637440354464, 'uniport_bio+0.9+15660': 0.8426502854464895, 'uniport_seq+0.9+15660': 0.641980338275392, 'uniport_esm+0.9+15660': 0.6047604592706203}]
late fusion evaluation
ppi+0.8+15661 0.9798622581406324
all+0.9+15661 0.9635883671543181
late fusion bag 1 evaluation
ppi+0.6+15661 0.9794173745477427
all+0.9+15661 0.9646452729274815
late fusion bag 2 evaluation
[{'uniport_ppi_2019+0.9+15661': 0.9758878008494574}, {'uniport_ppi_2019+0.9+15660': 0.9535403885480573}, {'uniport_ppi_2019+0.9+15660': 0.9401041666666667}]
uniport_ppi_2019+0.9+15661 0.9758878008494574
[{'ppi_2019_dw_40+0.9+15661': 0.9780999292118924}, {'ppi_2019_dw_40+0.9+15660': 0.9512797162576687}, {'ppi_2019_dw_40+0.9+15660': 0.939092322767553}]
ppi_2019_dw_40+0.9+15661 0.9780999292118924
[{'diffusion_2019+0.9+15661': 0.9701264354255151}, {'diffusion_2019+0.9+15660': 0.95281612133606}, {'diffusion_2019+0.9+15660': 0.9204637440354464}]
diffusion_2019+0.9+15661 0.9701264354255151
[{'uniport_bio+0.9+15661': 0.9083539798647161}, {'uniport_bio+0.9+15660': 0.9043514613156101}, {'uniport_bio+0.9+15660': 0.8426502854464895}]
uniport_bio+0.9+15661 0.9083539798647161
[{'uniport_seq+0.9+15661': 0.6399171189240207}, {'uniport_seq+0.9+15660': 0.6844751192910702}, {'uniport_seq+0.9+15660': 0.641980338275392}]
uniport_seq+0.9+15660 0.6632277287832311
[{'uniport_esm+0.9+15661': 0.6614681650149441}, {'uniport_esm+0.9+15660': 0.5990249020109065}, {'uniport_esm+0.9+15660': 0.6047604592706203}]
uniport_esm+0.9+15661 0.6614681650149441
ICD10_M41 27
kernels existing
uniport_ppi_2019 {'C_num': 9, 'gamma_ratio': 2, 'gamma': '0.5052695526173884'} 0.6550852047748348 0.7643728222996516
ppi_2019_dw_40 {'C_num': 9, 'gamma_ratio': 2, 'gamma': '0.48138034733416246'} 0.6849787076820291 0.786851529229578
diffusion_2019 {'C_num': 1, 'gamma_ratio': '2', 'gamma': '2'} 0.687772293331748 0.7484675441992515
uniport_bio {'C_num': 9, 'gamma_ratio': 2, 'gamma': '0.5427586367192363'} 0.5235745979689898 0.7102771325332301
uniport_seq {'C_num': 1, 'gamma_ratio': 8, 'gamma': '0.05611004556505588'} 0.5900833637573043 0.6682717124790295
uniport_esm {'C_num': 81, 'gamma_ratio': 8, 'gamma': '0.02838808905526428'} 0.4330606771191088 0.6682717124790295
collect valid feature:  ['uniport_ppi_2019', 'ppi_2019_dw_40', 'diffusion_2019', 'uniport_bio', 'uniport_seq', 'uniport_esm']
evaluation
late fusion parameter choosen
[{'ppi+0.6+200': 0.6966600676927006, 'ppi+0.6+4700': 0.824609205923466, 'ppi+0.6+15668': 0.8363454456436129, 'ppi+0.65+200': 0.6966600676927006, 'ppi+0.65+4700': 0.824609205923466, 'ppi+0.65+15668': 0.8363454456436129, 'ppi+0.7+200': 0.6975328352172341, 'ppi+0.7+4700': 0.8271991258133413, 'ppi+0.7+15668': 0.8354301040934926, 'ppi+0.75+200': 0.698391411399905, 'ppi+0.75+4700': 0.8317119725255622, 'ppi+0.75+15668': 0.83407483094564, 'ppi+0.8+200': 0.6990903349866247, 'ppi+0.8+4700': 0.8342699618962471, 'ppi+0.8+15668': 0.832265434858193, 'ppi+0.85+200': 0.6490197330608596, 'ppi+0.85+4700': 0.8400068118440939, 'ppi+0.85+15668': 0.8385805819869298, 'ppi+0.9+200': 0.5988285047292646, 'ppi+0.9+4700': 0.8484861386068361, 'ppi+0.9+15668': 0.8246021102525348, 'all+0.6+200': 0.7352108478617196, 'all+0.6+4700': 0.8114857625362766, 'all+0.6+15668': 0.8217993202347248, 'all+0.65+200': 0.7352108478617196, 'all+0.65+4700': 0.8114857625362766, 'all+0.65+15668': 0.8217993202347248, 'all+0.7+200': 0.7373466448120002, 'all+0.7+4700': 0.8060575742739355, 'all+0.7+15668': 0.8218702769440364, 'all+0.75+200': 0.739294406482605, 'all+0.75+4700': 0.8032476885851942, 'all+0.75+15668': 0.8241196046292156, 'all+0.8+200': 0.7405148618827654, 'all+0.8+4700': 0.7976492042205051, 'all+0.8+15668': 0.8256948435759343, 'all+0.85+200': 0.6947797148959419, 'all+0.85+4700': 0.7952331282684434, 'all+0.85+15668': 0.8254819734479995, 'all+0.9+200': 0.7005059213373921, 'all+0.9+4700': 0.7911779523312827, 'all+0.9+15668': 0.8114786668653453}, {'ppi+0.6+200': 0.5981464333610064, 'ppi+0.6+4700': 0.7741314898780254, 'ppi+0.6+15667': 0.7801663580049811, 'ppi+0.65+200': 0.5981464333610064, 'ppi+0.65+4700': 0.7741314898780254, 'ppi+0.65+15667': 0.7801663580049811, 'ppi+0.7+200': 0.599990420844243, 'ppi+0.7+4700': 0.7757359984673351, 'ppi+0.7+15667': 0.7790328245737276, 'ppi+0.75+200': 0.6034149690273963, 'ppi+0.75+4700': 0.777991091385146, 'ppi+0.75+15667': 0.7768136534900059, 'ppi+0.8+200': 0.6065521425378377, 'ppi+0.8+4700': 0.7837146369499968, 'ppi+0.8+15667': 0.7743071077335717, 'ppi+0.85+200': 0.6098729165336229, 'ppi+0.85+4700': 0.7604332971454117, 'ppi+0.85+15667': 0.769541477744428, 'ppi+0.9+200': 0.6133852736445495, 'ppi+0.9+4700': 0.7672105498435404, 'ppi+0.9+15667': 0.774139472507823, 'all+0.6+200': 0.7080273325244268, 'all+0.6+4700': 0.8313749281563318, 'all+0.6+15667': 0.7680966217510696, 'all+0.65+200': 0.7080273325244268, 'all+0.65+4700': 0.8313749281563318, 'all+0.65+15667': 0.7680966217510696, 'all+0.7+200': 0.7110407752730059, 'all+0.7+4700': 0.835294399386934, 'all+0.7+15667': 0.77110607318475, 'all+0.75+200': 0.7154631521808544, 'all+0.75+4700': 0.8437080911935628, 'all+0.75+15667': 0.7811402388402835, 'all+0.8+200': 0.7206079570853822, 'all+0.8+4700': 0.8538380484066671, 'all+0.8+15667': 0.7970336547672265, 'all+0.85+200': 0.7253895523341211, 'all+0.85+4700': 0.8586276262852034, 'all+0.85+15667': 0.8153937033016156, 'all+0.9+200': 0.7304824701449646, 'all+0.9+4700': 0.8500423079379271, 'all+0.9+15667': 0.8313829107861294}, {'ppi+0.6+200': 0.5994396193882113, 'ppi+0.6+4700': 0.7707787853630499, 'ppi+0.6+15667': 0.7950699278370267, 'ppi+0.65+200': 0.5994396193882113, 'ppi+0.65+4700': 0.7707787853630499, 'ppi+0.65+15667': 0.7950699278370267, 'ppi+0.7+200': 0.6013474679098283, 'ppi+0.7+4700': 0.7718364838112267, 'ppi+0.7+15667': 0.7950060667986462, 'ppi+0.75+200': 0.6036065521425378, 'ppi+0.75+4700': 0.7705432977840219, 'ppi+0.75+15667': 0.7932019924643975, 'ppi+0.8+200': 0.6068634650999425, 'ppi+0.8+4700': 0.762983747365732, 'ppi+0.8+15667': 0.7917810843604316, 'ppi+0.85+200': 0.6101084041126509, 'ppi+0.85+4700': 0.7304824701449646, 'ppi+0.85+15667': 0.7804657066223897, 'ppi+0.9+200': 0.6135608915000959, 'ppi+0.9+4700': 0.7072091129701769, 'ppi+0.9+15667': 0.7707747940481513, 'all+0.6+200': 0.6981687847244397, 'all+0.6+4700': 0.7602936011239543, 'all+0.6+15667': 0.7762309215147839, 'all+0.65+200': 0.6981687847244397, 'all+0.65+4700': 0.7602936011239543, 'all+0.65+15667': 0.7762309215147839, 'all+0.7+200': 0.6458027332524426, 'all+0.7+4700': 0.7574238457117313, 'all+0.7+15667': 0.7756002937607765, 'all+0.75+200': 0.649231272750495, 'all+0.75+4700': 0.7512452902484195, 'all+0.75+15667': 0.7722875023947889, 'all+0.8+200': 0.6547672265151033, 'all+0.8+4700': 0.7416342039721566, 'all+0.8+15667': 0.770180088128233, 'all+0.85+200': 0.6599359793090235, 'all+0.85+4700': 0.7225477361261894, 'all+0.85+15667': 0.765965259595121, 'all+0.9+200': 0.6074062839261767, 'all+0.9+4700': 0.7414266555974199, 'all+0.9+15667': 0.7603055750686507}] [{'uniport_ppi_2019+0.9+15668': 0.8054686335866488, 'ppi_2019_dw_40+0.9+15668': 0.8276993706139885, 'diffusion_2019+0.9+15668': 0.8245559883914825, 'uniport_bio+0.9+15668': 0.6761571265370998, 'uniport_seq+0.9+15668': 0.6802087546387948, 'uniport_esm+0.9+15668': 0.6754262724311897}, {'uniport_ppi_2019+0.9+15667': 0.7418337697170956, 'ppi_2019_dw_40+0.9+15667': 0.7462800945143369, 'diffusion_2019+0.9+15667': 0.8045692572961236, 'uniport_bio+0.9+15667': 0.743278625710454, 'uniport_seq+0.9+15667': 0.5048853694361071, 'uniport_esm+0.9+15667': 0.6685691934350853}, {'uniport_ppi_2019+0.9+15667': 0.6943012005875215, 'ppi_2019_dw_40+0.9+15667': 0.7962593396768631, 'diffusion_2019+0.9+15667': 0.7490261191646977, 'uniport_bio+0.9+15667': 0.8202631074781277, 'uniport_seq+0.9+15667': 0.6355091321284884, 'uniport_esm+0.9+15667': 0.6199948911169295}]
late fusion evaluation
ppi+0.6+15668 0.8478049541974442
all+0.85+15668 0.8277596838169032
late fusion bag 1 evaluation
ppi+0.85+15668 0.8385805819869298
all+0.8+15668 0.8256948435759343
late fusion bag 2 evaluation
[{'uniport_ppi_2019+0.9+15668': 0.8054686335866488}, {'uniport_ppi_2019+0.9+15667': 0.7418337697170956}, {'uniport_ppi_2019+0.9+15667': 0.6943012005875215}]
uniport_ppi_2019+0.9+15668 0.8054686335866488
[{'ppi_2019_dw_40+0.9+15668': 0.8276993706139885}, {'ppi_2019_dw_40+0.9+15667': 0.7462800945143369}, {'ppi_2019_dw_40+0.9+15667': 0.7962593396768631}]
ppi_2019_dw_40+0.9+15668 0.8276993706139885
[{'diffusion_2019+0.9+15668': 0.8245559883914825}, {'diffusion_2019+0.9+15667': 0.8045692572961236}, {'diffusion_2019+0.9+15667': 0.7490261191646977}]
diffusion_2019+0.9+15668 0.8245559883914825
[{'uniport_bio+0.9+15668': 0.6761571265370998}, {'uniport_bio+0.9+15667': 0.743278625710454}, {'uniport_bio+0.9+15667': 0.8202631074781277}]
uniport_bio+0.9+15667 0.7817708665942908
[{'uniport_seq+0.9+15668': 0.6802087546387948}, {'uniport_seq+0.9+15667': 0.5048853694361071}, {'uniport_seq+0.9+15667': 0.6355091321284884}]
uniport_seq+0.9+15668 0.6802087546387948
[{'uniport_esm+0.9+15668': 0.6754262724311897}, {'uniport_esm+0.9+15667': 0.6685691934350853}, {'uniport_esm+0.9+15667': 0.6199948911169295}]
uniport_esm+0.9+15668 0.6754262724311897
ICD10_N04 73
kernels existing
uniport_ppi_2019 {'C_num': 1, 'gamma_ratio': 2, 'gamma': '0.5052695526173884'} 0.7592800749360621 0.8436998114190768
ppi_2019_dw_40 {'C_num': 3, 'gamma_ratio': 8, 'gamma': '0.12034508683354062'} 0.6858481674665606 0.7825558374658824
diffusion_2019 {'C_num': 1, 'gamma_ratio': '2', 'gamma': '2'} 0.7585932026381693 0.8324864010302542
uniport_bio {'C_num': 1, 'gamma_ratio': 8, 'gamma': '0.13568965917980907'} 0.716154011772206 0.8037479657607095
uniport_seq {'C_num': 1, 'gamma_ratio': 2, 'gamma': '0.22444018226022353'} 0.44979717878850156 0.6233751446926109
uniport_esm {'C_num': 3, 'gamma_ratio': 2, 'gamma': '0.11355235622105712'} 0.3978270816976836 0.6670010347390408
collect valid feature:  ['uniport_ppi_2019', 'ppi_2019_dw_40', 'diffusion_2019', 'uniport_bio', 'uniport_seq', 'uniport_esm']
evaluation
late fusion parameter choosen
[{'ppi+0.6+200': 0.7726227075727493, 'ppi+0.6+4691': 0.9099254894425586, 'ppi+0.6+15637': 0.916043521424454, 'ppi+0.65+200': 0.7726227075727493, 'ppi+0.65+4691': 0.9099254894425586, 'ppi+0.65+15637': 0.916043521424454, 'ppi+0.7+200': 0.7735434146758043, 'ppi+0.7+4691': 0.9074582612779948, 'ppi+0.7+15637': 0.9156712355088709, 'ppi+0.75+200': 0.7743867290078781, 'ppi+0.75+4691': 0.8998150579645168, 'ppi+0.75+15637': 0.9153269711138154, 'ppi+0.8+200': 0.7353380729733768, 'ppi+0.8+4691': 0.8973291487862679, 'ppi+0.8+15637': 0.9168961762633703, 'ppi+0.85+200': 0.6971807681632828, 'ppi+0.85+4691': 0.8750747240547407, 'ppi+0.85+15637': 0.917165716603685, 'ppi+0.9+200': 0.6790615192467815, 'ppi+0.9+4691': 0.8823029419927837, 'ppi+0.9+15637': 0.9099281581587992, 'all+0.6+200': 0.8845433292768847, 'all+0.6+4691': 0.9356786011656951, 'all+0.6+15637': 0.9393320736992677, 'all+0.65+200': 0.8845433292768847, 'all+0.65+4691': 0.9356786011656951, 'all+0.65+15637': 0.9393320736992677, 'all+0.7+200': 0.8852678857362454, 'all+0.7+4691': 0.9353663613655288, 'all+0.7+15637': 0.9395589145797306, 'all+0.75+200': 0.885410662055125, 'all+0.75+4691': 0.9368541706697411, 'all+0.75+15637': 0.9405943764811375, 'all+0.8+200': 0.8299961036742886, 'all+0.8+4691': 0.9377708746984351, 'all+0.8+15637': 0.9425505454855997, 'all+0.85+200': 0.7936388479685732, 'all+0.85+4691': 0.9367687717500374, 'all+0.85+15637': 0.9421022011571554, 'all+0.9+200': 0.7768379448749975, 'all+0.9+4691': 0.9298527936121608, 'all+0.9+15637': 0.9356732637332138}, {'ppi+0.6+200': 0.7362370822530834, 'ppi+0.6+4690': 0.77226892862414, 'ppi+0.6+15636': 0.7894563894636298, 'ppi+0.65+200': 0.7362370822530834, 'ppi+0.65+4690': 0.77226892862414, 'ppi+0.65+15636': 0.7894563894636298, 'ppi+0.7+200': 0.6964235489377582, 'ppi+0.7+4690': 0.7750745616111434, 'ppi+0.7+15636': 0.7890108298825672, 'ppi+0.75+200': 0.6781291510140657, 'ppi+0.75+4690': 0.7826824914577873, 'ppi+0.75+15636': 0.7889829824087509, 'ppi+0.8+200': 0.6809668085959582, 'ppi+0.8+4690': 0.791209387940373, 'ppi+0.8+15636': 0.787909462293128, 'ppi+0.85+200': 0.6632210059064492, 'ppi+0.85+4690': 0.8051818579277581, 'ppi+0.85+15636': 0.7786292916438086, 'ppi+0.9+200': 0.6453944455428726, 'ppi+0.9+4690': 0.7832756426500769, 'ppi+0.9+15636': 0.7722661438767582, 'all+0.6+200': 0.7810172125235662, 'all+0.6+4690': 0.8021255976764068, 'all+0.6+15636': 0.7746164706668635, 'all+0.65+200': 0.7810172125235662, 'all+0.65+4690': 0.8021255976764068, 'all+0.65+15636': 0.7746164706668635, 'all+0.7+200': 0.7641486052592739, 'all+0.7+4690': 0.8048017399101641, 'all+0.7+15636': 0.7754212626601578, 'all+0.75+200': 0.7285066235216473, 'all+0.75+4690': 0.8095372028326451, 'all+0.75+15636': 0.7813778373094885, 'all+0.8+200': 0.7332685415442538, 'all+0.8+4690': 0.8154478291501787, 'all+0.8+15636': 0.7901609305511851, 'all+0.85+200': 0.7179496461978451, 'all+0.85+4690': 0.8240304205803971, 'all+0.85+15636': 0.7965547105394334, 'all+0.9+200': 0.6815460360513397, 'all+0.9+4690': 0.8314308867471087, 'all+0.9+15636': 0.8021200281816435}, {'ppi+0.6+200': 0.8045761753722511, 'ppi+0.6+4690': 0.8507236166071195, 'ppi+0.6+15636': 0.8488745443457097, 'ppi+0.65+200': 0.8045761753722511, 'ppi+0.65+4690': 0.8507236166071195, 'ppi+0.65+15636': 0.8488745443457097, 'ppi+0.7+200': 0.7647515030673993, 'ppi+0.7+4690': 0.8522218106984425, 'ppi+0.7+15636': 0.8484150610277389, 'ppi+0.75+200': 0.7658097070724229, 'ppi+0.75+4690': 0.8539163294801713, 'ppi+0.75+15636': 0.8487269527344827, 'ppi+0.8+200': 0.7665170329073598, 'ppi+0.8+4690': 0.8466676320457589, 'ppi+0.8+15636': 0.8480975998262318, 'ppi+0.85+200': 0.7271588057889328, 'ppi+0.85+4690': 0.8270254163893522, 'ppi+0.85+15636': 0.8448436225107839, 'ppi+0.9+200': 0.7087766883227188, 'ppi+0.9+4690': 0.8183843452641193, 'ppi+0.9+15636': 0.8507180471123562, 'all+0.6+200': 0.8118791753806054, 'all+0.6+4690': 0.8781979342743923, 'all+0.6+15636': 0.867796902803962, 'all+0.65+200': 0.8118791753806054, 'all+0.65+4690': 0.8781979342743923, 'all+0.65+15636': 0.867796902803962, 'all+0.7+200': 0.7942169151125456, 'all+0.7+4690': 0.8779500917574262, 'all+0.7+15636': 0.8685571388391502, 'all+0.75+200': 0.7961634535323129, 'all+0.75+4690': 0.876872394520731, 'all+0.75+15636': 0.8726089462794382, 'all+0.8+200': 0.7974541839437036, 'all+0.8+4690': 0.8754660970930023, 'all+0.8+15636': 0.8767220181621225, 'all+0.85+200': 0.7613429722722701, 'all+0.85+4690': 0.8704438051902121, 'all+0.85+15636': 0.8779027510519384, 'all+0.9+200': 0.7449463796891665, 'all+0.9+4690': 0.8756220429463741, 'all+0.9+15636': 0.8781993266480832}] [{'uniport_ppi_2019+0.9+15637': 0.893869158180149, 'ppi_2019_dw_40+0.9+15637': 0.826306603471466, 'diffusion_2019+0.9+15637': 0.9318650056576786, 'uniport_bio+0.9+15637': 0.8981964815645083, 'uniport_seq+0.9+15637': 0.7541164948013408, 'uniport_esm+0.9+15637': 0.7470604090608254}, {'uniport_ppi_2019+0.9+15636': 0.8075391465863173, 'ppi_2019_dw_40+0.9+15636': 0.74235656462424, 'diffusion_2019+0.9+15636': 0.8110966613663643, 'uniport_bio+0.9+15636': 0.736193918668668, 'uniport_seq+0.9+15636': 0.6465236606061281, 'uniport_esm+0.9+15636': 0.6864276982113567}, {'uniport_ppi_2019+0.9+15636': 0.8581435760055026, 'ppi_2019_dw_40+0.9+15636': 0.8281783018053517, 'diffusion_2019+0.9+15636': 0.7804686172893825, 'uniport_bio+0.9+15636': 0.8459157502527158, 'uniport_seq+0.9+15636': 0.7221058816649447, 'uniport_esm+0.9+15636': 0.6970167001300477}]
late fusion evaluation
ppi+0.75+4691 0.931245863489827
all+0.85+15637 0.9454807959179317
late fusion bag 1 evaluation
ppi+0.85+15637 0.917165716603685
all+0.8+15637 0.9425505454855997
late fusion bag 2 evaluation
[{'uniport_ppi_2019+0.9+15637': 0.893869158180149}, {'uniport_ppi_2019+0.9+15636': 0.8075391465863173}, {'uniport_ppi_2019+0.9+15636': 0.8581435760055026}]
uniport_ppi_2019+0.9+15637 0.893869158180149
[{'ppi_2019_dw_40+0.9+15637': 0.826306603471466}, {'ppi_2019_dw_40+0.9+15636': 0.74235656462424}, {'ppi_2019_dw_40+0.9+15636': 0.8281783018053517}]
ppi_2019_dw_40+0.9+15637 0.826306603471466
[{'diffusion_2019+0.9+15637': 0.9318650056576786}, {'diffusion_2019+0.9+15636': 0.8110966613663643}, {'diffusion_2019+0.9+15636': 0.7804686172893825}]
diffusion_2019+0.9+15637 0.9318650056576786
[{'uniport_bio+0.9+15637': 0.8981964815645083}, {'uniport_bio+0.9+15636': 0.736193918668668}, {'uniport_bio+0.9+15636': 0.8459157502527158}]
uniport_bio+0.9+15637 0.8981964815645083
[{'uniport_seq+0.9+15637': 0.7541164948013408}, {'uniport_seq+0.9+15636': 0.6465236606061281}, {'uniport_seq+0.9+15636': 0.7221058816649447}]
uniport_seq+0.9+15637 0.7541164948013408
[{'uniport_esm+0.9+15637': 0.7470604090608254}, {'uniport_esm+0.9+15636': 0.6864276982113567}, {'uniport_esm+0.9+15636': 0.6970167001300477}]
uniport_esm+0.9+15637 0.7470604090608254
ICD10_N17 88
kernels existing
uniport_ppi_2019 {'C_num': 1, 'gamma_ratio': 4, 'gamma': '0.2526347763086942'} 0.899136631903621 0.9549461190192083
ppi_2019_dw_40 {'C_num': 1, 'gamma_ratio': 8, 'gamma': '0.12034508683354062'} 0.9008828270561597 0.9484761397231422
diffusion_2019 {'C_num': 1, 'gamma_ratio': '2', 'gamma': '2'} 0.8978768387375174 0.9545806419046956
uniport_bio {'C_num': 1, 'gamma_ratio': 2, 'gamma': '0.5427586367192363'} 0.7628853459029882 0.900491752905474
uniport_seq {'C_num': 81, 'gamma_ratio': 8, 'gamma': '0.05611004556505588'} 0.6231045079240395 0.808400484581279
uniport_esm {'C_num': 3, 'gamma_ratio': 8, 'gamma': '0.02838808905526428'} 0.590509949864004 0.7969673950280769
collect valid feature:  ['uniport_ppi_2019', 'ppi_2019_dw_40', 'diffusion_2019', 'uniport_bio', 'uniport_seq', 'uniport_esm']
evaluation
late fusion parameter choosen
[{'ppi+0.6+200': 0.8658401718168997, 'ppi+0.6+4687': 0.9524847507922262, 'ppi+0.6+15626': 0.9572930595497591, 'ppi+0.65+200': 0.8658401718168997, 'ppi+0.65+4687': 0.9524847507922262, 'ppi+0.65+15626': 0.9572930595497591, 'ppi+0.7+200': 0.8659100067774257, 'ppi+0.7+4687': 0.9519031743996482, 'ppi+0.7+15626': 0.9571167548953162, 'ppi+0.75+200': 0.8487386203359406, 'ppi+0.75+4687': 0.9516810763284671, 'ppi+0.75+15626': 0.9567023244738336, 'ppi+0.8+200': 0.8317641455864305, 'ppi+0.8+4687': 0.9516948143534885, 'ppi+0.8+15626': 0.9559215467184438, 'ppi+0.85+200': 0.7975175388786109, 'ppi+0.85+4687': 0.9383838129430513, 'ppi+0.85+15626': 0.9542317696407965, 'ppi+0.9+200': 0.7634300642939571, 'ppi+0.9+4687': 0.9253372685142784, 'ppi+0.9+15626': 0.952484750792226, 'all+0.6+200': 0.9083753869543715, 'all+0.6+4687': 0.9579547744216291, 'all+0.6+15626': 0.9516650486326086, 'all+0.65+200': 0.9083753869543715, 'all+0.65+4687': 0.9579547744216291, 'all+0.65+15626': 0.9516650486326086, 'all+0.7+200': 0.9077480171450552, 'all+0.7+4687': 0.9583806531972964, 'all+0.7+15626': 0.9517543457952484, 'all+0.75+200': 0.8902217317238474, 'all+0.75+4687': 0.9588443115417727, 'all+0.75+15626': 0.9526633451175059, 'all+0.8+200': 0.8736181836499184, 'all+0.8+4687': 0.9582100727199457, 'all+0.8+15626': 0.9541928452365688, 'all+0.85+200': 0.8414609015807887, 'all+0.85+4687': 0.9567435385488983, 'all+0.85+15626': 0.955484219588592, 'all+0.9+200': 0.8093036195116591, 'all+0.9+4687': 0.9513925778030152, 'all+0.9+15626': 0.9579547744216292}, {'ppi+0.6+200': 0.8458696627772793, 'ppi+0.6+4687': 0.9501767625886102, 'ppi+0.6+15626': 0.956690876119649, 'ppi+0.65+200': 0.8458696627772793, 'ppi+0.65+4687': 0.9501767625886102, 'ppi+0.65+15626': 0.956690876119649, 'ppi+0.7+200': 0.8289341124319968, 'ppi+0.7+4687': 0.9504309160515085, 'ppi+0.7+15626': 0.95642985364424, 'ppi+0.75+200': 0.8297114556811314, 'ppi+0.75+4687': 0.9507720770062096, 'ppi+0.75+15626': 0.95582767021413, 'ppi+0.8+200': 0.7783381111131463, 'ppi+0.8+4687': 0.9364879654900813, 'ppi+0.8+15626': 0.9548293737292327, 'ppi+0.85+200': 0.7439804553697361, 'ppi+0.85+4687': 0.9282554539959335, 'ppi+0.85+15626': 0.9522626527210448, 'ppi+0.9+200': 0.7096811862326672, 'ppi+0.9+4687': 0.9324020478815965, 'ppi+0.9+15626': 0.9501744729177733, 'all+0.6+200': 0.9358170919348634, 'all+0.6+4687': 0.9577464143754694, 'all+0.6+15626': 0.9566656897404429, 'all+0.65+200': 0.9358170919348634, 'all+0.65+4687': 0.9577464143754694, 'all+0.65+15626': 0.9566656897404429, 'all+0.7+200': 0.9026248786474457, 'all+0.7+4687': 0.9576571172128294, 'all+0.7+15626': 0.9565077024526955, 'all+0.75+200': 0.886258311505138, 'all+0.75+4687': 0.9576456688586449, 'all+0.75+15626': 0.9567137728280183, 'all+0.8+200': 0.8211229003718424, 'all+0.8+4687': 0.958076126975986, 'all+0.8+15626': 0.9570686718077409, 'all+0.85+200': 0.822492123532321, 'all+0.85+4687': 0.9579982781675307, 'all+0.85+15626': 0.9573640393457037, 'all+0.9+200': 0.7558443848112395, 'all+0.9+4687': 0.9496833385232539, 'all+0.9+15626': 0.9577464143754694}, {'ppi+0.6+200': 0.8048550858847051, 'ppi+0.6+4687': 0.974469661352595, 'ppi+0.6+15625': 0.9769462371719072, 'ppi+0.65+200': 0.8048550858847051, 'ppi+0.65+4687': 0.974469661352595, 'ppi+0.65+15625': 0.9769462371719072, 'ppi+0.7+200': 0.8054380191192603, 'ppi+0.7+4687': 0.9741989713780969, 'ppi+0.7+15625': 0.97668029614433, 'ppi+0.75+200': 0.7700749858718828, 'ppi+0.75+4687': 0.9736243488006534, 'ppi+0.75+15625': 0.9762220227664515, 'ppi+0.8+200': 0.7528268106547373, 'ppi+0.8+4687': 0.9729832409663157, 'ppi+0.8+15625': 0.9757305067601258, 'ppi+0.85+200': 0.7537267360962706, 'ppi+0.85+4687': 0.9732942969896424, 'ppi+0.85+15625': 0.9752081225988137, 'ppi+0.9+200': 0.7182639749635518, 'ppi+0.9+4687': 0.9730639730639732, 'ppi+0.9+15625': 0.9744696613525952, 'all+0.6+200': 0.9170620164978416, 'all+0.6+4687': 0.9681179448457304, 'all+0.6+15625': 0.9631719166274878, 'all+0.65+200': 0.9170620164978416, 'all+0.65+4687': 0.9681179448457304, 'all+0.65+15625': 0.9631719166274878, 'all+0.7+200': 0.900511936478086, 'all+0.7+4687': 0.9683625156121629, 'all+0.7+15625': 0.963224155043619, 'all+0.75+200': 0.8497931833615896, 'all+0.75+4687': 0.9686878184762528, 'all+0.75+15625': 0.9638486415637333, 'all+0.8+200': 0.8339815645880526, 'all+0.8+4687': 0.9683316474571764, 'all+0.8+15625': 0.964964644090173, 'all+0.85+200': 0.8352744653873004, 'all+0.85+4687': 0.9678353825039298, 'all+0.85+15625': 0.9665697881494779, 'all+0.9+200': 0.7663209433308164, 'all+0.9+4687': 0.9654490366761174, 'all+0.9+15625': 0.9681108214253489}] [{'uniport_ppi_2019+0.9+15626': 0.9432963017236641, 'ppi_2019_dw_40+0.9+15626': 0.9507091110581942, 'diffusion_2019+0.9+15626': 0.9435676277178393, 'uniport_bio+0.9+15626': 0.8973769530892239, 'uniport_seq+0.9+15626': 0.8295797996080083, 'uniport_esm+0.9+15626': 0.8299003535251772}, {'uniport_ppi_2019+0.9+15626': 0.9503084186617333, 'ppi_2019_dw_40+0.9+15626': 0.9425097997911821, 'diffusion_2019+0.9+15626': 0.9406322697049072, 'uniport_bio+0.9+15626': 0.9065058707160258, 'uniport_seq+0.9+15626': 0.826543696078252, 'uniport_esm+0.9+15626': 0.8647571575110362}, {'uniport_ppi_2019+0.9+15625': 0.9751903140478597, 'ppi_2019_dw_40+0.9+15625': 0.9727980320363959, 'diffusion_2019+0.9+15625': 0.9651308572324088, 'uniport_bio+0.9+15625': 0.9049830700042267, 'uniport_seq+0.9+15625': 0.8531174462063037, 'uniport_esm+0.9+15625': 0.8394452280206863}]
late fusion evaluation
ppi+0.7+15625 0.981563400815869
all+0.9+15625 0.9701101280790985
late fusion bag 1 evaluation
ppi+0.6+15625 0.9769462371719072
all+0.9+15625 0.9681108214253489
late fusion bag 2 evaluation
[{'uniport_ppi_2019+0.9+15626': 0.9432963017236641}, {'uniport_ppi_2019+0.9+15626': 0.9503084186617333}, {'uniport_ppi_2019+0.9+15625': 0.9751903140478597}]
uniport_ppi_2019+0.9+15625 0.9751903140478597
[{'ppi_2019_dw_40+0.9+15626': 0.9507091110581942}, {'ppi_2019_dw_40+0.9+15626': 0.9425097997911821}, {'ppi_2019_dw_40+0.9+15625': 0.9727980320363959}]
ppi_2019_dw_40+0.9+15625 0.9727980320363959
[{'diffusion_2019+0.9+15626': 0.9435676277178393}, {'diffusion_2019+0.9+15626': 0.9406322697049072}, {'diffusion_2019+0.9+15625': 0.9651308572324088}]
diffusion_2019+0.9+15625 0.9651308572324088
[{'uniport_bio+0.9+15626': 0.8973769530892239}, {'uniport_bio+0.9+15626': 0.9065058707160258}, {'uniport_bio+0.9+15625': 0.9049830700042267}]
uniport_bio+0.9+15625 0.9049830700042267
[{'uniport_seq+0.9+15626': 0.8295797996080083}, {'uniport_seq+0.9+15626': 0.826543696078252}, {'uniport_seq+0.9+15625': 0.8531174462063037}]
uniport_seq+0.9+15625 0.8531174462063037
[{'uniport_esm+0.9+15626': 0.8299003535251772}, {'uniport_esm+0.9+15626': 0.8647571575110362}, {'uniport_esm+0.9+15625': 0.8394452280206863}]
uniport_esm+0.9+15626 0.8473287555181067
ICD10_N18 91
kernels existing
uniport_ppi_2019 {'C_num': 1, 'gamma_ratio': 2, 'gamma': '0.5052695526173884'} 0.9400609910498168 0.968555167062457
ppi_2019_dw_40 {'C_num': 1, 'gamma_ratio': 2, 'gamma': '0.48138034733416246'} 0.9379893909357313 0.9693719407905937
diffusion_2019 {'C_num': 3, 'gamma_ratio': '2', 'gamma': '2'} 0.9391141954457846 0.9683849841510105
uniport_bio {'C_num': 1, 'gamma_ratio': 2, 'gamma': '0.5427586367192363'} 0.8358568363214677 0.9338895942922788
uniport_seq {'C_num': 3, 'gamma_ratio': 8, 'gamma': '0.05611004556505588'} 0.6334588865328925 0.8219037656031407
uniport_esm {'C_num': 3, 'gamma_ratio': 8, 'gamma': '0.02838808905526428'} 0.6781271770725271 0.7880638796630466
collect valid feature:  ['uniport_ppi_2019', 'ppi_2019_dw_40', 'diffusion_2019', 'uniport_bio', 'uniport_seq', 'uniport_esm']
evaluation
late fusion parameter choosen
[{'ppi+0.6+200': 0.8588714331516513, 'ppi+0.6+4687': 0.9774201132841722, 'ppi+0.6+15625': 0.9787324997328204, 'ppi+0.65+200': 0.8588714331516513, 'ppi+0.65+4687': 0.9774201132841722, 'ppi+0.65+15625': 0.9787324997328204, 'ppi+0.7+200': 0.859234797477824, 'ppi+0.7+4687': 0.9771144597627444, 'ppi+0.7+15625': 0.9785529550069467, 'ppi+0.75+200': 0.8435748637383776, 'ppi+0.75+4687': 0.9760286416586512, 'ppi+0.75+15625': 0.9782558512343701, 'ppi+0.8+200': 0.8278059207010794, 'ppi+0.8+4687': 0.9758950518328524, 'ppi+0.8+15625': 0.9781468419365181, 'ppi+0.85+200': 0.7955370310997114, 'ppi+0.85+4687': 0.9770546115207865, 'ppi+0.85+15625': 0.9779288233408143, 'ppi+0.9+200': 0.7798781660788714, 'ppi+0.9+4687': 0.9657849738163942, 'ppi+0.9+15625': 0.9774201132841723, 'all+0.6+200': 0.9176370631612696, 'all+0.6+4687': 0.9677054611520787, 'all+0.6+15625': 0.9619044565565886, 'all+0.65+200': 0.9176370631612696, 'all+0.65+4687': 0.9677054611520787, 'all+0.65+15625': 0.9619044565565886, 'all+0.7+200': 0.9180934060061986, 'all+0.7+4687': 0.9679192048733568, 'all+0.7+15625': 0.9618168216308647, 'all+0.75+200': 0.8718681201239713, 'all+0.75+4687': 0.9682740194506786, 'all+0.75+15625': 0.9620946884685263, 'all+0.8+200': 0.8728908838302876, 'all+0.8+4687': 0.9691674682056215, 'all+0.8+15625': 0.9632189804424495, 'all+0.85+200': 0.8736282996686973, 'all+0.85+4687': 0.9701485518862882, 'all+0.85+15625': 0.9653179437854014, 'all+0.9+200': 0.8580378326386663, 'all+0.9+4687': 0.9694592283851664, 'all+0.9+15625': 0.9677033237148659}, {'ppi+0.6+200': 0.7748402265683445, 'ppi+0.6+4687': 0.9644715186491396, 'ppi+0.6+15625': 0.9669936945602222, 'ppi+0.65+200': 0.7748402265683445, 'ppi+0.65+4687': 0.9644715186491396, 'ppi+0.65+15625': 0.9669936945602222, 'ppi+0.7+200': 0.775448327455381, 'ppi+0.7+4687': 0.9642086138719675, 'ppi+0.7+15625': 0.966741476969114, 'ppi+0.75+200': 0.7761590253286309, 'ppi+0.75+4687': 0.9638901357272631, 'ppi+0.75+15625': 0.9662562787218125, 'ppi+0.8+200': 0.7769744576253073, 'ppi+0.8+4687': 0.9637319653735171, 'ppi+0.8+15625': 0.9657497061023832, 'ppi+0.85+200': 0.7778871433151652, 'ppi+0.85+4687': 0.9632221865982686, 'ppi+0.85+15625': 0.9651768729293577, 'ppi+0.9+200': 0.7622432403548145, 'ppi+0.9+4687': 0.962933632574543, 'ppi+0.9+15625': 0.9644715186491396, 'all+0.6+200': 0.8311392540344127, 'all+0.6+4687': 0.9580047023618682, 'all+0.6+15625': 0.9514203270278935, 'all+0.65+200': 0.8311392540344127, 'all+0.65+4687': 0.9580047023618682, 'all+0.65+15625': 0.9514203270278935, 'all+0.7+200': 0.8320006412311638, 'all+0.7+4687': 0.9578305012290265, 'all+0.7+15625': 0.9516704071817891, 'all+0.75+200': 0.8327861494068612, 'all+0.75+4687': 0.9572875921769798, 'all+0.75+15625': 0.9530469167468206, 'all+0.8+200': 0.8341038794485411, 'all+0.8+4687': 0.9560778027145453, 'all+0.8+15625': 0.954620070535428, 'all+0.85+200': 0.81957358127605, 'all+0.85+4687': 0.9524078230201989, 'all+0.85+15625': 0.956530939403655, 'all+0.9+200': 0.7885059313882655, 'all+0.9+4687': 0.9433290584589077, 'all+0.9+15625': 0.9580121833921128}, {'ppi+0.6+200': 0.834330189826536, 'ppi+0.6+4687': 0.9579562415009232, 'ppi+0.6+15624': 0.9660899271428729, 'ppi+0.65+200': 0.834330189826536, 'ppi+0.65+4687': 0.9579562415009232, 'ppi+0.65+15624': 0.9660899271428729, 'ppi+0.7+200': 0.8179810062906988, 'ppi+0.7+4687': 0.9510829067672, 'ppi+0.7+15624': 0.9658268012515063, 'ppi+0.75+200': 0.8018551480912317, 'ppi+0.75+4687': 0.9527224685188667, 'ppi+0.75+15624': 0.9652165260748914, 'ppi+0.8+200': 0.768807420592365, 'ppi+0.8+4687': 0.9544162032481676, 'ppi+0.8+15624': 0.9639340637472223, 'ppi+0.85+200': 0.7527390520834484, 'ppi+0.85+4687': 0.9560845098451095, 'ppi+0.85+15624': 0.961756088932129, 'ppi+0.9+200': 0.7196371516069473, 'ppi+0.9+4687': 0.9568208201125472, 'ppi+0.9+15624': 0.9579584526428675, 'all+0.6+200': 0.9082796210102707, 'all+0.6+4687': 0.9655504085084743, 'all+0.6+15624': 0.955743993985694, 'all+0.65+200': 0.9082796210102707, 'all+0.65+4687': 0.9655504085084743, 'all+0.65+15624': 0.955743993985694, 'all+0.7+200': 0.8770406076218062, 'all+0.7+4687': 0.9668660379653071, 'all+0.7+15624': 0.9557373605598611, 'all+0.75+200': 0.8621209273529313, 'all+0.75+4687': 0.9688538545731943, 'all+0.75+15624': 0.9562967794717582, 'all+0.8+200': 0.8306132602182397, 'all+0.8+4687': 0.9708085040519175, 'all+0.8+15624': 0.9580656930271639, 'all+0.85+200': 0.8155631225746536, 'all+0.85+4687': 0.9724381156648352, 'all+0.85+15624': 0.9611038020585732, 'all+0.9+200': 0.816916341444539, 'all+0.9+4687': 0.9717283391007285, 'all+0.9+15624': 0.96554819736653}] [{'uniport_ppi_2019+0.9+15625': 0.968673720209469, 'ppi_2019_dw_40+0.9+15625': 0.9775162979587475, 'diffusion_2019+0.9+15625': 0.9770823982045528, 'uniport_bio+0.9+15625': 0.9223661429945496, 'uniport_seq+0.9+15625': 0.8210420006412311, 'uniport_esm+0.9+15625': 0.8175333974564497}, {'uniport_ppi_2019+0.9+15625': 0.9639670834669232, 'ppi_2019_dw_40+0.9+15625': 0.9612910120765201, 'diffusion_2019+0.9+15625': 0.9569285027252324, 'uniport_bio+0.9+15625': 0.9164315485732608, 'uniport_seq+0.9+15625': 0.8226140857112323, 'uniport_esm+0.9+15625': 0.7955861921556056}, {'uniport_ppi_2019+0.9+15624': 0.9484803926988093, 'ppi_2019_dw_40+0.9+15624': 0.9562923571878696, 'diffusion_2019+0.9+15624': 0.9551259798122741, 'uniport_bio+0.9+15624': 0.9599208411183957, 'uniport_seq+0.9+15624': 0.7911631712197764, 'uniport_esm+0.9+15624': 0.7739538534676234}]
late fusion evaluation
ppi+0.6+15625 0.9777631719568238
all+0.8+4687 0.9679273123938191
late fusion bag 1 evaluation
ppi+0.6+15625 0.9728630971465213
all+0.9+15624 0.96554819736653
late fusion bag 2 evaluation
[{'uniport_ppi_2019+0.9+15625': 0.968673720209469}, {'uniport_ppi_2019+0.9+15625': 0.9639670834669232}, {'uniport_ppi_2019+0.9+15624': 0.9484803926988093}]
uniport_ppi_2019+0.9+15625 0.9663204018381961
[{'ppi_2019_dw_40+0.9+15625': 0.9775162979587475}, {'ppi_2019_dw_40+0.9+15625': 0.9612910120765201}, {'ppi_2019_dw_40+0.9+15624': 0.9562923571878696}]
ppi_2019_dw_40+0.9+15625 0.9694036550176338
[{'diffusion_2019+0.9+15625': 0.9770823982045528}, {'diffusion_2019+0.9+15625': 0.9569285027252324}, {'diffusion_2019+0.9+15624': 0.9551259798122741}]
diffusion_2019+0.9+15625 0.9670054504648926
[{'uniport_bio+0.9+15625': 0.9223661429945496}, {'uniport_bio+0.9+15625': 0.9164315485732608}, {'uniport_bio+0.9+15624': 0.9599208411183957}]
uniport_bio+0.9+15624 0.9599208411183957
[{'uniport_seq+0.9+15625': 0.8210420006412311}, {'uniport_seq+0.9+15625': 0.8226140857112323}, {'uniport_seq+0.9+15624': 0.7911631712197764}]
uniport_seq+0.9+15625 0.8218280431762317
[{'uniport_esm+0.9+15625': 0.8175333974564497}, {'uniport_esm+0.9+15625': 0.7955861921556056}, {'uniport_esm+0.9+15624': 0.7739538534676234}]
uniport_esm+0.9+15625 0.8065597948060277
ICD10_N46 86
kernels existing
uniport_ppi_2019 {'C_num': 1, 'gamma_ratio': 2, 'gamma': '0.5052695526173884'} 0.7162241083814836 0.8380585228549605
ppi_2019_dw_40 {'C_num': 1, 'gamma_ratio': 4, 'gamma': '0.24069017366708123'} 0.7076080440264508 0.8420714616643369
diffusion_2019 {'C_num': 1, 'gamma_ratio': '2', 'gamma': '2'} 0.7301857002476871 0.8748882114022063
uniport_bio {'C_num': 3, 'gamma_ratio': 2, 'gamma': '0.5427586367192363'} 0.8471501527253903 0.8889741101891229
uniport_seq {'C_num': 1, 'gamma_ratio': 2, 'gamma': '0.22444018226022353'} 0.5009377805476882 0.6394037589966343
uniport_esm {'C_num': 9, 'gamma_ratio': 2, 'gamma': '0.11355235622105712'} 0.4673028439293047 0.6721563353242742
collect valid feature:  ['uniport_ppi_2019', 'ppi_2019_dw_40', 'diffusion_2019', 'uniport_bio', 'uniport_seq', 'uniport_esm']
evaluation
late fusion parameter choosen
[{'ppi+0.6+200': 0.7502552231718899, 'ppi+0.6+4688': 0.8926970560303893, 'ppi+0.6+15627': 0.8910921177587844, 'ppi+0.65+200': 0.7502552231718899, 'ppi+0.65+4688': 0.8926970560303893, 'ppi+0.65+15627': 0.8910921177587844, 'ppi+0.7+200': 0.7511906457739792, 'ppi+0.7+4688': 0.8907169990503323, 'ppi+0.7+15627': 0.8905899810066478, 'ppi+0.75+200': 0.7012001424501424, 'ppi+0.75+4688': 0.882508309591643, 'ppi+0.75+15627': 0.8908618233618234, 'ppi+0.8+200': 0.6868091168091168, 'ppi+0.8+4688': 0.8727374169040836, 'ppi+0.8+15627': 0.8918945868945869, 'ppi+0.85+200': 0.6899905033238366, 'ppi+0.85+4688': 0.8639838556505223, 'ppi+0.85+15627': 0.893684710351377, 'ppi+0.9+200': 0.675389363722697, 'ppi+0.9+4688': 0.8578323836657169, 'ppi+0.9+15627': 0.8927041785375119, 'all+0.6+200': 0.8280021367521367, 'all+0.6+4688': 0.886980056980057, 'all+0.6+15627': 0.8892545109211776, 'all+0.65+200': 0.8280021367521367, 'all+0.65+4688': 0.886980056980057, 'all+0.65+15627': 0.8892545109211776, 'all+0.7+200': 0.8283214624881292, 'all+0.7+4688': 0.8848397435897437, 'all+0.7+15627': 0.8891168091168091, 'all+0.75+200': 0.78161918328585, 'all+0.75+4688': 0.8805662393162392, 'all+0.75+15627': 0.8896248812915479, 'all+0.8+200': 0.7844040835707503, 'all+0.8+4688': 0.873525641025641, 'all+0.8+15627': 0.8904890788224122, 'all+0.85+200': 0.7368850902184236, 'all+0.85+4688': 0.871667853751187, 'all+0.85+15627': 0.8900783475783476, 'all+0.9+200': 0.7059247388414055, 'all+0.9+4688': 0.8568577872744539, 'all+0.9+15627': 0.8869729344729345}, {'ppi+0.6+200': 0.7976824457593688, 'ppi+0.6+4687': 0.9031126725838264, 'ppi+0.6+15626': 0.8982618343195266, 'ppi+0.65+200': 0.7976824457593688, 'ppi+0.65+4687': 0.9031126725838264, 'ppi+0.65+15626': 0.8982618343195266, 'ppi+0.7+200': 0.7631730769230769, 'ppi+0.7+4687': 0.8978464003944774, 'ppi+0.7+15626': 0.8984467455621301, 'ppi+0.75+200': 0.7469637573964496, 'ppi+0.75+4687': 0.898604536489152, 'ppi+0.75+15626': 0.8993022682445759, 'ppi+0.8+200': 0.7486932938856015, 'ppi+0.8+4687': 0.8987463017751479, 'ppi+0.8+15626': 0.9005300788954635, 'ppi+0.85+200': 0.7321092209072979, 'ppi+0.85+4687': 0.9034874260355029, 'ppi+0.85+15626': 0.9016765285996056, 'ppi+0.9+200': 0.6800024654832347, 'ppi+0.9+4687': 0.8927120315581856, 'ppi+0.9+15626': 0.9031126725838264, 'all+0.6+200': 0.8843071992110454, 'all+0.6+4687': 0.9191000986193294, 'all+0.6+15626': 0.913836291913215, 'all+0.65+200': 0.8843071992110454, 'all+0.65+4687': 0.9191000986193294, 'all+0.65+15626': 0.913836291913215, 'all+0.7+200': 0.8682199211045365, 'all+0.7+4687': 0.918443047337278, 'all+0.7+15626': 0.9151010848126233, 'all+0.75+200': 0.8364127218934911, 'all+0.75+4687': 0.9197830374753452, 'all+0.75+15626': 0.9169255424063116, 'all+0.8+200': 0.8385835798816569, 'all+0.8+4687': 0.9222657790927021, 'all+0.8+15626': 0.9171227810650888, 'all+0.85+200': 0.8222103057199212, 'all+0.85+4687': 0.9264324457593689, 'all+0.85+15626': 0.9173496055226825, 'all+0.9+200': 0.7522571499013807, 'all+0.9+4687': 0.9294982741617357, 'all+0.9+15626': 0.9191000986193294}, {'ppi+0.6+200': 0.5946942800788955, 'ppi+0.6+4687': 0.7599938362919132, 'ppi+0.6+15626': 0.7814718934911242, 'ppi+0.65+200': 0.5946942800788955, 'ppi+0.65+4687': 0.7599938362919132, 'ppi+0.65+15626': 0.7814718934911242, 'ppi+0.7+200': 0.5961279585798817, 'ppi+0.7+4687': 0.7601713510848127, 'ppi+0.7+15626': 0.7802712031558185, 'ppi+0.75+200': 0.5799013806706115, 'ppi+0.75+4687': 0.7556669132149901, 'ppi+0.75+15626': 0.7789028599605523, 'ppi+0.8+200': 0.5821474358974359, 'ppi+0.8+4687': 0.7547127712031558, 'ppi+0.8+15626': 0.7763523175542406, 'ppi+0.85+200': 0.5845463510848126, 'ppi+0.85+4687': 0.7603772189349112, 'ppi+0.85+15626': 0.771060157790927, 'ppi+0.9+200': 0.5873643984220908, 'ppi+0.9+4687': 0.7660761834319526, 'ppi+0.9+15626': 0.7599901380670611, 'all+0.6+200': 0.7484307199211045, 'all+0.6+4687': 0.8279610453648915, 'all+0.6+15626': 0.8237524654832348, 'all+0.65+200': 0.7484307199211045, 'all+0.65+4687': 0.8279610453648915, 'all+0.65+15626': 0.8237524654832348, 'all+0.7+200': 0.7505855522682446, 'all+0.7+4687': 0.8285342702169625, 'all+0.7+15626': 0.8238313609467455, 'all+0.75+200': 0.7368528106508876, 'all+0.75+4687': 0.8295069033530572, 'all+0.75+15626': 0.8261193293885601, 'all+0.8+200': 0.7227354536489151, 'all+0.8+4687': 0.8350480769230769, 'all+0.8+15626': 0.8267529585798816, 'all+0.85+200': 0.7082642998027613, 'all+0.85+4687': 0.8435909763313609, 'all+0.85+15626': 0.8281065088757397, 'all+0.9+200': 0.6766247534516765, 'all+0.9+4687': 0.8257100591715976, 'all+0.9+15626': 0.8279659763313609}] [{'uniport_ppi_2019+0.9+15627': 0.8815325261158594, 'ppi_2019_dw_40+0.9+15627': 0.8649287749287748, 'diffusion_2019+0.9+15627': 0.8945785849952517, 'uniport_bio+0.9+15627': 0.8442165242165243, 'uniport_seq+0.9+15627': 0.7370809591642924, 'uniport_esm+0.9+15627': 0.7251246438746438}, {'uniport_ppi_2019+0.9+15626': 0.890069033530572, 'ppi_2019_dw_40+0.9+15626': 0.8723779585798817, 'diffusion_2019+0.9+15626': 0.8836365877712031, 'uniport_bio+0.9+15626': 0.8827255917159763, 'uniport_seq+0.9+15626': 0.7288399901380671, 'uniport_esm+0.9+15626': 0.6383370315581853}, {'uniport_ppi_2019+0.9+15626': 0.7746141518737673, 'ppi_2019_dw_40+0.9+15626': 0.750383382642998, 'diffusion_2019+0.9+15626': 0.7776639546351084, 'uniport_bio+0.9+15626': 0.8746240138067062, 'uniport_seq+0.9+15626': 0.6908851084812624, 'uniport_esm+0.9+15626': 0.6546585305719921}]
late fusion evaluation
ppi+0.75+15627 0.9076626305792972
all+0.85+15627 0.9010624406457739
late fusion bag 1 evaluation
ppi+0.85+15627 0.893684710351377
all+0.8+15627 0.8904890788224122
late fusion bag 2 evaluation
[{'uniport_ppi_2019+0.9+15627': 0.8815325261158594}, {'uniport_ppi_2019+0.9+15626': 0.890069033530572}, {'uniport_ppi_2019+0.9+15626': 0.7746141518737673}]
uniport_ppi_2019+0.9+15627 0.8815325261158594
[{'ppi_2019_dw_40+0.9+15627': 0.8649287749287748}, {'ppi_2019_dw_40+0.9+15626': 0.8723779585798817}, {'ppi_2019_dw_40+0.9+15626': 0.750383382642998}]
ppi_2019_dw_40+0.9+15627 0.8649287749287748
[{'diffusion_2019+0.9+15627': 0.8945785849952517}, {'diffusion_2019+0.9+15626': 0.8836365877712031}, {'diffusion_2019+0.9+15626': 0.7776639546351084}]
diffusion_2019+0.9+15627 0.8945785849952517
[{'uniport_bio+0.9+15627': 0.8442165242165243}, {'uniport_bio+0.9+15626': 0.8827255917159763}, {'uniport_bio+0.9+15626': 0.8746240138067062}]
uniport_bio+0.9+15626 0.8786748027613412
[{'uniport_seq+0.9+15627': 0.7370809591642924}, {'uniport_seq+0.9+15626': 0.7288399901380671}, {'uniport_seq+0.9+15626': 0.6908851084812624}]
uniport_seq+0.9+15627 0.7370809591642924
[{'uniport_esm+0.9+15627': 0.7251246438746438}, {'uniport_esm+0.9+15626': 0.6383370315581853}, {'uniport_esm+0.9+15626': 0.6546585305719921}]
uniport_esm+0.9+15627 0.7251246438746438
ICD10_N80 151
kernels existing
uniport_ppi_2019 {'C_num': 1, 'gamma_ratio': 2, 'gamma': '0.5052695526173884'} 0.6971738048801663 0.8284266666666666
ppi_2019_dw_40 {'C_num': 1, 'gamma_ratio': 2, 'gamma': '0.48138034733416246'} 0.6876085516089586 0.8121866666666665
diffusion_2019 {'C_num': 1, 'gamma_ratio': '2', 'gamma': '2'} 0.6806289229932783 0.8625599999999999
uniport_bio {'C_num': 3, 'gamma_ratio': 2, 'gamma': '0.5427586367192363'} 0.5681276436486121 0.7735733333333332
uniport_seq {'C_num': 1, 'gamma_ratio': 2, 'gamma': '0.22444018226022353'} 0.6378401263316643 0.7625066666666668
uniport_esm {'C_num': 1, 'gamma_ratio': 2, 'gamma': '0.11355235622105712'} 0.612873761986415 0.7770133333333332
collect valid feature:  ['uniport_ppi_2019', 'ppi_2019_dw_40', 'diffusion_2019', 'uniport_bio', 'uniport_seq', 'uniport_esm']
evaluation
late fusion parameter choosen
[{'ppi+0.6+200': 0.7297901512713229, 'ppi+0.6+4675': 0.8932899903443836, 'ppi+0.6+15585': 0.8822207917605407, 'ppi+0.65+200': 0.7297901512713229, 'ppi+0.65+4675': 0.8932899903443836, 'ppi+0.65+15585': 0.8822207917605407, 'ppi+0.7+200': 0.7120733826842612, 'ppi+0.7+4675': 0.8927724493080141, 'ppi+0.7+15585': 0.8831799163179915, 'ppi+0.75+200': 0.7042838751206951, 'ppi+0.75+4675': 0.8911895719343418, 'ppi+0.75+15585': 0.8873382684261345, 'ppi+0.8+200': 0.6964705503701318, 'ppi+0.8+4675': 0.8859555841647891, 'ppi+0.8+15585': 0.8918815577727711, 'ppi+0.85+200': 0.6695358867074348, 'ppi+0.85+4675': 0.8666121660766011, 'ppi+0.85+15585': 0.8939871258448664, 'ppi+0.9+200': 0.6714798841326037, 'ppi+0.9+4675': 0.8559967814612166, 'ppi+0.9+15585': 0.8932880592211137, 'all+0.6+200': 0.7864254908271645, 'all+0.6+4675': 0.9074444802059866, 'all+0.6+15585': 0.9071850659800451, 'all+0.65+200': 0.7864254908271645, 'all+0.65+4675': 0.9074444802059866, 'all+0.65+15585': 0.9071850659800451, 'all+0.7+200': 0.7708303830061152, 'all+0.7+4675': 0.9058371419375604, 'all+0.7+15585': 0.9075860959124558, 'all+0.75+200': 0.7741519150305762, 'all+0.75+4675': 0.902070164145478, 'all+0.75+15585': 0.9096569037656904, 'all+0.8+200': 0.7680212423559705, 'all+0.8+4675': 0.8975899581589957, 'all+0.8+15585': 0.9107615062761507, 'all+0.85+200': 0.7528857418731896, 'all+0.85+4675': 0.8954367557129064, 'all+0.85+15585': 0.9105027357579659, 'all+0.9+200': 0.7463868683617638, 'all+0.9+4675': 0.8937270679111684, 'all+0.9+15585': 0.9074489861602832}, {'ppi+0.6+200': 0.691239137431606, 'ppi+0.6+4675': 0.8477283553266817, 'ppi+0.6+15585': 0.8566501448342452, 'ppi+0.65+200': 0.691239137431606, 'ppi+0.65+4675': 0.8477283553266817, 'ppi+0.65+15585': 0.8566501448342452, 'ppi+0.7+200': 0.6733389121338911, 'ppi+0.7+4675': 0.8418416478918571, 'ppi+0.7+15585': 0.8561673640167364, 'ppi+0.75+200': 0.675002896684905, 'ppi+0.75+4675': 0.8349700675893144, 'ppi+0.75+15585': 0.8568941100740264, 'ppi+0.8+200': 0.628378500160927, 'ppi+0.8+4675': 0.8276047634373994, 'ppi+0.8+15585': 0.8580933376247184, 'ppi+0.85+200': 0.6105690376569038, 'ppi+0.85+4675': 0.8306752494367555, 'ppi+0.85+15585': 0.854258126810428, 'ppi+0.9+200': 0.6131515931766978, 'ppi+0.9+4675': 0.8300695204377212, 'ppi+0.9+15585': 0.8477341486964918, 'all+0.6+200': 0.7544718377856455, 'all+0.6+4675': 0.8697817830704859, 'all+0.6+15585': 0.8673189571934342, 'all+0.65+200': 0.7544718377856455, 'all+0.65+4675': 0.8697817830704859, 'all+0.65+15585': 0.8673189571934342, 'all+0.7+200': 0.7387061474090764, 'all+0.7+4675': 0.8688078532346315, 'all+0.7+15585': 0.8671039588027035, 'all+0.75+200': 0.7420521403282911, 'all+0.75+4675': 0.8673704538139685, 'all+0.75+15585': 0.869561635017702, 'all+0.8+200': 0.7082574831026713, 'all+0.8+4675': 0.8643411651110395, 'all+0.8+15585': 0.8721364660444157, 'all+0.85+200': 0.7023765690376569, 'all+0.85+4675': 0.8590009655616349, 'all+0.85+15585': 0.8715693595107821, 'all+0.9+200': 0.6870917283553266, 'all+0.9+4675': 0.8469082716446732, 'all+0.9+15585': 0.8697792082394593}, {'ppi+0.6+200': 0.6594296749275828, 'ppi+0.6+4675': 0.8040984872867718, 'ppi+0.6+15585': 0.826382362407467, 'ppi+0.65+200': 0.6594296749275828, 'ppi+0.65+4675': 0.8040984872867718, 'ppi+0.65+15585': 0.826382362407467, 'ppi+0.7+200': 0.6608709365947859, 'ppi+0.7+4675': 0.8011200514966204, 'ppi+0.7+15585': 0.8255944641132926, 'ppi+0.75+200': 0.6532088831670422, 'ppi+0.75+4675': 0.7892114579980688, 'ppi+0.75+15585': 0.8240630833601545, 'ppi+0.8+200': 0.6454135822336659, 'ppi+0.8+4675': 0.7846739620212423, 'ppi+0.8+15585': 0.821509494689411, 'ppi+0.85+200': 0.6185780495654973, 'ppi+0.85+4675': 0.7678326359832637, 'ppi+0.85+15585': 0.8176942388155777, 'ppi+0.9+200': 0.5822870936594786, 'ppi+0.9+4675': 0.7754097199871259, 'ppi+0.9+15585': 0.8040959124557451, 'all+0.6+200': 0.7149559060186674, 'all+0.6+4675': 0.812650788542002, 'all+0.6+15585': 0.823315094946894, 'all+0.65+200': 0.7149559060186674, 'all+0.65+4675': 0.812650788542002, 'all+0.65+15585': 0.823315094946894, 'all+0.7+200': 0.717557772771162, 'all+0.7+4675': 0.8097129063405215, 'all+0.7+15585': 0.8234052140328291, 'all+0.75+200': 0.711693595107821, 'all+0.75+4675': 0.8017071129707114, 'all+0.75+15585': 0.824660444158352, 'all+0.8+200': 0.715487608625684, 'all+0.8+4675': 0.7961995494045704, 'all+0.8+15585': 0.823943997425169, 'all+0.85+200': 0.7008722240102994, 'all+0.85+4675': 0.7872996459607338, 'all+0.85+15585': 0.8214019954940458, 'all+0.9+200': 0.6380785323463148, 'all+0.9+4675': 0.7869893788220149, 'all+0.9+15585': 0.8126552944962986}] [{'uniport_ppi_2019+0.9+15585': 0.8606514322497586, 'ppi_2019_dw_40+0.9+15585': 0.8455062761506277, 'diffusion_2019+0.9+15585': 0.8803141293852591, 'uniport_bio+0.9+15585': 0.8454303186353395, 'uniport_seq+0.9+15585': 0.8065259092372064, 'uniport_esm+0.9+15585': 0.8077502413904087}, {'uniport_ppi_2019+0.9+15585': 0.8191245574509173, 'ppi_2019_dw_40+0.9+15585': 0.8045857740585773, 'diffusion_2019+0.9+15585': 0.8734341808818797, 'uniport_bio+0.9+15585': 0.7899336981010621, 'uniport_seq+0.9+15585': 0.761801738010943, 'uniport_esm+0.9+15585': 0.7601943997425169}, {'uniport_ppi_2019+0.9+15585': 0.8032365626005793, 'ppi_2019_dw_40+0.9+15585': 0.7818719021564209, 'diffusion_2019+0.9+15585': 0.78854843900869, 'uniport_bio+0.9+15585': 0.7764113292565176, 'uniport_seq+0.9+15585': 0.6780952687479884, 'uniport_esm+0.9+15585': 0.7105471515931767}]
late fusion evaluation
ppi+0.85+15585 0.8929711404355757
all+0.6+4675 0.8882512605943568
late fusion bag 1 evaluation
ppi+0.8+15585 0.8571614633623001
all+0.8+15585 0.8689473232485785
late fusion bag 2 evaluation
[{'uniport_ppi_2019+0.9+15585': 0.8606514322497586}, {'uniport_ppi_2019+0.9+15585': 0.8191245574509173}, {'uniport_ppi_2019+0.9+15585': 0.8032365626005793}]
uniport_ppi_2019+0.9+15585 0.827670850767085
[{'ppi_2019_dw_40+0.9+15585': 0.8455062761506277}, {'ppi_2019_dw_40+0.9+15585': 0.8045857740585773}, {'ppi_2019_dw_40+0.9+15585': 0.7818719021564209}]
ppi_2019_dw_40+0.9+15585 0.810654650788542
[{'diffusion_2019+0.9+15585': 0.8803141293852591}, {'diffusion_2019+0.9+15585': 0.8734341808818797}, {'diffusion_2019+0.9+15585': 0.78854843900869}]
diffusion_2019+0.9+15585 0.8474322497586096
[{'uniport_bio+0.9+15585': 0.8454303186353395}, {'uniport_bio+0.9+15585': 0.7899336981010621}, {'uniport_bio+0.9+15585': 0.7764113292565176}]
uniport_bio+0.9+15585 0.8039251153309731
[{'uniport_seq+0.9+15585': 0.8065259092372064}, {'uniport_seq+0.9+15585': 0.761801738010943}, {'uniport_seq+0.9+15585': 0.6780952687479884}]
uniport_seq+0.9+15585 0.7488076386653791
[{'uniport_esm+0.9+15585': 0.8077502413904087}, {'uniport_esm+0.9+15585': 0.7601943997425169}, {'uniport_esm+0.9+15585': 0.7105471515931767}]
uniport_esm+0.9+15585 0.7594972642420341
ICD10_N97 29
kernels existing
uniport_ppi_2019 {'C_num': 1, 'gamma_ratio': 2, 'gamma': '0.5052695526173884'} 0.8964633593221487 0.9415637860082304
ppi_2019_dw_40 {'C_num': 3, 'gamma_ratio': 4, 'gamma': '0.24069017366708123'} 0.8977063635591551 0.9193415637860082
diffusion_2019 {'C_num': 1, 'gamma_ratio': '2', 'gamma': '2'} 0.7936529366846258 0.9152263374485597
uniport_bio {'C_num': 9, 'gamma_ratio': 2, 'gamma': '0.5427586367192363'} 0.6262041229036944 0.854320987654321
uniport_seq {'C_num': 1, 'gamma_ratio': 4, 'gamma': '0.11222009113011176'} 0.6701033040131533 0.77119341563786
uniport_esm {'C_num': 1, 'gamma_ratio': 8, 'gamma': '0.02838808905526428'} 0.6232718801319094 0.8337448559670783
collect valid feature:  ['uniport_ppi_2019', 'ppi_2019_dw_40', 'diffusion_2019', 'uniport_bio', 'uniport_seq', 'uniport_esm']
evaluation
late fusion parameter choosen
[{'ppi+0.6+200': 0.932731543576533, 'ppi+0.6+4699': 0.9849907389665964, 'ppi+0.6+15666': 0.9856010446161816, 'ppi+0.65+200': 0.932731543576533, 'ppi+0.65+4699': 0.9849907389665964, 'ppi+0.65+15666': 0.9856010446161816, 'ppi+0.7+200': 0.9330331481126652, 'ppi+0.7+4699': 0.9849339663480303, 'ppi+0.7+15666': 0.9855513685749363, 'ppi+0.75+200': 0.9333099146281748, 'ppi+0.75+4699': 0.9850191252758794, 'ppi+0.75+15666': 0.9854804028017288, 'ppi+0.8+200': 0.8805362173823564, 'ppi+0.8+4699': 0.9849907389665964, 'ppi+0.8+15666': 0.9854378233378042, 'ppi+0.85+200': 0.8814623207227154, 'ppi+0.85+4699': 0.9847707450696529, 'ppi+0.85+15666': 0.9852746020594267, 'ppi+0.9+200': 0.8277731650025193, 'ppi+0.9+4699': 0.9844797853995019, 'ppi+0.9+15666': 0.9849907389665964, 'all+0.6+200': 0.9836140029663694, 'all+0.6+4699': 0.9877867904309752, 'all+0.6+15666': 0.979455408656405, 'all+0.65+200': 0.9836140029663694, 'all+0.65+4699': 0.9877867904309752, 'all+0.65+15666': 0.979455408656405, 'all+0.7+200': 0.9836317444096713, 'all+0.7+4699': 0.9883687097712773, 'all+0.7+15666': 0.979604436780141, 'all+0.75+200': 0.9833691710488033, 'all+0.75+4699': 0.9888725667610512, 'all+0.75+15666': 0.9807469857287829, 'all+0.8+200': 0.9329870203600803, 'all+0.8+4699': 0.989021594884787, 'all+0.8+15666': 0.9829256349662557, 'all+0.85+200': 0.934051506958194, 'all+0.85+4699': 0.9889648222662211, 'all+0.85+15666': 0.9856223343481438, 'all+0.9+200': 0.9344843981747604, 'all+0.9+4699': 0.9880209774825601, 'all+0.9+15666': 0.9877867904309751}, {'ppi+0.6+200': 0.8217942986097805, 'ppi+0.6+4699': 0.8637953914826879, 'ppi+0.6+15666': 0.8735957647626549, 'ppi+0.65+200': 0.8217942986097805, 'ppi+0.65+4699': 0.8637953914826879, 'ppi+0.65+15666': 0.8735957647626549, 'ppi+0.7+200': 0.8224117008366864, 'ppi+0.7+4699': 0.8660875859572928, 'ppi+0.7+15666': 0.8744686437731082, 'ppi+0.75+200': 0.8232100657852717, 'ppi+0.75+4699': 0.8699481240197852, 'ppi+0.75+15666': 0.8762498846806185, 'ppi+0.8+200': 0.8242816489607062, 'ppi+0.8+4699': 0.8747773448865612, 'ppi+0.8+15666': 0.8785349825779025, 'ppi+0.85+200': 0.825637095228971, 'ppi+0.85+4699': 0.8805894417122624, 'ppi+0.85+15666': 0.8771795363096379, 'ppi+0.9+200': 0.8270422175384811, 'ppi+0.9+4699': 0.8397947669838838, 'ppi+0.9+15666': 0.8637953914826879, 'all+0.6+200': 0.8084278952261323, 'all+0.6+4699': 0.9019749774683671, 'all+0.6+15666': 0.8742415532988439, 'all+0.65+200': 0.8084278952261323, 'all+0.65+4699': 0.9019749774683671, 'all+0.65+15666': 0.8742415532988439, 'all+0.7+200': 0.8094178677623781, 'all+0.7+4699': 0.9033800997778771, 'all+0.7+15666': 0.8749086315669953, 'all+0.75+200': 0.8107449277213599, 'all+0.75+4699': 0.9025604450973296, 'all+0.75+15666': 0.878669817546997, 'all+0.8+200': 0.8125829412474362, 'all+0.8+4699': 0.897866059199648, 'all+0.8+15666': 0.8840277334241695, 'all+0.85+200': 0.8151022261963056, 'all+0.85+4699': 0.8883424524351906, 'all+0.85+15666': 0.8893927458786628, 'all+0.9+200': 0.8182743962586844, 'all+0.9+4699': 0.8500209349030963, 'all+0.9+15666': 0.9019643326023858}, {'ppi+0.6+200': 0.9322951040713063, 'ppi+0.6+4699': 0.9371740009793277, 'ppi+0.6+15666': 0.9316528638237777, 'ppi+0.65+200': 0.9322951040713063, 'ppi+0.65+4699': 0.9371740009793277, 'ppi+0.65+15666': 0.9316528638237777, 'ppi+0.7+200': 0.9324831633703065, 'ppi+0.7+4699': 0.9357972649791007, 'ppi+0.7+15666': 0.9315960912052117, 'ppi+0.75+200': 0.9325115496795896, 'ppi+0.75+4699': 0.9386784753713283, 'ppi+0.75+15666': 0.9325683222981557, 'ppi+0.8+200': 0.9328450888136651, 'ppi+0.8+4699': 0.9426348172276511, 'ppi+0.8+15666': 0.9331218553291747, 'ppi+0.85+200': 0.8791310950728464, 'ppi+0.85+4699': 0.9165229609759211, 'ppi+0.85+15666': 0.9358824239069496, 'ppi+0.9+200': 0.771078608786982, 'ppi+0.9+4699': 0.9228814942553205, 'ppi+0.9+15666': 0.9371740009793277, 'all+0.6+200': 0.9278171637819081, 'all+0.6+4699': 0.9210576738838857, 'all+0.6+15666': 0.9267846117817378, 'all+0.65+200': 0.9278171637819081, 'all+0.65+4699': 0.9210576738838857, 'all+0.65+15666': 0.9267846117817378, 'all+0.7+200': 0.9278597432458325, 'all+0.7+4699': 0.9203125332652062, 'all+0.7+15666': 0.9264368794930204, 'all+0.75+200': 0.9279555470396627, 'all+0.75+4699': 0.9215331445643765, 'all+0.75+15666': 0.9259756019671712, 'all+0.8+200': 0.9286971393696819, 'all+0.8+4699': 0.9193438504609226, 'all+0.8+15666': 0.9240240432039627, 'all+0.85+200': 0.9294103453904182, 'all+0.85+4699': 0.8995266582927054, 'all+0.85+15666': 0.9225905345851696, 'all+0.9+200': 0.8778395180004683, 'all+0.9+4699': 0.9085960841086345, 'all+0.9+15666': 0.9210647704612065}] [{'uniport_ppi_2019+0.9+15666': 0.9824430677084443, 'ppi_2019_dw_40+0.9+15666': 0.9791821904295559, 'diffusion_2019+0.9+15666': 0.9821946875022177, 'uniport_bio+0.9+15666': 0.9319225337619667, 'uniport_seq+0.9+15666': 0.8363990547359009, 'uniport_esm+0.9+15666': 0.8533598745325129}, {'uniport_ppi_2019+0.9+15666': 0.8622802722247059, 'ppi_2019_dw_40+0.9+15666': 0.8653424453386132, 'diffusion_2019+0.9+15666': 0.8793830235677332, 'uniport_bio+0.9+15666': 0.8406640977056765, 'uniport_seq+0.9+15666': 0.7493914684947449, 'uniport_esm+0.9+15666': 0.6665211868315911}, {'uniport_ppi_2019+0.9+15666': 0.9478295118264461, 'ppi_2019_dw_40+0.9+15666': 0.9376778579691014, 'diffusion_2019+0.9+15666': 0.9119776032019756, 'uniport_bio+0.9+15666': 0.890162724517965, 'uniport_seq+0.9+15666': 0.8444643148609425, 'uniport_esm+0.9+15666': 0.7900477599653687}]
late fusion evaluation
ppi+0.8+15666 0.9345955778861188
all+0.8+4699 0.934858151246987
late fusion bag 1 evaluation
ppi+0.8+4699 0.9341343003602697
all+0.75+4699 0.9376553854742524
late fusion bag 2 evaluation
[{'uniport_ppi_2019+0.9+15666': 0.9824430677084443}, {'uniport_ppi_2019+0.9+15666': 0.8622802722247059}, {'uniport_ppi_2019+0.9+15666': 0.9478295118264461}]
uniport_ppi_2019+0.9+15666 0.9308509505865321
[{'ppi_2019_dw_40+0.9+15666': 0.9791821904295559}, {'ppi_2019_dw_40+0.9+15666': 0.8653424453386132}, {'ppi_2019_dw_40+0.9+15666': 0.9376778579691014}]
ppi_2019_dw_40+0.9+15666 0.9274008312457568
[{'diffusion_2019+0.9+15666': 0.9821946875022177}, {'diffusion_2019+0.9+15666': 0.8793830235677332}, {'diffusion_2019+0.9+15666': 0.9119776032019756}]
diffusion_2019+0.9+15666 0.9245184380906423
[{'uniport_bio+0.9+15666': 0.9319225337619667}, {'uniport_bio+0.9+15666': 0.8406640977056765}, {'uniport_bio+0.9+15666': 0.890162724517965}]
uniport_bio+0.9+15666 0.8875831186618693
[{'uniport_seq+0.9+15666': 0.8363990547359009}, {'uniport_seq+0.9+15666': 0.7493914684947449}, {'uniport_seq+0.9+15666': 0.8444643148609425}]
uniport_seq+0.9+15666 0.8100849460305294
[{'uniport_esm+0.9+15666': 0.8533598745325129}, {'uniport_esm+0.9+15666': 0.6665211868315911}, {'uniport_esm+0.9+15666': 0.7900477599653687}]
uniport_esm+0.9+15666 0.7699762737764909
ICD10_C23 18
kernels existing
/itf-fi-ml/shared/users/ziyuzh/.venv/lib64/python3.11/site-packages/gseapy/enrichr.py:689: FutureWarning: The behavior of DataFrame concatenation with empty or all-NA entries is deprecated. In a future version, this will no longer exclude empty or all-NA columns when determining the result dtypes. To retain the old behavior, exclude the relevant entries before the concat operation.
  self.results = pd.concat(self.results, ignore_index=True)
uniport_ppi_2019 {'C_num': 9, 'gamma_ratio': 2, 'gamma': '0.5052695526173884'} 0.8241012205941157 0.9012999452654625
ppi_2019_dw_40 {'C_num': 3, 'gamma_ratio': 2, 'gamma': '0.48138034733416246'} 0.8500227358317964 0.9303366174055828
diffusion_2019 {'C_num': 1, 'gamma_ratio': '2', 'gamma': '2'} 0.7641204696480872 0.9135194307608101
uniport_bio {'C_num': 3, 'gamma_ratio': 2, 'gamma': '0.5427586367192363'} 0.6979468476218519 0.8174329501915709
uniport_seq {'C_num': 27, 'gamma_ratio': 8, 'gamma': '0.05611004556505588'} 0.1641160633429989 0.602928297755884
uniport_esm {'C_num': 9, 'gamma_ratio': 8, 'gamma': '0.02838808905526428'} 0.09750728246272054 0.5018062397372742
collect valid feature:  ['uniport_ppi_2019', 'ppi_2019_dw_40', 'diffusion_2019', 'uniport_bio', 'uniport_seq', 'uniport_esm']
evaluation
late fusion parameter choosen
[{'ppi+0.6+200': 0.8181112245766317, 'ppi+0.6+4702': 0.9550889286018212, 'ppi+0.6+15674': 0.9571206705812272, 'ppi+0.65+200': 0.8181112245766317, 'ppi+0.65+4702': 0.9550889286018212, 'ppi+0.65+15674': 0.9571206705812272, 'ppi+0.7+200': 0.8186962811675601, 'ppi+0.7+4702': 0.9543974980852693, 'ppi+0.7+15674': 0.9570462088332907, 'ppi+0.75+200': 0.8194940856097354, 'ppi+0.75+4702': 0.953121010977789, 'ppi+0.75+15674': 0.9569504723002297, 'ppi+0.8+200': 0.8203769891924091, 'ppi+0.8+4702': 0.9526529657050462, 'ppi+0.8+15674': 0.9567483618415454, 'ppi+0.85+200': 0.8216587949961704, 'ppi+0.85+4702': 0.9536528806059059, 'ppi+0.85+15674': 0.9565356139902986, 'ppi+0.9+200': 0.7415645476980682, 'ppi+0.9+4702': 0.9514615777380648, 'ppi+0.9+15674': 0.9550889286018212, 'all+0.6+200': 0.8863235043826059, 'all+0.6+4702': 0.9498446940685898, 'all+0.6+15674': 0.9320376989192409, 'all+0.65+200': 0.8863235043826059, 'all+0.65+4702': 0.9498446940685898, 'all+0.65+15674': 0.9320376989192409, 'all+0.7+200': 0.8862277678495447, 'all+0.7+4702': 0.9481320738660539, 'all+0.7+15674': 0.9326865798655434, 'all+0.75+200': 0.8861054378350781, 'all+0.75+4702': 0.9449834056676027, 'all+0.75+15674': 0.9358458854565569, 'all+0.8+200': 0.8850523359714069, 'all+0.8+4702': 0.9388243553740108, 'all+0.8+15674': 0.9431431367543188, 'all+0.85+200': 0.884137520211046, 'all+0.85+4702': 0.9350161688366947, 'all+0.85+15674': 0.9489724278784785, 'all+0.9+200': 0.7288209514083906, 'all+0.9+4702': 0.9257722747000254, 'all+0.9+15674': 0.9498553314611522}, {'ppi+0.6+200': 0.9062047910816101, 'ppi+0.6+4702': 0.9803101863671178, 'ppi+0.6+15674': 0.9809909794911071, 'ppi+0.65+200': 0.9062047910816101, 'ppi+0.65+4702': 0.9803101863671178, 'ppi+0.65+15674': 0.9809909794911071, 'ppi+0.7+200': 0.9066462428729472, 'ppi+0.7+4702': 0.9802357246191814, 'ppi+0.7+15674': 0.9809803420985448, 'ppi+0.75+200': 0.907151519019658, 'ppi+0.75+4702': 0.9800229767679347, 'ppi+0.75+15674': 0.9809058803506084, 'ppi+0.8+200': 0.9067845289762575, 'ppi+0.8+4702': 0.9794166453918816, 'ppi+0.8+15674': 0.9808739681729215, 'ppi+0.85+200': 0.8250787167049612, 'ppi+0.85+4702': 0.9787571270530168, 'ppi+0.85+15674': 0.9806505829291124, 'ppi+0.9+200': 0.7448302272147052, 'ppi+0.9+4702': 0.9767892094289846, 'ppi+0.9+15674': 0.9803101863671176, 'all+0.6+200': 0.8924293677133862, 'all+0.6+4702': 0.9660879925112756, 'all+0.6+15674': 0.910709726831759, 'all+0.65+200': 0.8924293677133862, 'all+0.65+4702': 0.9660879925112756, 'all+0.65+15674': 0.910709726831759, 'all+0.7+200': 0.892966556037784, 'all+0.7+4702': 0.9671410943749468, 'all+0.7+15674': 0.912709556633478, 'all+0.75+200': 0.8933229086886222, 'all+0.75+4702': 0.9674708535443791, 'all+0.75+15674': 0.9241553910305507, 'all+0.8+200': 0.8906688792443198, 'all+0.8+4702': 0.9676091396476896, 'all+0.8+15674': 0.9417921878989022, 'all+0.85+200': 0.8101916858139733, 'all+0.85+4702': 0.9658007829120926, 'all+0.85+15674': 0.9559399200068079, 'all+0.9+200': 0.7357139817887839, 'all+0.9+4702': 0.959971491787933, 'all+0.9+15674': 0.9660879925112756}, {'ppi+0.6+200': 0.8801250957365331, 'ppi+0.6+4701': 0.9703727342353843, 'ppi+0.6+15673': 0.9697344906816442, 'ppi+0.65+200': 0.8801250957365331, 'ppi+0.65+4701': 0.9703727342353843, 'ppi+0.65+15673': 0.9697344906816442, 'ppi+0.7+200': 0.8806548378861373, 'ppi+0.7+4701': 0.9704365585907582, 'ppi+0.7+15673': 0.9696579014551953, 'ppi+0.75+200': 0.8817015573142712, 'ppi+0.75+4701': 0.9708577993362267, 'ppi+0.75+15673': 0.9695557824865969, 'ppi+0.8+200': 0.8831120755680368, 'ppi+0.8+4701': 0.9709982129180494, 'ppi+0.8+15673': 0.9694919581312229, 'ppi+0.85+200': 0.6899987235128925, 'ppi+0.85+4701': 0.9706280316568803, 'ppi+0.85+15673': 0.9697983150370181, 'ppi+0.9+200': 0.5943323972427877, 'ppi+0.9+4701': 0.9693387796783252, 'ppi+0.9+15673': 0.9703727342353843, 'all+0.6+200': 0.8577099821291805, 'all+0.6+4701': 0.9591651774317079, 'all+0.6+15673': 0.9517743170793974, 'all+0.65+200': 0.8577099821291805, 'all+0.65+4701': 0.9591651774317079, 'all+0.65+15673': 0.9517743170793974, 'all+0.7+200': 0.8574100076589227, 'all+0.7+4701': 0.9604416645391882, 'all+0.7+15673': 0.9514296655603778, 'all+0.75+200': 0.8555718662241512, 'all+0.75+4701': 0.9625861628797548, 'all+0.75+15673': 0.9498085269338779, 'all+0.8+200': 0.8562420219555783, 'all+0.8+4701': 0.9642711258616289, 'all+0.8+15673': 0.949412815930559, 'all+0.85+200': 0.7680814398774574, 'all+0.85+4701': 0.9641817717641052, 'all+0.85+15673': 0.9540719938728619, 'all+0.9+200': 0.683099310696962, 'all+0.9+4701': 0.9582716364564718, 'all+0.9+15673': 0.9591651774317079}] [{'uniport_ppi_2019+0.9+15674': 0.9455578248659688, 'ppi_2019_dw_40+0.9+15674': 0.9654071993872861, 'diffusion_2019+0.9+15674': 0.9293996255637819, 'uniport_bio+0.9+15674': 0.8969555782486598, 'uniport_seq+0.9+15674': 0.5296570504637903, 'uniport_esm+0.9+15674': 0.4539400902050889}, {'uniport_ppi_2019+0.9+15674': 0.972193855842056, 'ppi_2019_dw_40+0.9+15674': 0.9861501148838397, 'diffusion_2019+0.9+15674': 0.9650561654327292, 'uniport_bio+0.9+15674': 0.8909029018806911, 'uniport_seq+0.9+15674': 0.5312420219555782, 'uniport_esm+0.9+15674': 0.4918943068675007}, {'uniport_ppi_2019+0.9+15673': 0.9752361501148838, 'ppi_2019_dw_40+0.9+15673': 0.9693643094204748, 'diffusion_2019+0.9+15673': 0.9407454684707685, 'uniport_bio+0.9+15673': 0.8636584120500382, 'uniport_seq+0.9+15673': 0.7688026550931836, 'uniport_esm+0.9+15673': 0.7020487618075058}]
late fusion evaluation
ppi+0.9+15673 0.9719172836354352
all+0.85+4701 0.9631159050293593
late fusion bag 1 evaluation
ppi+0.8+4701 0.9709982129180494
all+0.8+4701 0.9642711258616289
late fusion bag 2 evaluation
[{'uniport_ppi_2019+0.9+15674': 0.9455578248659688}, {'uniport_ppi_2019+0.9+15674': 0.972193855842056}, {'uniport_ppi_2019+0.9+15673': 0.9752361501148838}]
uniport_ppi_2019+0.9+15673 0.9752361501148838
[{'ppi_2019_dw_40+0.9+15674': 0.9654071993872861}, {'ppi_2019_dw_40+0.9+15674': 0.9861501148838397}, {'ppi_2019_dw_40+0.9+15673': 0.9693643094204748}]
ppi_2019_dw_40+0.9+15674 0.9757786571355629
[{'diffusion_2019+0.9+15674': 0.9293996255637819}, {'diffusion_2019+0.9+15674': 0.9650561654327292}, {'diffusion_2019+0.9+15673': 0.9407454684707685}]
diffusion_2019+0.9+15674 0.9472278954982556
[{'uniport_bio+0.9+15674': 0.8969555782486598}, {'uniport_bio+0.9+15674': 0.8909029018806911}, {'uniport_bio+0.9+15673': 0.8636584120500382}]
uniport_bio+0.9+15674 0.8939292400646754
[{'uniport_seq+0.9+15674': 0.5296570504637903}, {'uniport_seq+0.9+15674': 0.5312420219555782}, {'uniport_seq+0.9+15673': 0.7688026550931836}]
uniport_seq+0.9+15673 0.7688026550931836
[{'uniport_esm+0.9+15674': 0.4539400902050889}, {'uniport_esm+0.9+15674': 0.4918943068675007}, {'uniport_esm+0.9+15673': 0.7020487618075058}]
uniport_esm+0.9+15673 0.7020487618075058
ICD10_C53 15
kernels existing
uniport_ppi_2019 {'C_num': 1, 'gamma_ratio': 2, 'gamma': '0.5052695526173884'} 0.9766318800016243 0.9416666666666668
ppi_2019_dw_40 {'C_num': 1, 'gamma_ratio': 2, 'gamma': '0.48138034733416246'} 0.9547087328236171 0.9708333333333333
diffusion_2019 {'C_num': 1, 'gamma_ratio': '2', 'gamma': '2'} 0.9771572683024964 0.9916666666666666
uniport_bio {'C_num': 3, 'gamma_ratio': 2, 'gamma': '0.5427586367192363'} 0.5826731921373083 0.8458333333333333
uniport_seq {'C_num': 3, 'gamma_ratio': 8, 'gamma': '0.05611004556505588'} 0.7118146598924134 0.6958333333333333
uniport_esm {'C_num': 9, 'gamma_ratio': 8, 'gamma': '0.02838808905526428'} 0.5765441469986562 0.6916666666666668
collect valid feature:  ['uniport_ppi_2019', 'ppi_2019_dw_40', 'diffusion_2019', 'uniport_bio', 'uniport_seq', 'uniport_esm']
evaluation
late fusion parameter choosen
[{'ppi+0.6+200': 0.7391040775955587, 'ppi+0.6+4702': 0.9394901410248229, 'ppi+0.6+15675': 0.9143641120541127, 'ppi+0.65+200': 0.7391040775955587, 'ppi+0.65+4702': 0.9394901410248229, 'ppi+0.65+15675': 0.9143641120541127, 'ppi+0.7+200': 0.7399495884117159, 'ppi+0.7+4702': 0.9424574053985069, 'ppi+0.7+15675': 0.9139333801289006, 'ppi+0.75+200': 0.7412736902558866, 'ppi+0.75+4702': 0.9471635505073066, 'ppi+0.75+15675': 0.9139014740603663, 'ppi+0.8+200': 0.7424861208601876, 'ppi+0.8+4702': 0.9513911045880926, 'ppi+0.8+15675': 0.9176025780103376, 'ppi+0.85+200': 0.7438261757386255, 'ppi+0.85+4702': 0.9545976644757832, 'ppi+0.85+15675': 0.9262172165145811, 'ppi+0.9+200': 0.7450705124114606, 'ppi+0.9+4702': 0.944172356582222, 'ppi+0.9+15675': 0.939490141024823, 'all+0.6+200': 0.7185565694595112, 'all+0.6+4702': 0.8912960245038606, 'all+0.6+15675': 0.8322538446812584, 'all+0.65+200': 0.7185565694595112, 'all+0.65+4702': 0.8912960245038606, 'all+0.65+15675': 0.8322538446812584, 'all+0.7+200': 0.7212207261821199, 'all+0.7+4702': 0.8934337310956544, 'all+0.7+15675': 0.8359070895284283, 'all+0.75+200': 0.7255918575713101, 'all+0.75+4702': 0.8961457469210643, 'all+0.75+15675': 0.8448407887180142, 'all+0.8+200': 0.7300108480633015, 'all+0.8+4702': 0.9000542403165082, 'all+0.8+15675': 0.8559760066364623, 'all+0.85+200': 0.7342862612468891, 'all+0.85+4702': 0.9005009252759875, 'all+0.85+15675': 0.8736838746729628, 'all+0.9+200': 0.7391200306298258, 'all+0.9+4702': 0.8553618148171782, 'all+0.9+15675': 0.8912880479867271}, {'ppi+0.6+200': 0.9955012443366729, 'ppi+0.6+4702': 0.9953736200625358, 'ppi+0.6+15675': 0.9953736200625359, 'ppi+0.65+200': 0.9955012443366729, 'ppi+0.65+4702': 0.9953736200625358, 'ppi+0.65+15675': 0.9953736200625359, 'ppi+0.7+200': 0.9956129155765427, 'ppi+0.7+4702': 0.9953576670282688, 'ppi+0.7+15675': 0.9953736200625358, 'ppi+0.75+200': 0.9958522110905494, 'ppi+0.75+4702': 0.9953576670282689, 'ppi+0.75+15675': 0.9953736200625358, 'ppi+0.8+200': 0.9959957883989535, 'ppi+0.8+4702': 0.9953576670282689, 'ppi+0.8+15675': 0.9953736200625358, 'ppi+0.85+200': 0.9961872248101589, 'ppi+0.85+4702': 0.9953098079254673, 'ppi+0.85+15675': 0.9953736200625358, 'ppi+0.9+200': 0.9961553187416247, 'ppi+0.9+4702': 0.9952459957883988, 'ppi+0.9+15675': 0.9953736200625359, 'all+0.6+200': 0.9943685789037076, 'all+0.6+4702': 0.979787505583562, 'all+0.6+15675': 0.9506732180460724, 'all+0.65+200': 0.9943685789037076, 'all+0.65+4702': 0.979787505583562, 'all+0.65+15675': 0.9506732180460724, 'all+0.7+200': 0.9945440622806457, 'all+0.7+4702': 0.9813030438389382, 'all+0.7+15675': 0.951438963690894, 'all+0.75+200': 0.9947993108289197, 'all+0.75+4702': 0.9842862612468892, 'all+0.75+15675': 0.9565279816221045, 'all+0.8+200': 0.994958841171591, 'all+0.8+4702': 0.9862484844617446, 'all+0.8+15675': 0.9644406866185948, 'all+0.85+200': 0.9948790760002552, 'all+0.85+4702': 0.9883064258822027, 'all+0.85+15675': 0.9720502839640099, 'all+0.9+200': 0.9947115691404504, 'all+0.9+4702': 0.9900293535830513, 'all+0.9+15675': 0.979787505583562}, {'ppi+0.6+200': 0.9921670601748452, 'ppi+0.6+4702': 0.9920234828664412, 'ppi+0.6+15675': 0.9920872950035098, 'ppi+0.65+200': 0.9921670601748452, 'ppi+0.65+4702': 0.9920234828664412, 'ppi+0.65+15675': 0.9920872950035098, 'ppi+0.7+200': 0.9919437176951056, 'ppi+0.7+4702': 0.992007529832174, 'ppi+0.7+15675': 0.9920872950035097, 'ppi+0.75+200': 0.9914332205985579, 'ppi+0.75+4702': 0.9919756237636399, 'ppi+0.75+15675': 0.9920872950035097, 'ppi+0.8+200': 0.9911939250845512, 'ppi+0.8+4702': 0.9919277646608384, 'ppi+0.8+15675': 0.9920872950035097, 'ppi+0.85+200': 0.990236743028524, 'ppi+0.85+4702': 0.9917682343181674, 'ppi+0.85+15675': 0.9920713419692425, 'ppi+0.9+200': 0.8667841873524345, 'ppi+0.9+4702': 0.991449173632825, 'ppi+0.9+15675': 0.9920234828664412, 'all+0.6+200': 0.9890402654584902, 'all+0.6+4702': 0.981287090804671, 'all+0.6+15675': 0.9428083721523833, 'all+0.65+200': 0.9890402654584902, 'all+0.65+4702': 0.981287090804671, 'all+0.65+15675': 0.9428083721523833, 'all+0.7+200': 0.9885297683619424, 'all+0.7+4702': 0.9826590517516431, 'all+0.7+15675': 0.946972114096101, 'all+0.75+200': 0.9872216195520389, 'all+0.75+4702': 0.9849243826175739, 'all+0.75+15675': 0.9565598876906387, 'all+0.8+200': 0.9870620892093677, 'all+0.8+4702': 0.9872056665177718, 'all+0.8+15675': 0.9646640290983345, 'all+0.85+200': 0.9852274902686491, 'all+0.85+4702': 0.9890562184927574, 'all+0.85+15675': 0.972863888711633, 'all+0.9+200': 0.8644470678323017, 'all+0.9+4702': 0.9900293535830516, 'all+0.9+15675': 0.981287090804671}] [{'uniport_ppi_2019+0.9+15675': 0.9033485418926681, 'ppi_2019_dw_40+0.9+15675': 0.7994863122965987, 'diffusion_2019+0.9+15675': 0.9661795673537108, 'uniport_bio+0.9+15675': 0.7670537936315487, 'uniport_seq+0.9+15675': 0.6493283772573544, 'uniport_esm+0.9+15675': 0.6002169612660329}, {'uniport_ppi_2019+0.9+15675': 0.9902207899942568, 'ppi_2019_dw_40+0.9+15675': 0.9953417139940017, 'diffusion_2019+0.9+15675': 0.9947514517261182, 'uniport_bio+0.9+15675': 0.9352306808755024, 'uniport_seq+0.9+15675': 0.6359118754387085, 'uniport_esm+0.9+15675': 0.5616744304766768}, {'uniport_ppi_2019+0.9+15675': 0.9897581520005105, 'ppi_2019_dw_40+0.9+15675': 0.9945440622806458, 'diffusion_2019+0.9+15675': 0.9775540807861656, 'uniport_bio+0.9+15675': 0.7896432901537873, 'uniport_seq+0.9+15675': 0.6992533979962989, 'uniport_esm+0.9+15675': 0.5842878565503159}]
late fusion evaluation
ppi+0.85+4702 0.981558292387212
all+0.85+4702 0.9595138578691
late fusion bag 1 evaluation
ppi+0.85+4702 0.9805585689064727
all+0.85+4702 0.9592878565503158
late fusion bag 2 evaluation
[{'uniport_ppi_2019+0.9+15675': 0.9033485418926681}, {'uniport_ppi_2019+0.9+15675': 0.9902207899942568}, {'uniport_ppi_2019+0.9+15675': 0.9897581520005105}]
uniport_ppi_2019+0.9+15675 0.9611091612958118
[{'ppi_2019_dw_40+0.9+15675': 0.7994863122965987}, {'ppi_2019_dw_40+0.9+15675': 0.9953417139940017}, {'ppi_2019_dw_40+0.9+15675': 0.9945440622806458}]
ppi_2019_dw_40+0.9+15675 0.9297906961904155
[{'diffusion_2019+0.9+15675': 0.9661795673537108}, {'diffusion_2019+0.9+15675': 0.9947514517261182}, {'diffusion_2019+0.9+15675': 0.9775540807861656}]
diffusion_2019+0.9+15675 0.9794950332886648
[{'uniport_bio+0.9+15675': 0.7670537936315487}, {'uniport_bio+0.9+15675': 0.9352306808755024}, {'uniport_bio+0.9+15675': 0.7896432901537873}]
uniport_bio+0.9+15675 0.8306425882202794
[{'uniport_seq+0.9+15675': 0.6493283772573544}, {'uniport_seq+0.9+15675': 0.6359118754387085}, {'uniport_seq+0.9+15675': 0.6992533979962989}]
uniport_seq+0.9+15675 0.6614978835641206
[{'uniport_esm+0.9+15675': 0.6002169612660329}, {'uniport_esm+0.9+15675': 0.5616744304766768}, {'uniport_esm+0.9+15675': 0.5842878565503159}]
uniport_esm+0.9+15675 0.5820597494310085
