['uniport_ppi_2019', 'ppi_2019_dw_40', 'uniport_bio', 'uniport_seq', 'uniport_esm'] 48 15686
ICD10_C16 90
train test split
early fusion
early fusion validation auc: 0.8668639053254438
mid fusion
early fusion validation auc: 0.8437869822485207
later fusion
ICD10_C18 50
train test split
early fusion
early fusion validation auc: 0.8571428571428572
mid fusion
early fusion validation auc: 0.7083333333333333
later fusion
ICD10_C43 47
train test split
early fusion
Epoch 1/100, Train Loss: 0.5257, Val Loss: 0.4408, Train AUC: 0.4445, Val AUC: 0.5532
Epoch 2/100, Train Loss: 0.4580, Val Loss: 0.4411, Train AUC: 0.5246, Val AUC: 0.6525
Epoch 3/100, Train Loss: 0.4459, Val Loss: 0.4417, Train AUC: 0.5788, Val AUC: 0.6548
Epoch 4/100, Train Loss: 0.4548, Val Loss: 0.4410, Train AUC: 0.5361, Val AUC: 0.6714
Epoch 5/100, Train Loss: 0.4773, Val Loss: 0.4399, Train AUC: 0.3971, Val AUC: 0.6785
Epoch 6/100, Train Loss: 0.4499, Val Loss: 0.4398, Train AUC: 0.5781, Val AUC: 0.6879
Epoch 7/100, Train Loss: 0.4546, Val Loss: 0.4394, Train AUC: 0.5311, Val AUC: 0.6927
Epoch 8/100, Train Loss: 0.4552, Val Loss: 0.4392, Train AUC: 0.5521, Val AUC: 0.6927
Epoch 9/100, Train Loss: 0.4562, Val Loss: 0.4391, Train AUC: 0.5360, Val AUC: 0.6927
Epoch 10/100, Train Loss: 0.4660, Val Loss: 0.4394, Train AUC: 0.4829, Val AUC: 0.6903
Epoch 11/100, Train Loss: 0.4537, Val Loss: 0.4392, Train AUC: 0.5377, Val AUC: 0.6927
Epoch 12/100, Train Loss: 0.4620, Val Loss: 0.4396, Train AUC: 0.4993, Val AUC: 0.6998
Epoch 13/100, Train Loss: 0.4715, Val Loss: 0.4390, Train AUC: 0.4358, Val AUC: 0.6998
Epoch 14/100, Train Loss: 0.4602, Val Loss: 0.4386, Train AUC: 0.5171, Val AUC: 0.6998
Epoch 15/100, Train Loss: 0.4551, Val Loss: 0.4378, Train AUC: 0.5473, Val AUC: 0.6998
Epoch 16/100, Train Loss: 0.4399, Val Loss: 0.4373, Train AUC: 0.6358, Val AUC: 0.7021
Epoch 17/100, Train Loss: 0.4699, Val Loss: 0.4370, Train AUC: 0.4701, Val AUC: 0.7045
Epoch 18/100, Train Loss: 0.4515, Val Loss: 0.4369, Train AUC: 0.5581, Val AUC: 0.7021
Epoch 19/100, Train Loss: 0.4551, Val Loss: 0.4362, Train AUC: 0.5352, Val AUC: 0.7069
Epoch 20/100, Train Loss: 0.4630, Val Loss: 0.4359, Train AUC: 0.4860, Val AUC: 0.6998
Epoch 21/100, Train Loss: 0.4518, Val Loss: 0.4359, Train AUC: 0.5702, Val AUC: 0.7045
Epoch 22/100, Train Loss: 0.4624, Val Loss: 0.4362, Train AUC: 0.5144, Val AUC: 0.6998
Epoch 23/100, Train Loss: 0.4671, Val Loss: 0.4350, Train AUC: 0.4575, Val AUC: 0.7021
Epoch 24/100, Train Loss: 0.4564, Val Loss: 0.4342, Train AUC: 0.5479, Val AUC: 0.7021
Epoch 25/100, Train Loss: 0.4570, Val Loss: 0.4336, Train AUC: 0.5231, Val AUC: 0.6998
Epoch 26/100, Train Loss: 0.4522, Val Loss: 0.4333, Train AUC: 0.5428, Val AUC: 0.7021
Epoch 27/100, Train Loss: 0.4717, Val Loss: 0.4337, Train AUC: 0.4377, Val AUC: 0.7021
Epoch 28/100, Train Loss: 0.4575, Val Loss: 0.4322, Train AUC: 0.5159, Val AUC: 0.7021
Epoch 29/100, Train Loss: 0.4416, Val Loss: 0.4328, Train AUC: 0.6060, Val AUC: 0.7021
Epoch 30/100, Train Loss: 0.4546, Val Loss: 0.4299, Train AUC: 0.5463, Val AUC: 0.7069
Epoch 31/100, Train Loss: 0.4552, Val Loss: 0.4297, Train AUC: 0.5306, Val AUC: 0.7045
Epoch 32/100, Train Loss: 0.4382, Val Loss: 0.4292, Train AUC: 0.6401, Val AUC: 0.7045
Epoch 33/100, Train Loss: 0.4562, Val Loss: 0.4276, Train AUC: 0.5305, Val AUC: 0.7021
Epoch 34/100, Train Loss: 0.4515, Val Loss: 0.4284, Train AUC: 0.5665, Val AUC: 0.7021
Epoch 35/100, Train Loss: 0.4354, Val Loss: 0.4259, Train AUC: 0.6794, Val AUC: 0.7021
Epoch 36/100, Train Loss: 0.4505, Val Loss: 0.4244, Train AUC: 0.5783, Val AUC: 0.7045
Epoch 37/100, Train Loss: 0.4410, Val Loss: 0.4265, Train AUC: 0.6283, Val AUC: 0.7021
Epoch 38/100, Train Loss: 0.4323, Val Loss: 0.4233, Train AUC: 0.6847, Val AUC: 0.7021
Epoch 39/100, Train Loss: 0.4240, Val Loss: 0.4200, Train AUC: 0.7076, Val AUC: 0.7092
Epoch 40/100, Train Loss: 0.4399, Val Loss: 0.4185, Train AUC: 0.6318, Val AUC: 0.7045
Epoch 41/100, Train Loss: 0.4261, Val Loss: 0.4172, Train AUC: 0.6848, Val AUC: 0.7021
Epoch 42/100, Train Loss: 0.4349, Val Loss: 0.4137, Train AUC: 0.6441, Val AUC: 0.7069
Epoch 43/100, Train Loss: 0.4182, Val Loss: 0.4112, Train AUC: 0.7130, Val AUC: 0.7092
Epoch 44/100, Train Loss: 0.4193, Val Loss: 0.4087, Train AUC: 0.7172, Val AUC: 0.7116
Epoch 45/100, Train Loss: 0.4186, Val Loss: 0.4064, Train AUC: 0.7107, Val AUC: 0.7116
Epoch 46/100, Train Loss: 0.4240, Val Loss: 0.4048, Train AUC: 0.6888, Val AUC: 0.7116
Epoch 47/100, Train Loss: 0.3917, Val Loss: 0.4045, Train AUC: 0.8043, Val AUC: 0.7116
Epoch 48/100, Train Loss: 0.4107, Val Loss: 0.3943, Train AUC: 0.7345, Val AUC: 0.7116
Epoch 49/100, Train Loss: 0.4186, Val Loss: 0.3951, Train AUC: 0.7153, Val AUC: 0.7092
Epoch 50/100, Train Loss: 0.3972, Val Loss: 0.3855, Train AUC: 0.7686, Val AUC: 0.7116
Epoch 51/100, Train Loss: 0.3978, Val Loss: 0.3815, Train AUC: 0.7486, Val AUC: 0.7139
Epoch 52/100, Train Loss: 0.3566, Val Loss: 0.3735, Train AUC: 0.8337, Val AUC: 0.7139
Epoch 53/100, Train Loss: 0.3783, Val Loss: 0.3969, Train AUC: 0.7779, Val AUC: 0.7163
Epoch 54/100, Train Loss: 0.3473, Val Loss: 0.3671, Train AUC: 0.8299, Val AUC: 0.7258
Epoch 55/100, Train Loss: 0.3465, Val Loss: 0.3763, Train AUC: 0.8437, Val AUC: 0.7234
Epoch 56/100, Train Loss: 0.3824, Val Loss: 0.4203, Train AUC: 0.7819, Val AUC: 0.7163
Epoch 57/100, Train Loss: 0.4145, Val Loss: 0.3799, Train AUC: 0.6916, Val AUC: 0.7187
Epoch 58/100, Train Loss: 0.4083, Val Loss: 0.3848, Train AUC: 0.7457, Val AUC: 0.7210
Epoch 59/100, Train Loss: 0.3779, Val Loss: 0.3843, Train AUC: 0.8014, Val AUC: 0.7187
Early stopping triggered at epoch 59
Best Train AUC: 0.8299, Best Val AUC: 0.7258
early fusion validation auc: 0.7198581560283688
mid fusion
Epoch 1/100, Train Loss: 0.5073, Val Loss: 0.4415, Train AUC: 0.3942, Val AUC: 0.5012
Epoch 2/100, Train Loss: 0.4517, Val Loss: 0.4380, Train AUC: 0.6485, Val AUC: 0.6998
Epoch 3/100, Train Loss: 0.4541, Val Loss: 0.4475, Train AUC: 0.5444, Val AUC: 0.7541
Epoch 4/100, Train Loss: 0.4472, Val Loss: 0.4342, Train AUC: 0.6225, Val AUC: 0.7778
Epoch 5/100, Train Loss: 0.4462, Val Loss: 0.4305, Train AUC: 0.7638, Val AUC: 0.7967
Epoch 6/100, Train Loss: 0.4385, Val Loss: 0.4314, Train AUC: 0.6969, Val AUC: 0.8156
Epoch 7/100, Train Loss: 0.4306, Val Loss: 0.4218, Train AUC: 0.8210, Val AUC: 0.8132
Epoch 8/100, Train Loss: 0.4261, Val Loss: 0.4125, Train AUC: 0.8607, Val AUC: 0.8156
Epoch 9/100, Train Loss: 0.4081, Val Loss: 0.4031, Train AUC: 0.8641, Val AUC: 0.8251
Epoch 10/100, Train Loss: 0.3891, Val Loss: 0.3798, Train AUC: 0.8474, Val AUC: 0.8392
Epoch 11/100, Train Loss: 0.3694, Val Loss: 0.3646, Train AUC: 0.8572, Val AUC: 0.8274
Epoch 12/100, Train Loss: 0.3689, Val Loss: 0.3723, Train AUC: 0.8347, Val AUC: 0.8511
Epoch 13/100, Train Loss: 0.3396, Val Loss: 0.3377, Train AUC: 0.8538, Val AUC: 0.8392
Epoch 14/100, Train Loss: 0.2994, Val Loss: 0.3225, Train AUC: 0.9256, Val AUC: 0.8747
Epoch 15/100, Train Loss: 0.2855, Val Loss: 0.3478, Train AUC: 0.9362, Val AUC: 0.8794
Epoch 16/100, Train Loss: 0.3223, Val Loss: 0.3127, Train AUC: 0.8473, Val AUC: 0.8605
Epoch 17/100, Train Loss: 0.2449, Val Loss: 0.2961, Train AUC: 0.9524, Val AUC: 0.8723
Epoch 18/100, Train Loss: 0.2357, Val Loss: 0.3360, Train AUC: 0.9586, Val AUC: 0.8794
Epoch 19/100, Train Loss: 0.2170, Val Loss: 0.3222, Train AUC: 0.9640, Val AUC: 0.8889
Epoch 20/100, Train Loss: 0.2128, Val Loss: 0.3121, Train AUC: 0.9589, Val AUC: 0.8913
Epoch 21/100, Train Loss: 0.2051, Val Loss: 0.3537, Train AUC: 0.9578, Val AUC: 0.8865
Epoch 22/100, Train Loss: 0.2016, Val Loss: 0.2802, Train AUC: 0.9591, Val AUC: 0.8794
Epoch 23/100, Train Loss: 0.1820, Val Loss: 0.3163, Train AUC: 0.9780, Val AUC: 0.8723
Epoch 24/100, Train Loss: 0.1480, Val Loss: 0.2941, Train AUC: 0.9855, Val AUC: 0.8960
Epoch 25/100, Train Loss: 0.1166, Val Loss: 0.2990, Train AUC: 0.9925, Val AUC: 0.8723
Epoch 26/100, Train Loss: 0.1090, Val Loss: 0.3256, Train AUC: 0.9953, Val AUC: 0.8676
Epoch 27/100, Train Loss: 0.0937, Val Loss: 0.3579, Train AUC: 0.9959, Val AUC: 0.8842
Epoch 28/100, Train Loss: 0.0943, Val Loss: 0.3562, Train AUC: 0.9945, Val AUC: 0.8842
Epoch 29/100, Train Loss: 0.0981, Val Loss: 0.3754, Train AUC: 0.9926, Val AUC: 0.8534
Epoch 30/100, Train Loss: 0.1309, Val Loss: 0.3363, Train AUC: 0.9812, Val AUC: 0.8416
Early stopping triggered at epoch 30
Best Train AUC: 0.9591, Best Val AUC: 0.8794
early fusion validation auc: 0.9184397163120567
later fusion
Feature: uniport_ppi_2019, Epoch 1/100, Train Loss: 0.5529, Val Loss: 0.4478, Train AUC: 0.4634, Val AUC: 0.1442
Feature: uniport_ppi_2019, Epoch 2/100, Train Loss: 0.4780, Val Loss: 0.4445, Train AUC: 0.4534, Val AUC: 0.1939
Feature: uniport_ppi_2019, Epoch 3/100, Train Loss: 0.4507, Val Loss: 0.4432, Train AUC: 0.5735, Val AUC: 0.2719
Feature: uniport_ppi_2019, Epoch 4/100, Train Loss: 0.4660, Val Loss: 0.4421, Train AUC: 0.5166, Val AUC: 0.3901
Feature: uniport_ppi_2019, Epoch 5/100, Train Loss: 0.4502, Val Loss: 0.4417, Train AUC: 0.5690, Val AUC: 0.4728
Feature: uniport_ppi_2019, Epoch 6/100, Train Loss: 0.4702, Val Loss: 0.4420, Train AUC: 0.4735, Val AUC: 0.4823
Feature: uniport_ppi_2019, Epoch 7/100, Train Loss: 0.4698, Val Loss: 0.4402, Train AUC: 0.4601, Val AUC: 0.5910
Feature: uniport_ppi_2019, Epoch 8/100, Train Loss: 0.4713, Val Loss: 0.4403, Train AUC: 0.4878, Val AUC: 0.6596
Feature: uniport_ppi_2019, Epoch 9/100, Train Loss: 0.4564, Val Loss: 0.4397, Train AUC: 0.5202, Val AUC: 0.6714
Feature: uniport_ppi_2019, Epoch 10/100, Train Loss: 0.4811, Val Loss: 0.4414, Train AUC: 0.3943, Val AUC: 0.6856
Feature: uniport_ppi_2019, Epoch 11/100, Train Loss: 0.4682, Val Loss: 0.4416, Train AUC: 0.4686, Val AUC: 0.7045
Feature: uniport_ppi_2019, Epoch 12/100, Train Loss: 0.4609, Val Loss: 0.4393, Train AUC: 0.4945, Val AUC: 0.7376
Feature: uniport_ppi_2019, Epoch 13/100, Train Loss: 0.4495, Val Loss: 0.4375, Train AUC: 0.5686, Val AUC: 0.7494
Feature: uniport_ppi_2019, Epoch 14/100, Train Loss: 0.4691, Val Loss: 0.4369, Train AUC: 0.4507, Val AUC: 0.7518
Feature: uniport_ppi_2019, Epoch 15/100, Train Loss: 0.4538, Val Loss: 0.4362, Train AUC: 0.5388, Val AUC: 0.7589
Feature: uniport_ppi_2019, Epoch 16/100, Train Loss: 0.4643, Val Loss: 0.4371, Train AUC: 0.4660, Val AUC: 0.7518
Feature: uniport_ppi_2019, Epoch 17/100, Train Loss: 0.4481, Val Loss: 0.4370, Train AUC: 0.5844, Val AUC: 0.7683
Feature: uniport_ppi_2019, Epoch 18/100, Train Loss: 0.4530, Val Loss: 0.4341, Train AUC: 0.5563, Val AUC: 0.7730
Feature: uniport_ppi_2019, Epoch 19/100, Train Loss: 0.4568, Val Loss: 0.4336, Train AUC: 0.5278, Val AUC: 0.8014
Feature: uniport_ppi_2019, Epoch 20/100, Train Loss: 0.4552, Val Loss: 0.4340, Train AUC: 0.5287, Val AUC: 0.8038
Feature: uniport_ppi_2019, Epoch 21/100, Train Loss: 0.4505, Val Loss: 0.4332, Train AUC: 0.5550, Val AUC: 0.8227
Feature: uniport_ppi_2019, Epoch 22/100, Train Loss: 0.4618, Val Loss: 0.4314, Train AUC: 0.5256, Val AUC: 0.8156
Feature: uniport_ppi_2019, Epoch 23/100, Train Loss: 0.4427, Val Loss: 0.4318, Train AUC: 0.6136, Val AUC: 0.7991
Feature: uniport_ppi_2019, Epoch 24/100, Train Loss: 0.4390, Val Loss: 0.4293, Train AUC: 0.6413, Val AUC: 0.8440
Feature: uniport_ppi_2019, Epoch 25/100, Train Loss: 0.4376, Val Loss: 0.4261, Train AUC: 0.6525, Val AUC: 0.8298
Feature: uniport_ppi_2019, Epoch 26/100, Train Loss: 0.4330, Val Loss: 0.4242, Train AUC: 0.6577, Val AUC: 0.8322
Feature: uniport_ppi_2019, Epoch 27/100, Train Loss: 0.4461, Val Loss: 0.4225, Train AUC: 0.5890, Val AUC: 0.8322
Feature: uniport_ppi_2019, Epoch 28/100, Train Loss: 0.4363, Val Loss: 0.4259, Train AUC: 0.6525, Val AUC: 0.8298
Feature: uniport_ppi_2019, Epoch 29/100, Train Loss: 0.4430, Val Loss: 0.4183, Train AUC: 0.6380, Val AUC: 0.8392
Feature: uniport_ppi_2019, Epoch 30/100, Train Loss: 0.4285, Val Loss: 0.4162, Train AUC: 0.6780, Val AUC: 0.8416
Feature: uniport_ppi_2019, Epoch 31/100, Train Loss: 0.4316, Val Loss: 0.4162, Train AUC: 0.6574, Val AUC: 0.8700
Feature: uniport_ppi_2019, Epoch 32/100, Train Loss: 0.4373, Val Loss: 0.4093, Train AUC: 0.6476, Val AUC: 0.8463
Feature: uniport_ppi_2019, Epoch 33/100, Train Loss: 0.4033, Val Loss: 0.3981, Train AUC: 0.7525, Val AUC: 0.8511
Feature: uniport_ppi_2019, Epoch 34/100, Train Loss: 0.3947, Val Loss: 0.3870, Train AUC: 0.7841, Val AUC: 0.8463
Feature: uniport_ppi_2019, Epoch 35/100, Train Loss: 0.3862, Val Loss: 0.3820, Train AUC: 0.7745, Val AUC: 0.8629
Feature: uniport_ppi_2019, Epoch 36/100, Train Loss: 0.3739, Val Loss: 0.3688, Train AUC: 0.8186, Val AUC: 0.8511
Feature: uniport_ppi_2019, Epoch 37/100, Train Loss: 0.3406, Val Loss: 0.3998, Train AUC: 0.8607, Val AUC: 0.8132
Feature: uniport_ppi_2019, Epoch 38/100, Train Loss: 0.4038, Val Loss: 0.3800, Train AUC: 0.7482, Val AUC: 0.8416
Feature: uniport_ppi_2019, Epoch 39/100, Train Loss: 0.3920, Val Loss: 0.3696, Train AUC: 0.7652, Val AUC: 0.8534
Feature: uniport_ppi_2019, Epoch 40/100, Train Loss: 0.3697, Val Loss: 0.3497, Train AUC: 0.8248, Val AUC: 0.8676
Feature: uniport_ppi_2019, Epoch 41/100, Train Loss: 0.3477, Val Loss: 0.3669, Train AUC: 0.8523, Val AUC: 0.8440
Feature: uniport_ppi_2019, Epoch 42/100, Train Loss: 0.3850, Val Loss: 0.3665, Train AUC: 0.7853, Val AUC: 0.8392
Feature: uniport_ppi_2019, Epoch 43/100, Train Loss: 0.3886, Val Loss: 0.3760, Train AUC: 0.7754, Val AUC: 0.8440
Feature: uniport_ppi_2019, Epoch 44/100, Train Loss: 0.4029, Val Loss: 0.3771, Train AUC: 0.7636, Val AUC: 0.8392
Feature: uniport_ppi_2019, Epoch 45/100, Train Loss: 0.3491, Val Loss: 0.3595, Train AUC: 0.8845, Val AUC: 0.8605
Early stopping for feature uniport_ppi_2019 at epoch 45
Best Train AUC for feature uniport_ppi_2019: 0.8248
Best Val AUC for feature uniport_ppi_2019: 0.8676
Feature: ppi_2019_dw_40, Epoch 1/100, Train Loss: 0.5220, Val Loss: 0.4445, Train AUC: 0.4846, Val AUC: 0.5154
Feature: ppi_2019_dw_40, Epoch 2/100, Train Loss: 0.4765, Val Loss: 0.4469, Train AUC: 0.5035, Val AUC: 0.5721
Feature: ppi_2019_dw_40, Epoch 3/100, Train Loss: 0.4840, Val Loss: 0.4398, Train AUC: 0.4584, Val AUC: 0.6383
Feature: ppi_2019_dw_40, Epoch 4/100, Train Loss: 0.4709, Val Loss: 0.4390, Train AUC: 0.4769, Val AUC: 0.7139
Feature: ppi_2019_dw_40, Epoch 5/100, Train Loss: 0.4738, Val Loss: 0.4404, Train AUC: 0.4736, Val AUC: 0.7329
Feature: ppi_2019_dw_40, Epoch 6/100, Train Loss: 0.4501, Val Loss: 0.4394, Train AUC: 0.5806, Val AUC: 0.7447
Feature: ppi_2019_dw_40, Epoch 7/100, Train Loss: 0.4503, Val Loss: 0.4378, Train AUC: 0.5859, Val AUC: 0.7683
Feature: ppi_2019_dw_40, Epoch 8/100, Train Loss: 0.4641, Val Loss: 0.4361, Train AUC: 0.4984, Val AUC: 0.8203
Feature: ppi_2019_dw_40, Epoch 9/100, Train Loss: 0.4519, Val Loss: 0.4354, Train AUC: 0.5599, Val AUC: 0.8440
Feature: ppi_2019_dw_40, Epoch 10/100, Train Loss: 0.4448, Val Loss: 0.4343, Train AUC: 0.5894, Val AUC: 0.8629
Feature: ppi_2019_dw_40, Epoch 11/100, Train Loss: 0.4495, Val Loss: 0.4343, Train AUC: 0.5549, Val AUC: 0.8700
Feature: ppi_2019_dw_40, Epoch 12/100, Train Loss: 0.4660, Val Loss: 0.4333, Train AUC: 0.4860, Val AUC: 0.8889
Feature: ppi_2019_dw_40, Epoch 13/100, Train Loss: 0.4495, Val Loss: 0.4330, Train AUC: 0.5848, Val AUC: 0.8913
Feature: ppi_2019_dw_40, Epoch 14/100, Train Loss: 0.4521, Val Loss: 0.4314, Train AUC: 0.5524, Val AUC: 0.8889
Feature: ppi_2019_dw_40, Epoch 15/100, Train Loss: 0.4505, Val Loss: 0.4299, Train AUC: 0.5608, Val AUC: 0.9031
Feature: ppi_2019_dw_40, Epoch 16/100, Train Loss: 0.4534, Val Loss: 0.4288, Train AUC: 0.5467, Val AUC: 0.9125
Feature: ppi_2019_dw_40, Epoch 17/100, Train Loss: 0.4636, Val Loss: 0.4276, Train AUC: 0.4945, Val AUC: 0.9220
Feature: ppi_2019_dw_40, Epoch 18/100, Train Loss: 0.4596, Val Loss: 0.4264, Train AUC: 0.4983, Val AUC: 0.9291
Feature: ppi_2019_dw_40, Epoch 19/100, Train Loss: 0.4395, Val Loss: 0.4259, Train AUC: 0.6271, Val AUC: 0.9125
Feature: ppi_2019_dw_40, Epoch 20/100, Train Loss: 0.4448, Val Loss: 0.4221, Train AUC: 0.6098, Val AUC: 0.9267
Feature: ppi_2019_dw_40, Epoch 21/100, Train Loss: 0.4333, Val Loss: 0.4189, Train AUC: 0.6460, Val AUC: 0.9267
Feature: ppi_2019_dw_40, Epoch 22/100, Train Loss: 0.4358, Val Loss: 0.4158, Train AUC: 0.6426, Val AUC: 0.9267
Feature: ppi_2019_dw_40, Epoch 23/100, Train Loss: 0.4321, Val Loss: 0.4106, Train AUC: 0.6588, Val AUC: 0.9243
Feature: ppi_2019_dw_40, Epoch 24/100, Train Loss: 0.4310, Val Loss: 0.4025, Train AUC: 0.6761, Val AUC: 0.9314
Feature: ppi_2019_dw_40, Epoch 25/100, Train Loss: 0.4247, Val Loss: 0.3988, Train AUC: 0.6847, Val AUC: 0.9291
Feature: ppi_2019_dw_40, Epoch 26/100, Train Loss: 0.4220, Val Loss: 0.3778, Train AUC: 0.7105, Val AUC: 0.9338
Feature: ppi_2019_dw_40, Epoch 27/100, Train Loss: 0.4054, Val Loss: 0.3799, Train AUC: 0.7514, Val AUC: 0.9385
Feature: ppi_2019_dw_40, Epoch 28/100, Train Loss: 0.4001, Val Loss: 0.3663, Train AUC: 0.7653, Val AUC: 0.9196
Feature: ppi_2019_dw_40, Epoch 29/100, Train Loss: 0.3971, Val Loss: 0.3522, Train AUC: 0.7650, Val AUC: 0.9173
Feature: ppi_2019_dw_40, Epoch 30/100, Train Loss: 0.3727, Val Loss: 0.3866, Train AUC: 0.8458, Val AUC: 0.9196
Feature: ppi_2019_dw_40, Epoch 31/100, Train Loss: 0.4085, Val Loss: 0.3747, Train AUC: 0.7387, Val AUC: 0.9504
Feature: ppi_2019_dw_40, Epoch 32/100, Train Loss: 0.4186, Val Loss: 0.3756, Train AUC: 0.7650, Val AUC: 0.9504
Feature: ppi_2019_dw_40, Epoch 33/100, Train Loss: 0.4089, Val Loss: 0.3781, Train AUC: 0.7441, Val AUC: 0.9480
Feature: ppi_2019_dw_40, Epoch 34/100, Train Loss: 0.4008, Val Loss: 0.3695, Train AUC: 0.7532, Val AUC: 0.9456
Early stopping for feature ppi_2019_dw_40 at epoch 34
Best Train AUC for feature ppi_2019_dw_40: 0.7650
Best Val AUC for feature ppi_2019_dw_40: 0.9173
Feature: uniport_bio, Epoch 1/100, Train Loss: 0.5494, Val Loss: 0.4419, Train AUC: 0.5270, Val AUC: 0.5059
Feature: uniport_bio, Epoch 2/100, Train Loss: 0.4556, Val Loss: 0.4458, Train AUC: 0.5770, Val AUC: 0.5343
Feature: uniport_bio, Epoch 3/100, Train Loss: 0.4647, Val Loss: 0.4397, Train AUC: 0.5311, Val AUC: 0.5461
Feature: uniport_bio, Epoch 4/100, Train Loss: 0.4596, Val Loss: 0.4382, Train AUC: 0.5640, Val AUC: 0.5556
Feature: uniport_bio, Epoch 5/100, Train Loss: 0.4827, Val Loss: 0.4416, Train AUC: 0.4366, Val AUC: 0.5485
Feature: uniport_bio, Epoch 6/100, Train Loss: 0.4421, Val Loss: 0.4403, Train AUC: 0.6303, Val AUC: 0.5768
Feature: uniport_bio, Epoch 7/100, Train Loss: 0.4646, Val Loss: 0.4366, Train AUC: 0.5018, Val AUC: 0.6028
Feature: uniport_bio, Epoch 8/100, Train Loss: 0.4646, Val Loss: 0.4352, Train AUC: 0.5174, Val AUC: 0.6572
Feature: uniport_bio, Epoch 9/100, Train Loss: 0.4658, Val Loss: 0.4343, Train AUC: 0.4736, Val AUC: 0.6832
Feature: uniport_bio, Epoch 10/100, Train Loss: 0.4667, Val Loss: 0.4351, Train AUC: 0.5116, Val AUC: 0.6927
Feature: uniport_bio, Epoch 11/100, Train Loss: 0.4501, Val Loss: 0.4336, Train AUC: 0.5721, Val AUC: 0.6998
Feature: uniport_bio, Epoch 12/100, Train Loss: 0.4609, Val Loss: 0.4318, Train AUC: 0.5083, Val AUC: 0.7139
Feature: uniport_bio, Epoch 13/100, Train Loss: 0.4413, Val Loss: 0.4313, Train AUC: 0.6083, Val AUC: 0.7116
Feature: uniport_bio, Epoch 14/100, Train Loss: 0.4441, Val Loss: 0.4296, Train AUC: 0.5913, Val AUC: 0.7258
Feature: uniport_bio, Epoch 15/100, Train Loss: 0.4544, Val Loss: 0.4288, Train AUC: 0.5448, Val AUC: 0.7281
Feature: uniport_bio, Epoch 16/100, Train Loss: 0.4610, Val Loss: 0.4262, Train AUC: 0.5169, Val AUC: 0.7565
Feature: uniport_bio, Epoch 17/100, Train Loss: 0.4348, Val Loss: 0.4233, Train AUC: 0.6677, Val AUC: 0.7565
Feature: uniport_bio, Epoch 18/100, Train Loss: 0.4360, Val Loss: 0.4203, Train AUC: 0.6529, Val AUC: 0.7376
Feature: uniport_bio, Epoch 19/100, Train Loss: 0.4247, Val Loss: 0.4141, Train AUC: 0.6723, Val AUC: 0.7589
Feature: uniport_bio, Epoch 20/100, Train Loss: 0.4325, Val Loss: 0.4087, Train AUC: 0.6424, Val AUC: 0.7754
Feature: uniport_bio, Epoch 21/100, Train Loss: 0.4236, Val Loss: 0.4030, Train AUC: 0.6854, Val AUC: 0.7778
Feature: uniport_bio, Epoch 22/100, Train Loss: 0.4030, Val Loss: 0.3919, Train AUC: 0.7573, Val AUC: 0.7778
Feature: uniport_bio, Epoch 23/100, Train Loss: 0.3879, Val Loss: 0.4120, Train AUC: 0.7825, Val AUC: 0.7896
Feature: uniport_bio, Epoch 24/100, Train Loss: 0.3821, Val Loss: 0.3877, Train AUC: 0.7888, Val AUC: 0.7730
Feature: uniport_bio, Epoch 25/100, Train Loss: 0.3729, Val Loss: 0.3978, Train AUC: 0.7986, Val AUC: 0.7896
Feature: uniport_bio, Epoch 26/100, Train Loss: 0.3895, Val Loss: 0.3820, Train AUC: 0.7888, Val AUC: 0.7849
Feature: uniport_bio, Epoch 27/100, Train Loss: 0.3651, Val Loss: 0.3831, Train AUC: 0.7943, Val AUC: 0.7612
Feature: uniport_bio, Epoch 28/100, Train Loss: 0.3584, Val Loss: 0.3714, Train AUC: 0.8101, Val AUC: 0.7825
Feature: uniport_bio, Epoch 29/100, Train Loss: 0.3289, Val Loss: 0.3682, Train AUC: 0.8637, Val AUC: 0.8180
Feature: uniport_bio, Epoch 30/100, Train Loss: 0.3362, Val Loss: 0.3626, Train AUC: 0.8467, Val AUC: 0.7920
Feature: uniport_bio, Epoch 31/100, Train Loss: 0.3486, Val Loss: 0.3622, Train AUC: 0.8194, Val AUC: 0.7872
Feature: uniport_bio, Epoch 32/100, Train Loss: 0.3281, Val Loss: 0.3456, Train AUC: 0.8656, Val AUC: 0.7943
Feature: uniport_bio, Epoch 33/100, Train Loss: 0.3214, Val Loss: 0.3440, Train AUC: 0.8485, Val AUC: 0.8061
Feature: uniport_bio, Epoch 34/100, Train Loss: 0.2981, Val Loss: 0.3481, Train AUC: 0.8764, Val AUC: 0.8345
Feature: uniport_bio, Epoch 35/100, Train Loss: 0.3045, Val Loss: 0.3422, Train AUC: 0.8773, Val AUC: 0.8109
Feature: uniport_bio, Epoch 36/100, Train Loss: 0.3128, Val Loss: 0.3524, Train AUC: 0.8694, Val AUC: 0.8132
Feature: uniport_bio, Epoch 37/100, Train Loss: 0.3217, Val Loss: 0.3394, Train AUC: 0.8510, Val AUC: 0.8180
Feature: uniport_bio, Epoch 38/100, Train Loss: 0.2855, Val Loss: 0.3560, Train AUC: 0.8962, Val AUC: 0.8132
Feature: uniport_bio, Epoch 39/100, Train Loss: 0.3001, Val Loss: 0.3433, Train AUC: 0.8533, Val AUC: 0.8203
Feature: uniport_bio, Epoch 40/100, Train Loss: 0.2853, Val Loss: 0.3305, Train AUC: 0.9070, Val AUC: 0.8085
Feature: uniport_bio, Epoch 41/100, Train Loss: 0.2865, Val Loss: 0.3604, Train AUC: 0.8866, Val AUC: 0.8156
Feature: uniport_bio, Epoch 42/100, Train Loss: 0.2516, Val Loss: 0.3378, Train AUC: 0.8993, Val AUC: 0.8014
Feature: uniport_bio, Epoch 43/100, Train Loss: 0.2691, Val Loss: 0.3522, Train AUC: 0.9146, Val AUC: 0.8038
Feature: uniport_bio, Epoch 44/100, Train Loss: 0.2791, Val Loss: 0.3341, Train AUC: 0.8805, Val AUC: 0.8180
Feature: uniport_bio, Epoch 45/100, Train Loss: 0.2777, Val Loss: 0.3281, Train AUC: 0.9183, Val AUC: 0.8274
Feature: uniport_bio, Epoch 46/100, Train Loss: 0.3044, Val Loss: 0.3180, Train AUC: 0.8508, Val AUC: 0.8392
Feature: uniport_bio, Epoch 47/100, Train Loss: 0.3445, Val Loss: 0.3195, Train AUC: 0.8361, Val AUC: 0.8227
Feature: uniport_bio, Epoch 48/100, Train Loss: 0.2740, Val Loss: 0.3367, Train AUC: 0.8959, Val AUC: 0.8345
Feature: uniport_bio, Epoch 49/100, Train Loss: 0.2470, Val Loss: 0.3665, Train AUC: 0.9137, Val AUC: 0.8274
Feature: uniport_bio, Epoch 50/100, Train Loss: 0.2711, Val Loss: 0.3180, Train AUC: 0.8883, Val AUC: 0.8298
Feature: uniport_bio, Epoch 51/100, Train Loss: 0.2696, Val Loss: 0.3339, Train AUC: 0.8951, Val AUC: 0.8203
Early stopping for feature uniport_bio at epoch 51
Best Train AUC for feature uniport_bio: 0.8508
Best Val AUC for feature uniport_bio: 0.8392
Feature: uniport_seq, Epoch 1/100, Train Loss: 0.5456, Val Loss: 0.4417, Train AUC: 0.4440, Val AUC: 0.5863
Feature: uniport_seq, Epoch 2/100, Train Loss: 0.4572, Val Loss: 0.4405, Train AUC: 0.5493, Val AUC: 0.6832
Feature: uniport_seq, Epoch 3/100, Train Loss: 0.4658, Val Loss: 0.4405, Train AUC: 0.4821, Val AUC: 0.6998
Feature: uniport_seq, Epoch 4/100, Train Loss: 0.4532, Val Loss: 0.4400, Train AUC: 0.5484, Val AUC: 0.6927
Feature: uniport_seq, Epoch 5/100, Train Loss: 0.4805, Val Loss: 0.4401, Train AUC: 0.4211, Val AUC: 0.6832
Feature: uniport_seq, Epoch 6/100, Train Loss: 0.4751, Val Loss: 0.4397, Train AUC: 0.4481, Val AUC: 0.6832
Feature: uniport_seq, Epoch 7/100, Train Loss: 0.4666, Val Loss: 0.4411, Train AUC: 0.4856, Val AUC: 0.6856
Feature: uniport_seq, Epoch 8/100, Train Loss: 0.4474, Val Loss: 0.4417, Train AUC: 0.5998, Val AUC: 0.6809
Feature: uniport_seq, Epoch 9/100, Train Loss: 0.4631, Val Loss: 0.4400, Train AUC: 0.4723, Val AUC: 0.6738
Feature: uniport_seq, Epoch 10/100, Train Loss: 0.4622, Val Loss: 0.4392, Train AUC: 0.5033, Val AUC: 0.6832
Feature: uniport_seq, Epoch 11/100, Train Loss: 0.4535, Val Loss: 0.4391, Train AUC: 0.5528, Val AUC: 0.6809
Feature: uniport_seq, Epoch 12/100, Train Loss: 0.4694, Val Loss: 0.4389, Train AUC: 0.4671, Val AUC: 0.6761
Feature: uniport_seq, Epoch 13/100, Train Loss: 0.4582, Val Loss: 0.4387, Train AUC: 0.5348, Val AUC: 0.6761
Feature: uniport_seq, Epoch 14/100, Train Loss: 0.4719, Val Loss: 0.4391, Train AUC: 0.4462, Val AUC: 0.6714
Feature: uniport_seq, Epoch 15/100, Train Loss: 0.4653, Val Loss: 0.4390, Train AUC: 0.4748, Val AUC: 0.6714
Feature: uniport_seq, Epoch 16/100, Train Loss: 0.4644, Val Loss: 0.4381, Train AUC: 0.4632, Val AUC: 0.6714
Feature: uniport_seq, Epoch 17/100, Train Loss: 0.4580, Val Loss: 0.4386, Train AUC: 0.5528, Val AUC: 0.6714
Feature: uniport_seq, Epoch 18/100, Train Loss: 0.4597, Val Loss: 0.4379, Train AUC: 0.5088, Val AUC: 0.6690
Feature: uniport_seq, Epoch 19/100, Train Loss: 0.4371, Val Loss: 0.4368, Train AUC: 0.6559, Val AUC: 0.6690
Feature: uniport_seq, Epoch 20/100, Train Loss: 0.4459, Val Loss: 0.4367, Train AUC: 0.5769, Val AUC: 0.6738
Feature: uniport_seq, Epoch 21/100, Train Loss: 0.4617, Val Loss: 0.4378, Train AUC: 0.5299, Val AUC: 0.6690
Feature: uniport_seq, Epoch 22/100, Train Loss: 0.4349, Val Loss: 0.4358, Train AUC: 0.6708, Val AUC: 0.6690
Feature: uniport_seq, Epoch 23/100, Train Loss: 0.4520, Val Loss: 0.4343, Train AUC: 0.5745, Val AUC: 0.6690
Feature: uniport_seq, Epoch 24/100, Train Loss: 0.4592, Val Loss: 0.4337, Train AUC: 0.5185, Val AUC: 0.6690
Feature: uniport_seq, Epoch 25/100, Train Loss: 0.4427, Val Loss: 0.4333, Train AUC: 0.5915, Val AUC: 0.6667
Feature: uniport_seq, Epoch 26/100, Train Loss: 0.4590, Val Loss: 0.4353, Train AUC: 0.5572, Val AUC: 0.6572
Feature: uniport_seq, Epoch 27/100, Train Loss: 0.4472, Val Loss: 0.4309, Train AUC: 0.5726, Val AUC: 0.6572
Feature: uniport_seq, Epoch 28/100, Train Loss: 0.4456, Val Loss: 0.4305, Train AUC: 0.6001, Val AUC: 0.6572
Feature: uniport_seq, Epoch 29/100, Train Loss: 0.4377, Val Loss: 0.4284, Train AUC: 0.6210, Val AUC: 0.6548
Feature: uniport_seq, Epoch 30/100, Train Loss: 0.4479, Val Loss: 0.4277, Train AUC: 0.5826, Val AUC: 0.6548
Feature: uniport_seq, Epoch 31/100, Train Loss: 0.4517, Val Loss: 0.4256, Train AUC: 0.5602, Val AUC: 0.6548
Feature: uniport_seq, Epoch 32/100, Train Loss: 0.4526, Val Loss: 0.4243, Train AUC: 0.5466, Val AUC: 0.6572
Feature: uniport_seq, Epoch 33/100, Train Loss: 0.4388, Val Loss: 0.4242, Train AUC: 0.6172, Val AUC: 0.6548
Feature: uniport_seq, Epoch 34/100, Train Loss: 0.4277, Val Loss: 0.4209, Train AUC: 0.6804, Val AUC: 0.6548
Feature: uniport_seq, Epoch 35/100, Train Loss: 0.4277, Val Loss: 0.4192, Train AUC: 0.6732, Val AUC: 0.6548
Feature: uniport_seq, Epoch 36/100, Train Loss: 0.4345, Val Loss: 0.4164, Train AUC: 0.6457, Val AUC: 0.6548
Feature: uniport_seq, Epoch 37/100, Train Loss: 0.4170, Val Loss: 0.4139, Train AUC: 0.7096, Val AUC: 0.6548
Feature: uniport_seq, Epoch 38/100, Train Loss: 0.4268, Val Loss: 0.4108, Train AUC: 0.6955, Val AUC: 0.6548
Feature: uniport_seq, Epoch 39/100, Train Loss: 0.4516, Val Loss: 0.4177, Train AUC: 0.6004, Val AUC: 0.6548
Feature: uniport_seq, Epoch 40/100, Train Loss: 0.4349, Val Loss: 0.4143, Train AUC: 0.6553, Val AUC: 0.6643
Feature: uniport_seq, Epoch 41/100, Train Loss: 0.4063, Val Loss: 0.4269, Train AUC: 0.7445, Val AUC: 0.6619
Feature: uniport_seq, Epoch 42/100, Train Loss: 0.4280, Val Loss: 0.4044, Train AUC: 0.7263, Val AUC: 0.6596
Feature: uniport_seq, Epoch 43/100, Train Loss: 0.4165, Val Loss: 0.4052, Train AUC: 0.7220, Val AUC: 0.6572
Feature: uniport_seq, Epoch 44/100, Train Loss: 0.4735, Val Loss: 0.4141, Train AUC: 0.5877, Val AUC: 0.6596
Feature: uniport_seq, Epoch 45/100, Train Loss: 0.4137, Val Loss: 0.4116, Train AUC: 0.7252, Val AUC: 0.6619
Feature: uniport_seq, Epoch 46/100, Train Loss: 0.4116, Val Loss: 0.4094, Train AUC: 0.7241, Val AUC: 0.6596
Feature: uniport_seq, Epoch 47/100, Train Loss: 0.4107, Val Loss: 0.4110, Train AUC: 0.7410, Val AUC: 0.6596
Early stopping for feature uniport_seq at epoch 47
Best Train AUC for feature uniport_seq: 0.7263
Best Val AUC for feature uniport_seq: 0.6596
Feature uniport_seq excluded from fusion due to low Val AUC: 0.6596
Feature: uniport_esm, Epoch 1/100, Train Loss: 0.4782, Val Loss: 0.4427, Train AUC: 0.5727, Val AUC: 0.4066
Feature: uniport_esm, Epoch 2/100, Train Loss: 0.4720, Val Loss: 0.4410, Train AUC: 0.4825, Val AUC: 0.4988
Feature: uniport_esm, Epoch 3/100, Train Loss: 0.4587, Val Loss: 0.4408, Train AUC: 0.5156, Val AUC: 0.5556
Feature: uniport_esm, Epoch 4/100, Train Loss: 0.4609, Val Loss: 0.4407, Train AUC: 0.5026, Val AUC: 0.5816
Feature: uniport_esm, Epoch 5/100, Train Loss: 0.4557, Val Loss: 0.4408, Train AUC: 0.5464, Val AUC: 0.6028
Feature: uniport_esm, Epoch 6/100, Train Loss: 0.4666, Val Loss: 0.4408, Train AUC: 0.4877, Val AUC: 0.6123
Feature: uniport_esm, Epoch 7/100, Train Loss: 0.4494, Val Loss: 0.4408, Train AUC: 0.5834, Val AUC: 0.6288
Feature: uniport_esm, Epoch 8/100, Train Loss: 0.4593, Val Loss: 0.4405, Train AUC: 0.5078, Val AUC: 0.6430
Feature: uniport_esm, Epoch 9/100, Train Loss: 0.4665, Val Loss: 0.4406, Train AUC: 0.4671, Val AUC: 0.6478
Feature: uniport_esm, Epoch 10/100, Train Loss: 0.4657, Val Loss: 0.4416, Train AUC: 0.4912, Val AUC: 0.6525
Feature: uniport_esm, Epoch 11/100, Train Loss: 0.4674, Val Loss: 0.4431, Train AUC: 0.4886, Val AUC: 0.6525
Feature: uniport_esm, Epoch 12/100, Train Loss: 0.4707, Val Loss: 0.4413, Train AUC: 0.4862, Val AUC: 0.6548
Feature: uniport_esm, Epoch 13/100, Train Loss: 0.4520, Val Loss: 0.4400, Train AUC: 0.5766, Val AUC: 0.6501
Feature: uniport_esm, Epoch 14/100, Train Loss: 0.4644, Val Loss: 0.4399, Train AUC: 0.4807, Val AUC: 0.6525
Feature: uniport_esm, Epoch 15/100, Train Loss: 0.4588, Val Loss: 0.4401, Train AUC: 0.5305, Val AUC: 0.6525
Feature: uniport_esm, Epoch 16/100, Train Loss: 0.4701, Val Loss: 0.4404, Train AUC: 0.4611, Val AUC: 0.6501
Feature: uniport_esm, Epoch 17/100, Train Loss: 0.4707, Val Loss: 0.4417, Train AUC: 0.4791, Val AUC: 0.6525
Feature: uniport_esm, Epoch 18/100, Train Loss: 0.4721, Val Loss: 0.4409, Train AUC: 0.4338, Val AUC: 0.6501
Feature: uniport_esm, Epoch 19/100, Train Loss: 0.4413, Val Loss: 0.4400, Train AUC: 0.6187, Val AUC: 0.6525
Early stopping for feature uniport_esm at epoch 19
Best Train AUC for feature uniport_esm: 0.4807
Best Val AUC for feature uniport_esm: 0.6525
Feature uniport_esm excluded from fusion due to low Val AUC: 0.6525
ICD10_C50 544
train test split
early fusion
Epoch 1/100, Train Loss: 0.4576, Val Loss: 0.4521, Train AUC: 0.5374, Val AUC: 0.6928
Epoch 2/100, Train Loss: 0.4597, Val Loss: 0.4517, Train AUC: 0.5004, Val AUC: 0.6941
Epoch 3/100, Train Loss: 0.4642, Val Loss: 0.4507, Train AUC: 0.4659, Val AUC: 0.6981
Epoch 4/100, Train Loss: 0.4597, Val Loss: 0.4517, Train AUC: 0.4959, Val AUC: 0.6983
Epoch 5/100, Train Loss: 0.4579, Val Loss: 0.4504, Train AUC: 0.5051, Val AUC: 0.6968
Epoch 6/100, Train Loss: 0.4595, Val Loss: 0.4503, Train AUC: 0.4982, Val AUC: 0.6958
Epoch 7/100, Train Loss: 0.4558, Val Loss: 0.4496, Train AUC: 0.5179, Val AUC: 0.6972
Epoch 8/100, Train Loss: 0.4600, Val Loss: 0.4496, Train AUC: 0.4876, Val AUC: 0.6965
Epoch 9/100, Train Loss: 0.4631, Val Loss: 0.4492, Train AUC: 0.4740, Val AUC: 0.7006
Epoch 10/100, Train Loss: 0.4543, Val Loss: 0.4490, Train AUC: 0.5261, Val AUC: 0.7015
Epoch 11/100, Train Loss: 0.4555, Val Loss: 0.4487, Train AUC: 0.5198, Val AUC: 0.6989
Epoch 12/100, Train Loss: 0.4536, Val Loss: 0.4495, Train AUC: 0.5315, Val AUC: 0.6967
Epoch 13/100, Train Loss: 0.4565, Val Loss: 0.4489, Train AUC: 0.5130, Val AUC: 0.6981
Epoch 14/100, Train Loss: 0.4543, Val Loss: 0.4480, Train AUC: 0.5190, Val AUC: 0.6982
Epoch 15/100, Train Loss: 0.4538, Val Loss: 0.4526, Train AUC: 0.5267, Val AUC: 0.7007
Epoch 16/100, Train Loss: 0.4551, Val Loss: 0.4466, Train AUC: 0.5275, Val AUC: 0.7031
Epoch 17/100, Train Loss: 0.4538, Val Loss: 0.4461, Train AUC: 0.5294, Val AUC: 0.7053
Epoch 18/100, Train Loss: 0.4556, Val Loss: 0.4460, Train AUC: 0.5213, Val AUC: 0.7057
Epoch 19/100, Train Loss: 0.4534, Val Loss: 0.4681, Train AUC: 0.5304, Val AUC: 0.7095
Epoch 20/100, Train Loss: 0.4545, Val Loss: 0.4459, Train AUC: 0.5381, Val AUC: 0.7079
Epoch 21/100, Train Loss: 0.4541, Val Loss: 0.4498, Train AUC: 0.5254, Val AUC: 0.7116
Epoch 22/100, Train Loss: 0.4498, Val Loss: 0.4453, Train AUC: 0.5538, Val AUC: 0.7127
Epoch 23/100, Train Loss: 0.4482, Val Loss: 0.4437, Train AUC: 0.5610, Val AUC: 0.7140
Epoch 24/100, Train Loss: 0.4531, Val Loss: 0.4427, Train AUC: 0.5350, Val AUC: 0.7176
Epoch 25/100, Train Loss: 0.4515, Val Loss: 0.4496, Train AUC: 0.5473, Val AUC: 0.7209
Epoch 26/100, Train Loss: 0.4531, Val Loss: 0.4446, Train AUC: 0.5441, Val AUC: 0.7243
Epoch 27/100, Train Loss: 0.4497, Val Loss: 0.4439, Train AUC: 0.5574, Val AUC: 0.7237
Epoch 28/100, Train Loss: 0.4552, Val Loss: 0.4469, Train AUC: 0.5324, Val AUC: 0.7198
Epoch 29/100, Train Loss: 0.4511, Val Loss: 0.4438, Train AUC: 0.5511, Val AUC: 0.7198
Early stopping triggered at epoch 29
Best Train AUC: 0.5350, Best Val AUC: 0.7176
early fusion validation auc: 0.7227166976158461
mid fusion
Epoch 1/100, Train Loss: 0.4564, Val Loss: 0.4517, Train AUC: 0.4855, Val AUC: 0.6265
Epoch 2/100, Train Loss: 0.4504, Val Loss: 0.4465, Train AUC: 0.5378, Val AUC: 0.6785
Epoch 3/100, Train Loss: 0.4440, Val Loss: 0.4400, Train AUC: 0.5853, Val AUC: 0.7101
Epoch 4/100, Train Loss: 0.4368, Val Loss: 0.4315, Train AUC: 0.6211, Val AUC: 0.7130
Epoch 5/100, Train Loss: 0.4240, Val Loss: 0.4306, Train AUC: 0.6813, Val AUC: 0.7389
Epoch 6/100, Train Loss: 0.4091, Val Loss: 0.4107, Train AUC: 0.7198, Val AUC: 0.7170
Epoch 7/100, Train Loss: 0.4199, Val Loss: 0.4132, Train AUC: 0.6878, Val AUC: 0.7312
Epoch 8/100, Train Loss: 0.4103, Val Loss: 0.4026, Train AUC: 0.7132, Val AUC: 0.7296
Epoch 9/100, Train Loss: 0.4020, Val Loss: 0.4010, Train AUC: 0.7295, Val AUC: 0.7311
Epoch 10/100, Train Loss: 0.3941, Val Loss: 0.4028, Train AUC: 0.7506, Val AUC: 0.7297
Epoch 11/100, Train Loss: 0.3856, Val Loss: 0.4034, Train AUC: 0.7670, Val AUC: 0.7262
Epoch 12/100, Train Loss: 0.3871, Val Loss: 0.4011, Train AUC: 0.7574, Val AUC: 0.7310
Epoch 13/100, Train Loss: 0.3841, Val Loss: 0.4018, Train AUC: 0.7664, Val AUC: 0.7285
Epoch 14/100, Train Loss: 0.3756, Val Loss: 0.4249, Train AUC: 0.7843, Val AUC: 0.7389
Epoch 15/100, Train Loss: 0.3795, Val Loss: 0.4014, Train AUC: 0.7749, Val AUC: 0.7319
Epoch 16/100, Train Loss: 0.3730, Val Loss: 0.4016, Train AUC: 0.7865, Val AUC: 0.7379
Epoch 17/100, Train Loss: 0.3724, Val Loss: 0.4019, Train AUC: 0.7870, Val AUC: 0.7399
Early stopping triggered at epoch 17
Best Train AUC: 0.7295, Best Val AUC: 0.7311
early fusion validation auc: 0.7318947301018122
later fusion
Feature: uniport_ppi_2019, Epoch 1/100, Train Loss: 0.4703, Val Loss: 0.4519, Train AUC: 0.5071, Val AUC: 0.5295
Feature: uniport_ppi_2019, Epoch 2/100, Train Loss: 0.4541, Val Loss: 0.4506, Train AUC: 0.5411, Val AUC: 0.6078
Feature: uniport_ppi_2019, Epoch 3/100, Train Loss: 0.4600, Val Loss: 0.4510, Train AUC: 0.5141, Val AUC: 0.6303
Feature: uniport_ppi_2019, Epoch 4/100, Train Loss: 0.4569, Val Loss: 0.4500, Train AUC: 0.5175, Val AUC: 0.6459
Feature: uniport_ppi_2019, Epoch 5/100, Train Loss: 0.4579, Val Loss: 0.4508, Train AUC: 0.5102, Val AUC: 0.6577
Feature: uniport_ppi_2019, Epoch 6/100, Train Loss: 0.4597, Val Loss: 0.4528, Train AUC: 0.5001, Val AUC: 0.6685
Feature: uniport_ppi_2019, Epoch 7/100, Train Loss: 0.4577, Val Loss: 0.4494, Train AUC: 0.5137, Val AUC: 0.6764
Feature: uniport_ppi_2019, Epoch 8/100, Train Loss: 0.4595, Val Loss: 0.4480, Train AUC: 0.4922, Val AUC: 0.6855
Feature: uniport_ppi_2019, Epoch 9/100, Train Loss: 0.4513, Val Loss: 0.4479, Train AUC: 0.5472, Val AUC: 0.6876
Feature: uniport_ppi_2019, Epoch 10/100, Train Loss: 0.4533, Val Loss: 0.4462, Train AUC: 0.5404, Val AUC: 0.6906
Feature: uniport_ppi_2019, Epoch 11/100, Train Loss: 0.4578, Val Loss: 0.4454, Train AUC: 0.5044, Val AUC: 0.6933
Feature: uniport_ppi_2019, Epoch 12/100, Train Loss: 0.4516, Val Loss: 0.4436, Train AUC: 0.5494, Val AUC: 0.6972
Feature: uniport_ppi_2019, Epoch 13/100, Train Loss: 0.4494, Val Loss: 0.4442, Train AUC: 0.5661, Val AUC: 0.6980
Feature: uniport_ppi_2019, Epoch 14/100, Train Loss: 0.4519, Val Loss: 0.4529, Train AUC: 0.5476, Val AUC: 0.6943
Feature: uniport_ppi_2019, Epoch 15/100, Train Loss: 0.4482, Val Loss: 0.4390, Train AUC: 0.5693, Val AUC: 0.6966
Feature: uniport_ppi_2019, Epoch 16/100, Train Loss: 0.4435, Val Loss: 0.4382, Train AUC: 0.5900, Val AUC: 0.6988
Feature: uniport_ppi_2019, Epoch 17/100, Train Loss: 0.4411, Val Loss: 0.4273, Train AUC: 0.6083, Val AUC: 0.6988
Feature: uniport_ppi_2019, Epoch 18/100, Train Loss: 0.4443, Val Loss: 0.4318, Train AUC: 0.6042, Val AUC: 0.6977
Feature: uniport_ppi_2019, Epoch 19/100, Train Loss: 0.4447, Val Loss: 0.4271, Train AUC: 0.6014, Val AUC: 0.6991
Feature: uniport_ppi_2019, Epoch 20/100, Train Loss: 0.4363, Val Loss: 0.4288, Train AUC: 0.6359, Val AUC: 0.6991
Feature: uniport_ppi_2019, Epoch 21/100, Train Loss: 0.4446, Val Loss: 0.4323, Train AUC: 0.5965, Val AUC: 0.7013
Feature: uniport_ppi_2019, Epoch 22/100, Train Loss: 0.4305, Val Loss: 0.4288, Train AUC: 0.6578, Val AUC: 0.6983
Feature: uniport_ppi_2019, Epoch 23/100, Train Loss: 0.4334, Val Loss: 0.4172, Train AUC: 0.6403, Val AUC: 0.6997
Feature: uniport_ppi_2019, Epoch 24/100, Train Loss: 0.4348, Val Loss: 0.4319, Train AUC: 0.6396, Val AUC: 0.6982
Feature: uniport_ppi_2019, Epoch 25/100, Train Loss: 0.4337, Val Loss: 0.4172, Train AUC: 0.6423, Val AUC: 0.7010
Feature: uniport_ppi_2019, Epoch 26/100, Train Loss: 0.4346, Val Loss: 0.4271, Train AUC: 0.6430, Val AUC: 0.6993
Feature: uniport_ppi_2019, Epoch 27/100, Train Loss: 0.4384, Val Loss: 0.4447, Train AUC: 0.6267, Val AUC: 0.7000
Feature: uniport_ppi_2019, Epoch 28/100, Train Loss: 0.4292, Val Loss: 0.4158, Train AUC: 0.6612, Val AUC: 0.6989
Feature: uniport_ppi_2019, Epoch 29/100, Train Loss: 0.4289, Val Loss: 0.4173, Train AUC: 0.6659, Val AUC: 0.6973
Feature: uniport_ppi_2019, Epoch 30/100, Train Loss: 0.4319, Val Loss: 0.4321, Train AUC: 0.6517, Val AUC: 0.6974
Feature: uniport_ppi_2019, Epoch 31/100, Train Loss: 0.4257, Val Loss: 0.4176, Train AUC: 0.6725, Val AUC: 0.6992
Feature: uniport_ppi_2019, Epoch 32/100, Train Loss: 0.4228, Val Loss: 0.4147, Train AUC: 0.6822, Val AUC: 0.6991
Feature: uniport_ppi_2019, Epoch 33/100, Train Loss: 0.4255, Val Loss: 0.4171, Train AUC: 0.6688, Val AUC: 0.7019
Feature: uniport_ppi_2019, Epoch 34/100, Train Loss: 0.4254, Val Loss: 0.4291, Train AUC: 0.6799, Val AUC: 0.6987
Feature: uniport_ppi_2019, Epoch 35/100, Train Loss: 0.4312, Val Loss: 0.4266, Train AUC: 0.6470, Val AUC: 0.6979
Feature: uniport_ppi_2019, Epoch 36/100, Train Loss: 0.4281, Val Loss: 0.4254, Train AUC: 0.6606, Val AUC: 0.6995
Feature: uniport_ppi_2019, Epoch 37/100, Train Loss: 0.4296, Val Loss: 0.4295, Train AUC: 0.6571, Val AUC: 0.7002
Early stopping for feature uniport_ppi_2019 at epoch 37
Best Train AUC for feature uniport_ppi_2019: 0.6822
Best Val AUC for feature uniport_ppi_2019: 0.6991
Feature uniport_ppi_2019 excluded from fusion due to low Val AUC: 0.6991
Feature: ppi_2019_dw_40, Epoch 1/100, Train Loss: 0.4655, Val Loss: 0.4501, Train AUC: 0.5148, Val AUC: 0.6798
Feature: ppi_2019_dw_40, Epoch 2/100, Train Loss: 0.4585, Val Loss: 0.4487, Train AUC: 0.5242, Val AUC: 0.7081
Feature: ppi_2019_dw_40, Epoch 3/100, Train Loss: 0.4563, Val Loss: 0.4481, Train AUC: 0.5340, Val AUC: 0.7218
Feature: ppi_2019_dw_40, Epoch 4/100, Train Loss: 0.4591, Val Loss: 0.4484, Train AUC: 0.5069, Val AUC: 0.7281
Feature: ppi_2019_dw_40, Epoch 5/100, Train Loss: 0.4545, Val Loss: 0.4462, Train AUC: 0.5283, Val AUC: 0.7317
Feature: ppi_2019_dw_40, Epoch 6/100, Train Loss: 0.4558, Val Loss: 0.4467, Train AUC: 0.5290, Val AUC: 0.7338
Feature: ppi_2019_dw_40, Epoch 7/100, Train Loss: 0.4504, Val Loss: 0.4442, Train AUC: 0.5528, Val AUC: 0.7358
Feature: ppi_2019_dw_40, Epoch 8/100, Train Loss: 0.4503, Val Loss: 0.4585, Train AUC: 0.5510, Val AUC: 0.7362
Feature: ppi_2019_dw_40, Epoch 9/100, Train Loss: 0.4482, Val Loss: 0.4392, Train AUC: 0.5668, Val AUC: 0.7359
Feature: ppi_2019_dw_40, Epoch 10/100, Train Loss: 0.4495, Val Loss: 0.4501, Train AUC: 0.5732, Val AUC: 0.7358
Feature: ppi_2019_dw_40, Epoch 11/100, Train Loss: 0.4508, Val Loss: 0.4353, Train AUC: 0.5674, Val AUC: 0.7398
Feature: ppi_2019_dw_40, Epoch 12/100, Train Loss: 0.4399, Val Loss: 0.4223, Train AUC: 0.6060, Val AUC: 0.7361
Feature: ppi_2019_dw_40, Epoch 13/100, Train Loss: 0.4310, Val Loss: 0.4277, Train AUC: 0.6526, Val AUC: 0.7368
Feature: ppi_2019_dw_40, Epoch 14/100, Train Loss: 0.4455, Val Loss: 0.4168, Train AUC: 0.6011, Val AUC: 0.7352
Feature: ppi_2019_dw_40, Epoch 15/100, Train Loss: 0.4327, Val Loss: 0.4124, Train AUC: 0.6410, Val AUC: 0.7336
Feature: ppi_2019_dw_40, Epoch 16/100, Train Loss: 0.4356, Val Loss: 0.4233, Train AUC: 0.6422, Val AUC: 0.7329
Feature: ppi_2019_dw_40, Epoch 17/100, Train Loss: 0.4306, Val Loss: 0.4166, Train AUC: 0.6600, Val AUC: 0.7325
Feature: ppi_2019_dw_40, Epoch 18/100, Train Loss: 0.4332, Val Loss: 0.4083, Train AUC: 0.6441, Val AUC: 0.7352
Feature: ppi_2019_dw_40, Epoch 19/100, Train Loss: 0.4246, Val Loss: 0.4098, Train AUC: 0.6744, Val AUC: 0.7339
Feature: ppi_2019_dw_40, Epoch 20/100, Train Loss: 0.4399, Val Loss: 0.4261, Train AUC: 0.6301, Val AUC: 0.7302
Feature: ppi_2019_dw_40, Epoch 21/100, Train Loss: 0.4328, Val Loss: 0.4121, Train AUC: 0.6542, Val AUC: 0.7305
Feature: ppi_2019_dw_40, Epoch 22/100, Train Loss: 0.4269, Val Loss: 0.4095, Train AUC: 0.6684, Val AUC: 0.7313
Feature: ppi_2019_dw_40, Epoch 23/100, Train Loss: 0.4277, Val Loss: 0.4085, Train AUC: 0.6646, Val AUC: 0.7314
Early stopping for feature ppi_2019_dw_40 at epoch 23
Best Train AUC for feature ppi_2019_dw_40: 0.6441
Best Val AUC for feature ppi_2019_dw_40: 0.7352
Feature: uniport_bio, Epoch 1/100, Train Loss: 0.4701, Val Loss: 0.4499, Train AUC: 0.5013, Val AUC: 0.6489
Feature: uniport_bio, Epoch 2/100, Train Loss: 0.4587, Val Loss: 0.4486, Train AUC: 0.5222, Val AUC: 0.6707
Feature: uniport_bio, Epoch 3/100, Train Loss: 0.4579, Val Loss: 0.4486, Train AUC: 0.4993, Val AUC: 0.6695
Feature: uniport_bio, Epoch 4/100, Train Loss: 0.4548, Val Loss: 0.4477, Train AUC: 0.5190, Val AUC: 0.6725
Feature: uniport_bio, Epoch 5/100, Train Loss: 0.4558, Val Loss: 0.4468, Train AUC: 0.5119, Val AUC: 0.6803
Feature: uniport_bio, Epoch 6/100, Train Loss: 0.4516, Val Loss: 0.4442, Train AUC: 0.5423, Val AUC: 0.6850
Feature: uniport_bio, Epoch 7/100, Train Loss: 0.4476, Val Loss: 0.4421, Train AUC: 0.5706, Val AUC: 0.6853
Feature: uniport_bio, Epoch 8/100, Train Loss: 0.4490, Val Loss: 0.4453, Train AUC: 0.5676, Val AUC: 0.6919
Feature: uniport_bio, Epoch 9/100, Train Loss: 0.4461, Val Loss: 0.4418, Train AUC: 0.5788, Val AUC: 0.6844
Feature: uniport_bio, Epoch 10/100, Train Loss: 0.4400, Val Loss: 0.4303, Train AUC: 0.6112, Val AUC: 0.6911
Feature: uniport_bio, Epoch 11/100, Train Loss: 0.4379, Val Loss: 0.4295, Train AUC: 0.6213, Val AUC: 0.6906
Feature: uniport_bio, Epoch 12/100, Train Loss: 0.4455, Val Loss: 0.4268, Train AUC: 0.5950, Val AUC: 0.6940
Feature: uniport_bio, Epoch 13/100, Train Loss: 0.4309, Val Loss: 0.4260, Train AUC: 0.6501, Val AUC: 0.6940
Feature: uniport_bio, Epoch 14/100, Train Loss: 0.4407, Val Loss: 0.4310, Train AUC: 0.6186, Val AUC: 0.6961
Feature: uniport_bio, Epoch 15/100, Train Loss: 0.4304, Val Loss: 0.4235, Train AUC: 0.6555, Val AUC: 0.6990
Feature: uniport_bio, Epoch 16/100, Train Loss: 0.4303, Val Loss: 0.4226, Train AUC: 0.6481, Val AUC: 0.6993
Feature: uniport_bio, Epoch 17/100, Train Loss: 0.4385, Val Loss: 0.4247, Train AUC: 0.6239, Val AUC: 0.6970
Feature: uniport_bio, Epoch 18/100, Train Loss: 0.4250, Val Loss: 0.4223, Train AUC: 0.6681, Val AUC: 0.6995
Feature: uniport_bio, Epoch 19/100, Train Loss: 0.4283, Val Loss: 0.4685, Train AUC: 0.6618, Val AUC: 0.6983
Feature: uniport_bio, Epoch 20/100, Train Loss: 0.4371, Val Loss: 0.4227, Train AUC: 0.6368, Val AUC: 0.6958
Feature: uniport_bio, Epoch 21/100, Train Loss: 0.4269, Val Loss: 0.4300, Train AUC: 0.6621, Val AUC: 0.6938
Feature: uniport_bio, Epoch 22/100, Train Loss: 0.4262, Val Loss: 0.4332, Train AUC: 0.6741, Val AUC: 0.6987
Feature: uniport_bio, Epoch 23/100, Train Loss: 0.4225, Val Loss: 0.4178, Train AUC: 0.6790, Val AUC: 0.6954
Feature: uniport_bio, Epoch 24/100, Train Loss: 0.4247, Val Loss: 0.4211, Train AUC: 0.6707, Val AUC: 0.6979
Feature: uniport_bio, Epoch 25/100, Train Loss: 0.4247, Val Loss: 0.4183, Train AUC: 0.6668, Val AUC: 0.6986
Feature: uniport_bio, Epoch 26/100, Train Loss: 0.4202, Val Loss: 0.4158, Train AUC: 0.6881, Val AUC: 0.6984
Feature: uniport_bio, Epoch 27/100, Train Loss: 0.4279, Val Loss: 0.4221, Train AUC: 0.6635, Val AUC: 0.6949
Feature: uniport_bio, Epoch 28/100, Train Loss: 0.4195, Val Loss: 0.4163, Train AUC: 0.6881, Val AUC: 0.6986
Feature: uniport_bio, Epoch 29/100, Train Loss: 0.4221, Val Loss: 0.4193, Train AUC: 0.6813, Val AUC: 0.6990
Feature: uniport_bio, Epoch 30/100, Train Loss: 0.4194, Val Loss: 0.4202, Train AUC: 0.6884, Val AUC: 0.6968
Feature: uniport_bio, Epoch 31/100, Train Loss: 0.4230, Val Loss: 0.4168, Train AUC: 0.6772, Val AUC: 0.6977
Early stopping for feature uniport_bio at epoch 31
Best Train AUC for feature uniport_bio: 0.6881
Best Val AUC for feature uniport_bio: 0.6984
Feature uniport_bio excluded from fusion due to low Val AUC: 0.6984
Feature: uniport_seq, Epoch 1/100, Train Loss: 0.4744, Val Loss: 0.4518, Train AUC: 0.4769, Val AUC: 0.5890
Feature: uniport_seq, Epoch 2/100, Train Loss: 0.4629, Val Loss: 0.4514, Train AUC: 0.4949, Val AUC: 0.6246
Feature: uniport_seq, Epoch 3/100, Train Loss: 0.4586, Val Loss: 0.4511, Train AUC: 0.4961, Val AUC: 0.6340
Feature: uniport_seq, Epoch 4/100, Train Loss: 0.4551, Val Loss: 0.4546, Train AUC: 0.5258, Val AUC: 0.6433
Feature: uniport_seq, Epoch 5/100, Train Loss: 0.4564, Val Loss: 0.4511, Train AUC: 0.5147, Val AUC: 0.6478
Feature: uniport_seq, Epoch 6/100, Train Loss: 0.4547, Val Loss: 0.4506, Train AUC: 0.5231, Val AUC: 0.6551
Feature: uniport_seq, Epoch 7/100, Train Loss: 0.4647, Val Loss: 0.4505, Train AUC: 0.4703, Val AUC: 0.6564
Feature: uniport_seq, Epoch 8/100, Train Loss: 0.4588, Val Loss: 0.4505, Train AUC: 0.5060, Val AUC: 0.6608
Feature: uniport_seq, Epoch 9/100, Train Loss: 0.4586, Val Loss: 0.4505, Train AUC: 0.4954, Val AUC: 0.6588
Feature: uniport_seq, Epoch 10/100, Train Loss: 0.4569, Val Loss: 0.4505, Train AUC: 0.5055, Val AUC: 0.6595
Feature: uniport_seq, Epoch 11/100, Train Loss: 0.4591, Val Loss: 0.4521, Train AUC: 0.4989, Val AUC: 0.6609
Feature: uniport_seq, Epoch 12/100, Train Loss: 0.4586, Val Loss: 0.4503, Train AUC: 0.5069, Val AUC: 0.6555
Feature: uniport_seq, Epoch 13/100, Train Loss: 0.4584, Val Loss: 0.4499, Train AUC: 0.5061, Val AUC: 0.6608
Feature: uniport_seq, Epoch 14/100, Train Loss: 0.4576, Val Loss: 0.4504, Train AUC: 0.5053, Val AUC: 0.6591
Feature: uniport_seq, Epoch 15/100, Train Loss: 0.4560, Val Loss: 0.4497, Train AUC: 0.5081, Val AUC: 0.6616
Feature: uniport_seq, Epoch 16/100, Train Loss: 0.4512, Val Loss: 0.4494, Train AUC: 0.5423, Val AUC: 0.6607
Feature: uniport_seq, Epoch 17/100, Train Loss: 0.4591, Val Loss: 0.4497, Train AUC: 0.4974, Val AUC: 0.6615
Feature: uniport_seq, Epoch 18/100, Train Loss: 0.4578, Val Loss: 0.4492, Train AUC: 0.4985, Val AUC: 0.6621
Feature: uniport_seq, Epoch 19/100, Train Loss: 0.4542, Val Loss: 0.4488, Train AUC: 0.5267, Val AUC: 0.6637
Feature: uniport_seq, Epoch 20/100, Train Loss: 0.4576, Val Loss: 0.4492, Train AUC: 0.5065, Val AUC: 0.6639
Feature: uniport_seq, Epoch 21/100, Train Loss: 0.4577, Val Loss: 0.4488, Train AUC: 0.5068, Val AUC: 0.6639
Feature: uniport_seq, Epoch 22/100, Train Loss: 0.4523, Val Loss: 0.4485, Train AUC: 0.5387, Val AUC: 0.6661
Feature: uniport_seq, Epoch 23/100, Train Loss: 0.4559, Val Loss: 0.4480, Train AUC: 0.5098, Val AUC: 0.6675
Feature: uniport_seq, Epoch 24/100, Train Loss: 0.4583, Val Loss: 0.4487, Train AUC: 0.4961, Val AUC: 0.6673
Feature: uniport_seq, Epoch 25/100, Train Loss: 0.4561, Val Loss: 0.4491, Train AUC: 0.5182, Val AUC: 0.6664
Feature: uniport_seq, Epoch 26/100, Train Loss: 0.4594, Val Loss: 0.4492, Train AUC: 0.4929, Val AUC: 0.6682
Feature: uniport_seq, Epoch 27/100, Train Loss: 0.4547, Val Loss: 0.4486, Train AUC: 0.5168, Val AUC: 0.6699
Feature: uniport_seq, Epoch 28/100, Train Loss: 0.4570, Val Loss: 0.4467, Train AUC: 0.5006, Val AUC: 0.6688
Feature: uniport_seq, Epoch 29/100, Train Loss: 0.4539, Val Loss: 0.4464, Train AUC: 0.5131, Val AUC: 0.6710
Feature: uniport_seq, Epoch 30/100, Train Loss: 0.4492, Val Loss: 0.4487, Train AUC: 0.5559, Val AUC: 0.6714
Feature: uniport_seq, Epoch 31/100, Train Loss: 0.4576, Val Loss: 0.4491, Train AUC: 0.5049, Val AUC: 0.6701
Feature: uniport_seq, Epoch 32/100, Train Loss: 0.4523, Val Loss: 0.4461, Train AUC: 0.5353, Val AUC: 0.6678
Feature: uniport_seq, Epoch 33/100, Train Loss: 0.4553, Val Loss: 0.4456, Train AUC: 0.5236, Val AUC: 0.6700
Feature: uniport_seq, Epoch 34/100, Train Loss: 0.4503, Val Loss: 0.4479, Train AUC: 0.5565, Val AUC: 0.6754
Feature: uniport_seq, Epoch 35/100, Train Loss: 0.4534, Val Loss: 0.4447, Train AUC: 0.5329, Val AUC: 0.6748
Feature: uniport_seq, Epoch 36/100, Train Loss: 0.4520, Val Loss: 0.4434, Train AUC: 0.5390, Val AUC: 0.6744
Feature: uniport_seq, Epoch 37/100, Train Loss: 0.4493, Val Loss: 0.4432, Train AUC: 0.5574, Val AUC: 0.6740
Feature: uniport_seq, Epoch 38/100, Train Loss: 0.4506, Val Loss: 0.4418, Train AUC: 0.5515, Val AUC: 0.6759
Feature: uniport_seq, Epoch 39/100, Train Loss: 0.4484, Val Loss: 0.4422, Train AUC: 0.5651, Val AUC: 0.6779
Feature: uniport_seq, Epoch 40/100, Train Loss: 0.4496, Val Loss: 0.4438, Train AUC: 0.5672, Val AUC: 0.6764
Feature: uniport_seq, Epoch 41/100, Train Loss: 0.4546, Val Loss: 0.4439, Train AUC: 0.5312, Val AUC: 0.6766
Feature: uniport_seq, Epoch 42/100, Train Loss: 0.4508, Val Loss: 0.4488, Train AUC: 0.5555, Val AUC: 0.6772
Feature: uniport_seq, Epoch 43/100, Train Loss: 0.4556, Val Loss: 0.4446, Train AUC: 0.5355, Val AUC: 0.6796
Early stopping for feature uniport_seq at epoch 43
Best Train AUC for feature uniport_seq: 0.5515
Best Val AUC for feature uniport_seq: 0.6759
Feature uniport_seq excluded from fusion due to low Val AUC: 0.6759
Feature: uniport_esm, Epoch 1/100, Train Loss: 0.4652, Val Loss: 0.4516, Train AUC: 0.4938, Val AUC: 0.6420
Feature: uniport_esm, Epoch 2/100, Train Loss: 0.4594, Val Loss: 0.4513, Train AUC: 0.5031, Val AUC: 0.6476
Feature: uniport_esm, Epoch 3/100, Train Loss: 0.4606, Val Loss: 0.4505, Train AUC: 0.4864, Val AUC: 0.6451
Feature: uniport_esm, Epoch 4/100, Train Loss: 0.4546, Val Loss: 0.4502, Train AUC: 0.5226, Val AUC: 0.6442
Feature: uniport_esm, Epoch 5/100, Train Loss: 0.4582, Val Loss: 0.4526, Train AUC: 0.5063, Val AUC: 0.6445
Feature: uniport_esm, Epoch 6/100, Train Loss: 0.4585, Val Loss: 0.4497, Train AUC: 0.4963, Val AUC: 0.6418
Feature: uniport_esm, Epoch 7/100, Train Loss: 0.4580, Val Loss: 0.4496, Train AUC: 0.4925, Val AUC: 0.6402
Feature: uniport_esm, Epoch 8/100, Train Loss: 0.4556, Val Loss: 0.4505, Train AUC: 0.5127, Val AUC: 0.6403
Feature: uniport_esm, Epoch 9/100, Train Loss: 0.4565, Val Loss: 0.4495, Train AUC: 0.5039, Val AUC: 0.6399
Feature: uniport_esm, Epoch 10/100, Train Loss: 0.4584, Val Loss: 0.4491, Train AUC: 0.4997, Val AUC: 0.6400
Feature: uniport_esm, Epoch 11/100, Train Loss: 0.4554, Val Loss: 0.4490, Train AUC: 0.5166, Val AUC: 0.6398
Feature: uniport_esm, Epoch 12/100, Train Loss: 0.4527, Val Loss: 0.4490, Train AUC: 0.5296, Val AUC: 0.6429
Feature: uniport_esm, Epoch 13/100, Train Loss: 0.4549, Val Loss: 0.4488, Train AUC: 0.5130, Val AUC: 0.6426
Feature: uniport_esm, Epoch 14/100, Train Loss: 0.4535, Val Loss: 0.4517, Train AUC: 0.5264, Val AUC: 0.6427
Feature: uniport_esm, Epoch 15/100, Train Loss: 0.4554, Val Loss: 0.4480, Train AUC: 0.5177, Val AUC: 0.6449
Feature: uniport_esm, Epoch 16/100, Train Loss: 0.4555, Val Loss: 0.4480, Train AUC: 0.5183, Val AUC: 0.6467
Feature: uniport_esm, Epoch 17/100, Train Loss: 0.4533, Val Loss: 0.4478, Train AUC: 0.5301, Val AUC: 0.6468
Feature: uniport_esm, Epoch 18/100, Train Loss: 0.4576, Val Loss: 0.4494, Train AUC: 0.4999, Val AUC: 0.6466
Feature: uniport_esm, Epoch 19/100, Train Loss: 0.4536, Val Loss: 0.4478, Train AUC: 0.5301, Val AUC: 0.6471
Feature: uniport_esm, Epoch 20/100, Train Loss: 0.4593, Val Loss: 0.4520, Train AUC: 0.4963, Val AUC: 0.6493
Feature: uniport_esm, Epoch 21/100, Train Loss: 0.4553, Val Loss: 0.4483, Train AUC: 0.5279, Val AUC: 0.6483
Feature: uniport_esm, Epoch 22/100, Train Loss: 0.4560, Val Loss: 0.4469, Train AUC: 0.5177, Val AUC: 0.6482
Feature: uniport_esm, Epoch 23/100, Train Loss: 0.4520, Val Loss: 0.4465, Train AUC: 0.5363, Val AUC: 0.6491
Feature: uniport_esm, Epoch 24/100, Train Loss: 0.4510, Val Loss: 0.4469, Train AUC: 0.5451, Val AUC: 0.6495
Feature: uniport_esm, Epoch 25/100, Train Loss: 0.4533, Val Loss: 0.4507, Train AUC: 0.5384, Val AUC: 0.6512
Feature: uniport_esm, Epoch 26/100, Train Loss: 0.4526, Val Loss: 0.4466, Train AUC: 0.5335, Val AUC: 0.6503
Feature: uniport_esm, Epoch 27/100, Train Loss: 0.4516, Val Loss: 0.4459, Train AUC: 0.5439, Val AUC: 0.6521
Feature: uniport_esm, Epoch 28/100, Train Loss: 0.4567, Val Loss: 0.4453, Train AUC: 0.5138, Val AUC: 0.6534
Feature: uniport_esm, Epoch 29/100, Train Loss: 0.4548, Val Loss: 0.4450, Train AUC: 0.5260, Val AUC: 0.6538
Feature: uniport_esm, Epoch 30/100, Train Loss: 0.4528, Val Loss: 0.4491, Train AUC: 0.5366, Val AUC: 0.6540
Feature: uniport_esm, Epoch 31/100, Train Loss: 0.4568, Val Loss: 0.4484, Train AUC: 0.5188, Val AUC: 0.6550
Feature: uniport_esm, Epoch 32/100, Train Loss: 0.4526, Val Loss: 0.4463, Train AUC: 0.5384, Val AUC: 0.6528
Feature: uniport_esm, Epoch 33/100, Train Loss: 0.4579, Val Loss: 0.4465, Train AUC: 0.5200, Val AUC: 0.6543
Feature: uniport_esm, Epoch 34/100, Train Loss: 0.4549, Val Loss: 0.4524, Train AUC: 0.5200, Val AUC: 0.6541
Early stopping for feature uniport_esm at epoch 34
Best Train AUC for feature uniport_esm: 0.5260
Best Val AUC for feature uniport_esm: 0.6538
Feature uniport_esm excluded from fusion due to low Val AUC: 0.6538
ICD10_C67 191
train test split
early fusion
Epoch 1/100, Train Loss: 0.4728, Val Loss: 0.4486, Train AUC: 0.5142, Val AUC: 0.6068
Epoch 2/100, Train Loss: 0.4617, Val Loss: 0.4464, Train AUC: 0.4943, Val AUC: 0.6812
Epoch 3/100, Train Loss: 0.4615, Val Loss: 0.4464, Train AUC: 0.4907, Val AUC: 0.6960
Epoch 4/100, Train Loss: 0.4575, Val Loss: 0.4461, Train AUC: 0.5125, Val AUC: 0.7168
Epoch 5/100, Train Loss: 0.4646, Val Loss: 0.4477, Train AUC: 0.4868, Val AUC: 0.7193
Epoch 6/100, Train Loss: 0.4657, Val Loss: 0.4459, Train AUC: 0.4726, Val AUC: 0.7538
Epoch 7/100, Train Loss: 0.4532, Val Loss: 0.4458, Train AUC: 0.5360, Val AUC: 0.7460
Epoch 8/100, Train Loss: 0.4592, Val Loss: 0.4458, Train AUC: 0.5040, Val AUC: 0.7469
Epoch 9/100, Train Loss: 0.4612, Val Loss: 0.4464, Train AUC: 0.4870, Val AUC: 0.7508
Epoch 10/100, Train Loss: 0.4549, Val Loss: 0.4455, Train AUC: 0.5245, Val AUC: 0.7484
Epoch 11/100, Train Loss: 0.4583, Val Loss: 0.4452, Train AUC: 0.5350, Val AUC: 0.7455
Epoch 12/100, Train Loss: 0.4588, Val Loss: 0.4451, Train AUC: 0.5147, Val AUC: 0.7385
Epoch 13/100, Train Loss: 0.4565, Val Loss: 0.4445, Train AUC: 0.5287, Val AUC: 0.7400
Epoch 14/100, Train Loss: 0.4644, Val Loss: 0.4449, Train AUC: 0.4948, Val AUC: 0.7300
Epoch 15/100, Train Loss: 0.4593, Val Loss: 0.4446, Train AUC: 0.5089, Val AUC: 0.7353
Epoch 16/100, Train Loss: 0.4567, Val Loss: 0.4443, Train AUC: 0.5247, Val AUC: 0.7355
Epoch 17/100, Train Loss: 0.4629, Val Loss: 0.4452, Train AUC: 0.5026, Val AUC: 0.7373
Epoch 18/100, Train Loss: 0.4608, Val Loss: 0.4456, Train AUC: 0.5004, Val AUC: 0.7407
Epoch 19/100, Train Loss: 0.4618, Val Loss: 0.4441, Train AUC: 0.4949, Val AUC: 0.7419
Epoch 20/100, Train Loss: 0.4503, Val Loss: 0.4438, Train AUC: 0.5560, Val AUC: 0.7402
Epoch 21/100, Train Loss: 0.4584, Val Loss: 0.4434, Train AUC: 0.5164, Val AUC: 0.7418
Epoch 22/100, Train Loss: 0.4614, Val Loss: 0.4448, Train AUC: 0.5053, Val AUC: 0.7433
Epoch 23/100, Train Loss: 0.4590, Val Loss: 0.4431, Train AUC: 0.5097, Val AUC: 0.7397
Epoch 24/100, Train Loss: 0.4553, Val Loss: 0.4425, Train AUC: 0.5326, Val AUC: 0.7406
Epoch 25/100, Train Loss: 0.4635, Val Loss: 0.4457, Train AUC: 0.5008, Val AUC: 0.7416
Epoch 26/100, Train Loss: 0.4482, Val Loss: 0.4424, Train AUC: 0.5827, Val AUC: 0.7419
Epoch 27/100, Train Loss: 0.4608, Val Loss: 0.4451, Train AUC: 0.5010, Val AUC: 0.7472
Epoch 28/100, Train Loss: 0.4617, Val Loss: 0.4404, Train AUC: 0.5121, Val AUC: 0.7472
Epoch 29/100, Train Loss: 0.4530, Val Loss: 0.4403, Train AUC: 0.5580, Val AUC: 0.7484
Epoch 30/100, Train Loss: 0.4605, Val Loss: 0.4463, Train AUC: 0.5225, Val AUC: 0.7457
Epoch 31/100, Train Loss: 0.4626, Val Loss: 0.4416, Train AUC: 0.4961, Val AUC: 0.7491
Epoch 32/100, Train Loss: 0.4529, Val Loss: 0.4424, Train AUC: 0.5468, Val AUC: 0.7501
Epoch 33/100, Train Loss: 0.4583, Val Loss: 0.4397, Train AUC: 0.5206, Val AUC: 0.7508
Epoch 34/100, Train Loss: 0.4507, Val Loss: 0.4382, Train AUC: 0.5744, Val AUC: 0.7555
Epoch 35/100, Train Loss: 0.4576, Val Loss: 0.4382, Train AUC: 0.5356, Val AUC: 0.7574
Epoch 36/100, Train Loss: 0.4492, Val Loss: 0.4369, Train AUC: 0.5487, Val AUC: 0.7613
Epoch 37/100, Train Loss: 0.4587, Val Loss: 0.4338, Train AUC: 0.5326, Val AUC: 0.7622
Epoch 38/100, Train Loss: 0.4481, Val Loss: 0.4346, Train AUC: 0.5832, Val AUC: 0.7698
Epoch 39/100, Train Loss: 0.4538, Val Loss: 0.4332, Train AUC: 0.5636, Val AUC: 0.7708
Epoch 40/100, Train Loss: 0.4466, Val Loss: 0.4363, Train AUC: 0.5857, Val AUC: 0.7720
Epoch 41/100, Train Loss: 0.4484, Val Loss: 0.4378, Train AUC: 0.5895, Val AUC: 0.7734
Epoch 42/100, Train Loss: 0.4444, Val Loss: 0.4325, Train AUC: 0.5885, Val AUC: 0.7768
Epoch 43/100, Train Loss: 0.4411, Val Loss: 0.4246, Train AUC: 0.6126, Val AUC: 0.7773
Epoch 44/100, Train Loss: 0.4384, Val Loss: 0.4267, Train AUC: 0.6232, Val AUC: 0.7861
Epoch 45/100, Train Loss: 0.4345, Val Loss: 0.4270, Train AUC: 0.6455, Val AUC: 0.7897
Epoch 46/100, Train Loss: 0.4393, Val Loss: 0.4220, Train AUC: 0.6231, Val AUC: 0.7890
Epoch 47/100, Train Loss: 0.4388, Val Loss: 0.4301, Train AUC: 0.6351, Val AUC: 0.7888
Epoch 48/100, Train Loss: 0.4537, Val Loss: 0.4270, Train AUC: 0.5773, Val AUC: 0.7900
Epoch 49/100, Train Loss: 0.4398, Val Loss: 0.4208, Train AUC: 0.6190, Val AUC: 0.7921
Epoch 50/100, Train Loss: 0.4144, Val Loss: 0.4030, Train AUC: 0.7115, Val AUC: 0.8001
Epoch 51/100, Train Loss: 0.4256, Val Loss: 0.4225, Train AUC: 0.6735, Val AUC: 0.8007
Epoch 52/100, Train Loss: 0.4395, Val Loss: 0.4115, Train AUC: 0.6295, Val AUC: 0.8108
Epoch 53/100, Train Loss: 0.4171, Val Loss: 0.4135, Train AUC: 0.7002, Val AUC: 0.8205
Epoch 54/100, Train Loss: 0.4382, Val Loss: 0.4202, Train AUC: 0.6271, Val AUC: 0.8125
Epoch 55/100, Train Loss: 0.4234, Val Loss: 0.4020, Train AUC: 0.6812, Val AUC: 0.8237
Epoch 56/100, Train Loss: 0.4086, Val Loss: 0.4170, Train AUC: 0.7116, Val AUC: 0.8363
Epoch 57/100, Train Loss: 0.4172, Val Loss: 0.4230, Train AUC: 0.6954, Val AUC: 0.8319
Epoch 58/100, Train Loss: 0.4409, Val Loss: 0.4171, Train AUC: 0.6299, Val AUC: 0.8302
Epoch 59/100, Train Loss: 0.4130, Val Loss: 0.4054, Train AUC: 0.7078, Val AUC: 0.8378
Epoch 60/100, Train Loss: 0.4265, Val Loss: 0.4210, Train AUC: 0.6767, Val AUC: 0.8324
Early stopping triggered at epoch 60
Best Train AUC: 0.6812, Best Val AUC: 0.8237
early fusion validation auc: 0.8316048962937777
mid fusion
Epoch 1/100, Train Loss: 0.4635, Val Loss: 0.4439, Train AUC: 0.4797, Val AUC: 0.6902
Epoch 2/100, Train Loss: 0.4467, Val Loss: 0.4384, Train AUC: 0.5877, Val AUC: 0.7385
Epoch 3/100, Train Loss: 0.4380, Val Loss: 0.4348, Train AUC: 0.6239, Val AUC: 0.7564
Epoch 4/100, Train Loss: 0.4141, Val Loss: 0.4191, Train AUC: 0.7319, Val AUC: 0.7759
Epoch 5/100, Train Loss: 0.3850, Val Loss: 0.3769, Train AUC: 0.7847, Val AUC: 0.8108
Epoch 6/100, Train Loss: 0.3466, Val Loss: 0.3519, Train AUC: 0.8413, Val AUC: 0.8344
Epoch 7/100, Train Loss: 0.3384, Val Loss: 0.4027, Train AUC: 0.8311, Val AUC: 0.8434
Epoch 8/100, Train Loss: 0.3287, Val Loss: 0.3165, Train AUC: 0.8346, Val AUC: 0.8715
Epoch 9/100, Train Loss: 0.3089, Val Loss: 0.3243, Train AUC: 0.8603, Val AUC: 0.8565
Epoch 10/100, Train Loss: 0.2869, Val Loss: 0.3451, Train AUC: 0.8810, Val AUC: 0.8698
Epoch 11/100, Train Loss: 0.2956, Val Loss: 0.3447, Train AUC: 0.8759, Val AUC: 0.8800
Epoch 12/100, Train Loss: 0.3070, Val Loss: 0.3270, Train AUC: 0.8559, Val AUC: 0.8749
Epoch 13/100, Train Loss: 0.2864, Val Loss: 0.2789, Train AUC: 0.8792, Val AUC: 0.8944
Epoch 14/100, Train Loss: 0.2523, Val Loss: 0.3188, Train AUC: 0.9037, Val AUC: 0.8813
Epoch 15/100, Train Loss: 0.2986, Val Loss: 0.2983, Train AUC: 0.8733, Val AUC: 0.8793
Epoch 16/100, Train Loss: 0.3248, Val Loss: 0.3015, Train AUC: 0.8450, Val AUC: 0.8718
Epoch 17/100, Train Loss: 0.2567, Val Loss: 0.2945, Train AUC: 0.9120, Val AUC: 0.8808
Epoch 18/100, Train Loss: 0.2463, Val Loss: 0.3184, Train AUC: 0.9145, Val AUC: 0.8798
Epoch 19/100, Train Loss: 0.2440, Val Loss: 0.2809, Train AUC: 0.9117, Val AUC: 0.8747
Epoch 20/100, Train Loss: 0.2388, Val Loss: 0.3191, Train AUC: 0.9136, Val AUC: 0.8754
Epoch 21/100, Train Loss: 0.2614, Val Loss: 0.3157, Train AUC: 0.9026, Val AUC: 0.8762
Early stopping triggered at epoch 21
Best Train AUC: 0.8792, Best Val AUC: 0.8944
early fusion validation auc: 0.8895783747024821
later fusion
Feature: uniport_ppi_2019, Epoch 1/100, Train Loss: 0.4837, Val Loss: 0.4470, Train AUC: 0.5103, Val AUC: 0.5119
Feature: uniport_ppi_2019, Epoch 2/100, Train Loss: 0.4693, Val Loss: 0.4457, Train AUC: 0.4788, Val AUC: 0.6090
Feature: uniport_ppi_2019, Epoch 3/100, Train Loss: 0.4590, Val Loss: 0.4462, Train AUC: 0.5147, Val AUC: 0.7004
Feature: uniport_ppi_2019, Epoch 4/100, Train Loss: 0.4606, Val Loss: 0.4445, Train AUC: 0.5011, Val AUC: 0.7237
Feature: uniport_ppi_2019, Epoch 5/100, Train Loss: 0.4582, Val Loss: 0.4440, Train AUC: 0.5155, Val AUC: 0.7463
Feature: uniport_ppi_2019, Epoch 6/100, Train Loss: 0.4524, Val Loss: 0.4433, Train AUC: 0.5414, Val AUC: 0.7822
Feature: uniport_ppi_2019, Epoch 7/100, Train Loss: 0.4568, Val Loss: 0.4426, Train AUC: 0.5308, Val AUC: 0.8038
Feature: uniport_ppi_2019, Epoch 8/100, Train Loss: 0.4649, Val Loss: 0.4418, Train AUC: 0.4845, Val AUC: 0.8121
Feature: uniport_ppi_2019, Epoch 9/100, Train Loss: 0.4547, Val Loss: 0.4433, Train AUC: 0.5299, Val AUC: 0.8387
Feature: uniport_ppi_2019, Epoch 10/100, Train Loss: 0.4581, Val Loss: 0.4399, Train AUC: 0.5133, Val AUC: 0.8382
Feature: uniport_ppi_2019, Epoch 11/100, Train Loss: 0.4473, Val Loss: 0.4384, Train AUC: 0.5817, Val AUC: 0.8375
Feature: uniport_ppi_2019, Epoch 12/100, Train Loss: 0.4445, Val Loss: 0.4361, Train AUC: 0.5909, Val AUC: 0.8422
Feature: uniport_ppi_2019, Epoch 13/100, Train Loss: 0.4512, Val Loss: 0.4338, Train AUC: 0.5565, Val AUC: 0.8463
Feature: uniport_ppi_2019, Epoch 14/100, Train Loss: 0.4425, Val Loss: 0.4439, Train AUC: 0.6056, Val AUC: 0.8546
Feature: uniport_ppi_2019, Epoch 15/100, Train Loss: 0.4524, Val Loss: 0.4306, Train AUC: 0.5616, Val AUC: 0.8614
Feature: uniport_ppi_2019, Epoch 16/100, Train Loss: 0.4523, Val Loss: 0.4297, Train AUC: 0.5471, Val AUC: 0.8674
Feature: uniport_ppi_2019, Epoch 17/100, Train Loss: 0.4392, Val Loss: 0.4210, Train AUC: 0.6196, Val AUC: 0.8587
Feature: uniport_ppi_2019, Epoch 18/100, Train Loss: 0.4267, Val Loss: 0.4202, Train AUC: 0.6664, Val AUC: 0.8594
Feature: uniport_ppi_2019, Epoch 19/100, Train Loss: 0.4328, Val Loss: 0.4040, Train AUC: 0.6422, Val AUC: 0.8677
Feature: uniport_ppi_2019, Epoch 20/100, Train Loss: 0.4386, Val Loss: 0.4058, Train AUC: 0.6318, Val AUC: 0.8536
Feature: uniport_ppi_2019, Epoch 21/100, Train Loss: 0.4235, Val Loss: 0.3947, Train AUC: 0.6858, Val AUC: 0.8640
Feature: uniport_ppi_2019, Epoch 22/100, Train Loss: 0.4229, Val Loss: 0.3845, Train AUC: 0.6871, Val AUC: 0.8616
Feature: uniport_ppi_2019, Epoch 23/100, Train Loss: 0.3934, Val Loss: 0.3444, Train AUC: 0.7627, Val AUC: 0.8710
Feature: uniport_ppi_2019, Epoch 24/100, Train Loss: 0.4040, Val Loss: 0.3767, Train AUC: 0.7363, Val AUC: 0.8643
Feature: uniport_ppi_2019, Epoch 25/100, Train Loss: 0.4038, Val Loss: 0.3747, Train AUC: 0.7392, Val AUC: 0.8654
Feature: uniport_ppi_2019, Epoch 26/100, Train Loss: 0.4007, Val Loss: 0.3560, Train AUC: 0.7346, Val AUC: 0.8672
Feature: uniport_ppi_2019, Epoch 27/100, Train Loss: 0.3969, Val Loss: 0.3802, Train AUC: 0.7518, Val AUC: 0.8691
Feature: uniport_ppi_2019, Epoch 28/100, Train Loss: 0.4036, Val Loss: 0.3464, Train AUC: 0.7331, Val AUC: 0.8730
Early stopping for feature uniport_ppi_2019 at epoch 28
Best Train AUC for feature uniport_ppi_2019: 0.7627
Best Val AUC for feature uniport_ppi_2019: 0.8710
Feature: ppi_2019_dw_40, Epoch 1/100, Train Loss: 0.4778, Val Loss: 0.4476, Train AUC: 0.5293, Val AUC: 0.7205
Feature: ppi_2019_dw_40, Epoch 2/100, Train Loss: 0.4541, Val Loss: 0.4419, Train AUC: 0.5491, Val AUC: 0.7759
Feature: ppi_2019_dw_40, Epoch 3/100, Train Loss: 0.4460, Val Loss: 0.4401, Train AUC: 0.5910, Val AUC: 0.8200
Feature: ppi_2019_dw_40, Epoch 4/100, Train Loss: 0.4593, Val Loss: 0.4377, Train AUC: 0.5170, Val AUC: 0.8499
Feature: ppi_2019_dw_40, Epoch 5/100, Train Loss: 0.4492, Val Loss: 0.4362, Train AUC: 0.5590, Val AUC: 0.8548
Feature: ppi_2019_dw_40, Epoch 6/100, Train Loss: 0.4471, Val Loss: 0.4310, Train AUC: 0.5936, Val AUC: 0.8536
Feature: ppi_2019_dw_40, Epoch 7/100, Train Loss: 0.4376, Val Loss: 0.4287, Train AUC: 0.6265, Val AUC: 0.8597
Feature: ppi_2019_dw_40, Epoch 8/100, Train Loss: 0.4435, Val Loss: 0.4212, Train AUC: 0.6096, Val AUC: 0.8621
Feature: ppi_2019_dw_40, Epoch 9/100, Train Loss: 0.4452, Val Loss: 0.4196, Train AUC: 0.5989, Val AUC: 0.8773
Feature: ppi_2019_dw_40, Epoch 10/100, Train Loss: 0.4367, Val Loss: 0.4045, Train AUC: 0.6374, Val AUC: 0.8783
Feature: ppi_2019_dw_40, Epoch 11/100, Train Loss: 0.4196, Val Loss: 0.3841, Train AUC: 0.7002, Val AUC: 0.8686
Feature: ppi_2019_dw_40, Epoch 12/100, Train Loss: 0.4237, Val Loss: 0.3954, Train AUC: 0.6786, Val AUC: 0.8825
Feature: ppi_2019_dw_40, Epoch 13/100, Train Loss: 0.4168, Val Loss: 0.3584, Train AUC: 0.7080, Val AUC: 0.8841
Feature: ppi_2019_dw_40, Epoch 14/100, Train Loss: 0.3949, Val Loss: 0.3547, Train AUC: 0.7534, Val AUC: 0.8917
Feature: ppi_2019_dw_40, Epoch 15/100, Train Loss: 0.3854, Val Loss: 0.3518, Train AUC: 0.7697, Val AUC: 0.8832
Feature: ppi_2019_dw_40, Epoch 16/100, Train Loss: 0.3838, Val Loss: 0.3277, Train AUC: 0.7644, Val AUC: 0.8835
Feature: ppi_2019_dw_40, Epoch 17/100, Train Loss: 0.3835, Val Loss: 0.3258, Train AUC: 0.7655, Val AUC: 0.8960
Feature: ppi_2019_dw_40, Epoch 18/100, Train Loss: 0.3509, Val Loss: 0.3158, Train AUC: 0.8146, Val AUC: 0.8903
Feature: ppi_2019_dw_40, Epoch 19/100, Train Loss: 0.3609, Val Loss: 0.3600, Train AUC: 0.7987, Val AUC: 0.8817
Feature: ppi_2019_dw_40, Epoch 20/100, Train Loss: 0.3491, Val Loss: 0.2884, Train AUC: 0.8160, Val AUC: 0.8946
Feature: ppi_2019_dw_40, Epoch 21/100, Train Loss: 0.3524, Val Loss: 0.2938, Train AUC: 0.8077, Val AUC: 0.8963
Feature: ppi_2019_dw_40, Epoch 22/100, Train Loss: 0.3393, Val Loss: 0.2972, Train AUC: 0.8341, Val AUC: 0.8939
Feature: ppi_2019_dw_40, Epoch 23/100, Train Loss: 0.3575, Val Loss: 0.3202, Train AUC: 0.8037, Val AUC: 0.8980
Feature: ppi_2019_dw_40, Epoch 24/100, Train Loss: 0.3440, Val Loss: 0.2944, Train AUC: 0.8245, Val AUC: 0.8956
Feature: ppi_2019_dw_40, Epoch 25/100, Train Loss: 0.3384, Val Loss: 0.3015, Train AUC: 0.8236, Val AUC: 0.8971
Early stopping for feature ppi_2019_dw_40 at epoch 25
Best Train AUC for feature ppi_2019_dw_40: 0.8160
Best Val AUC for feature ppi_2019_dw_40: 0.8946
Feature: uniport_bio, Epoch 1/100, Train Loss: 0.5165, Val Loss: 0.4511, Train AUC: 0.5314, Val AUC: 0.4861
Feature: uniport_bio, Epoch 2/100, Train Loss: 0.4616, Val Loss: 0.4462, Train AUC: 0.5127, Val AUC: 0.5860
Feature: uniport_bio, Epoch 3/100, Train Loss: 0.4590, Val Loss: 0.4453, Train AUC: 0.5181, Val AUC: 0.6428
Feature: uniport_bio, Epoch 4/100, Train Loss: 0.4581, Val Loss: 0.4444, Train AUC: 0.5183, Val AUC: 0.6783
Feature: uniport_bio, Epoch 5/100, Train Loss: 0.4607, Val Loss: 0.4435, Train AUC: 0.5023, Val AUC: 0.7057
Feature: uniport_bio, Epoch 6/100, Train Loss: 0.4521, Val Loss: 0.4418, Train AUC: 0.5469, Val AUC: 0.7236
Feature: uniport_bio, Epoch 7/100, Train Loss: 0.4526, Val Loss: 0.4402, Train AUC: 0.5448, Val AUC: 0.7380
Feature: uniport_bio, Epoch 8/100, Train Loss: 0.4509, Val Loss: 0.4380, Train AUC: 0.5640, Val AUC: 0.7504
Feature: uniport_bio, Epoch 9/100, Train Loss: 0.4518, Val Loss: 0.4351, Train AUC: 0.5581, Val AUC: 0.7584
Feature: uniport_bio, Epoch 10/100, Train Loss: 0.4396, Val Loss: 0.4289, Train AUC: 0.6187, Val AUC: 0.7683
Feature: uniport_bio, Epoch 11/100, Train Loss: 0.4357, Val Loss: 0.4189, Train AUC: 0.6395, Val AUC: 0.7780
Feature: uniport_bio, Epoch 12/100, Train Loss: 0.4231, Val Loss: 0.4204, Train AUC: 0.6756, Val AUC: 0.7752
Feature: uniport_bio, Epoch 13/100, Train Loss: 0.4157, Val Loss: 0.4083, Train AUC: 0.7080, Val AUC: 0.7769
Feature: uniport_bio, Epoch 14/100, Train Loss: 0.4255, Val Loss: 0.4029, Train AUC: 0.6782, Val AUC: 0.7871
Feature: uniport_bio, Epoch 15/100, Train Loss: 0.4110, Val Loss: 0.4306, Train AUC: 0.7082, Val AUC: 0.7955
Feature: uniport_bio, Epoch 16/100, Train Loss: 0.4151, Val Loss: 0.4010, Train AUC: 0.7070, Val AUC: 0.7989
Feature: uniport_bio, Epoch 17/100, Train Loss: 0.4013, Val Loss: 0.4057, Train AUC: 0.7298, Val AUC: 0.7946
Feature: uniport_bio, Epoch 18/100, Train Loss: 0.4023, Val Loss: 0.3805, Train AUC: 0.7271, Val AUC: 0.7970
Feature: uniport_bio, Epoch 19/100, Train Loss: 0.3808, Val Loss: 0.3660, Train AUC: 0.7684, Val AUC: 0.8072
Feature: uniport_bio, Epoch 20/100, Train Loss: 0.3709, Val Loss: 0.3834, Train AUC: 0.7879, Val AUC: 0.8081
Feature: uniport_bio, Epoch 21/100, Train Loss: 0.3542, Val Loss: 0.3683, Train AUC: 0.8153, Val AUC: 0.7965
Feature: uniport_bio, Epoch 22/100, Train Loss: 0.3787, Val Loss: 0.3711, Train AUC: 0.7624, Val AUC: 0.8007
Feature: uniport_bio, Epoch 23/100, Train Loss: 0.3637, Val Loss: 0.3630, Train AUC: 0.8048, Val AUC: 0.8070
Feature: uniport_bio, Epoch 24/100, Train Loss: 0.3567, Val Loss: 0.3713, Train AUC: 0.7992, Val AUC: 0.8116
Feature: uniport_bio, Epoch 25/100, Train Loss: 0.3701, Val Loss: 0.3778, Train AUC: 0.7928, Val AUC: 0.8162
Feature: uniport_bio, Epoch 26/100, Train Loss: 0.3672, Val Loss: 0.3807, Train AUC: 0.7832, Val AUC: 0.8135
Feature: uniport_bio, Epoch 27/100, Train Loss: 0.3532, Val Loss: 0.3602, Train AUC: 0.8136, Val AUC: 0.8106
Feature: uniport_bio, Epoch 28/100, Train Loss: 0.3380, Val Loss: 0.3633, Train AUC: 0.8282, Val AUC: 0.8104
Feature: uniport_bio, Epoch 29/100, Train Loss: 0.3339, Val Loss: 0.3545, Train AUC: 0.8365, Val AUC: 0.8120
Feature: uniport_bio, Epoch 30/100, Train Loss: 0.3428, Val Loss: 0.3585, Train AUC: 0.8213, Val AUC: 0.8140
Feature: uniport_bio, Epoch 31/100, Train Loss: 0.3244, Val Loss: 0.3770, Train AUC: 0.8446, Val AUC: 0.8113
Feature: uniport_bio, Epoch 32/100, Train Loss: 0.3285, Val Loss: 0.3837, Train AUC: 0.8358, Val AUC: 0.8058
Feature: uniport_bio, Epoch 33/100, Train Loss: 0.3472, Val Loss: 0.3585, Train AUC: 0.8157, Val AUC: 0.8132
Feature: uniport_bio, Epoch 34/100, Train Loss: 0.3243, Val Loss: 0.3657, Train AUC: 0.8481, Val AUC: 0.8150
Early stopping for feature uniport_bio at epoch 34
Best Train AUC for feature uniport_bio: 0.8365
Best Val AUC for feature uniport_bio: 0.8120
Feature: uniport_seq, Epoch 1/100, Train Loss: 0.4789, Val Loss: 0.4490, Train AUC: 0.4923, Val AUC: 0.5615
Feature: uniport_seq, Epoch 2/100, Train Loss: 0.4669, Val Loss: 0.4464, Train AUC: 0.4654, Val AUC: 0.5944
Feature: uniport_seq, Epoch 3/100, Train Loss: 0.4569, Val Loss: 0.4467, Train AUC: 0.5251, Val AUC: 0.5949
Feature: uniport_seq, Epoch 4/100, Train Loss: 0.4540, Val Loss: 0.4463, Train AUC: 0.5344, Val AUC: 0.6044
Feature: uniport_seq, Epoch 5/100, Train Loss: 0.4613, Val Loss: 0.4462, Train AUC: 0.5078, Val AUC: 0.6030
Feature: uniport_seq, Epoch 6/100, Train Loss: 0.4580, Val Loss: 0.4467, Train AUC: 0.5160, Val AUC: 0.6015
Feature: uniport_seq, Epoch 7/100, Train Loss: 0.4521, Val Loss: 0.4463, Train AUC: 0.5525, Val AUC: 0.6039
Feature: uniport_seq, Epoch 8/100, Train Loss: 0.4618, Val Loss: 0.4483, Train AUC: 0.4978, Val AUC: 0.5976
Feature: uniport_seq, Epoch 9/100, Train Loss: 0.4629, Val Loss: 0.4464, Train AUC: 0.4987, Val AUC: 0.5972
Feature: uniport_seq, Epoch 10/100, Train Loss: 0.4679, Val Loss: 0.4500, Train AUC: 0.4712, Val AUC: 0.5969
Early stopping for feature uniport_seq at epoch 10
Best Train AUC for feature uniport_seq: 0.5078
Best Val AUC for feature uniport_seq: 0.6030
Feature uniport_seq excluded from fusion due to low Val AUC: 0.6030
Feature: uniport_esm, Epoch 1/100, Train Loss: 0.4704, Val Loss: 0.4468, Train AUC: 0.5005, Val AUC: 0.5502
Feature: uniport_esm, Epoch 2/100, Train Loss: 0.4717, Val Loss: 0.4491, Train AUC: 0.4628, Val AUC: 0.5847
Feature: uniport_esm, Epoch 3/100, Train Loss: 0.4587, Val Loss: 0.4464, Train AUC: 0.5176, Val AUC: 0.5957
Feature: uniport_esm, Epoch 4/100, Train Loss: 0.4625, Val Loss: 0.4463, Train AUC: 0.4899, Val AUC: 0.6040
Feature: uniport_esm, Epoch 5/100, Train Loss: 0.4582, Val Loss: 0.4459, Train AUC: 0.5128, Val AUC: 0.6090
Feature: uniport_esm, Epoch 6/100, Train Loss: 0.4565, Val Loss: 0.4462, Train AUC: 0.5196, Val AUC: 0.6141
Feature: uniport_esm, Epoch 7/100, Train Loss: 0.4628, Val Loss: 0.4469, Train AUC: 0.4950, Val AUC: 0.6153
Feature: uniport_esm, Epoch 8/100, Train Loss: 0.4581, Val Loss: 0.4458, Train AUC: 0.5082, Val AUC: 0.6146
Feature: uniport_esm, Epoch 9/100, Train Loss: 0.4582, Val Loss: 0.4455, Train AUC: 0.5215, Val AUC: 0.6199
Feature: uniport_esm, Epoch 10/100, Train Loss: 0.4658, Val Loss: 0.4464, Train AUC: 0.4691, Val AUC: 0.6122
Feature: uniport_esm, Epoch 11/100, Train Loss: 0.4657, Val Loss: 0.4454, Train AUC: 0.4730, Val AUC: 0.6083
Feature: uniport_esm, Epoch 12/100, Train Loss: 0.4613, Val Loss: 0.4465, Train AUC: 0.4841, Val AUC: 0.6093
Feature: uniport_esm, Epoch 13/100, Train Loss: 0.4602, Val Loss: 0.4452, Train AUC: 0.5010, Val AUC: 0.6154
Feature: uniport_esm, Epoch 14/100, Train Loss: 0.4677, Val Loss: 0.4452, Train AUC: 0.4627, Val AUC: 0.6112
Feature: uniport_esm, Epoch 15/100, Train Loss: 0.4643, Val Loss: 0.4451, Train AUC: 0.4702, Val AUC: 0.6108
Feature: uniport_esm, Epoch 16/100, Train Loss: 0.4530, Val Loss: 0.4458, Train AUC: 0.5455, Val AUC: 0.6108
Feature: uniport_esm, Epoch 17/100, Train Loss: 0.4668, Val Loss: 0.4459, Train AUC: 0.4574, Val AUC: 0.6125
Feature: uniport_esm, Epoch 18/100, Train Loss: 0.4475, Val Loss: 0.4446, Train AUC: 0.5668, Val AUC: 0.6163
Feature: uniport_esm, Epoch 19/100, Train Loss: 0.4608, Val Loss: 0.4444, Train AUC: 0.5079, Val AUC: 0.6139
Feature: uniport_esm, Epoch 20/100, Train Loss: 0.4573, Val Loss: 0.4445, Train AUC: 0.5300, Val AUC: 0.6144
Feature: uniport_esm, Epoch 21/100, Train Loss: 0.4657, Val Loss: 0.4449, Train AUC: 0.4662, Val AUC: 0.6153
Feature: uniport_esm, Epoch 22/100, Train Loss: 0.4608, Val Loss: 0.4443, Train AUC: 0.4936, Val AUC: 0.6183
Feature: uniport_esm, Epoch 23/100, Train Loss: 0.4535, Val Loss: 0.4459, Train AUC: 0.5319, Val AUC: 0.6185
Feature: uniport_esm, Epoch 24/100, Train Loss: 0.4524, Val Loss: 0.4439, Train AUC: 0.5444, Val AUC: 0.6176
Feature: uniport_esm, Epoch 25/100, Train Loss: 0.4513, Val Loss: 0.4438, Train AUC: 0.5593, Val AUC: 0.6151
Feature: uniport_esm, Epoch 26/100, Train Loss: 0.4547, Val Loss: 0.4434, Train AUC: 0.5406, Val AUC: 0.6158
Feature: uniport_esm, Epoch 27/100, Train Loss: 0.4567, Val Loss: 0.4437, Train AUC: 0.5237, Val AUC: 0.6168
Feature: uniport_esm, Epoch 28/100, Train Loss: 0.4492, Val Loss: 0.4428, Train AUC: 0.5593, Val AUC: 0.6146
Feature: uniport_esm, Epoch 29/100, Train Loss: 0.4593, Val Loss: 0.4463, Train AUC: 0.5106, Val AUC: 0.6168
Feature: uniport_esm, Epoch 30/100, Train Loss: 0.4557, Val Loss: 0.4433, Train AUC: 0.5326, Val AUC: 0.6190
Feature: uniport_esm, Epoch 31/100, Train Loss: 0.4483, Val Loss: 0.4446, Train AUC: 0.5779, Val AUC: 0.6170
Feature: uniport_esm, Epoch 32/100, Train Loss: 0.4549, Val Loss: 0.4422, Train AUC: 0.5300, Val AUC: 0.6185
Feature: uniport_esm, Epoch 33/100, Train Loss: 0.4594, Val Loss: 0.4423, Train AUC: 0.5070, Val AUC: 0.6175
Feature: uniport_esm, Epoch 34/100, Train Loss: 0.4530, Val Loss: 0.4435, Train AUC: 0.5529, Val AUC: 0.6200
Feature: uniport_esm, Epoch 35/100, Train Loss: 0.4520, Val Loss: 0.4425, Train AUC: 0.5589, Val AUC: 0.6192
Feature: uniport_esm, Epoch 36/100, Train Loss: 0.4466, Val Loss: 0.4432, Train AUC: 0.5798, Val AUC: 0.6197
Feature: uniport_esm, Epoch 37/100, Train Loss: 0.4557, Val Loss: 0.4414, Train AUC: 0.5337, Val AUC: 0.6192
Feature: uniport_esm, Epoch 38/100, Train Loss: 0.4542, Val Loss: 0.4524, Train AUC: 0.5523, Val AUC: 0.6216
Feature: uniport_esm, Epoch 39/100, Train Loss: 0.4581, Val Loss: 0.4421, Train AUC: 0.5313, Val AUC: 0.6216
Feature: uniport_esm, Epoch 40/100, Train Loss: 0.4494, Val Loss: 0.4431, Train AUC: 0.5663, Val AUC: 0.6212
Feature: uniport_esm, Epoch 41/100, Train Loss: 0.4543, Val Loss: 0.4435, Train AUC: 0.5326, Val AUC: 0.6227
Feature: uniport_esm, Epoch 42/100, Train Loss: 0.4460, Val Loss: 0.4428, Train AUC: 0.5881, Val AUC: 0.6210
Early stopping for feature uniport_esm at epoch 42
Best Train AUC for feature uniport_esm: 0.5337
Best Val AUC for feature uniport_esm: 0.6192
Feature uniport_esm excluded from fusion due to low Val AUC: 0.6192
ICD10_C81 23
train test split
early fusion
Epoch 1/100, Train Loss: 0.5235, Val Loss: 0.4684, Train AUC: 0.5456, Val AUC: 0.7105
Epoch 2/100, Train Loss: 0.4818, Val Loss: 0.4664, Train AUC: 0.4211, Val AUC: 0.7105
Epoch 3/100, Train Loss: 0.4634, Val Loss: 0.4628, Train AUC: 0.4474, Val AUC: 0.7237
Epoch 4/100, Train Loss: 0.4715, Val Loss: 0.4606, Train AUC: 0.4158, Val AUC: 0.7237
Epoch 5/100, Train Loss: 0.4750, Val Loss: 0.4603, Train AUC: 0.3886, Val AUC: 0.7237
Epoch 6/100, Train Loss: 0.4642, Val Loss: 0.4602, Train AUC: 0.4596, Val AUC: 0.7237
Epoch 7/100, Train Loss: 0.4535, Val Loss: 0.4603, Train AUC: 0.5000, Val AUC: 0.7237
Epoch 8/100, Train Loss: 0.4665, Val Loss: 0.4599, Train AUC: 0.4447, Val AUC: 0.7237
Epoch 9/100, Train Loss: 0.4537, Val Loss: 0.4598, Train AUC: 0.4939, Val AUC: 0.7237
Epoch 10/100, Train Loss: 0.4579, Val Loss: 0.4602, Train AUC: 0.5035, Val AUC: 0.7237
Epoch 11/100, Train Loss: 0.4223, Val Loss: 0.4601, Train AUC: 0.6868, Val AUC: 0.7237
Epoch 12/100, Train Loss: 0.4552, Val Loss: 0.4607, Train AUC: 0.4974, Val AUC: 0.7237
Epoch 13/100, Train Loss: 0.4487, Val Loss: 0.4602, Train AUC: 0.5772, Val AUC: 0.7237
Epoch 14/100, Train Loss: 0.4548, Val Loss: 0.4601, Train AUC: 0.5219, Val AUC: 0.7237
Early stopping triggered at epoch 14
Best Train AUC: 0.4939, Best Val AUC: 0.7237
early fusion validation auc: 0.8223684210526315
mid fusion
Epoch 1/100, Train Loss: 0.5122, Val Loss: 0.4639, Train AUC: 0.5772, Val AUC: 0.5526
Epoch 2/100, Train Loss: 0.4525, Val Loss: 0.4658, Train AUC: 0.4588, Val AUC: 0.5526
Epoch 3/100, Train Loss: 0.4484, Val Loss: 0.4665, Train AUC: 0.5237, Val AUC: 0.5132
Epoch 4/100, Train Loss: 0.4476, Val Loss: 0.4611, Train AUC: 0.5184, Val AUC: 0.5395
Epoch 5/100, Train Loss: 0.4382, Val Loss: 0.4609, Train AUC: 0.8947, Val AUC: 0.5658
Epoch 6/100, Train Loss: 0.4353, Val Loss: 0.4602, Train AUC: 0.9175, Val AUC: 0.5789
Epoch 7/100, Train Loss: 0.4316, Val Loss: 0.4590, Train AUC: 0.9184, Val AUC: 0.6579
Epoch 8/100, Train Loss: 0.4274, Val Loss: 0.4583, Train AUC: 0.9439, Val AUC: 0.6579
Epoch 9/100, Train Loss: 0.4232, Val Loss: 0.4559, Train AUC: 0.9579, Val AUC: 0.6842
Epoch 10/100, Train Loss: 0.4176, Val Loss: 0.4525, Train AUC: 0.9386, Val AUC: 0.6711
Epoch 11/100, Train Loss: 0.4112, Val Loss: 0.4504, Train AUC: 0.9465, Val AUC: 0.6711
Epoch 12/100, Train Loss: 0.4026, Val Loss: 0.4478, Train AUC: 0.9491, Val AUC: 0.6579
Epoch 13/100, Train Loss: 0.3940, Val Loss: 0.4451, Train AUC: 0.9421, Val AUC: 0.6579
Epoch 14/100, Train Loss: 0.3835, Val Loss: 0.4413, Train AUC: 0.9395, Val AUC: 0.6711
Epoch 15/100, Train Loss: 0.3624, Val Loss: 0.4370, Train AUC: 0.9588, Val AUC: 0.6579
Epoch 16/100, Train Loss: 0.3475, Val Loss: 0.4241, Train AUC: 0.9509, Val AUC: 0.6974
Epoch 17/100, Train Loss: 0.3224, Val Loss: 0.4138, Train AUC: 0.9570, Val AUC: 0.6974
Epoch 18/100, Train Loss: 0.3019, Val Loss: 0.4011, Train AUC: 0.9588, Val AUC: 0.7237
Epoch 19/100, Train Loss: 0.2888, Val Loss: 0.3856, Train AUC: 0.9588, Val AUC: 0.7500
Epoch 20/100, Train Loss: 0.2738, Val Loss: 0.3701, Train AUC: 0.9605, Val AUC: 0.7632
Epoch 21/100, Train Loss: 0.2459, Val Loss: 0.3734, Train AUC: 0.9719, Val AUC: 0.7237
Epoch 22/100, Train Loss: 0.2222, Val Loss: 0.3634, Train AUC: 0.9789, Val AUC: 0.7368
Epoch 23/100, Train Loss: 0.2040, Val Loss: 0.3631, Train AUC: 0.9781, Val AUC: 0.7368
Epoch 24/100, Train Loss: 0.1838, Val Loss: 0.3633, Train AUC: 0.9825, Val AUC: 0.7500
Epoch 25/100, Train Loss: 0.1817, Val Loss: 0.3702, Train AUC: 0.9842, Val AUC: 0.7500
Epoch 26/100, Train Loss: 0.1648, Val Loss: 0.3623, Train AUC: 0.9886, Val AUC: 0.7500
Epoch 27/100, Train Loss: 0.1309, Val Loss: 0.4576, Train AUC: 0.9904, Val AUC: 0.7500
Epoch 28/100, Train Loss: 0.1274, Val Loss: 0.3310, Train AUC: 0.9991, Val AUC: 0.7632
Epoch 29/100, Train Loss: 0.1279, Val Loss: 0.4076, Train AUC: 0.9965, Val AUC: 0.7500
Epoch 30/100, Train Loss: 0.1062, Val Loss: 0.3519, Train AUC: 0.9956, Val AUC: 0.7763
Epoch 31/100, Train Loss: 0.0945, Val Loss: 0.4203, Train AUC: 0.9991, Val AUC: 0.7632
Epoch 32/100, Train Loss: 0.1129, Val Loss: 0.3460, Train AUC: 0.9974, Val AUC: 0.7763
Epoch 33/100, Train Loss: 0.0779, Val Loss: 0.5108, Train AUC: 1.0000, Val AUC: 0.7500
Epoch 34/100, Train Loss: 0.0852, Val Loss: 0.4483, Train AUC: 1.0000, Val AUC: 0.7763
Epoch 35/100, Train Loss: 0.0579, Val Loss: 0.3852, Train AUC: 1.0000, Val AUC: 0.7632
Epoch 36/100, Train Loss: 0.0558, Val Loss: 0.4844, Train AUC: 1.0000, Val AUC: 0.7632
Early stopping triggered at epoch 36
Best Train AUC: 0.9991, Best Val AUC: 0.7632
early fusion validation auc: 0.75
later fusion
Feature: uniport_ppi_2019, Epoch 1/100, Train Loss: 0.6575, Val Loss: 0.4767, Train AUC: 0.4772, Val AUC: 0.3553
Feature: uniport_ppi_2019, Epoch 2/100, Train Loss: 0.4276, Val Loss: 0.4665, Train AUC: 0.6754, Val AUC: 0.5132
Feature: uniport_ppi_2019, Epoch 3/100, Train Loss: 0.4721, Val Loss: 0.4774, Train AUC: 0.4702, Val AUC: 0.5789
Feature: uniport_ppi_2019, Epoch 4/100, Train Loss: 0.4456, Val Loss: 0.4733, Train AUC: 0.6263, Val AUC: 0.5921
Feature: uniport_ppi_2019, Epoch 5/100, Train Loss: 0.4538, Val Loss: 0.4677, Train AUC: 0.5289, Val AUC: 0.6184
Feature: uniport_ppi_2019, Epoch 6/100, Train Loss: 0.4814, Val Loss: 0.4625, Train AUC: 0.4272, Val AUC: 0.6579
Feature: uniport_ppi_2019, Epoch 7/100, Train Loss: 0.4577, Val Loss: 0.4601, Train AUC: 0.5167, Val AUC: 0.6842
Feature: uniport_ppi_2019, Epoch 8/100, Train Loss: 0.4362, Val Loss: 0.4598, Train AUC: 0.6114, Val AUC: 0.7105
Feature: uniport_ppi_2019, Epoch 9/100, Train Loss: 0.4475, Val Loss: 0.4597, Train AUC: 0.5605, Val AUC: 0.7105
Feature: uniport_ppi_2019, Epoch 10/100, Train Loss: 0.4462, Val Loss: 0.4594, Train AUC: 0.5675, Val AUC: 0.7237
Feature: uniport_ppi_2019, Epoch 11/100, Train Loss: 0.4427, Val Loss: 0.4591, Train AUC: 0.5947, Val AUC: 0.7368
Feature: uniport_ppi_2019, Epoch 12/100, Train Loss: 0.4640, Val Loss: 0.4590, Train AUC: 0.4702, Val AUC: 0.7368
Feature: uniport_ppi_2019, Epoch 13/100, Train Loss: 0.4353, Val Loss: 0.4588, Train AUC: 0.6579, Val AUC: 0.7368
Feature: uniport_ppi_2019, Epoch 14/100, Train Loss: 0.4347, Val Loss: 0.4584, Train AUC: 0.6061, Val AUC: 0.7368
Feature: uniport_ppi_2019, Epoch 15/100, Train Loss: 0.4544, Val Loss: 0.4579, Train AUC: 0.5123, Val AUC: 0.7237
Feature: uniport_ppi_2019, Epoch 16/100, Train Loss: 0.4382, Val Loss: 0.4575, Train AUC: 0.5930, Val AUC: 0.7237
Feature: uniport_ppi_2019, Epoch 17/100, Train Loss: 0.4465, Val Loss: 0.4571, Train AUC: 0.5298, Val AUC: 0.7237
Feature: uniport_ppi_2019, Epoch 18/100, Train Loss: 0.4386, Val Loss: 0.4566, Train AUC: 0.5798, Val AUC: 0.7368
Feature: uniport_ppi_2019, Epoch 19/100, Train Loss: 0.4252, Val Loss: 0.4561, Train AUC: 0.7123, Val AUC: 0.7368
Feature: uniport_ppi_2019, Epoch 20/100, Train Loss: 0.4601, Val Loss: 0.4557, Train AUC: 0.4868, Val AUC: 0.7368
Feature: uniport_ppi_2019, Epoch 21/100, Train Loss: 0.4372, Val Loss: 0.4553, Train AUC: 0.6219, Val AUC: 0.7368
Feature: uniport_ppi_2019, Epoch 22/100, Train Loss: 0.4374, Val Loss: 0.4548, Train AUC: 0.5912, Val AUC: 0.7368
Feature: uniport_ppi_2019, Epoch 23/100, Train Loss: 0.4593, Val Loss: 0.4541, Train AUC: 0.4974, Val AUC: 0.7368
Feature: uniport_ppi_2019, Epoch 24/100, Train Loss: 0.4345, Val Loss: 0.4538, Train AUC: 0.6465, Val AUC: 0.7368
Feature: uniport_ppi_2019, Epoch 25/100, Train Loss: 0.4336, Val Loss: 0.4530, Train AUC: 0.6456, Val AUC: 0.7368
Feature: uniport_ppi_2019, Epoch 26/100, Train Loss: 0.4355, Val Loss: 0.4524, Train AUC: 0.6018, Val AUC: 0.7368
Feature: uniport_ppi_2019, Epoch 27/100, Train Loss: 0.4593, Val Loss: 0.4516, Train AUC: 0.4868, Val AUC: 0.7500
Feature: uniport_ppi_2019, Epoch 28/100, Train Loss: 0.4421, Val Loss: 0.4509, Train AUC: 0.5667, Val AUC: 0.7500
Feature: uniport_ppi_2019, Epoch 29/100, Train Loss: 0.4250, Val Loss: 0.4497, Train AUC: 0.6921, Val AUC: 0.7500
Feature: uniport_ppi_2019, Epoch 30/100, Train Loss: 0.4572, Val Loss: 0.4493, Train AUC: 0.5158, Val AUC: 0.7500
Feature: uniport_ppi_2019, Epoch 31/100, Train Loss: 0.4194, Val Loss: 0.4478, Train AUC: 0.7342, Val AUC: 0.7500
Feature: uniport_ppi_2019, Epoch 32/100, Train Loss: 0.4151, Val Loss: 0.4466, Train AUC: 0.7570, Val AUC: 0.7500
Feature: uniport_ppi_2019, Epoch 33/100, Train Loss: 0.4235, Val Loss: 0.4450, Train AUC: 0.7105, Val AUC: 0.7500
Feature: uniport_ppi_2019, Epoch 34/100, Train Loss: 0.4272, Val Loss: 0.4441, Train AUC: 0.6447, Val AUC: 0.7368
Feature: uniport_ppi_2019, Epoch 35/100, Train Loss: 0.4149, Val Loss: 0.4426, Train AUC: 0.7526, Val AUC: 0.7368
Feature: uniport_ppi_2019, Epoch 36/100, Train Loss: 0.4240, Val Loss: 0.4413, Train AUC: 0.6658, Val AUC: 0.7368
Feature: uniport_ppi_2019, Epoch 37/100, Train Loss: 0.4119, Val Loss: 0.4397, Train AUC: 0.7307, Val AUC: 0.7237
Feature: uniport_ppi_2019, Epoch 38/100, Train Loss: 0.4068, Val Loss: 0.4374, Train AUC: 0.7482, Val AUC: 0.7368
Feature: uniport_ppi_2019, Epoch 39/100, Train Loss: 0.4004, Val Loss: 0.4354, Train AUC: 0.7456, Val AUC: 0.7368
Feature: uniport_ppi_2019, Epoch 40/100, Train Loss: 0.4262, Val Loss: 0.4315, Train AUC: 0.6649, Val AUC: 0.7500
Feature: uniport_ppi_2019, Epoch 41/100, Train Loss: 0.4201, Val Loss: 0.4310, Train AUC: 0.7184, Val AUC: 0.7500
Feature: uniport_ppi_2019, Epoch 42/100, Train Loss: 0.4013, Val Loss: 0.4248, Train AUC: 0.7789, Val AUC: 0.7368
Feature: uniport_ppi_2019, Epoch 43/100, Train Loss: 0.3766, Val Loss: 0.4194, Train AUC: 0.8447, Val AUC: 0.7368
Feature: uniport_ppi_2019, Epoch 44/100, Train Loss: 0.3728, Val Loss: 0.4145, Train AUC: 0.8491, Val AUC: 0.7237
Feature: uniport_ppi_2019, Epoch 45/100, Train Loss: 0.3740, Val Loss: 0.4201, Train AUC: 0.8140, Val AUC: 0.7237
Feature: uniport_ppi_2019, Epoch 46/100, Train Loss: 0.3053, Val Loss: 0.4011, Train AUC: 0.9728, Val AUC: 0.7237
Feature: uniport_ppi_2019, Epoch 47/100, Train Loss: 0.3267, Val Loss: 0.3973, Train AUC: 0.8816, Val AUC: 0.7237
Feature: uniport_ppi_2019, Epoch 48/100, Train Loss: 0.2956, Val Loss: 0.3876, Train AUC: 0.9553, Val AUC: 0.7105
Feature: uniport_ppi_2019, Epoch 49/100, Train Loss: 0.3238, Val Loss: 0.4505, Train AUC: 0.8886, Val AUC: 0.7105
Feature: uniport_ppi_2019, Epoch 50/100, Train Loss: 0.3449, Val Loss: 0.3972, Train AUC: 0.9272, Val AUC: 0.7368
Feature: uniport_ppi_2019, Epoch 51/100, Train Loss: 0.3007, Val Loss: 0.3801, Train AUC: 0.9509, Val AUC: 0.7105
Feature: uniport_ppi_2019, Epoch 52/100, Train Loss: 0.3252, Val Loss: 0.4246, Train AUC: 0.8675, Val AUC: 0.7237
Feature: uniport_ppi_2019, Epoch 53/100, Train Loss: 0.3128, Val Loss: 0.3839, Train AUC: 0.9395, Val AUC: 0.7237
Feature: uniport_ppi_2019, Epoch 54/100, Train Loss: 0.2680, Val Loss: 0.3757, Train AUC: 0.9491, Val AUC: 0.7105
Feature: uniport_ppi_2019, Epoch 55/100, Train Loss: 0.2602, Val Loss: 0.4102, Train AUC: 0.9658, Val AUC: 0.7105
Feature: uniport_ppi_2019, Epoch 56/100, Train Loss: 0.2327, Val Loss: 0.3827, Train AUC: 0.9947, Val AUC: 0.7105
Feature: uniport_ppi_2019, Epoch 57/100, Train Loss: 0.2412, Val Loss: 0.3648, Train AUC: 0.9807, Val AUC: 0.7237
Feature: uniport_ppi_2019, Epoch 58/100, Train Loss: 0.2669, Val Loss: 0.4250, Train AUC: 0.9342, Val AUC: 0.7500
Feature: uniport_ppi_2019, Epoch 59/100, Train Loss: 0.2301, Val Loss: 0.3784, Train AUC: 0.9833, Val AUC: 0.7105
Feature: uniport_ppi_2019, Epoch 60/100, Train Loss: 0.2034, Val Loss: 0.3618, Train AUC: 0.9781, Val AUC: 0.7237
Feature: uniport_ppi_2019, Epoch 61/100, Train Loss: 0.1615, Val Loss: 0.3891, Train AUC: 0.9939, Val AUC: 0.7368
Feature: uniport_ppi_2019, Epoch 62/100, Train Loss: 0.2114, Val Loss: 0.3483, Train AUC: 0.9719, Val AUC: 0.7237
Feature: uniport_ppi_2019, Epoch 63/100, Train Loss: 0.1945, Val Loss: 0.3793, Train AUC: 0.9912, Val AUC: 0.7237
Feature: uniport_ppi_2019, Epoch 64/100, Train Loss: 0.1803, Val Loss: 0.3881, Train AUC: 0.9947, Val AUC: 0.7105
Feature: uniport_ppi_2019, Epoch 65/100, Train Loss: 0.1723, Val Loss: 0.3606, Train AUC: 0.9877, Val AUC: 0.7105
Feature: uniport_ppi_2019, Epoch 66/100, Train Loss: 0.1472, Val Loss: 0.3894, Train AUC: 0.9974, Val AUC: 0.7237
Feature: uniport_ppi_2019, Epoch 67/100, Train Loss: 0.1663, Val Loss: 0.4332, Train AUC: 0.9939, Val AUC: 0.7237
Early stopping for feature uniport_ppi_2019 at epoch 67
Best Train AUC for feature uniport_ppi_2019: 0.9719
Best Val AUC for feature uniport_ppi_2019: 0.7237
Feature: ppi_2019_dw_40, Epoch 1/100, Train Loss: 0.6380, Val Loss: 0.4697, Train AUC: 0.3798, Val AUC: 0.5132
Feature: ppi_2019_dw_40, Epoch 2/100, Train Loss: 0.4892, Val Loss: 0.4623, Train AUC: 0.4596, Val AUC: 0.6316
Feature: ppi_2019_dw_40, Epoch 3/100, Train Loss: 0.4811, Val Loss: 0.4603, Train AUC: 0.4096, Val AUC: 0.7632
Feature: ppi_2019_dw_40, Epoch 4/100, Train Loss: 0.4686, Val Loss: 0.4582, Train AUC: 0.5088, Val AUC: 0.7763
Feature: ppi_2019_dw_40, Epoch 5/100, Train Loss: 0.4691, Val Loss: 0.4542, Train AUC: 0.5000, Val AUC: 0.8026
Feature: ppi_2019_dw_40, Epoch 6/100, Train Loss: 0.4259, Val Loss: 0.4522, Train AUC: 0.6904, Val AUC: 0.8158
Feature: ppi_2019_dw_40, Epoch 7/100, Train Loss: 0.4543, Val Loss: 0.4519, Train AUC: 0.5254, Val AUC: 0.8684
Feature: ppi_2019_dw_40, Epoch 8/100, Train Loss: 0.4574, Val Loss: 0.4518, Train AUC: 0.5219, Val AUC: 0.8553
Feature: ppi_2019_dw_40, Epoch 9/100, Train Loss: 0.4601, Val Loss: 0.4513, Train AUC: 0.4939, Val AUC: 0.8158
Feature: ppi_2019_dw_40, Epoch 10/100, Train Loss: 0.4587, Val Loss: 0.4508, Train AUC: 0.4965, Val AUC: 0.8158
Feature: ppi_2019_dw_40, Epoch 11/100, Train Loss: 0.4545, Val Loss: 0.4501, Train AUC: 0.5465, Val AUC: 0.8026
Feature: ppi_2019_dw_40, Epoch 12/100, Train Loss: 0.4529, Val Loss: 0.4499, Train AUC: 0.5588, Val AUC: 0.8026
Feature: ppi_2019_dw_40, Epoch 13/100, Train Loss: 0.4474, Val Loss: 0.4494, Train AUC: 0.5877, Val AUC: 0.8158
Feature: ppi_2019_dw_40, Epoch 14/100, Train Loss: 0.4750, Val Loss: 0.4490, Train AUC: 0.4053, Val AUC: 0.8158
Feature: ppi_2019_dw_40, Epoch 15/100, Train Loss: 0.4438, Val Loss: 0.4493, Train AUC: 0.5693, Val AUC: 0.8026
Feature: ppi_2019_dw_40, Epoch 16/100, Train Loss: 0.4209, Val Loss: 0.4484, Train AUC: 0.7254, Val AUC: 0.8026
Feature: ppi_2019_dw_40, Epoch 17/100, Train Loss: 0.4455, Val Loss: 0.4470, Train AUC: 0.5377, Val AUC: 0.8026
Feature: ppi_2019_dw_40, Epoch 18/100, Train Loss: 0.4353, Val Loss: 0.4456, Train AUC: 0.6500, Val AUC: 0.8026
Feature: ppi_2019_dw_40, Epoch 19/100, Train Loss: 0.4550, Val Loss: 0.4445, Train AUC: 0.4991, Val AUC: 0.8026
Feature: ppi_2019_dw_40, Epoch 20/100, Train Loss: 0.4522, Val Loss: 0.4436, Train AUC: 0.5263, Val AUC: 0.8026
Feature: ppi_2019_dw_40, Epoch 21/100, Train Loss: 0.4392, Val Loss: 0.4432, Train AUC: 0.6149, Val AUC: 0.8026
Feature: ppi_2019_dw_40, Epoch 22/100, Train Loss: 0.4176, Val Loss: 0.4414, Train AUC: 0.7281, Val AUC: 0.8026
Feature: ppi_2019_dw_40, Epoch 23/100, Train Loss: 0.4315, Val Loss: 0.4402, Train AUC: 0.6430, Val AUC: 0.8026
Feature: ppi_2019_dw_40, Epoch 24/100, Train Loss: 0.4360, Val Loss: 0.4388, Train AUC: 0.6263, Val AUC: 0.8026
Feature: ppi_2019_dw_40, Epoch 25/100, Train Loss: 0.4277, Val Loss: 0.4362, Train AUC: 0.6430, Val AUC: 0.8026
Feature: ppi_2019_dw_40, Epoch 26/100, Train Loss: 0.4328, Val Loss: 0.4330, Train AUC: 0.6579, Val AUC: 0.8026
Feature: ppi_2019_dw_40, Epoch 27/100, Train Loss: 0.4233, Val Loss: 0.4325, Train AUC: 0.7044, Val AUC: 0.8158
Feature: ppi_2019_dw_40, Epoch 28/100, Train Loss: 0.4297, Val Loss: 0.4289, Train AUC: 0.6588, Val AUC: 0.8158
Feature: ppi_2019_dw_40, Epoch 29/100, Train Loss: 0.4008, Val Loss: 0.4247, Train AUC: 0.7991, Val AUC: 0.8158
Feature: ppi_2019_dw_40, Epoch 30/100, Train Loss: 0.4471, Val Loss: 0.4223, Train AUC: 0.5746, Val AUC: 0.8158
Feature: ppi_2019_dw_40, Epoch 31/100, Train Loss: 0.3942, Val Loss: 0.4194, Train AUC: 0.7939, Val AUC: 0.7895
Feature: ppi_2019_dw_40, Epoch 32/100, Train Loss: 0.3895, Val Loss: 0.4154, Train AUC: 0.7982, Val AUC: 0.7895
Feature: ppi_2019_dw_40, Epoch 33/100, Train Loss: 0.3896, Val Loss: 0.4108, Train AUC: 0.8035, Val AUC: 0.7895
Feature: ppi_2019_dw_40, Epoch 34/100, Train Loss: 0.3929, Val Loss: 0.4084, Train AUC: 0.8044, Val AUC: 0.7895
Feature: ppi_2019_dw_40, Epoch 35/100, Train Loss: 0.3818, Val Loss: 0.3982, Train AUC: 0.8263, Val AUC: 0.7895
Feature: ppi_2019_dw_40, Epoch 36/100, Train Loss: 0.3637, Val Loss: 0.3861, Train AUC: 0.8535, Val AUC: 0.8026
Feature: ppi_2019_dw_40, Epoch 37/100, Train Loss: 0.3480, Val Loss: 0.3737, Train AUC: 0.8746, Val AUC: 0.8026
Feature: ppi_2019_dw_40, Epoch 38/100, Train Loss: 0.3183, Val Loss: 0.3832, Train AUC: 0.9298, Val AUC: 0.7895
Feature: ppi_2019_dw_40, Epoch 39/100, Train Loss: 0.3331, Val Loss: 0.3684, Train AUC: 0.8789, Val AUC: 0.7895
Feature: ppi_2019_dw_40, Epoch 40/100, Train Loss: 0.3010, Val Loss: 0.3685, Train AUC: 0.9167, Val AUC: 0.7500
Feature: ppi_2019_dw_40, Epoch 41/100, Train Loss: 0.3010, Val Loss: 0.3585, Train AUC: 0.9456, Val AUC: 0.7763
Feature: ppi_2019_dw_40, Epoch 42/100, Train Loss: 0.2680, Val Loss: 0.3376, Train AUC: 0.9632, Val AUC: 0.7895
Feature: ppi_2019_dw_40, Epoch 43/100, Train Loss: 0.2487, Val Loss: 0.3385, Train AUC: 0.9904, Val AUC: 0.7763
Feature: ppi_2019_dw_40, Epoch 44/100, Train Loss: 0.2387, Val Loss: 0.3444, Train AUC: 0.9570, Val AUC: 0.7632
Feature: ppi_2019_dw_40, Epoch 45/100, Train Loss: 0.2160, Val Loss: 0.3566, Train AUC: 0.9912, Val AUC: 0.7763
Feature: ppi_2019_dw_40, Epoch 46/100, Train Loss: 0.2498, Val Loss: 0.3424, Train AUC: 0.9596, Val AUC: 0.7500
Feature: ppi_2019_dw_40, Epoch 47/100, Train Loss: 0.2063, Val Loss: 0.3214, Train AUC: 0.9991, Val AUC: 0.7500
Feature: ppi_2019_dw_40, Epoch 48/100, Train Loss: 0.2018, Val Loss: 0.3429, Train AUC: 0.9851, Val AUC: 0.7632
Feature: ppi_2019_dw_40, Epoch 49/100, Train Loss: 0.1892, Val Loss: 0.3521, Train AUC: 0.9912, Val AUC: 0.7500
Feature: ppi_2019_dw_40, Epoch 50/100, Train Loss: 0.1974, Val Loss: 0.3308, Train AUC: 0.9825, Val AUC: 0.7368
Feature: ppi_2019_dw_40, Epoch 51/100, Train Loss: 0.2544, Val Loss: 0.3249, Train AUC: 0.9316, Val AUC: 0.7895
Feature: ppi_2019_dw_40, Epoch 52/100, Train Loss: 0.2020, Val Loss: 0.4106, Train AUC: 0.9789, Val AUC: 0.7763
Early stopping for feature ppi_2019_dw_40 at epoch 52
Best Train AUC for feature ppi_2019_dw_40: 0.9991
Best Val AUC for feature ppi_2019_dw_40: 0.7500
Feature: uniport_bio, Epoch 1/100, Train Loss: 0.5545, Val Loss: 0.4662, Train AUC: 0.4246, Val AUC: 0.4474
Feature: uniport_bio, Epoch 2/100, Train Loss: 0.4543, Val Loss: 0.4653, Train AUC: 0.5746, Val AUC: 0.4342
Feature: uniport_bio, Epoch 3/100, Train Loss: 0.5120, Val Loss: 0.4703, Train AUC: 0.3316, Val AUC: 0.4605
Feature: uniport_bio, Epoch 4/100, Train Loss: 0.4521, Val Loss: 0.4693, Train AUC: 0.5851, Val AUC: 0.5526
Feature: uniport_bio, Epoch 5/100, Train Loss: 0.4560, Val Loss: 0.4640, Train AUC: 0.4781, Val AUC: 0.5921
Feature: uniport_bio, Epoch 6/100, Train Loss: 0.4628, Val Loss: 0.4589, Train AUC: 0.4895, Val AUC: 0.6842
Feature: uniport_bio, Epoch 7/100, Train Loss: 0.4670, Val Loss: 0.4569, Train AUC: 0.4596, Val AUC: 0.6842
Feature: uniport_bio, Epoch 8/100, Train Loss: 0.4647, Val Loss: 0.4553, Train AUC: 0.4886, Val AUC: 0.7368
Feature: uniport_bio, Epoch 9/100, Train Loss: 0.4485, Val Loss: 0.4553, Train AUC: 0.5228, Val AUC: 0.7632
Feature: uniport_bio, Epoch 10/100, Train Loss: 0.4461, Val Loss: 0.4553, Train AUC: 0.5719, Val AUC: 0.7895
Feature: uniport_bio, Epoch 11/100, Train Loss: 0.4352, Val Loss: 0.4539, Train AUC: 0.6175, Val AUC: 0.7763
Feature: uniport_bio, Epoch 12/100, Train Loss: 0.4442, Val Loss: 0.4527, Train AUC: 0.5877, Val AUC: 0.7895
Feature: uniport_bio, Epoch 13/100, Train Loss: 0.4724, Val Loss: 0.4522, Train AUC: 0.3947, Val AUC: 0.8026
Feature: uniport_bio, Epoch 14/100, Train Loss: 0.4654, Val Loss: 0.4520, Train AUC: 0.4623, Val AUC: 0.8158
Feature: uniport_bio, Epoch 15/100, Train Loss: 0.4506, Val Loss: 0.4514, Train AUC: 0.5412, Val AUC: 0.8158
Feature: uniport_bio, Epoch 16/100, Train Loss: 0.4611, Val Loss: 0.4505, Train AUC: 0.4982, Val AUC: 0.8289
Feature: uniport_bio, Epoch 17/100, Train Loss: 0.4229, Val Loss: 0.4496, Train AUC: 0.6904, Val AUC: 0.8684
Feature: uniport_bio, Epoch 18/100, Train Loss: 0.4339, Val Loss: 0.4486, Train AUC: 0.6228, Val AUC: 0.8553
Feature: uniport_bio, Epoch 19/100, Train Loss: 0.4337, Val Loss: 0.4475, Train AUC: 0.6702, Val AUC: 0.8553
Feature: uniport_bio, Epoch 20/100, Train Loss: 0.4383, Val Loss: 0.4459, Train AUC: 0.6491, Val AUC: 0.8816
Feature: uniport_bio, Epoch 21/100, Train Loss: 0.4135, Val Loss: 0.4449, Train AUC: 0.7167, Val AUC: 0.8816
Feature: uniport_bio, Epoch 22/100, Train Loss: 0.4495, Val Loss: 0.4441, Train AUC: 0.5632, Val AUC: 0.8816
Feature: uniport_bio, Epoch 23/100, Train Loss: 0.4169, Val Loss: 0.4413, Train AUC: 0.7316, Val AUC: 0.8947
Feature: uniport_bio, Epoch 24/100, Train Loss: 0.4021, Val Loss: 0.4390, Train AUC: 0.7860, Val AUC: 0.8947
Feature: uniport_bio, Epoch 25/100, Train Loss: 0.4201, Val Loss: 0.4375, Train AUC: 0.6842, Val AUC: 0.8816
Feature: uniport_bio, Epoch 26/100, Train Loss: 0.4276, Val Loss: 0.4361, Train AUC: 0.6658, Val AUC: 0.8684
Feature: uniport_bio, Epoch 27/100, Train Loss: 0.4290, Val Loss: 0.4351, Train AUC: 0.6614, Val AUC: 0.8553
Feature: uniport_bio, Epoch 28/100, Train Loss: 0.4248, Val Loss: 0.4321, Train AUC: 0.6781, Val AUC: 0.8553
Feature: uniport_bio, Epoch 29/100, Train Loss: 0.4285, Val Loss: 0.4285, Train AUC: 0.6272, Val AUC: 0.8553
Feature: uniport_bio, Epoch 30/100, Train Loss: 0.4236, Val Loss: 0.4252, Train AUC: 0.6868, Val AUC: 0.8553
Feature: uniport_bio, Epoch 31/100, Train Loss: 0.4163, Val Loss: 0.4221, Train AUC: 0.7000, Val AUC: 0.8421
Feature: uniport_bio, Epoch 32/100, Train Loss: 0.4137, Val Loss: 0.4164, Train AUC: 0.7053, Val AUC: 0.8421
Feature: uniport_bio, Epoch 33/100, Train Loss: 0.3900, Val Loss: 0.4097, Train AUC: 0.7877, Val AUC: 0.8421
Feature: uniport_bio, Epoch 34/100, Train Loss: 0.3587, Val Loss: 0.4028, Train AUC: 0.8912, Val AUC: 0.8947
Feature: uniport_bio, Epoch 35/100, Train Loss: 0.3831, Val Loss: 0.3986, Train AUC: 0.7816, Val AUC: 0.8816
Feature: uniport_bio, Epoch 36/100, Train Loss: 0.3781, Val Loss: 0.3910, Train AUC: 0.8000, Val AUC: 0.8816
Feature: uniport_bio, Epoch 37/100, Train Loss: 0.3627, Val Loss: 0.3830, Train AUC: 0.7921, Val AUC: 0.8684
Feature: uniport_bio, Epoch 38/100, Train Loss: 0.3689, Val Loss: 0.3715, Train AUC: 0.7991, Val AUC: 0.8947
Feature: uniport_bio, Epoch 39/100, Train Loss: 0.3198, Val Loss: 0.3793, Train AUC: 0.9035, Val AUC: 0.8947
Feature: uniport_bio, Epoch 40/100, Train Loss: 0.2979, Val Loss: 0.3567, Train AUC: 0.9684, Val AUC: 0.8947
Feature: uniport_bio, Epoch 41/100, Train Loss: 0.2949, Val Loss: 0.3747, Train AUC: 0.9088, Val AUC: 0.8947
Feature: uniport_bio, Epoch 42/100, Train Loss: 0.3520, Val Loss: 0.3609, Train AUC: 0.8272, Val AUC: 0.8816
Feature: uniport_bio, Epoch 43/100, Train Loss: 0.3004, Val Loss: 0.3636, Train AUC: 0.9342, Val AUC: 0.8421
Feature: uniport_bio, Epoch 44/100, Train Loss: 0.3350, Val Loss: 0.3602, Train AUC: 0.8605, Val AUC: 0.8289
Feature: uniport_bio, Epoch 45/100, Train Loss: 0.2950, Val Loss: 0.3585, Train AUC: 0.9509, Val AUC: 0.8684
Early stopping for feature uniport_bio at epoch 45
Best Train AUC for feature uniport_bio: 0.9684
Best Val AUC for feature uniport_bio: 0.8947
Feature: uniport_seq, Epoch 1/100, Train Loss: 0.6898, Val Loss: 0.4674, Train AUC: 0.2711, Val AUC: 0.3421
Feature: uniport_seq, Epoch 2/100, Train Loss: 0.4538, Val Loss: 0.4626, Train AUC: 0.5667, Val AUC: 0.3816
Feature: uniport_seq, Epoch 3/100, Train Loss: 0.4560, Val Loss: 0.4622, Train AUC: 0.5018, Val AUC: 0.4474
Feature: uniport_seq, Epoch 4/100, Train Loss: 0.4659, Val Loss: 0.4620, Train AUC: 0.4649, Val AUC: 0.5263
Feature: uniport_seq, Epoch 5/100, Train Loss: 0.4839, Val Loss: 0.4621, Train AUC: 0.4079, Val AUC: 0.5263
Feature: uniport_seq, Epoch 6/100, Train Loss: 0.4381, Val Loss: 0.4620, Train AUC: 0.5965, Val AUC: 0.5789
Feature: uniport_seq, Epoch 7/100, Train Loss: 0.4447, Val Loss: 0.4619, Train AUC: 0.5640, Val AUC: 0.5921
Feature: uniport_seq, Epoch 8/100, Train Loss: 0.4355, Val Loss: 0.4620, Train AUC: 0.6228, Val AUC: 0.6184
Feature: uniport_seq, Epoch 9/100, Train Loss: 0.4676, Val Loss: 0.4620, Train AUC: 0.4351, Val AUC: 0.6184
Feature: uniport_seq, Epoch 10/100, Train Loss: 0.4459, Val Loss: 0.4618, Train AUC: 0.5649, Val AUC: 0.6316
Feature: uniport_seq, Epoch 11/100, Train Loss: 0.4771, Val Loss: 0.4614, Train AUC: 0.4088, Val AUC: 0.6316
Feature: uniport_seq, Epoch 12/100, Train Loss: 0.4616, Val Loss: 0.4613, Train AUC: 0.4947, Val AUC: 0.6579
Feature: uniport_seq, Epoch 13/100, Train Loss: 0.4493, Val Loss: 0.4612, Train AUC: 0.5351, Val AUC: 0.6579
Feature: uniport_seq, Epoch 14/100, Train Loss: 0.4270, Val Loss: 0.4611, Train AUC: 0.6482, Val AUC: 0.6711
Feature: uniport_seq, Epoch 15/100, Train Loss: 0.4634, Val Loss: 0.4612, Train AUC: 0.5105, Val AUC: 0.6711
Feature: uniport_seq, Epoch 16/100, Train Loss: 0.4885, Val Loss: 0.4608, Train AUC: 0.3930, Val AUC: 0.6447
Feature: uniport_seq, Epoch 17/100, Train Loss: 0.4364, Val Loss: 0.4606, Train AUC: 0.6456, Val AUC: 0.6316
Feature: uniport_seq, Epoch 18/100, Train Loss: 0.4628, Val Loss: 0.4610, Train AUC: 0.4904, Val AUC: 0.6316
Feature: uniport_seq, Epoch 19/100, Train Loss: 0.4435, Val Loss: 0.4605, Train AUC: 0.5833, Val AUC: 0.6316
Feature: uniport_seq, Epoch 20/100, Train Loss: 0.4603, Val Loss: 0.4602, Train AUC: 0.5342, Val AUC: 0.6316
Feature: uniport_seq, Epoch 21/100, Train Loss: 0.4621, Val Loss: 0.4600, Train AUC: 0.5061, Val AUC: 0.6447
Feature: uniport_seq, Epoch 22/100, Train Loss: 0.4578, Val Loss: 0.4602, Train AUC: 0.5193, Val AUC: 0.6842
Feature: uniport_seq, Epoch 23/100, Train Loss: 0.4647, Val Loss: 0.4600, Train AUC: 0.4781, Val AUC: 0.6974
Feature: uniport_seq, Epoch 24/100, Train Loss: 0.4693, Val Loss: 0.4599, Train AUC: 0.4649, Val AUC: 0.6974
Feature: uniport_seq, Epoch 25/100, Train Loss: 0.4617, Val Loss: 0.4597, Train AUC: 0.5035, Val AUC: 0.6974
Feature: uniport_seq, Epoch 26/100, Train Loss: 0.4318, Val Loss: 0.4596, Train AUC: 0.6579, Val AUC: 0.6974
Feature: uniport_seq, Epoch 27/100, Train Loss: 0.4414, Val Loss: 0.4593, Train AUC: 0.5825, Val AUC: 0.7105
Feature: uniport_seq, Epoch 28/100, Train Loss: 0.4593, Val Loss: 0.4597, Train AUC: 0.4895, Val AUC: 0.7105
Feature: uniport_seq, Epoch 29/100, Train Loss: 0.4245, Val Loss: 0.4600, Train AUC: 0.6754, Val AUC: 0.7105
Feature: uniport_seq, Epoch 30/100, Train Loss: 0.4732, Val Loss: 0.4597, Train AUC: 0.4228, Val AUC: 0.7105
Feature: uniport_seq, Epoch 31/100, Train Loss: 0.4702, Val Loss: 0.4591, Train AUC: 0.4228, Val AUC: 0.7105
Feature: uniport_seq, Epoch 32/100, Train Loss: 0.4709, Val Loss: 0.4586, Train AUC: 0.4439, Val AUC: 0.7105
Feature: uniport_seq, Epoch 33/100, Train Loss: 0.4495, Val Loss: 0.4589, Train AUC: 0.5675, Val AUC: 0.7105
Feature: uniport_seq, Epoch 34/100, Train Loss: 0.4537, Val Loss: 0.4596, Train AUC: 0.5263, Val AUC: 0.7105
Feature: uniport_seq, Epoch 35/100, Train Loss: 0.4490, Val Loss: 0.4589, Train AUC: 0.5500, Val AUC: 0.6842
Feature: uniport_seq, Epoch 36/100, Train Loss: 0.4470, Val Loss: 0.4584, Train AUC: 0.5807, Val AUC: 0.6842
Feature: uniport_seq, Epoch 37/100, Train Loss: 0.4488, Val Loss: 0.4576, Train AUC: 0.5798, Val AUC: 0.6842
Feature: uniport_seq, Epoch 38/100, Train Loss: 0.4539, Val Loss: 0.4575, Train AUC: 0.5272, Val AUC: 0.6842
Feature: uniport_seq, Epoch 39/100, Train Loss: 0.4345, Val Loss: 0.4571, Train AUC: 0.6211, Val AUC: 0.6974
Feature: uniport_seq, Epoch 40/100, Train Loss: 0.4556, Val Loss: 0.4566, Train AUC: 0.4965, Val AUC: 0.6974
Feature: uniport_seq, Epoch 41/100, Train Loss: 0.4441, Val Loss: 0.4562, Train AUC: 0.5868, Val AUC: 0.6974
Feature: uniport_seq, Epoch 42/100, Train Loss: 0.4440, Val Loss: 0.4559, Train AUC: 0.5763, Val AUC: 0.7237
Feature: uniport_seq, Epoch 43/100, Train Loss: 0.4191, Val Loss: 0.4556, Train AUC: 0.7237, Val AUC: 0.7105
Feature: uniport_seq, Epoch 44/100, Train Loss: 0.4555, Val Loss: 0.4564, Train AUC: 0.5000, Val AUC: 0.7105
Feature: uniport_seq, Epoch 45/100, Train Loss: 0.4586, Val Loss: 0.4568, Train AUC: 0.4579, Val AUC: 0.7237
Feature: uniport_seq, Epoch 46/100, Train Loss: 0.4499, Val Loss: 0.4555, Train AUC: 0.5333, Val AUC: 0.7105
Feature: uniport_seq, Epoch 47/100, Train Loss: 0.4438, Val Loss: 0.4554, Train AUC: 0.5974, Val AUC: 0.7237
Feature: uniport_seq, Epoch 48/100, Train Loss: 0.4506, Val Loss: 0.4551, Train AUC: 0.5132, Val AUC: 0.7368
Feature: uniport_seq, Epoch 49/100, Train Loss: 0.4233, Val Loss: 0.4546, Train AUC: 0.7044, Val AUC: 0.7500
Feature: uniport_seq, Epoch 50/100, Train Loss: 0.4403, Val Loss: 0.4538, Train AUC: 0.6342, Val AUC: 0.7500
Feature: uniport_seq, Epoch 51/100, Train Loss: 0.4404, Val Loss: 0.4536, Train AUC: 0.5789, Val AUC: 0.7500
Feature: uniport_seq, Epoch 52/100, Train Loss: 0.4397, Val Loss: 0.4536, Train AUC: 0.6237, Val AUC: 0.7500
Feature: uniport_seq, Epoch 53/100, Train Loss: 0.4483, Val Loss: 0.4532, Train AUC: 0.5395, Val AUC: 0.7500
Feature: uniport_seq, Epoch 54/100, Train Loss: 0.4244, Val Loss: 0.4528, Train AUC: 0.6649, Val AUC: 0.7237
Feature: uniport_seq, Epoch 55/100, Train Loss: 0.4169, Val Loss: 0.4521, Train AUC: 0.7096, Val AUC: 0.7237
Feature: uniport_seq, Epoch 56/100, Train Loss: 0.4719, Val Loss: 0.4514, Train AUC: 0.4526, Val AUC: 0.7237
Feature: uniport_seq, Epoch 57/100, Train Loss: 0.4380, Val Loss: 0.4509, Train AUC: 0.6018, Val AUC: 0.7368
Feature: uniport_seq, Epoch 58/100, Train Loss: 0.4260, Val Loss: 0.4499, Train AUC: 0.6325, Val AUC: 0.7500
Feature: uniport_seq, Epoch 59/100, Train Loss: 0.4494, Val Loss: 0.4495, Train AUC: 0.5553, Val AUC: 0.7500
Feature: uniport_seq, Epoch 60/100, Train Loss: 0.4086, Val Loss: 0.4489, Train AUC: 0.7456, Val AUC: 0.7500
Feature: uniport_seq, Epoch 61/100, Train Loss: 0.4512, Val Loss: 0.4477, Train AUC: 0.5579, Val AUC: 0.7500
Feature: uniport_seq, Epoch 62/100, Train Loss: 0.4166, Val Loss: 0.4469, Train AUC: 0.7202, Val AUC: 0.7500
Feature: uniport_seq, Epoch 63/100, Train Loss: 0.4467, Val Loss: 0.4473, Train AUC: 0.5596, Val AUC: 0.7368
Feature: uniport_seq, Epoch 64/100, Train Loss: 0.4280, Val Loss: 0.4453, Train AUC: 0.6649, Val AUC: 0.7368
Feature: uniport_seq, Epoch 65/100, Train Loss: 0.4231, Val Loss: 0.4451, Train AUC: 0.6421, Val AUC: 0.7368
Feature: uniport_seq, Epoch 66/100, Train Loss: 0.4066, Val Loss: 0.4448, Train AUC: 0.7518, Val AUC: 0.7368
Feature: uniport_seq, Epoch 67/100, Train Loss: 0.4245, Val Loss: 0.4425, Train AUC: 0.6404, Val AUC: 0.7368
Feature: uniport_seq, Epoch 68/100, Train Loss: 0.4619, Val Loss: 0.4439, Train AUC: 0.5114, Val AUC: 0.7368
Feature: uniport_seq, Epoch 69/100, Train Loss: 0.4519, Val Loss: 0.4397, Train AUC: 0.6061, Val AUC: 0.7368
Feature: uniport_seq, Epoch 70/100, Train Loss: 0.4283, Val Loss: 0.4444, Train AUC: 0.6368, Val AUC: 0.7237
Feature: uniport_seq, Epoch 71/100, Train Loss: 0.4028, Val Loss: 0.4441, Train AUC: 0.7605, Val AUC: 0.7237
Feature: uniport_seq, Epoch 72/100, Train Loss: 0.4371, Val Loss: 0.4436, Train AUC: 0.6570, Val AUC: 0.7237
Feature: uniport_seq, Epoch 73/100, Train Loss: 0.4077, Val Loss: 0.4395, Train AUC: 0.7167, Val AUC: 0.7237
Feature: uniport_seq, Epoch 74/100, Train Loss: 0.4153, Val Loss: 0.4390, Train AUC: 0.6781, Val AUC: 0.7368
Feature: uniport_seq, Epoch 75/100, Train Loss: 0.4198, Val Loss: 0.4374, Train AUC: 0.6930, Val AUC: 0.7237
Feature: uniport_seq, Epoch 76/100, Train Loss: 0.4043, Val Loss: 0.4344, Train AUC: 0.7316, Val AUC: 0.7237
Feature: uniport_seq, Epoch 77/100, Train Loss: 0.4256, Val Loss: 0.4333, Train AUC: 0.6456, Val AUC: 0.7368
Feature: uniport_seq, Epoch 78/100, Train Loss: 0.3999, Val Loss: 0.4348, Train AUC: 0.7377, Val AUC: 0.7500
Feature: uniport_seq, Epoch 79/100, Train Loss: 0.3942, Val Loss: 0.4282, Train AUC: 0.7868, Val AUC: 0.7368
Feature: uniport_seq, Epoch 80/100, Train Loss: 0.3585, Val Loss: 0.4243, Train AUC: 0.8754, Val AUC: 0.7237
Feature: uniport_seq, Epoch 81/100, Train Loss: 0.3754, Val Loss: 0.4265, Train AUC: 0.7579, Val AUC: 0.7368
Feature: uniport_seq, Epoch 82/100, Train Loss: 0.3642, Val Loss: 0.4207, Train AUC: 0.8465, Val AUC: 0.7500
Feature: uniport_seq, Epoch 83/100, Train Loss: 0.3487, Val Loss: 0.4197, Train AUC: 0.8921, Val AUC: 0.7500
Feature: uniport_seq, Epoch 84/100, Train Loss: 0.3133, Val Loss: 0.4109, Train AUC: 0.9272, Val AUC: 0.7500
Feature: uniport_seq, Epoch 85/100, Train Loss: 0.3796, Val Loss: 0.4192, Train AUC: 0.7211, Val AUC: 0.7237
Feature: uniport_seq, Epoch 86/100, Train Loss: 0.4452, Val Loss: 0.4240, Train AUC: 0.7026, Val AUC: 0.7237
Feature: uniport_seq, Epoch 87/100, Train Loss: 0.3498, Val Loss: 0.4201, Train AUC: 0.8421, Val AUC: 0.7500
Feature: uniport_seq, Epoch 88/100, Train Loss: 0.3816, Val Loss: 0.4431, Train AUC: 0.7667, Val AUC: 0.7500
Feature: uniport_seq, Epoch 89/100, Train Loss: 0.3839, Val Loss: 0.4277, Train AUC: 0.8123, Val AUC: 0.7500
Early stopping for feature uniport_seq at epoch 89
Best Train AUC for feature uniport_seq: 0.9272
Best Val AUC for feature uniport_seq: 0.7500
Feature: uniport_esm, Epoch 1/100, Train Loss: 0.6458, Val Loss: 0.4653, Train AUC: 0.4254, Val AUC: 0.2632
Feature: uniport_esm, Epoch 2/100, Train Loss: 0.4587, Val Loss: 0.4641, Train AUC: 0.4860, Val AUC: 0.3421
Feature: uniport_esm, Epoch 3/100, Train Loss: 0.4727, Val Loss: 0.4636, Train AUC: 0.4368, Val AUC: 0.4474
Feature: uniport_esm, Epoch 4/100, Train Loss: 0.4567, Val Loss: 0.4627, Train AUC: 0.4860, Val AUC: 0.5000
Feature: uniport_esm, Epoch 5/100, Train Loss: 0.4633, Val Loss: 0.4621, Train AUC: 0.4456, Val AUC: 0.5658
Feature: uniport_esm, Epoch 6/100, Train Loss: 0.4551, Val Loss: 0.4619, Train AUC: 0.5105, Val AUC: 0.6053
Feature: uniport_esm, Epoch 7/100, Train Loss: 0.4792, Val Loss: 0.4617, Train AUC: 0.4018, Val AUC: 0.6053
Feature: uniport_esm, Epoch 8/100, Train Loss: 0.4620, Val Loss: 0.4616, Train AUC: 0.5263, Val AUC: 0.6316
Feature: uniport_esm, Epoch 9/100, Train Loss: 0.4374, Val Loss: 0.4615, Train AUC: 0.5947, Val AUC: 0.6447
Feature: uniport_esm, Epoch 10/100, Train Loss: 0.4565, Val Loss: 0.4614, Train AUC: 0.5044, Val AUC: 0.6316
Feature: uniport_esm, Epoch 11/100, Train Loss: 0.4745, Val Loss: 0.4614, Train AUC: 0.4298, Val AUC: 0.6316
Feature: uniport_esm, Epoch 12/100, Train Loss: 0.4640, Val Loss: 0.4613, Train AUC: 0.4965, Val AUC: 0.6579
Feature: uniport_esm, Epoch 13/100, Train Loss: 0.4685, Val Loss: 0.4612, Train AUC: 0.4377, Val AUC: 0.6579
Feature: uniport_esm, Epoch 14/100, Train Loss: 0.4574, Val Loss: 0.4611, Train AUC: 0.5175, Val AUC: 0.6447
Feature: uniport_esm, Epoch 15/100, Train Loss: 0.4505, Val Loss: 0.4610, Train AUC: 0.5193, Val AUC: 0.6447
Feature: uniport_esm, Epoch 16/100, Train Loss: 0.4589, Val Loss: 0.4610, Train AUC: 0.5044, Val AUC: 0.6447
Feature: uniport_esm, Epoch 17/100, Train Loss: 0.4520, Val Loss: 0.4609, Train AUC: 0.5500, Val AUC: 0.6447
Feature: uniport_esm, Epoch 18/100, Train Loss: 0.4542, Val Loss: 0.4608, Train AUC: 0.5070, Val AUC: 0.6447
Feature: uniport_esm, Epoch 19/100, Train Loss: 0.4634, Val Loss: 0.4607, Train AUC: 0.4772, Val AUC: 0.6447
Feature: uniport_esm, Epoch 20/100, Train Loss: 0.4441, Val Loss: 0.4607, Train AUC: 0.5947, Val AUC: 0.6579
Feature: uniport_esm, Epoch 21/100, Train Loss: 0.4182, Val Loss: 0.4607, Train AUC: 0.7404, Val AUC: 0.6579
Feature: uniport_esm, Epoch 22/100, Train Loss: 0.4410, Val Loss: 0.4608, Train AUC: 0.6105, Val AUC: 0.6579
Feature: uniport_esm, Epoch 23/100, Train Loss: 0.4592, Val Loss: 0.4608, Train AUC: 0.5105, Val AUC: 0.6579
Feature: uniport_esm, Epoch 24/100, Train Loss: 0.4462, Val Loss: 0.4605, Train AUC: 0.5412, Val AUC: 0.6579
Feature: uniport_esm, Epoch 25/100, Train Loss: 0.4326, Val Loss: 0.4605, Train AUC: 0.6605, Val AUC: 0.6579
Feature: uniport_esm, Epoch 26/100, Train Loss: 0.4812, Val Loss: 0.4602, Train AUC: 0.3325, Val AUC: 0.6579
Feature: uniport_esm, Epoch 27/100, Train Loss: 0.4457, Val Loss: 0.4599, Train AUC: 0.5439, Val AUC: 0.6579
Feature: uniport_esm, Epoch 28/100, Train Loss: 0.4519, Val Loss: 0.4598, Train AUC: 0.5544, Val AUC: 0.6579
Feature: uniport_esm, Epoch 29/100, Train Loss: 0.4462, Val Loss: 0.4594, Train AUC: 0.5860, Val AUC: 0.6579
Feature: uniport_esm, Epoch 30/100, Train Loss: 0.4366, Val Loss: 0.4594, Train AUC: 0.6088, Val AUC: 0.6579
Feature: uniport_esm, Epoch 31/100, Train Loss: 0.4259, Val Loss: 0.4594, Train AUC: 0.6904, Val AUC: 0.6579
Feature: uniport_esm, Epoch 32/100, Train Loss: 0.4352, Val Loss: 0.4595, Train AUC: 0.6316, Val AUC: 0.6579
Feature: uniport_esm, Epoch 33/100, Train Loss: 0.4695, Val Loss: 0.4595, Train AUC: 0.4360, Val AUC: 0.6579
Feature: uniport_esm, Epoch 34/100, Train Loss: 0.4518, Val Loss: 0.4590, Train AUC: 0.5386, Val AUC: 0.6579
Feature: uniport_esm, Epoch 35/100, Train Loss: 0.4709, Val Loss: 0.4587, Train AUC: 0.4211, Val AUC: 0.6579
Feature: uniport_esm, Epoch 36/100, Train Loss: 0.4481, Val Loss: 0.4583, Train AUC: 0.5149, Val AUC: 0.6579
Feature: uniport_esm, Epoch 37/100, Train Loss: 0.4554, Val Loss: 0.4580, Train AUC: 0.5228, Val AUC: 0.6579
Feature: uniport_esm, Epoch 38/100, Train Loss: 0.4500, Val Loss: 0.4579, Train AUC: 0.5500, Val AUC: 0.6579
Feature: uniport_esm, Epoch 39/100, Train Loss: 0.4615, Val Loss: 0.4576, Train AUC: 0.4886, Val AUC: 0.6579
Feature: uniport_esm, Epoch 40/100, Train Loss: 0.4453, Val Loss: 0.4574, Train AUC: 0.5763, Val AUC: 0.6579
Feature: uniport_esm, Epoch 41/100, Train Loss: 0.4346, Val Loss: 0.4572, Train AUC: 0.6491, Val AUC: 0.6579
Feature: uniport_esm, Epoch 42/100, Train Loss: 0.4389, Val Loss: 0.4569, Train AUC: 0.5640, Val AUC: 0.6579
Feature: uniport_esm, Epoch 43/100, Train Loss: 0.4447, Val Loss: 0.4565, Train AUC: 0.5825, Val AUC: 0.6579
Feature: uniport_esm, Epoch 44/100, Train Loss: 0.4473, Val Loss: 0.4561, Train AUC: 0.5640, Val AUC: 0.6579
Feature: uniport_esm, Epoch 45/100, Train Loss: 0.4380, Val Loss: 0.4560, Train AUC: 0.6228, Val AUC: 0.6579
Feature: uniport_esm, Epoch 46/100, Train Loss: 0.4307, Val Loss: 0.4554, Train AUC: 0.6456, Val AUC: 0.6711
Feature: uniport_esm, Epoch 47/100, Train Loss: 0.4641, Val Loss: 0.4554, Train AUC: 0.4754, Val AUC: 0.6711
Feature: uniport_esm, Epoch 48/100, Train Loss: 0.4552, Val Loss: 0.4552, Train AUC: 0.4658, Val AUC: 0.6711
Feature: uniport_esm, Epoch 49/100, Train Loss: 0.4228, Val Loss: 0.4554, Train AUC: 0.7140, Val AUC: 0.6711
Feature: uniport_esm, Epoch 50/100, Train Loss: 0.4299, Val Loss: 0.4546, Train AUC: 0.6482, Val AUC: 0.6711
Feature: uniport_esm, Epoch 51/100, Train Loss: 0.4599, Val Loss: 0.4535, Train AUC: 0.4623, Val AUC: 0.6711
Feature: uniport_esm, Epoch 52/100, Train Loss: 0.4288, Val Loss: 0.4530, Train AUC: 0.6316, Val AUC: 0.6711
Feature: uniport_esm, Epoch 53/100, Train Loss: 0.4240, Val Loss: 0.4526, Train AUC: 0.7096, Val AUC: 0.6711
Feature: uniport_esm, Epoch 54/100, Train Loss: 0.4436, Val Loss: 0.4523, Train AUC: 0.5991, Val AUC: 0.6711
Feature: uniport_esm, Epoch 55/100, Train Loss: 0.4578, Val Loss: 0.4524, Train AUC: 0.5070, Val AUC: 0.6711
Feature: uniport_esm, Epoch 56/100, Train Loss: 0.4590, Val Loss: 0.4520, Train AUC: 0.5018, Val AUC: 0.6711
Feature: uniport_esm, Epoch 57/100, Train Loss: 0.4287, Val Loss: 0.4508, Train AUC: 0.6412, Val AUC: 0.6711
Feature: uniport_esm, Epoch 58/100, Train Loss: 0.4501, Val Loss: 0.4496, Train AUC: 0.5395, Val AUC: 0.6711
Feature: uniport_esm, Epoch 59/100, Train Loss: 0.4335, Val Loss: 0.4490, Train AUC: 0.6439, Val AUC: 0.6711
Feature: uniport_esm, Epoch 60/100, Train Loss: 0.4316, Val Loss: 0.4487, Train AUC: 0.6763, Val AUC: 0.6711
Feature: uniport_esm, Epoch 61/100, Train Loss: 0.4337, Val Loss: 0.4481, Train AUC: 0.6553, Val AUC: 0.6711
Feature: uniport_esm, Epoch 62/100, Train Loss: 0.4278, Val Loss: 0.4466, Train AUC: 0.6561, Val AUC: 0.6711
Feature: uniport_esm, Epoch 63/100, Train Loss: 0.4167, Val Loss: 0.4453, Train AUC: 0.7202, Val AUC: 0.6711
Feature: uniport_esm, Epoch 64/100, Train Loss: 0.4174, Val Loss: 0.4466, Train AUC: 0.6772, Val AUC: 0.6711
Feature: uniport_esm, Epoch 65/100, Train Loss: 0.4320, Val Loss: 0.4458, Train AUC: 0.6482, Val AUC: 0.6711
Feature: uniport_esm, Epoch 66/100, Train Loss: 0.4407, Val Loss: 0.4421, Train AUC: 0.6044, Val AUC: 0.6842
Feature: uniport_esm, Epoch 67/100, Train Loss: 0.4155, Val Loss: 0.4400, Train AUC: 0.6982, Val AUC: 0.6842
Feature: uniport_esm, Epoch 68/100, Train Loss: 0.4234, Val Loss: 0.4405, Train AUC: 0.6658, Val AUC: 0.6711
Feature: uniport_esm, Epoch 69/100, Train Loss: 0.4481, Val Loss: 0.4385, Train AUC: 0.5675, Val AUC: 0.6711
Feature: uniport_esm, Epoch 70/100, Train Loss: 0.4080, Val Loss: 0.4374, Train AUC: 0.7254, Val AUC: 0.6842
Feature: uniport_esm, Epoch 71/100, Train Loss: 0.4115, Val Loss: 0.4368, Train AUC: 0.7123, Val AUC: 0.6842
Feature: uniport_esm, Epoch 72/100, Train Loss: 0.4031, Val Loss: 0.4356, Train AUC: 0.7289, Val AUC: 0.6842
Feature: uniport_esm, Epoch 73/100, Train Loss: 0.4118, Val Loss: 0.4322, Train AUC: 0.6947, Val AUC: 0.6842
Feature: uniport_esm, Epoch 74/100, Train Loss: 0.3862, Val Loss: 0.4291, Train AUC: 0.8044, Val AUC: 0.6842
Feature: uniport_esm, Epoch 75/100, Train Loss: 0.3781, Val Loss: 0.4270, Train AUC: 0.8211, Val AUC: 0.6842
Feature: uniport_esm, Epoch 76/100, Train Loss: 0.4212, Val Loss: 0.4266, Train AUC: 0.6518, Val AUC: 0.6842
Feature: uniport_esm, Epoch 77/100, Train Loss: 0.4070, Val Loss: 0.4254, Train AUC: 0.7061, Val AUC: 0.6842
Feature: uniport_esm, Epoch 78/100, Train Loss: 0.4300, Val Loss: 0.4267, Train AUC: 0.6246, Val AUC: 0.6842
Feature: uniport_esm, Epoch 79/100, Train Loss: 0.3913, Val Loss: 0.4234, Train AUC: 0.7421, Val AUC: 0.6842
Feature: uniport_esm, Epoch 80/100, Train Loss: 0.4352, Val Loss: 0.4254, Train AUC: 0.5991, Val AUC: 0.6974
Feature: uniport_esm, Epoch 81/100, Train Loss: 0.3791, Val Loss: 0.4202, Train AUC: 0.8289, Val AUC: 0.7105
Feature: uniport_esm, Epoch 82/100, Train Loss: 0.3793, Val Loss: 0.4163, Train AUC: 0.7904, Val AUC: 0.7105
Feature: uniport_esm, Epoch 83/100, Train Loss: 0.3633, Val Loss: 0.4155, Train AUC: 0.7974, Val AUC: 0.7105
Feature: uniport_esm, Epoch 84/100, Train Loss: 0.3628, Val Loss: 0.4131, Train AUC: 0.8237, Val AUC: 0.7105
Feature: uniport_esm, Epoch 85/100, Train Loss: 0.3943, Val Loss: 0.4155, Train AUC: 0.7211, Val AUC: 0.7105
Feature: uniport_esm, Epoch 86/100, Train Loss: 0.3463, Val Loss: 0.4103, Train AUC: 0.8430, Val AUC: 0.7237
Feature: uniport_esm, Epoch 87/100, Train Loss: 0.3469, Val Loss: 0.4097, Train AUC: 0.8535, Val AUC: 0.7237
Feature: uniport_esm, Epoch 88/100, Train Loss: 0.3609, Val Loss: 0.4214, Train AUC: 0.8035, Val AUC: 0.7237
Feature: uniport_esm, Epoch 89/100, Train Loss: 0.3651, Val Loss: 0.4128, Train AUC: 0.7798, Val AUC: 0.7237
Feature: uniport_esm, Epoch 90/100, Train Loss: 0.3710, Val Loss: 0.4093, Train AUC: 0.7605, Val AUC: 0.7237
Feature: uniport_esm, Epoch 91/100, Train Loss: 0.3492, Val Loss: 0.4055, Train AUC: 0.8526, Val AUC: 0.7237
Feature: uniport_esm, Epoch 92/100, Train Loss: 0.3606, Val Loss: 0.4107, Train AUC: 0.8167, Val AUC: 0.7237
Feature: uniport_esm, Epoch 93/100, Train Loss: 0.3767, Val Loss: 0.3993, Train AUC: 0.7360, Val AUC: 0.7368
Feature: uniport_esm, Epoch 94/100, Train Loss: 0.3611, Val Loss: 0.4028, Train AUC: 0.8009, Val AUC: 0.7368
Feature: uniport_esm, Epoch 95/100, Train Loss: 0.3272, Val Loss: 0.3972, Train AUC: 0.8430, Val AUC: 0.7237
Feature: uniport_esm, Epoch 96/100, Train Loss: 0.3302, Val Loss: 0.3970, Train AUC: 0.8544, Val AUC: 0.7237
Feature: uniport_esm, Epoch 97/100, Train Loss: 0.3466, Val Loss: 0.3913, Train AUC: 0.8035, Val AUC: 0.7368
Feature: uniport_esm, Epoch 98/100, Train Loss: 0.3286, Val Loss: 0.3922, Train AUC: 0.8246, Val AUC: 0.7500
Feature: uniport_esm, Epoch 99/100, Train Loss: 0.2672, Val Loss: 0.3861, Train AUC: 0.9254, Val AUC: 0.7763
Feature: uniport_esm, Epoch 100/100, Train Loss: 0.3181, Val Loss: 0.3849, Train AUC: 0.8184, Val AUC: 0.7763
Best Train AUC for feature uniport_esm: 0.8184
Best Val AUC for feature uniport_esm: 0.7763
Feature: uniport_ppi_2019, Epoch 1/100, Train Loss: 0.6655, Val Loss: 0.4907, Train AUC: 0.3500, Val AUC: 0.3684
Feature: uniport_ppi_2019, Epoch 2/100, Train Loss: 0.4907, Val Loss: 0.4676, Train AUC: 0.4333, Val AUC: 0.2632
Feature: uniport_ppi_2019, Epoch 3/100, Train Loss: 0.4850, Val Loss: 0.4657, Train AUC: 0.3965, Val AUC: 0.2500
Feature: uniport_ppi_2019, Epoch 4/100, Train Loss: 0.4691, Val Loss: 0.4659, Train AUC: 0.4605, Val AUC: 0.2500
Feature: uniport_ppi_2019, Epoch 5/100, Train Loss: 0.4555, Val Loss: 0.4656, Train AUC: 0.5272, Val AUC: 0.2632
Feature: uniport_ppi_2019, Epoch 6/100, Train Loss: 0.4607, Val Loss: 0.4645, Train AUC: 0.5140, Val AUC: 0.4079
Feature: uniport_ppi_2019, Epoch 7/100, Train Loss: 0.4400, Val Loss: 0.4639, Train AUC: 0.5904, Val AUC: 0.4868
Feature: uniport_ppi_2019, Epoch 8/100, Train Loss: 0.4705, Val Loss: 0.4629, Train AUC: 0.4219, Val AUC: 0.5526
Feature: uniport_ppi_2019, Epoch 9/100, Train Loss: 0.4770, Val Loss: 0.4617, Train AUC: 0.4263, Val AUC: 0.5921
Feature: uniport_ppi_2019, Epoch 10/100, Train Loss: 0.4592, Val Loss: 0.4607, Train AUC: 0.5105, Val AUC: 0.6316
Feature: uniport_ppi_2019, Epoch 11/100, Train Loss: 0.4659, Val Loss: 0.4603, Train AUC: 0.4825, Val AUC: 0.6711
Feature: uniport_ppi_2019, Epoch 12/100, Train Loss: 0.4767, Val Loss: 0.4599, Train AUC: 0.4061, Val AUC: 0.6842
Feature: uniport_ppi_2019, Epoch 13/100, Train Loss: 0.4682, Val Loss: 0.4596, Train AUC: 0.4588, Val AUC: 0.6974
Feature: uniport_ppi_2019, Epoch 14/100, Train Loss: 0.4454, Val Loss: 0.4596, Train AUC: 0.5649, Val AUC: 0.6842
Feature: uniport_ppi_2019, Epoch 15/100, Train Loss: 0.4150, Val Loss: 0.4590, Train AUC: 0.7360, Val AUC: 0.6842
Feature: uniport_ppi_2019, Epoch 16/100, Train Loss: 0.4430, Val Loss: 0.4580, Train AUC: 0.6035, Val AUC: 0.6842
Feature: uniport_ppi_2019, Epoch 17/100, Train Loss: 0.4791, Val Loss: 0.4575, Train AUC: 0.4219, Val AUC: 0.6974
Feature: uniport_ppi_2019, Epoch 18/100, Train Loss: 0.4591, Val Loss: 0.4570, Train AUC: 0.5193, Val AUC: 0.7500
Feature: uniport_ppi_2019, Epoch 19/100, Train Loss: 0.4407, Val Loss: 0.4565, Train AUC: 0.6281, Val AUC: 0.7500
Feature: uniport_ppi_2019, Epoch 20/100, Train Loss: 0.4398, Val Loss: 0.4565, Train AUC: 0.6053, Val AUC: 0.7368
Feature: uniport_ppi_2019, Epoch 21/100, Train Loss: 0.4522, Val Loss: 0.4563, Train AUC: 0.5053, Val AUC: 0.7500
Feature: uniport_ppi_2019, Epoch 22/100, Train Loss: 0.4393, Val Loss: 0.4561, Train AUC: 0.6184, Val AUC: 0.7500
Feature: uniport_ppi_2019, Epoch 23/100, Train Loss: 0.4770, Val Loss: 0.4559, Train AUC: 0.3579, Val AUC: 0.7500
Feature: uniport_ppi_2019, Epoch 24/100, Train Loss: 0.4254, Val Loss: 0.4553, Train AUC: 0.6754, Val AUC: 0.7500
Feature: uniport_ppi_2019, Epoch 25/100, Train Loss: 0.4442, Val Loss: 0.4547, Train AUC: 0.5702, Val AUC: 0.7632
Feature: uniport_ppi_2019, Epoch 26/100, Train Loss: 0.4463, Val Loss: 0.4542, Train AUC: 0.5711, Val AUC: 0.7500
Feature: uniport_ppi_2019, Epoch 27/100, Train Loss: 0.4420, Val Loss: 0.4538, Train AUC: 0.5789, Val AUC: 0.7632
Feature: uniport_ppi_2019, Epoch 28/100, Train Loss: 0.4192, Val Loss: 0.4530, Train AUC: 0.7360, Val AUC: 0.7632
Feature: uniport_ppi_2019, Epoch 29/100, Train Loss: 0.4310, Val Loss: 0.4523, Train AUC: 0.6623, Val AUC: 0.7763
Feature: uniport_ppi_2019, Epoch 30/100, Train Loss: 0.4384, Val Loss: 0.4516, Train AUC: 0.6298, Val AUC: 0.7763
Feature: uniport_ppi_2019, Epoch 31/100, Train Loss: 0.4446, Val Loss: 0.4508, Train AUC: 0.6035, Val AUC: 0.7763
Feature: uniport_ppi_2019, Epoch 32/100, Train Loss: 0.4555, Val Loss: 0.4499, Train AUC: 0.5377, Val AUC: 0.7763
Feature: uniport_ppi_2019, Epoch 33/100, Train Loss: 0.4361, Val Loss: 0.4489, Train AUC: 0.6333, Val AUC: 0.7763
Feature: uniport_ppi_2019, Epoch 34/100, Train Loss: 0.4434, Val Loss: 0.4484, Train AUC: 0.5518, Val AUC: 0.7763
Feature: uniport_ppi_2019, Epoch 35/100, Train Loss: 0.4523, Val Loss: 0.4476, Train AUC: 0.5263, Val AUC: 0.7763
Feature: uniport_ppi_2019, Epoch 36/100, Train Loss: 0.4581, Val Loss: 0.4467, Train AUC: 0.5175, Val AUC: 0.7763
Feature: uniport_ppi_2019, Epoch 37/100, Train Loss: 0.4203, Val Loss: 0.4454, Train AUC: 0.6868, Val AUC: 0.7632
Feature: uniport_ppi_2019, Epoch 38/100, Train Loss: 0.4479, Val Loss: 0.4442, Train AUC: 0.5632, Val AUC: 0.7632
Feature: uniport_ppi_2019, Epoch 39/100, Train Loss: 0.4291, Val Loss: 0.4417, Train AUC: 0.6921, Val AUC: 0.7632
Feature: uniport_ppi_2019, Epoch 40/100, Train Loss: 0.4451, Val Loss: 0.4411, Train AUC: 0.5351, Val AUC: 0.7632
Feature: uniport_ppi_2019, Epoch 41/100, Train Loss: 0.4350, Val Loss: 0.4385, Train AUC: 0.6193, Val AUC: 0.7632
Feature: uniport_ppi_2019, Epoch 42/100, Train Loss: 0.4179, Val Loss: 0.4368, Train AUC: 0.6991, Val AUC: 0.7632
Feature: uniport_ppi_2019, Epoch 43/100, Train Loss: 0.4391, Val Loss: 0.4326, Train AUC: 0.6105, Val AUC: 0.7763
Feature: uniport_ppi_2019, Epoch 44/100, Train Loss: 0.4157, Val Loss: 0.4301, Train AUC: 0.7184, Val AUC: 0.7763
Feature: uniport_ppi_2019, Epoch 45/100, Train Loss: 0.4004, Val Loss: 0.4265, Train AUC: 0.8061, Val AUC: 0.7763
Feature: uniport_ppi_2019, Epoch 46/100, Train Loss: 0.4248, Val Loss: 0.4234, Train AUC: 0.6667, Val AUC: 0.7763
Feature: uniport_ppi_2019, Epoch 47/100, Train Loss: 0.4179, Val Loss: 0.4179, Train AUC: 0.6789, Val AUC: 0.7763
Feature: uniport_ppi_2019, Epoch 48/100, Train Loss: 0.4001, Val Loss: 0.4135, Train AUC: 0.7947, Val AUC: 0.7632
Feature: uniport_ppi_2019, Epoch 49/100, Train Loss: 0.3872, Val Loss: 0.4066, Train AUC: 0.8061, Val AUC: 0.7500
Feature: uniport_ppi_2019, Epoch 50/100, Train Loss: 0.3853, Val Loss: 0.3984, Train AUC: 0.8149, Val AUC: 0.7500
Feature: uniport_ppi_2019, Epoch 51/100, Train Loss: 0.3779, Val Loss: 0.3905, Train AUC: 0.8386, Val AUC: 0.7500
Feature: uniport_ppi_2019, Epoch 52/100, Train Loss: 0.3529, Val Loss: 0.3820, Train AUC: 0.8939, Val AUC: 0.7500
Feature: uniport_ppi_2019, Epoch 53/100, Train Loss: 0.3700, Val Loss: 0.3688, Train AUC: 0.8263, Val AUC: 0.7500
Feature: uniport_ppi_2019, Epoch 54/100, Train Loss: 0.3399, Val Loss: 0.3751, Train AUC: 0.8447, Val AUC: 0.7500
Feature: uniport_ppi_2019, Epoch 55/100, Train Loss: 0.3476, Val Loss: 0.3744, Train AUC: 0.8316, Val AUC: 0.7500
Feature: uniport_ppi_2019, Epoch 56/100, Train Loss: 0.3742, Val Loss: 0.3653, Train AUC: 0.8035, Val AUC: 0.7500
Feature: uniport_ppi_2019, Epoch 57/100, Train Loss: 0.3269, Val Loss: 0.3730, Train AUC: 0.8860, Val AUC: 0.7500
Feature: uniport_ppi_2019, Epoch 58/100, Train Loss: 0.3362, Val Loss: 0.3523, Train AUC: 0.8649, Val AUC: 0.7632
Feature: uniport_ppi_2019, Epoch 59/100, Train Loss: 0.3238, Val Loss: 0.3487, Train AUC: 0.8930, Val AUC: 0.7500
Feature: uniport_ppi_2019, Epoch 60/100, Train Loss: 0.3202, Val Loss: 0.3467, Train AUC: 0.8781, Val AUC: 0.7500
Feature: uniport_ppi_2019, Epoch 61/100, Train Loss: 0.2890, Val Loss: 0.3403, Train AUC: 0.9167, Val AUC: 0.7500
Feature: uniport_ppi_2019, Epoch 62/100, Train Loss: 0.2983, Val Loss: 0.3404, Train AUC: 0.9237, Val AUC: 0.7500
Feature: uniport_ppi_2019, Epoch 63/100, Train Loss: 0.3267, Val Loss: 0.3425, Train AUC: 0.8491, Val AUC: 0.7500
Feature: uniport_ppi_2019, Epoch 64/100, Train Loss: 0.2761, Val Loss: 0.3416, Train AUC: 0.9439, Val AUC: 0.7500
Feature: uniport_ppi_2019, Epoch 65/100, Train Loss: 0.3049, Val Loss: 0.3309, Train AUC: 0.8833, Val AUC: 0.7500
Feature: uniport_ppi_2019, Epoch 66/100, Train Loss: 0.3244, Val Loss: 0.3255, Train AUC: 0.8693, Val AUC: 0.7500
Feature: uniport_ppi_2019, Epoch 67/100, Train Loss: 0.2526, Val Loss: 0.3089, Train AUC: 0.9535, Val AUC: 0.7632
Feature: uniport_ppi_2019, Epoch 68/100, Train Loss: 0.2658, Val Loss: 0.3187, Train AUC: 0.9395, Val AUC: 0.7500
Feature: uniport_ppi_2019, Epoch 69/100, Train Loss: 0.2700, Val Loss: 0.3168, Train AUC: 0.9395, Val AUC: 0.7500
Feature: uniport_ppi_2019, Epoch 70/100, Train Loss: 0.2470, Val Loss: 0.3116, Train AUC: 0.9632, Val AUC: 0.7500
Feature: uniport_ppi_2019, Epoch 71/100, Train Loss: 0.2501, Val Loss: 0.3179, Train AUC: 0.9404, Val AUC: 0.7632
Feature: uniport_ppi_2019, Epoch 72/100, Train Loss: 0.2266, Val Loss: 0.3038, Train AUC: 0.9623, Val AUC: 0.7632
Feature: uniport_ppi_2019, Epoch 73/100, Train Loss: 0.2672, Val Loss: 0.3154, Train AUC: 0.9254, Val AUC: 0.7500
Feature: uniport_ppi_2019, Epoch 74/100, Train Loss: 0.2597, Val Loss: 0.3258, Train AUC: 0.9360, Val AUC: 0.7500
Feature: uniport_ppi_2019, Epoch 75/100, Train Loss: 0.2499, Val Loss: 0.3143, Train AUC: 0.9570, Val AUC: 0.7500
Feature: uniport_ppi_2019, Epoch 76/100, Train Loss: 0.2690, Val Loss: 0.3014, Train AUC: 0.9228, Val AUC: 0.7632
Feature: uniport_ppi_2019, Epoch 77/100, Train Loss: 0.2211, Val Loss: 0.3027, Train AUC: 0.9623, Val AUC: 0.7632
Feature: uniport_ppi_2019, Epoch 78/100, Train Loss: 0.2530, Val Loss: 0.2997, Train AUC: 0.9430, Val AUC: 0.7632
Feature: uniport_ppi_2019, Epoch 79/100, Train Loss: 0.2201, Val Loss: 0.2821, Train AUC: 0.9693, Val AUC: 0.7632
Feature: uniport_ppi_2019, Epoch 80/100, Train Loss: 0.2542, Val Loss: 0.2953, Train AUC: 0.9482, Val AUC: 0.7632
Feature: uniport_ppi_2019, Epoch 81/100, Train Loss: 0.1881, Val Loss: 0.3087, Train AUC: 0.9737, Val AUC: 0.7632
Feature: uniport_ppi_2019, Epoch 82/100, Train Loss: 0.2515, Val Loss: 0.2947, Train AUC: 0.9482, Val AUC: 0.7632
Feature: uniport_ppi_2019, Epoch 83/100, Train Loss: 0.1965, Val Loss: 0.2892, Train AUC: 0.9825, Val AUC: 0.7632
Feature: uniport_ppi_2019, Epoch 84/100, Train Loss: 0.2103, Val Loss: 0.2962, Train AUC: 0.9825, Val AUC: 0.7500
Early stopping for feature uniport_ppi_2019 at epoch 84
Best Train AUC for feature uniport_ppi_2019: 0.9693
Best Val AUC for feature uniport_ppi_2019: 0.7632
Feature: ppi_2019_dw_40, Epoch 1/100, Train Loss: 0.8699, Val Loss: 0.5525, Train AUC: 0.5281, Val AUC: 0.8026
Feature: ppi_2019_dw_40, Epoch 2/100, Train Loss: 0.5259, Val Loss: 0.4633, Train AUC: 0.4772, Val AUC: 0.6974
Feature: ppi_2019_dw_40, Epoch 3/100, Train Loss: 0.4873, Val Loss: 0.4615, Train AUC: 0.3719, Val AUC: 0.6579
Feature: ppi_2019_dw_40, Epoch 4/100, Train Loss: 0.4484, Val Loss: 0.4627, Train AUC: 0.5561, Val AUC: 0.7500
Feature: ppi_2019_dw_40, Epoch 5/100, Train Loss: 0.4598, Val Loss: 0.4626, Train AUC: 0.5263, Val AUC: 0.7237
Feature: ppi_2019_dw_40, Epoch 6/100, Train Loss: 0.4497, Val Loss: 0.4618, Train AUC: 0.5333, Val AUC: 0.7500
Feature: ppi_2019_dw_40, Epoch 7/100, Train Loss: 0.4817, Val Loss: 0.4603, Train AUC: 0.4070, Val AUC: 0.7632
Feature: ppi_2019_dw_40, Epoch 8/100, Train Loss: 0.4591, Val Loss: 0.4582, Train AUC: 0.5167, Val AUC: 0.8026
Feature: ppi_2019_dw_40, Epoch 9/100, Train Loss: 0.4513, Val Loss: 0.4558, Train AUC: 0.5491, Val AUC: 0.8553
Feature: ppi_2019_dw_40, Epoch 10/100, Train Loss: 0.4658, Val Loss: 0.4547, Train AUC: 0.4895, Val AUC: 0.8553
Feature: ppi_2019_dw_40, Epoch 11/100, Train Loss: 0.4638, Val Loss: 0.4544, Train AUC: 0.4895, Val AUC: 0.8553
Feature: ppi_2019_dw_40, Epoch 12/100, Train Loss: 0.4643, Val Loss: 0.4537, Train AUC: 0.4956, Val AUC: 0.8684
Feature: ppi_2019_dw_40, Epoch 13/100, Train Loss: 0.4610, Val Loss: 0.4536, Train AUC: 0.5263, Val AUC: 0.8816
Feature: ppi_2019_dw_40, Epoch 14/100, Train Loss: 0.4615, Val Loss: 0.4532, Train AUC: 0.5316, Val AUC: 0.9079
Feature: ppi_2019_dw_40, Epoch 15/100, Train Loss: 0.4343, Val Loss: 0.4528, Train AUC: 0.6158, Val AUC: 0.9079
Feature: ppi_2019_dw_40, Epoch 16/100, Train Loss: 0.4504, Val Loss: 0.4524, Train AUC: 0.5395, Val AUC: 0.9079
Feature: ppi_2019_dw_40, Epoch 17/100, Train Loss: 0.4299, Val Loss: 0.4519, Train AUC: 0.6439, Val AUC: 0.9079
Feature: ppi_2019_dw_40, Epoch 18/100, Train Loss: 0.4683, Val Loss: 0.4514, Train AUC: 0.4421, Val AUC: 0.9079
Feature: ppi_2019_dw_40, Epoch 19/100, Train Loss: 0.4514, Val Loss: 0.4509, Train AUC: 0.5351, Val AUC: 0.9211
Feature: ppi_2019_dw_40, Epoch 20/100, Train Loss: 0.4098, Val Loss: 0.4505, Train AUC: 0.7456, Val AUC: 0.9211
Feature: ppi_2019_dw_40, Epoch 21/100, Train Loss: 0.4487, Val Loss: 0.4502, Train AUC: 0.5632, Val AUC: 0.9211
Feature: ppi_2019_dw_40, Epoch 22/100, Train Loss: 0.4580, Val Loss: 0.4501, Train AUC: 0.4886, Val AUC: 0.9211
Feature: ppi_2019_dw_40, Epoch 23/100, Train Loss: 0.4248, Val Loss: 0.4493, Train AUC: 0.6711, Val AUC: 0.9079
Feature: ppi_2019_dw_40, Epoch 24/100, Train Loss: 0.4363, Val Loss: 0.4482, Train AUC: 0.6096, Val AUC: 0.9079
Feature: ppi_2019_dw_40, Epoch 25/100, Train Loss: 0.4011, Val Loss: 0.4476, Train AUC: 0.7518, Val AUC: 0.9211
Feature: ppi_2019_dw_40, Epoch 26/100, Train Loss: 0.4367, Val Loss: 0.4476, Train AUC: 0.6018, Val AUC: 0.9211
Feature: ppi_2019_dw_40, Epoch 27/100, Train Loss: 0.4531, Val Loss: 0.4473, Train AUC: 0.5526, Val AUC: 0.9211
Feature: ppi_2019_dw_40, Epoch 28/100, Train Loss: 0.4437, Val Loss: 0.4469, Train AUC: 0.5386, Val AUC: 0.9079
Feature: ppi_2019_dw_40, Epoch 29/100, Train Loss: 0.4564, Val Loss: 0.4461, Train AUC: 0.5456, Val AUC: 0.9079
Feature: ppi_2019_dw_40, Epoch 30/100, Train Loss: 0.4675, Val Loss: 0.4453, Train AUC: 0.4825, Val AUC: 0.9079
Feature: ppi_2019_dw_40, Epoch 31/100, Train Loss: 0.4361, Val Loss: 0.4442, Train AUC: 0.6105, Val AUC: 0.9079
Feature: ppi_2019_dw_40, Epoch 32/100, Train Loss: 0.4332, Val Loss: 0.4430, Train AUC: 0.6465, Val AUC: 0.9079
Feature: ppi_2019_dw_40, Epoch 33/100, Train Loss: 0.4333, Val Loss: 0.4422, Train AUC: 0.6518, Val AUC: 0.9079
Feature: ppi_2019_dw_40, Epoch 34/100, Train Loss: 0.4461, Val Loss: 0.4415, Train AUC: 0.5658, Val AUC: 0.9079
Feature: ppi_2019_dw_40, Epoch 35/100, Train Loss: 0.4425, Val Loss: 0.4411, Train AUC: 0.6088, Val AUC: 0.8947
Feature: ppi_2019_dw_40, Epoch 36/100, Train Loss: 0.4113, Val Loss: 0.4400, Train AUC: 0.7518, Val AUC: 0.8816
Feature: ppi_2019_dw_40, Epoch 37/100, Train Loss: 0.4553, Val Loss: 0.4384, Train AUC: 0.5307, Val AUC: 0.8947
Feature: ppi_2019_dw_40, Epoch 38/100, Train Loss: 0.4305, Val Loss: 0.4371, Train AUC: 0.6491, Val AUC: 0.8816
Feature: ppi_2019_dw_40, Epoch 39/100, Train Loss: 0.4435, Val Loss: 0.4356, Train AUC: 0.6114, Val AUC: 0.8816
Feature: ppi_2019_dw_40, Epoch 40/100, Train Loss: 0.4262, Val Loss: 0.4339, Train AUC: 0.6825, Val AUC: 0.8816
Feature: ppi_2019_dw_40, Epoch 41/100, Train Loss: 0.4260, Val Loss: 0.4329, Train AUC: 0.6377, Val AUC: 0.8816
Feature: ppi_2019_dw_40, Epoch 42/100, Train Loss: 0.4214, Val Loss: 0.4318, Train AUC: 0.6772, Val AUC: 0.8816
Feature: ppi_2019_dw_40, Epoch 43/100, Train Loss: 0.4151, Val Loss: 0.4301, Train AUC: 0.7211, Val AUC: 0.8947
Feature: ppi_2019_dw_40, Epoch 44/100, Train Loss: 0.4459, Val Loss: 0.4274, Train AUC: 0.5561, Val AUC: 0.8684
Feature: ppi_2019_dw_40, Epoch 45/100, Train Loss: 0.4563, Val Loss: 0.4257, Train AUC: 0.5386, Val AUC: 0.8553
Feature: ppi_2019_dw_40, Epoch 46/100, Train Loss: 0.4227, Val Loss: 0.4246, Train AUC: 0.6719, Val AUC: 0.8553
Feature: ppi_2019_dw_40, Epoch 47/100, Train Loss: 0.4189, Val Loss: 0.4230, Train AUC: 0.7079, Val AUC: 0.8553
Feature: ppi_2019_dw_40, Epoch 48/100, Train Loss: 0.4256, Val Loss: 0.4182, Train AUC: 0.7149, Val AUC: 0.8684
Feature: ppi_2019_dw_40, Epoch 49/100, Train Loss: 0.3965, Val Loss: 0.4148, Train AUC: 0.7868, Val AUC: 0.8684
Feature: ppi_2019_dw_40, Epoch 50/100, Train Loss: 0.4115, Val Loss: 0.4101, Train AUC: 0.7018, Val AUC: 0.8553
Feature: ppi_2019_dw_40, Epoch 51/100, Train Loss: 0.3898, Val Loss: 0.4073, Train AUC: 0.8377, Val AUC: 0.8421
Feature: ppi_2019_dw_40, Epoch 52/100, Train Loss: 0.3985, Val Loss: 0.4039, Train AUC: 0.7588, Val AUC: 0.8421
Feature: ppi_2019_dw_40, Epoch 53/100, Train Loss: 0.4081, Val Loss: 0.3990, Train AUC: 0.7228, Val AUC: 0.8553
Feature: ppi_2019_dw_40, Epoch 54/100, Train Loss: 0.3928, Val Loss: 0.3883, Train AUC: 0.7746, Val AUC: 0.8421
Feature: ppi_2019_dw_40, Epoch 55/100, Train Loss: 0.3587, Val Loss: 0.3774, Train AUC: 0.8684, Val AUC: 0.8289
Feature: ppi_2019_dw_40, Epoch 56/100, Train Loss: 0.3548, Val Loss: 0.3696, Train AUC: 0.8614, Val AUC: 0.8289
Feature: ppi_2019_dw_40, Epoch 57/100, Train Loss: 0.3742, Val Loss: 0.3581, Train AUC: 0.8281, Val AUC: 0.8026
Feature: ppi_2019_dw_40, Epoch 58/100, Train Loss: 0.3568, Val Loss: 0.3542, Train AUC: 0.8386, Val AUC: 0.7763
Feature: ppi_2019_dw_40, Epoch 59/100, Train Loss: 0.3041, Val Loss: 0.3485, Train AUC: 0.9254, Val AUC: 0.8158
Feature: ppi_2019_dw_40, Epoch 60/100, Train Loss: 0.3333, Val Loss: 0.3318, Train AUC: 0.8877, Val AUC: 0.8421
Feature: ppi_2019_dw_40, Epoch 61/100, Train Loss: 0.3260, Val Loss: 0.3245, Train AUC: 0.8982, Val AUC: 0.8947
Feature: ppi_2019_dw_40, Epoch 62/100, Train Loss: 0.3550, Val Loss: 0.3125, Train AUC: 0.8640, Val AUC: 0.9079
Feature: ppi_2019_dw_40, Epoch 63/100, Train Loss: 0.3092, Val Loss: 0.3230, Train AUC: 0.9202, Val AUC: 0.8553
Feature: ppi_2019_dw_40, Epoch 64/100, Train Loss: 0.3249, Val Loss: 0.3442, Train AUC: 0.8737, Val AUC: 0.8026
Feature: ppi_2019_dw_40, Epoch 65/100, Train Loss: 0.3377, Val Loss: 0.3297, Train AUC: 0.8667, Val AUC: 0.8158
Feature: ppi_2019_dw_40, Epoch 66/100, Train Loss: 0.3407, Val Loss: 0.3323, Train AUC: 0.8781, Val AUC: 0.8289
Feature: ppi_2019_dw_40, Epoch 67/100, Train Loss: 0.2989, Val Loss: 0.3239, Train AUC: 0.9482, Val AUC: 0.8421
Early stopping for feature ppi_2019_dw_40 at epoch 67
Best Train AUC for feature ppi_2019_dw_40: 0.8640
Best Val AUC for feature ppi_2019_dw_40: 0.9079
Feature: uniport_bio, Epoch 1/100, Train Loss: 0.8620, Val Loss: 0.6635, Train AUC: 0.5535, Val AUC: 0.5263
Feature: uniport_bio, Epoch 2/100, Train Loss: 0.6366, Val Loss: 0.5190, Train AUC: 0.4070, Val AUC: 0.4868
Feature: uniport_bio, Epoch 3/100, Train Loss: 0.5220, Val Loss: 0.4759, Train AUC: 0.4263, Val AUC: 0.5395
Feature: uniport_bio, Epoch 4/100, Train Loss: 0.4455, Val Loss: 0.4655, Train AUC: 0.6193, Val AUC: 0.5263
Feature: uniport_bio, Epoch 5/100, Train Loss: 0.4812, Val Loss: 0.4625, Train AUC: 0.4175, Val AUC: 0.5658
Feature: uniport_bio, Epoch 6/100, Train Loss: 0.4703, Val Loss: 0.4617, Train AUC: 0.4763, Val AUC: 0.5395
Feature: uniport_bio, Epoch 7/100, Train Loss: 0.4419, Val Loss: 0.4612, Train AUC: 0.6140, Val AUC: 0.6316
Feature: uniport_bio, Epoch 8/100, Train Loss: 0.4827, Val Loss: 0.4613, Train AUC: 0.3886, Val AUC: 0.5921
Feature: uniport_bio, Epoch 9/100, Train Loss: 0.4592, Val Loss: 0.4611, Train AUC: 0.5263, Val AUC: 0.6053
Feature: uniport_bio, Epoch 10/100, Train Loss: 0.4492, Val Loss: 0.4603, Train AUC: 0.5728, Val AUC: 0.6711
Feature: uniport_bio, Epoch 11/100, Train Loss: 0.4517, Val Loss: 0.4597, Train AUC: 0.5667, Val AUC: 0.7237
Feature: uniport_bio, Epoch 12/100, Train Loss: 0.4610, Val Loss: 0.4593, Train AUC: 0.5053, Val AUC: 0.7763
Feature: uniport_bio, Epoch 13/100, Train Loss: 0.4575, Val Loss: 0.4588, Train AUC: 0.5123, Val AUC: 0.7895
Feature: uniport_bio, Epoch 14/100, Train Loss: 0.4819, Val Loss: 0.4584, Train AUC: 0.4026, Val AUC: 0.8158
Feature: uniport_bio, Epoch 15/100, Train Loss: 0.4482, Val Loss: 0.4579, Train AUC: 0.5579, Val AUC: 0.8421
Feature: uniport_bio, Epoch 16/100, Train Loss: 0.4518, Val Loss: 0.4571, Train AUC: 0.5456, Val AUC: 0.8684
Feature: uniport_bio, Epoch 17/100, Train Loss: 0.4400, Val Loss: 0.4561, Train AUC: 0.5798, Val AUC: 0.8684
Feature: uniport_bio, Epoch 18/100, Train Loss: 0.4293, Val Loss: 0.4551, Train AUC: 0.6956, Val AUC: 0.8421
Feature: uniport_bio, Epoch 19/100, Train Loss: 0.4472, Val Loss: 0.4544, Train AUC: 0.5307, Val AUC: 0.8421
Feature: uniport_bio, Epoch 20/100, Train Loss: 0.4672, Val Loss: 0.4538, Train AUC: 0.4605, Val AUC: 0.8553
Feature: uniport_bio, Epoch 21/100, Train Loss: 0.4359, Val Loss: 0.4535, Train AUC: 0.6386, Val AUC: 0.8553
Feature: uniport_bio, Epoch 22/100, Train Loss: 0.4559, Val Loss: 0.4533, Train AUC: 0.5184, Val AUC: 0.8289
Feature: uniport_bio, Epoch 23/100, Train Loss: 0.4535, Val Loss: 0.4536, Train AUC: 0.5351, Val AUC: 0.8553
Feature: uniport_bio, Epoch 24/100, Train Loss: 0.4304, Val Loss: 0.4535, Train AUC: 0.7044, Val AUC: 0.8553
Feature: uniport_bio, Epoch 25/100, Train Loss: 0.4459, Val Loss: 0.4538, Train AUC: 0.5491, Val AUC: 0.8684
Feature: uniport_bio, Epoch 26/100, Train Loss: 0.4555, Val Loss: 0.4538, Train AUC: 0.5035, Val AUC: 0.8421
Feature: uniport_bio, Epoch 27/100, Train Loss: 0.4314, Val Loss: 0.4530, Train AUC: 0.6316, Val AUC: 0.8289
Feature: uniport_bio, Epoch 28/100, Train Loss: 0.4420, Val Loss: 0.4510, Train AUC: 0.5728, Val AUC: 0.8289
Feature: uniport_bio, Epoch 29/100, Train Loss: 0.4468, Val Loss: 0.4498, Train AUC: 0.5360, Val AUC: 0.8421
Feature: uniport_bio, Epoch 30/100, Train Loss: 0.4782, Val Loss: 0.4489, Train AUC: 0.3904, Val AUC: 0.8553
Feature: uniport_bio, Epoch 31/100, Train Loss: 0.4355, Val Loss: 0.4475, Train AUC: 0.6228, Val AUC: 0.9211
Feature: uniport_bio, Epoch 32/100, Train Loss: 0.4440, Val Loss: 0.4467, Train AUC: 0.5754, Val AUC: 0.9342
Feature: uniport_bio, Epoch 33/100, Train Loss: 0.4618, Val Loss: 0.4459, Train AUC: 0.4912, Val AUC: 0.9342
Feature: uniport_bio, Epoch 34/100, Train Loss: 0.4240, Val Loss: 0.4454, Train AUC: 0.6719, Val AUC: 0.9211
Feature: uniport_bio, Epoch 35/100, Train Loss: 0.4393, Val Loss: 0.4447, Train AUC: 0.6000, Val AUC: 0.8947
Feature: uniport_bio, Epoch 36/100, Train Loss: 0.4154, Val Loss: 0.4438, Train AUC: 0.7158, Val AUC: 0.8947
Feature: uniport_bio, Epoch 37/100, Train Loss: 0.4370, Val Loss: 0.4436, Train AUC: 0.6053, Val AUC: 0.9079
Feature: uniport_bio, Epoch 38/100, Train Loss: 0.4422, Val Loss: 0.4428, Train AUC: 0.5754, Val AUC: 0.9079
Feature: uniport_bio, Epoch 39/100, Train Loss: 0.4497, Val Loss: 0.4419, Train AUC: 0.5325, Val AUC: 0.8947
Feature: uniport_bio, Epoch 40/100, Train Loss: 0.4296, Val Loss: 0.4401, Train AUC: 0.6474, Val AUC: 0.8947
Feature: uniport_bio, Epoch 41/100, Train Loss: 0.4316, Val Loss: 0.4385, Train AUC: 0.6623, Val AUC: 0.8947
Feature: uniport_bio, Epoch 42/100, Train Loss: 0.4239, Val Loss: 0.4361, Train AUC: 0.6772, Val AUC: 0.9211
Feature: uniport_bio, Epoch 43/100, Train Loss: 0.4390, Val Loss: 0.4340, Train AUC: 0.6000, Val AUC: 0.9211
Feature: uniport_bio, Epoch 44/100, Train Loss: 0.4603, Val Loss: 0.4315, Train AUC: 0.5325, Val AUC: 0.9211
Feature: uniport_bio, Epoch 45/100, Train Loss: 0.4122, Val Loss: 0.4292, Train AUC: 0.7895, Val AUC: 0.9474
Feature: uniport_bio, Epoch 46/100, Train Loss: 0.4149, Val Loss: 0.4273, Train AUC: 0.7325, Val AUC: 0.9342
Feature: uniport_bio, Epoch 47/100, Train Loss: 0.3986, Val Loss: 0.4239, Train AUC: 0.7912, Val AUC: 0.9342
Feature: uniport_bio, Epoch 48/100, Train Loss: 0.3977, Val Loss: 0.4210, Train AUC: 0.8035, Val AUC: 0.9342
Feature: uniport_bio, Epoch 49/100, Train Loss: 0.4101, Val Loss: 0.4184, Train AUC: 0.7096, Val AUC: 0.9211
Feature: uniport_bio, Epoch 50/100, Train Loss: 0.4219, Val Loss: 0.4150, Train AUC: 0.6684, Val AUC: 0.9211
Feature: uniport_bio, Epoch 51/100, Train Loss: 0.4122, Val Loss: 0.4097, Train AUC: 0.7439, Val AUC: 0.9474
Feature: uniport_bio, Epoch 52/100, Train Loss: 0.3826, Val Loss: 0.4052, Train AUC: 0.8298, Val AUC: 0.9474
Feature: uniport_bio, Epoch 53/100, Train Loss: 0.3942, Val Loss: 0.4003, Train AUC: 0.7833, Val AUC: 0.9474
Feature: uniport_bio, Epoch 54/100, Train Loss: 0.3782, Val Loss: 0.3970, Train AUC: 0.8281, Val AUC: 0.9474
Feature: uniport_bio, Epoch 55/100, Train Loss: 0.3769, Val Loss: 0.3917, Train AUC: 0.8368, Val AUC: 0.9474
Feature: uniport_bio, Epoch 56/100, Train Loss: 0.4081, Val Loss: 0.3950, Train AUC: 0.7298, Val AUC: 0.8947
Feature: uniport_bio, Epoch 57/100, Train Loss: 0.3912, Val Loss: 0.3833, Train AUC: 0.7939, Val AUC: 0.8947
Feature: uniport_bio, Epoch 58/100, Train Loss: 0.3830, Val Loss: 0.3748, Train AUC: 0.7816, Val AUC: 0.9079
Feature: uniport_bio, Epoch 59/100, Train Loss: 0.3589, Val Loss: 0.3618, Train AUC: 0.8728, Val AUC: 0.9342
Feature: uniport_bio, Epoch 60/100, Train Loss: 0.3502, Val Loss: 0.3506, Train AUC: 0.8675, Val AUC: 0.9605
Feature: uniport_bio, Epoch 61/100, Train Loss: 0.3484, Val Loss: 0.3478, Train AUC: 0.8298, Val AUC: 0.9605
Feature: uniport_bio, Epoch 62/100, Train Loss: 0.3515, Val Loss: 0.3390, Train AUC: 0.8360, Val AUC: 0.9474
Feature: uniport_bio, Epoch 63/100, Train Loss: 0.2911, Val Loss: 0.3370, Train AUC: 0.9605, Val AUC: 0.9211
Feature: uniport_bio, Epoch 64/100, Train Loss: 0.3058, Val Loss: 0.3451, Train AUC: 0.9088, Val AUC: 0.8816
Feature: uniport_bio, Epoch 65/100, Train Loss: 0.3397, Val Loss: 0.3352, Train AUC: 0.8289, Val AUC: 0.8947
Feature: uniport_bio, Epoch 66/100, Train Loss: 0.2835, Val Loss: 0.3201, Train AUC: 0.9491, Val AUC: 0.8947
Feature: uniport_bio, Epoch 67/100, Train Loss: 0.2783, Val Loss: 0.3241, Train AUC: 0.9465, Val AUC: 0.9474
Feature: uniport_bio, Epoch 68/100, Train Loss: 0.3423, Val Loss: 0.3114, Train AUC: 0.8219, Val AUC: 0.9605
Feature: uniport_bio, Epoch 69/100, Train Loss: 0.2660, Val Loss: 0.3074, Train AUC: 0.9675, Val AUC: 0.9605
Feature: uniport_bio, Epoch 70/100, Train Loss: 0.3142, Val Loss: 0.2986, Train AUC: 0.8623, Val AUC: 0.9605
Feature: uniport_bio, Epoch 71/100, Train Loss: 0.2659, Val Loss: 0.3019, Train AUC: 0.9544, Val AUC: 0.9211
Feature: uniport_bio, Epoch 72/100, Train Loss: 0.2685, Val Loss: 0.3056, Train AUC: 0.9219, Val AUC: 0.9079
Feature: uniport_bio, Epoch 73/100, Train Loss: 0.2561, Val Loss: 0.2996, Train AUC: 0.9605, Val AUC: 0.9079
Feature: uniport_bio, Epoch 74/100, Train Loss: 0.2454, Val Loss: 0.2972, Train AUC: 0.9614, Val AUC: 0.9079
Feature: uniport_bio, Epoch 75/100, Train Loss: 0.2405, Val Loss: 0.3122, Train AUC: 0.9509, Val AUC: 0.8947
Feature: uniport_bio, Epoch 76/100, Train Loss: 0.2245, Val Loss: 0.2861, Train AUC: 0.9640, Val AUC: 0.9211
Feature: uniport_bio, Epoch 77/100, Train Loss: 0.2302, Val Loss: 0.2694, Train AUC: 0.9719, Val AUC: 0.9474
Feature: uniport_bio, Epoch 78/100, Train Loss: 0.2608, Val Loss: 0.2835, Train AUC: 0.9447, Val AUC: 0.9342
Feature: uniport_bio, Epoch 79/100, Train Loss: 0.2451, Val Loss: 0.2739, Train AUC: 0.9482, Val AUC: 0.9211
Feature: uniport_bio, Epoch 80/100, Train Loss: 0.2307, Val Loss: 0.2588, Train AUC: 0.9544, Val AUC: 0.9342
Feature: uniport_bio, Epoch 81/100, Train Loss: 0.2238, Val Loss: 0.2626, Train AUC: 0.9526, Val AUC: 0.9474
Feature: uniport_bio, Epoch 82/100, Train Loss: 0.2211, Val Loss: 0.2736, Train AUC: 0.9561, Val AUC: 0.9342
Feature: uniport_bio, Epoch 83/100, Train Loss: 0.2349, Val Loss: 0.2573, Train AUC: 0.9333, Val AUC: 0.9474
Feature: uniport_bio, Epoch 84/100, Train Loss: 0.2250, Val Loss: 0.2770, Train AUC: 0.9570, Val AUC: 0.8947
Feature: uniport_bio, Epoch 85/100, Train Loss: 0.2117, Val Loss: 0.2968, Train AUC: 0.9667, Val AUC: 0.8816
Feature: uniport_bio, Epoch 86/100, Train Loss: 0.2207, Val Loss: 0.2636, Train AUC: 0.9526, Val AUC: 0.8947
Feature: uniport_bio, Epoch 87/100, Train Loss: 0.1775, Val Loss: 0.2616, Train AUC: 0.9798, Val AUC: 0.9211
Feature: uniport_bio, Epoch 88/100, Train Loss: 0.1835, Val Loss: 0.2853, Train AUC: 0.9570, Val AUC: 0.9342
Early stopping for feature uniport_bio at epoch 88
Best Train AUC for feature uniport_bio: 0.9333
Best Val AUC for feature uniport_bio: 0.9474
Feature: uniport_seq, Epoch 1/100, Train Loss: 0.7045, Val Loss: 0.4620, Train AUC: 0.2728, Val AUC: 0.6579
Feature: uniport_seq, Epoch 2/100, Train Loss: 0.4585, Val Loss: 0.4624, Train AUC: 0.5281, Val AUC: 0.6974
Feature: uniport_seq, Epoch 3/100, Train Loss: 0.4632, Val Loss: 0.4616, Train AUC: 0.5289, Val AUC: 0.7895
Feature: uniport_seq, Epoch 4/100, Train Loss: 0.4696, Val Loss: 0.4611, Train AUC: 0.4623, Val AUC: 0.8158
Feature: uniport_seq, Epoch 5/100, Train Loss: 0.4613, Val Loss: 0.4611, Train AUC: 0.5711, Val AUC: 0.8684
Feature: uniport_seq, Epoch 6/100, Train Loss: 0.4720, Val Loss: 0.4612, Train AUC: 0.4746, Val AUC: 0.8816
Feature: uniport_seq, Epoch 7/100, Train Loss: 0.4753, Val Loss: 0.4613, Train AUC: 0.4254, Val AUC: 0.9079
Feature: uniport_seq, Epoch 8/100, Train Loss: 0.4497, Val Loss: 0.4613, Train AUC: 0.5561, Val AUC: 0.9211
Feature: uniport_seq, Epoch 9/100, Train Loss: 0.4806, Val Loss: 0.4611, Train AUC: 0.4140, Val AUC: 0.9211
Feature: uniport_seq, Epoch 10/100, Train Loss: 0.4622, Val Loss: 0.4609, Train AUC: 0.4772, Val AUC: 0.9342
Feature: uniport_seq, Epoch 11/100, Train Loss: 0.4622, Val Loss: 0.4609, Train AUC: 0.4912, Val AUC: 0.9474
Feature: uniport_seq, Epoch 12/100, Train Loss: 0.4562, Val Loss: 0.4607, Train AUC: 0.5114, Val AUC: 0.9474
Feature: uniport_seq, Epoch 13/100, Train Loss: 0.4368, Val Loss: 0.4606, Train AUC: 0.5816, Val AUC: 0.9474
Feature: uniport_seq, Epoch 14/100, Train Loss: 0.4245, Val Loss: 0.4605, Train AUC: 0.6789, Val AUC: 0.9474
Feature: uniport_seq, Epoch 15/100, Train Loss: 0.4467, Val Loss: 0.4605, Train AUC: 0.5904, Val AUC: 0.9474
Feature: uniport_seq, Epoch 16/100, Train Loss: 0.4399, Val Loss: 0.4604, Train AUC: 0.6175, Val AUC: 0.9474
Feature: uniport_seq, Epoch 17/100, Train Loss: 0.4339, Val Loss: 0.4604, Train AUC: 0.6140, Val AUC: 0.9474
Feature: uniport_seq, Epoch 18/100, Train Loss: 0.4845, Val Loss: 0.4602, Train AUC: 0.4026, Val AUC: 0.9474
Feature: uniport_seq, Epoch 19/100, Train Loss: 0.4618, Val Loss: 0.4600, Train AUC: 0.4544, Val AUC: 0.9737
Feature: uniport_seq, Epoch 20/100, Train Loss: 0.4440, Val Loss: 0.4598, Train AUC: 0.5781, Val AUC: 0.9737
Feature: uniport_seq, Epoch 21/100, Train Loss: 0.4428, Val Loss: 0.4596, Train AUC: 0.6298, Val AUC: 0.9737
Feature: uniport_seq, Epoch 22/100, Train Loss: 0.4439, Val Loss: 0.4595, Train AUC: 0.5798, Val AUC: 0.9737
Feature: uniport_seq, Epoch 23/100, Train Loss: 0.4703, Val Loss: 0.4594, Train AUC: 0.4368, Val AUC: 0.9737
Feature: uniport_seq, Epoch 24/100, Train Loss: 0.4507, Val Loss: 0.4593, Train AUC: 0.5570, Val AUC: 0.9737
Feature: uniport_seq, Epoch 25/100, Train Loss: 0.4405, Val Loss: 0.4591, Train AUC: 0.6140, Val AUC: 0.9737
Feature: uniport_seq, Epoch 26/100, Train Loss: 0.4548, Val Loss: 0.4591, Train AUC: 0.5149, Val AUC: 0.9737
Feature: uniport_seq, Epoch 27/100, Train Loss: 0.4606, Val Loss: 0.4589, Train AUC: 0.4912, Val AUC: 0.9737
Feature: uniport_seq, Epoch 28/100, Train Loss: 0.4431, Val Loss: 0.4588, Train AUC: 0.5807, Val AUC: 0.9737
Feature: uniport_seq, Epoch 29/100, Train Loss: 0.4650, Val Loss: 0.4587, Train AUC: 0.4763, Val AUC: 0.9737
Feature: uniport_seq, Epoch 30/100, Train Loss: 0.4405, Val Loss: 0.4585, Train AUC: 0.5886, Val AUC: 0.9737
Feature: uniport_seq, Epoch 31/100, Train Loss: 0.4436, Val Loss: 0.4580, Train AUC: 0.5535, Val AUC: 0.9737
Feature: uniport_seq, Epoch 32/100, Train Loss: 0.4443, Val Loss: 0.4579, Train AUC: 0.6009, Val AUC: 0.9737
Feature: uniport_seq, Epoch 33/100, Train Loss: 0.4506, Val Loss: 0.4575, Train AUC: 0.5526, Val AUC: 0.9737
Feature: uniport_seq, Epoch 34/100, Train Loss: 0.4696, Val Loss: 0.4574, Train AUC: 0.4491, Val AUC: 0.9737
Feature: uniport_seq, Epoch 35/100, Train Loss: 0.4527, Val Loss: 0.4572, Train AUC: 0.5368, Val AUC: 0.9737
Feature: uniport_seq, Epoch 36/100, Train Loss: 0.4585, Val Loss: 0.4570, Train AUC: 0.5000, Val AUC: 0.9737
Feature: uniport_seq, Epoch 37/100, Train Loss: 0.4541, Val Loss: 0.4568, Train AUC: 0.5430, Val AUC: 0.9737
Feature: uniport_seq, Epoch 38/100, Train Loss: 0.4674, Val Loss: 0.4566, Train AUC: 0.4596, Val AUC: 0.9737
Feature: uniport_seq, Epoch 39/100, Train Loss: 0.4615, Val Loss: 0.4562, Train AUC: 0.4912, Val AUC: 0.9737
Feature: uniport_seq, Epoch 40/100, Train Loss: 0.4478, Val Loss: 0.4559, Train AUC: 0.5439, Val AUC: 0.9737
Feature: uniport_seq, Epoch 41/100, Train Loss: 0.4454, Val Loss: 0.4561, Train AUC: 0.5974, Val AUC: 0.9737
Feature: uniport_seq, Epoch 42/100, Train Loss: 0.4790, Val Loss: 0.4556, Train AUC: 0.4061, Val AUC: 0.9737
Feature: uniport_seq, Epoch 43/100, Train Loss: 0.4704, Val Loss: 0.4552, Train AUC: 0.4544, Val AUC: 0.9737
Feature: uniport_seq, Epoch 44/100, Train Loss: 0.4561, Val Loss: 0.4549, Train AUC: 0.5228, Val AUC: 0.9737
Feature: uniport_seq, Epoch 45/100, Train Loss: 0.4595, Val Loss: 0.4547, Train AUC: 0.5316, Val AUC: 0.9737
Feature: uniport_seq, Epoch 46/100, Train Loss: 0.4204, Val Loss: 0.4549, Train AUC: 0.6596, Val AUC: 0.9737
Feature: uniport_seq, Epoch 47/100, Train Loss: 0.4605, Val Loss: 0.4553, Train AUC: 0.5079, Val AUC: 0.9737
Feature: uniport_seq, Epoch 48/100, Train Loss: 0.4685, Val Loss: 0.4550, Train AUC: 0.4728, Val AUC: 0.9737
Feature: uniport_seq, Epoch 49/100, Train Loss: 0.4508, Val Loss: 0.4540, Train AUC: 0.5412, Val AUC: 0.9737
Feature: uniport_seq, Epoch 50/100, Train Loss: 0.4398, Val Loss: 0.4536, Train AUC: 0.5904, Val AUC: 0.9737
Feature: uniport_seq, Epoch 51/100, Train Loss: 0.4855, Val Loss: 0.4535, Train AUC: 0.3588, Val AUC: 0.9737
Feature: uniport_seq, Epoch 52/100, Train Loss: 0.4537, Val Loss: 0.4533, Train AUC: 0.5281, Val AUC: 0.9737
Feature: uniport_seq, Epoch 53/100, Train Loss: 0.4442, Val Loss: 0.4526, Train AUC: 0.5588, Val AUC: 0.9737
Feature: uniport_seq, Epoch 54/100, Train Loss: 0.4670, Val Loss: 0.4521, Train AUC: 0.4658, Val AUC: 0.9737
Feature: uniport_seq, Epoch 55/100, Train Loss: 0.4275, Val Loss: 0.4517, Train AUC: 0.6702, Val AUC: 0.9737
Feature: uniport_seq, Epoch 56/100, Train Loss: 0.4492, Val Loss: 0.4513, Train AUC: 0.5526, Val AUC: 0.9737
Feature: uniport_seq, Epoch 57/100, Train Loss: 0.4378, Val Loss: 0.4508, Train AUC: 0.6079, Val AUC: 0.9737
Feature: uniport_seq, Epoch 58/100, Train Loss: 0.4517, Val Loss: 0.4505, Train AUC: 0.5351, Val AUC: 0.9737
Feature: uniport_seq, Epoch 59/100, Train Loss: 0.4241, Val Loss: 0.4500, Train AUC: 0.6825, Val AUC: 0.9737
Feature: uniport_seq, Epoch 60/100, Train Loss: 0.4432, Val Loss: 0.4499, Train AUC: 0.5982, Val AUC: 0.9737
Feature: uniport_seq, Epoch 61/100, Train Loss: 0.4255, Val Loss: 0.4504, Train AUC: 0.6737, Val AUC: 0.9737
Feature: uniport_seq, Epoch 62/100, Train Loss: 0.4436, Val Loss: 0.4485, Train AUC: 0.5974, Val AUC: 0.9737
Feature: uniport_seq, Epoch 63/100, Train Loss: 0.4477, Val Loss: 0.4479, Train AUC: 0.5886, Val AUC: 0.9737
Feature: uniport_seq, Epoch 64/100, Train Loss: 0.4356, Val Loss: 0.4469, Train AUC: 0.6263, Val AUC: 0.9737
Feature: uniport_seq, Epoch 65/100, Train Loss: 0.4391, Val Loss: 0.4462, Train AUC: 0.6105, Val AUC: 0.9737
Feature: uniport_seq, Epoch 66/100, Train Loss: 0.4318, Val Loss: 0.4454, Train AUC: 0.6430, Val AUC: 0.9737
Feature: uniport_seq, Epoch 67/100, Train Loss: 0.4536, Val Loss: 0.4447, Train AUC: 0.5421, Val AUC: 0.9737
Feature: uniport_seq, Epoch 68/100, Train Loss: 0.4446, Val Loss: 0.4440, Train AUC: 0.5754, Val AUC: 0.9737
Feature: uniport_seq, Epoch 69/100, Train Loss: 0.4404, Val Loss: 0.4432, Train AUC: 0.6044, Val AUC: 0.9737
Feature: uniport_seq, Epoch 70/100, Train Loss: 0.4634, Val Loss: 0.4420, Train AUC: 0.4930, Val AUC: 0.9737
Feature: uniport_seq, Epoch 71/100, Train Loss: 0.4541, Val Loss: 0.4412, Train AUC: 0.5447, Val AUC: 0.9737
Feature: uniport_seq, Epoch 72/100, Train Loss: 0.4461, Val Loss: 0.4399, Train AUC: 0.5816, Val AUC: 0.9737
Feature: uniport_seq, Epoch 73/100, Train Loss: 0.4218, Val Loss: 0.4390, Train AUC: 0.7026, Val AUC: 0.9737
Feature: uniport_seq, Epoch 74/100, Train Loss: 0.4342, Val Loss: 0.4378, Train AUC: 0.6018, Val AUC: 0.9737
Feature: uniport_seq, Epoch 75/100, Train Loss: 0.4296, Val Loss: 0.4362, Train AUC: 0.6737, Val AUC: 0.9737
Feature: uniport_seq, Epoch 76/100, Train Loss: 0.4047, Val Loss: 0.4361, Train AUC: 0.7860, Val AUC: 0.9605
Feature: uniport_seq, Epoch 77/100, Train Loss: 0.4044, Val Loss: 0.4350, Train AUC: 0.7342, Val AUC: 0.9605
Feature: uniport_seq, Epoch 78/100, Train Loss: 0.4437, Val Loss: 0.4327, Train AUC: 0.6079, Val AUC: 0.9737
Feature: uniport_seq, Epoch 79/100, Train Loss: 0.4465, Val Loss: 0.4289, Train AUC: 0.5868, Val AUC: 0.9737
Feature: uniport_seq, Epoch 80/100, Train Loss: 0.4188, Val Loss: 0.4293, Train AUC: 0.6877, Val AUC: 0.9737
Feature: uniport_seq, Epoch 81/100, Train Loss: 0.4164, Val Loss: 0.4256, Train AUC: 0.6781, Val AUC: 0.9737
Feature: uniport_seq, Epoch 82/100, Train Loss: 0.4321, Val Loss: 0.4225, Train AUC: 0.6246, Val AUC: 0.9737
Feature: uniport_seq, Epoch 83/100, Train Loss: 0.4255, Val Loss: 0.4214, Train AUC: 0.6746, Val AUC: 0.9737
Feature: uniport_seq, Epoch 84/100, Train Loss: 0.4142, Val Loss: 0.4161, Train AUC: 0.6895, Val AUC: 0.9737
Feature: uniport_seq, Epoch 85/100, Train Loss: 0.4108, Val Loss: 0.4115, Train AUC: 0.7237, Val AUC: 0.9737
Feature: uniport_seq, Epoch 86/100, Train Loss: 0.4168, Val Loss: 0.4078, Train AUC: 0.6956, Val AUC: 0.9737
Feature: uniport_seq, Epoch 87/100, Train Loss: 0.4030, Val Loss: 0.4073, Train AUC: 0.7351, Val AUC: 0.9737
Feature: uniport_seq, Epoch 88/100, Train Loss: 0.4140, Val Loss: 0.3966, Train AUC: 0.7254, Val AUC: 0.9737
Feature: uniport_seq, Epoch 89/100, Train Loss: 0.3752, Val Loss: 0.3860, Train AUC: 0.8140, Val AUC: 0.9737
Feature: uniport_seq, Epoch 90/100, Train Loss: 0.4266, Val Loss: 0.3811, Train AUC: 0.6684, Val AUC: 0.9737
Feature: uniport_seq, Epoch 91/100, Train Loss: 0.3731, Val Loss: 0.3879, Train AUC: 0.8061, Val AUC: 0.9737
Feature: uniport_seq, Epoch 92/100, Train Loss: 0.4077, Val Loss: 0.4004, Train AUC: 0.7316, Val AUC: 0.9737
Feature: uniport_seq, Epoch 93/100, Train Loss: 0.3819, Val Loss: 0.3834, Train AUC: 0.7965, Val AUC: 0.9737
Feature: uniport_seq, Epoch 94/100, Train Loss: 0.3633, Val Loss: 0.3666, Train AUC: 0.8193, Val AUC: 0.9737
Feature: uniport_seq, Epoch 95/100, Train Loss: 0.3863, Val Loss: 0.3573, Train AUC: 0.7728, Val AUC: 0.9737
Feature: uniport_seq, Epoch 96/100, Train Loss: 0.3440, Val Loss: 0.3552, Train AUC: 0.8807, Val AUC: 0.9737
Feature: uniport_seq, Epoch 97/100, Train Loss: 0.3376, Val Loss: 0.3484, Train AUC: 0.8491, Val AUC: 0.9737
Feature: uniport_seq, Epoch 98/100, Train Loss: 0.4059, Val Loss: 0.3626, Train AUC: 0.7596, Val AUC: 0.9737
Feature: uniport_seq, Epoch 99/100, Train Loss: 0.3782, Val Loss: 0.3705, Train AUC: 0.7342, Val AUC: 0.9737
Feature: uniport_seq, Epoch 100/100, Train Loss: 0.3798, Val Loss: 0.3619, Train AUC: 0.7658, Val AUC: 0.9737
Best Train AUC for feature uniport_seq: 0.8491
Best Val AUC for feature uniport_seq: 0.9737
Feature: uniport_esm, Epoch 1/100, Train Loss: 0.7079, Val Loss: 0.4614, Train AUC: 0.2947, Val AUC: 0.8026
Feature: uniport_esm, Epoch 2/100, Train Loss: 0.4674, Val Loss: 0.4608, Train AUC: 0.4737, Val AUC: 0.8289
Feature: uniport_esm, Epoch 3/100, Train Loss: 0.4345, Val Loss: 0.4607, Train AUC: 0.6219, Val AUC: 0.8289
Feature: uniport_esm, Epoch 4/100, Train Loss: 0.4807, Val Loss: 0.4606, Train AUC: 0.4193, Val AUC: 0.8684
Feature: uniport_esm, Epoch 5/100, Train Loss: 0.4669, Val Loss: 0.4606, Train AUC: 0.4439, Val AUC: 0.8816
Feature: uniport_esm, Epoch 6/100, Train Loss: 0.4878, Val Loss: 0.4605, Train AUC: 0.3561, Val AUC: 0.8684
Feature: uniport_esm, Epoch 7/100, Train Loss: 0.4577, Val Loss: 0.4604, Train AUC: 0.5026, Val AUC: 0.8684
Feature: uniport_esm, Epoch 8/100, Train Loss: 0.4753, Val Loss: 0.4604, Train AUC: 0.4140, Val AUC: 0.8684
Feature: uniport_esm, Epoch 9/100, Train Loss: 0.4628, Val Loss: 0.4603, Train AUC: 0.4684, Val AUC: 0.8684
Feature: uniport_esm, Epoch 10/100, Train Loss: 0.4978, Val Loss: 0.4603, Train AUC: 0.2605, Val AUC: 0.8684
Feature: uniport_esm, Epoch 11/100, Train Loss: 0.4462, Val Loss: 0.4602, Train AUC: 0.5623, Val AUC: 0.8553
Feature: uniport_esm, Epoch 12/100, Train Loss: 0.4814, Val Loss: 0.4601, Train AUC: 0.3825, Val AUC: 0.8553
Feature: uniport_esm, Epoch 13/100, Train Loss: 0.4429, Val Loss: 0.4601, Train AUC: 0.5904, Val AUC: 0.8553
Feature: uniport_esm, Epoch 14/100, Train Loss: 0.4480, Val Loss: 0.4600, Train AUC: 0.5895, Val AUC: 0.8684
Feature: uniport_esm, Epoch 15/100, Train Loss: 0.4489, Val Loss: 0.4600, Train AUC: 0.5053, Val AUC: 0.8684
Feature: uniport_esm, Epoch 16/100, Train Loss: 0.4737, Val Loss: 0.4599, Train AUC: 0.4184, Val AUC: 0.8816
Feature: uniport_esm, Epoch 17/100, Train Loss: 0.4651, Val Loss: 0.4598, Train AUC: 0.4746, Val AUC: 0.8947
Feature: uniport_esm, Epoch 18/100, Train Loss: 0.4897, Val Loss: 0.4596, Train AUC: 0.3842, Val AUC: 0.8947
Feature: uniport_esm, Epoch 19/100, Train Loss: 0.4696, Val Loss: 0.4595, Train AUC: 0.4649, Val AUC: 0.8947
Feature: uniport_esm, Epoch 20/100, Train Loss: 0.4647, Val Loss: 0.4593, Train AUC: 0.4570, Val AUC: 0.9079
Feature: uniport_esm, Epoch 21/100, Train Loss: 0.4307, Val Loss: 0.4592, Train AUC: 0.6579, Val AUC: 0.9079
Feature: uniport_esm, Epoch 22/100, Train Loss: 0.4643, Val Loss: 0.4590, Train AUC: 0.4500, Val AUC: 0.9079
Feature: uniport_esm, Epoch 23/100, Train Loss: 0.4515, Val Loss: 0.4588, Train AUC: 0.5333, Val AUC: 0.9079
Feature: uniport_esm, Epoch 24/100, Train Loss: 0.4841, Val Loss: 0.4586, Train AUC: 0.3579, Val AUC: 0.9079
Feature: uniport_esm, Epoch 25/100, Train Loss: 0.4670, Val Loss: 0.4584, Train AUC: 0.4105, Val AUC: 0.9079
Feature: uniport_esm, Epoch 26/100, Train Loss: 0.4563, Val Loss: 0.4583, Train AUC: 0.5246, Val AUC: 0.9079
Feature: uniport_esm, Epoch 27/100, Train Loss: 0.4574, Val Loss: 0.4582, Train AUC: 0.4693, Val AUC: 0.9079
Feature: uniport_esm, Epoch 28/100, Train Loss: 0.4460, Val Loss: 0.4581, Train AUC: 0.5561, Val AUC: 0.9079
Feature: uniport_esm, Epoch 29/100, Train Loss: 0.4613, Val Loss: 0.4580, Train AUC: 0.4912, Val AUC: 0.9079
Feature: uniport_esm, Epoch 30/100, Train Loss: 0.4384, Val Loss: 0.4580, Train AUC: 0.6088, Val AUC: 0.9079
Feature: uniport_esm, Epoch 31/100, Train Loss: 0.4491, Val Loss: 0.4579, Train AUC: 0.5421, Val AUC: 0.8947
Feature: uniport_esm, Epoch 32/100, Train Loss: 0.4557, Val Loss: 0.4577, Train AUC: 0.5281, Val AUC: 0.8947
Feature: uniport_esm, Epoch 33/100, Train Loss: 0.4643, Val Loss: 0.4570, Train AUC: 0.4816, Val AUC: 0.8947
Feature: uniport_esm, Epoch 34/100, Train Loss: 0.4549, Val Loss: 0.4569, Train AUC: 0.5079, Val AUC: 0.8947
Feature: uniport_esm, Epoch 35/100, Train Loss: 0.4598, Val Loss: 0.4565, Train AUC: 0.4711, Val AUC: 0.8947
Feature: uniport_esm, Epoch 36/100, Train Loss: 0.4485, Val Loss: 0.4562, Train AUC: 0.5702, Val AUC: 0.8947
Feature: uniport_esm, Epoch 37/100, Train Loss: 0.4516, Val Loss: 0.4558, Train AUC: 0.5202, Val AUC: 0.8947
Feature: uniport_esm, Epoch 38/100, Train Loss: 0.4590, Val Loss: 0.4555, Train AUC: 0.4842, Val AUC: 0.8947
Feature: uniport_esm, Epoch 39/100, Train Loss: 0.4646, Val Loss: 0.4552, Train AUC: 0.4614, Val AUC: 0.8947
Feature: uniport_esm, Epoch 40/100, Train Loss: 0.4487, Val Loss: 0.4549, Train AUC: 0.5351, Val AUC: 0.8947
Feature: uniport_esm, Epoch 41/100, Train Loss: 0.4655, Val Loss: 0.4547, Train AUC: 0.4544, Val AUC: 0.8816
Feature: uniport_esm, Epoch 42/100, Train Loss: 0.4270, Val Loss: 0.4546, Train AUC: 0.6553, Val AUC: 0.8816
Feature: uniport_esm, Epoch 43/100, Train Loss: 0.4533, Val Loss: 0.4542, Train AUC: 0.5237, Val AUC: 0.8816
Feature: uniport_esm, Epoch 44/100, Train Loss: 0.4507, Val Loss: 0.4539, Train AUC: 0.5623, Val AUC: 0.8816
Feature: uniport_esm, Epoch 45/100, Train Loss: 0.4659, Val Loss: 0.4536, Train AUC: 0.4763, Val AUC: 0.8816
Feature: uniport_esm, Epoch 46/100, Train Loss: 0.4398, Val Loss: 0.4535, Train AUC: 0.6009, Val AUC: 0.8816
Feature: uniport_esm, Epoch 47/100, Train Loss: 0.4537, Val Loss: 0.4529, Train AUC: 0.5342, Val AUC: 0.8816
Feature: uniport_esm, Epoch 48/100, Train Loss: 0.4310, Val Loss: 0.4526, Train AUC: 0.6333, Val AUC: 0.8816
Feature: uniport_esm, Epoch 49/100, Train Loss: 0.4415, Val Loss: 0.4521, Train AUC: 0.5930, Val AUC: 0.8816
Feature: uniport_esm, Epoch 50/100, Train Loss: 0.4345, Val Loss: 0.4518, Train AUC: 0.6211, Val AUC: 0.8816
Feature: uniport_esm, Epoch 51/100, Train Loss: 0.4599, Val Loss: 0.4512, Train AUC: 0.4930, Val AUC: 0.8816
Feature: uniport_esm, Epoch 52/100, Train Loss: 0.4459, Val Loss: 0.4505, Train AUC: 0.5596, Val AUC: 0.8816
Feature: uniport_esm, Epoch 53/100, Train Loss: 0.4518, Val Loss: 0.4500, Train AUC: 0.5535, Val AUC: 0.8816
Feature: uniport_esm, Epoch 54/100, Train Loss: 0.4473, Val Loss: 0.4496, Train AUC: 0.5737, Val AUC: 0.8816
Feature: uniport_esm, Epoch 55/100, Train Loss: 0.4568, Val Loss: 0.4491, Train AUC: 0.5421, Val AUC: 0.8816
Feature: uniport_esm, Epoch 56/100, Train Loss: 0.4536, Val Loss: 0.4492, Train AUC: 0.5535, Val AUC: 0.8816
Feature: uniport_esm, Epoch 57/100, Train Loss: 0.4278, Val Loss: 0.4490, Train AUC: 0.6684, Val AUC: 0.8816
Feature: uniport_esm, Epoch 58/100, Train Loss: 0.4462, Val Loss: 0.4479, Train AUC: 0.5079, Val AUC: 0.8816
Feature: uniport_esm, Epoch 59/100, Train Loss: 0.4353, Val Loss: 0.4468, Train AUC: 0.6544, Val AUC: 0.8816
Feature: uniport_esm, Epoch 60/100, Train Loss: 0.4343, Val Loss: 0.4460, Train AUC: 0.6325, Val AUC: 0.8816
Feature: uniport_esm, Epoch 61/100, Train Loss: 0.4157, Val Loss: 0.4456, Train AUC: 0.7360, Val AUC: 0.8816
Feature: uniport_esm, Epoch 62/100, Train Loss: 0.4347, Val Loss: 0.4462, Train AUC: 0.6105, Val AUC: 0.8816
Feature: uniport_esm, Epoch 63/100, Train Loss: 0.4185, Val Loss: 0.4457, Train AUC: 0.6509, Val AUC: 0.8816
Feature: uniport_esm, Epoch 64/100, Train Loss: 0.4497, Val Loss: 0.4428, Train AUC: 0.5640, Val AUC: 0.8816
Feature: uniport_esm, Epoch 65/100, Train Loss: 0.4436, Val Loss: 0.4413, Train AUC: 0.5763, Val AUC: 0.8816
Feature: uniport_esm, Epoch 66/100, Train Loss: 0.4737, Val Loss: 0.4413, Train AUC: 0.4649, Val AUC: 0.8816
Feature: uniport_esm, Epoch 67/100, Train Loss: 0.4395, Val Loss: 0.4406, Train AUC: 0.6053, Val AUC: 0.8816
Feature: uniport_esm, Epoch 68/100, Train Loss: 0.4474, Val Loss: 0.4413, Train AUC: 0.5439, Val AUC: 0.8816
Feature: uniport_esm, Epoch 69/100, Train Loss: 0.4313, Val Loss: 0.4400, Train AUC: 0.6693, Val AUC: 0.8816
Feature: uniport_esm, Epoch 70/100, Train Loss: 0.4636, Val Loss: 0.4407, Train AUC: 0.5140, Val AUC: 0.8816
Feature: uniport_esm, Epoch 71/100, Train Loss: 0.4466, Val Loss: 0.4391, Train AUC: 0.5596, Val AUC: 0.8816
Feature: uniport_esm, Epoch 72/100, Train Loss: 0.4566, Val Loss: 0.4368, Train AUC: 0.4982, Val AUC: 0.8816
Feature: uniport_esm, Epoch 73/100, Train Loss: 0.4257, Val Loss: 0.4352, Train AUC: 0.6868, Val AUC: 0.8816
Feature: uniport_esm, Epoch 74/100, Train Loss: 0.4601, Val Loss: 0.4334, Train AUC: 0.5096, Val AUC: 0.8816
Feature: uniport_esm, Epoch 75/100, Train Loss: 0.4508, Val Loss: 0.4306, Train AUC: 0.5877, Val AUC: 0.8816
Feature: uniport_esm, Epoch 76/100, Train Loss: 0.4352, Val Loss: 0.4312, Train AUC: 0.6404, Val AUC: 0.8816
Feature: uniport_esm, Epoch 77/100, Train Loss: 0.4274, Val Loss: 0.4317, Train AUC: 0.6877, Val AUC: 0.8816
Feature: uniport_esm, Epoch 78/100, Train Loss: 0.4211, Val Loss: 0.4303, Train AUC: 0.6588, Val AUC: 0.8816
Feature: uniport_esm, Epoch 79/100, Train Loss: 0.4112, Val Loss: 0.4251, Train AUC: 0.7211, Val AUC: 0.8816
Feature: uniport_esm, Epoch 80/100, Train Loss: 0.3994, Val Loss: 0.4198, Train AUC: 0.7439, Val AUC: 0.8816
Feature: uniport_esm, Epoch 81/100, Train Loss: 0.4273, Val Loss: 0.4176, Train AUC: 0.6772, Val AUC: 0.8816
Feature: uniport_esm, Epoch 82/100, Train Loss: 0.4477, Val Loss: 0.4144, Train AUC: 0.5982, Val AUC: 0.8816
Feature: uniport_esm, Epoch 83/100, Train Loss: 0.4232, Val Loss: 0.4154, Train AUC: 0.6912, Val AUC: 0.8816
Feature: uniport_esm, Epoch 84/100, Train Loss: 0.4068, Val Loss: 0.4176, Train AUC: 0.7412, Val AUC: 0.8816
Feature: uniport_esm, Epoch 85/100, Train Loss: 0.4162, Val Loss: 0.4133, Train AUC: 0.6965, Val AUC: 0.8816
Feature: uniport_esm, Epoch 86/100, Train Loss: 0.4076, Val Loss: 0.4110, Train AUC: 0.7105, Val AUC: 0.8816
Feature: uniport_esm, Epoch 87/100, Train Loss: 0.3883, Val Loss: 0.4062, Train AUC: 0.7833, Val AUC: 0.8816
Feature: uniport_esm, Epoch 88/100, Train Loss: 0.4068, Val Loss: 0.4106, Train AUC: 0.7149, Val AUC: 0.8816
Feature: uniport_esm, Epoch 89/100, Train Loss: 0.4434, Val Loss: 0.4086, Train AUC: 0.5842, Val AUC: 0.8816
Feature: uniport_esm, Epoch 90/100, Train Loss: 0.3708, Val Loss: 0.3891, Train AUC: 0.7877, Val AUC: 0.8816
Feature: uniport_esm, Epoch 91/100, Train Loss: 0.3658, Val Loss: 0.3892, Train AUC: 0.8211, Val AUC: 0.8816
Feature: uniport_esm, Epoch 92/100, Train Loss: 0.4116, Val Loss: 0.3859, Train AUC: 0.6816, Val AUC: 0.8947
Feature: uniport_esm, Epoch 93/100, Train Loss: 0.3918, Val Loss: 0.3850, Train AUC: 0.7237, Val AUC: 0.8947
Feature: uniport_esm, Epoch 94/100, Train Loss: 0.4194, Val Loss: 0.4086, Train AUC: 0.6228, Val AUC: 0.8947
Feature: uniport_esm, Epoch 95/100, Train Loss: 0.4160, Val Loss: 0.3824, Train AUC: 0.6667, Val AUC: 0.8947
Feature: uniport_esm, Epoch 96/100, Train Loss: 0.4012, Val Loss: 0.3717, Train AUC: 0.7614, Val AUC: 0.8947
Feature: uniport_esm, Epoch 97/100, Train Loss: 0.3895, Val Loss: 0.3885, Train AUC: 0.7368, Val AUC: 0.8947
Feature: uniport_esm, Epoch 98/100, Train Loss: 0.3907, Val Loss: 0.3707, Train AUC: 0.7412, Val AUC: 0.8947
Feature: uniport_esm, Epoch 99/100, Train Loss: 0.3405, Val Loss: 0.3645, Train AUC: 0.8851, Val AUC: 0.8947
Feature: uniport_esm, Epoch 100/100, Train Loss: 0.3730, Val Loss: 0.3841, Train AUC: 0.8070, Val AUC: 0.9079
Best Train AUC for feature uniport_esm: 0.8851
Best Val AUC for feature uniport_esm: 0.8947
ICD10_D57 22
train test split
early fusion
Epoch 1/100, Train Loss: 0.5535, Val Loss: 0.4297, Train AUC: 0.5089, Val AUC: 0.2955
Epoch 2/100, Train Loss: 0.4889, Val Loss: 0.4301, Train AUC: 0.4075, Val AUC: 0.5682
Epoch 3/100, Train Loss: 0.4644, Val Loss: 0.4298, Train AUC: 0.4975, Val AUC: 0.6250
Epoch 4/100, Train Loss: 0.4466, Val Loss: 0.4293, Train AUC: 0.5861, Val AUC: 0.6818
Epoch 5/100, Train Loss: 0.4802, Val Loss: 0.4295, Train AUC: 0.4437, Val AUC: 0.6591
Epoch 6/100, Train Loss: 0.4840, Val Loss: 0.4300, Train AUC: 0.4153, Val AUC: 0.6591
Epoch 7/100, Train Loss: 0.4854, Val Loss: 0.4314, Train AUC: 0.4167, Val AUC: 0.6591
Epoch 8/100, Train Loss: 0.4738, Val Loss: 0.4315, Train AUC: 0.4401, Val AUC: 0.6932
Epoch 9/100, Train Loss: 0.4775, Val Loss: 0.4312, Train AUC: 0.4245, Val AUC: 0.6932
Early stopping triggered at epoch 9
Best Train AUC: 0.5861, Best Val AUC: 0.6818
early fusion validation auc: 0.6875
mid fusion
Epoch 1/100, Train Loss: 0.5041, Val Loss: 0.4274, Train AUC: 0.7314, Val AUC: 0.7273
Epoch 2/100, Train Loss: 0.4560, Val Loss: 0.4344, Train AUC: 0.5705, Val AUC: 0.6591
Epoch 3/100, Train Loss: 0.4685, Val Loss: 0.4396, Train AUC: 0.6697, Val AUC: 0.6023
Epoch 4/100, Train Loss: 0.4688, Val Loss: 0.4362, Train AUC: 0.7888, Val AUC: 0.4773
Epoch 5/100, Train Loss: 0.4587, Val Loss: 0.4309, Train AUC: 0.7279, Val AUC: 0.4886
Epoch 6/100, Train Loss: 0.4493, Val Loss: 0.4292, Train AUC: 0.8852, Val AUC: 0.5000
Epoch 7/100, Train Loss: 0.4447, Val Loss: 0.4285, Train AUC: 0.9596, Val AUC: 0.5000
Epoch 8/100, Train Loss: 0.4395, Val Loss: 0.4385, Train AUC: 0.8058, Val AUC: 0.5341
Epoch 9/100, Train Loss: 0.4452, Val Loss: 0.4413, Train AUC: 0.9206, Val AUC: 0.5455
Early stopping triggered at epoch 9
Best Train AUC: 0.7314, Best Val AUC: 0.7273
early fusion validation auc: 0.7386363636363636
later fusion
Feature: uniport_ppi_2019, Epoch 1/100, Train Loss: 0.6563, Val Loss: 0.4570, Train AUC: 0.3785, Val AUC: 0.2727
Feature: uniport_ppi_2019, Epoch 2/100, Train Loss: 0.4836, Val Loss: 0.4404, Train AUC: 0.4727, Val AUC: 0.3068
Feature: uniport_ppi_2019, Epoch 3/100, Train Loss: 0.4936, Val Loss: 0.4371, Train AUC: 0.4011, Val AUC: 0.3409
Feature: uniport_ppi_2019, Epoch 4/100, Train Loss: 0.4672, Val Loss: 0.4351, Train AUC: 0.5301, Val AUC: 0.4091
Feature: uniport_ppi_2019, Epoch 5/100, Train Loss: 0.4605, Val Loss: 0.4324, Train AUC: 0.5273, Val AUC: 0.3977
Feature: uniport_ppi_2019, Epoch 6/100, Train Loss: 0.4626, Val Loss: 0.4318, Train AUC: 0.5110, Val AUC: 0.3864
Feature: uniport_ppi_2019, Epoch 7/100, Train Loss: 0.4689, Val Loss: 0.4311, Train AUC: 0.5152, Val AUC: 0.3750
Feature: uniport_ppi_2019, Epoch 8/100, Train Loss: 0.4513, Val Loss: 0.4311, Train AUC: 0.5790, Val AUC: 0.3750
Feature: uniport_ppi_2019, Epoch 9/100, Train Loss: 0.4785, Val Loss: 0.4310, Train AUC: 0.4734, Val AUC: 0.3864
Feature: uniport_ppi_2019, Epoch 10/100, Train Loss: 0.4820, Val Loss: 0.4323, Train AUC: 0.4656, Val AUC: 0.4432
Feature: uniport_ppi_2019, Epoch 11/100, Train Loss: 0.4552, Val Loss: 0.4322, Train AUC: 0.5599, Val AUC: 0.5000
Feature: uniport_ppi_2019, Epoch 12/100, Train Loss: 0.4572, Val Loss: 0.4321, Train AUC: 0.5748, Val AUC: 0.4886
Feature: uniport_ppi_2019, Epoch 13/100, Train Loss: 0.4861, Val Loss: 0.4321, Train AUC: 0.4089, Val AUC: 0.4886
Feature: uniport_ppi_2019, Epoch 14/100, Train Loss: 0.4379, Val Loss: 0.4312, Train AUC: 0.6527, Val AUC: 0.4205
Early stopping for feature uniport_ppi_2019 at epoch 14
Best Train AUC for feature uniport_ppi_2019: 0.4734
Best Val AUC for feature uniport_ppi_2019: 0.3864
Feature uniport_ppi_2019 excluded from fusion due to low Val AUC: 0.3864
Feature: ppi_2019_dw_40, Epoch 1/100, Train Loss: 0.7733, Val Loss: 0.4839, Train AUC: 0.5436, Val AUC: 0.3636
Feature: ppi_2019_dw_40, Epoch 2/100, Train Loss: 0.4896, Val Loss: 0.4377, Train AUC: 0.5308, Val AUC: 0.3750
Feature: ppi_2019_dw_40, Epoch 3/100, Train Loss: 0.4506, Val Loss: 0.4316, Train AUC: 0.6060, Val AUC: 0.4432
Feature: ppi_2019_dw_40, Epoch 4/100, Train Loss: 0.5014, Val Loss: 0.4301, Train AUC: 0.3629, Val AUC: 0.4659
Feature: ppi_2019_dw_40, Epoch 5/100, Train Loss: 0.4616, Val Loss: 0.4293, Train AUC: 0.5301, Val AUC: 0.5000
Feature: ppi_2019_dw_40, Epoch 6/100, Train Loss: 0.4629, Val Loss: 0.4287, Train AUC: 0.5181, Val AUC: 0.5568
Feature: ppi_2019_dw_40, Epoch 7/100, Train Loss: 0.4902, Val Loss: 0.4282, Train AUC: 0.4181, Val AUC: 0.6477
Feature: ppi_2019_dw_40, Epoch 8/100, Train Loss: 0.4953, Val Loss: 0.4290, Train AUC: 0.3650, Val AUC: 0.6705
Feature: ppi_2019_dw_40, Epoch 9/100, Train Loss: 0.4561, Val Loss: 0.4349, Train AUC: 0.5613, Val AUC: 0.6818
Feature: ppi_2019_dw_40, Epoch 10/100, Train Loss: 0.4552, Val Loss: 0.4444, Train AUC: 0.5974, Val AUC: 0.6818
Feature: ppi_2019_dw_40, Epoch 11/100, Train Loss: 0.4878, Val Loss: 0.4470, Train AUC: 0.4890, Val AUC: 0.6932
Feature: ppi_2019_dw_40, Epoch 12/100, Train Loss: 0.4760, Val Loss: 0.4406, Train AUC: 0.5138, Val AUC: 0.6932
Early stopping for feature ppi_2019_dw_40 at epoch 12
Best Train AUC for feature ppi_2019_dw_40: 0.4181
Best Val AUC for feature ppi_2019_dw_40: 0.6477
Feature ppi_2019_dw_40 excluded from fusion due to low Val AUC: 0.6477
Feature: uniport_bio, Epoch 1/100, Train Loss: 0.6198, Val Loss: 0.4549, Train AUC: 0.4706, Val AUC: 0.4659
Feature: uniport_bio, Epoch 2/100, Train Loss: 0.4686, Val Loss: 0.4326, Train AUC: 0.5415, Val AUC: 0.5455
Feature: uniport_bio, Epoch 3/100, Train Loss: 0.4552, Val Loss: 0.4275, Train AUC: 0.5677, Val AUC: 0.6250
Feature: uniport_bio, Epoch 4/100, Train Loss: 0.4416, Val Loss: 0.4273, Train AUC: 0.6634, Val AUC: 0.6591
Feature: uniport_bio, Epoch 5/100, Train Loss: 0.4749, Val Loss: 0.4288, Train AUC: 0.4918, Val AUC: 0.6932
Feature: uniport_bio, Epoch 6/100, Train Loss: 0.4699, Val Loss: 0.4339, Train AUC: 0.4862, Val AUC: 0.7386
Feature: uniport_bio, Epoch 7/100, Train Loss: 0.4599, Val Loss: 0.4363, Train AUC: 0.5762, Val AUC: 0.8068
Feature: uniport_bio, Epoch 8/100, Train Loss: 0.4394, Val Loss: 0.4324, Train AUC: 0.6683, Val AUC: 0.8409
Feature: uniport_bio, Epoch 9/100, Train Loss: 0.4774, Val Loss: 0.4271, Train AUC: 0.4748, Val AUC: 0.8523
Feature: uniport_bio, Epoch 10/100, Train Loss: 0.4570, Val Loss: 0.4243, Train AUC: 0.5797, Val AUC: 0.8636
Feature: uniport_bio, Epoch 11/100, Train Loss: 0.4372, Val Loss: 0.4222, Train AUC: 0.6329, Val AUC: 0.8750
Feature: uniport_bio, Epoch 12/100, Train Loss: 0.4476, Val Loss: 0.4213, Train AUC: 0.6258, Val AUC: 0.8977
Feature: uniport_bio, Epoch 13/100, Train Loss: 0.4483, Val Loss: 0.4216, Train AUC: 0.6024, Val AUC: 0.8864
Feature: uniport_bio, Epoch 14/100, Train Loss: 0.4660, Val Loss: 0.4239, Train AUC: 0.5053, Val AUC: 0.8750
Feature: uniport_bio, Epoch 15/100, Train Loss: 0.4672, Val Loss: 0.4275, Train AUC: 0.5053, Val AUC: 0.8750
Feature: uniport_bio, Epoch 16/100, Train Loss: 0.4421, Val Loss: 0.4322, Train AUC: 0.6804, Val AUC: 0.8750
Feature: uniport_bio, Epoch 17/100, Train Loss: 0.4559, Val Loss: 0.4340, Train AUC: 0.5861, Val AUC: 0.8636
Early stopping for feature uniport_bio at epoch 17
Best Train AUC for feature uniport_bio: 0.6258
Best Val AUC for feature uniport_bio: 0.8977
Feature: uniport_seq, Epoch 1/100, Train Loss: 0.5553, Val Loss: 0.4290, Train AUC: 0.4841, Val AUC: 0.5682
Feature: uniport_seq, Epoch 2/100, Train Loss: 0.4498, Val Loss: 0.4289, Train AUC: 0.5691, Val AUC: 0.6705
Feature: uniport_seq, Epoch 3/100, Train Loss: 0.4872, Val Loss: 0.4289, Train AUC: 0.4366, Val AUC: 0.7841
Feature: uniport_seq, Epoch 4/100, Train Loss: 0.4816, Val Loss: 0.4297, Train AUC: 0.4111, Val AUC: 0.7841
Feature: uniport_seq, Epoch 5/100, Train Loss: 0.4602, Val Loss: 0.4313, Train AUC: 0.5266, Val AUC: 0.8068
Feature: uniport_seq, Epoch 6/100, Train Loss: 0.4937, Val Loss: 0.4320, Train AUC: 0.3777, Val AUC: 0.8409
Feature: uniport_seq, Epoch 7/100, Train Loss: 0.4641, Val Loss: 0.4314, Train AUC: 0.5266, Val AUC: 0.8636
Feature: uniport_seq, Epoch 8/100, Train Loss: 0.4623, Val Loss: 0.4306, Train AUC: 0.5337, Val AUC: 0.9091
Early stopping for feature uniport_seq at epoch 8
Best Train AUC for feature uniport_seq: 0.4366
Best Val AUC for feature uniport_seq: 0.7841
Feature: uniport_esm, Epoch 1/100, Train Loss: 0.5006, Val Loss: 0.4284, Train AUC: 0.5386, Val AUC: 0.6591
Feature: uniport_esm, Epoch 2/100, Train Loss: 0.4681, Val Loss: 0.4318, Train AUC: 0.4996, Val AUC: 0.6818
Feature: uniport_esm, Epoch 3/100, Train Loss: 0.4679, Val Loss: 0.4286, Train AUC: 0.5216, Val AUC: 0.7045
Feature: uniport_esm, Epoch 4/100, Train Loss: 0.4601, Val Loss: 0.4278, Train AUC: 0.5485, Val AUC: 0.6932
Feature: uniport_esm, Epoch 5/100, Train Loss: 0.4945, Val Loss: 0.4278, Train AUC: 0.4437, Val AUC: 0.6364
Feature: uniport_esm, Epoch 6/100, Train Loss: 0.4751, Val Loss: 0.4278, Train AUC: 0.4763, Val AUC: 0.6477
Feature: uniport_esm, Epoch 7/100, Train Loss: 0.4542, Val Loss: 0.4284, Train AUC: 0.5996, Val AUC: 0.6477
Feature: uniport_esm, Epoch 8/100, Train Loss: 0.4746, Val Loss: 0.4286, Train AUC: 0.4798, Val AUC: 0.6591
Feature: uniport_esm, Epoch 9/100, Train Loss: 0.4664, Val Loss: 0.4284, Train AUC: 0.4954, Val AUC: 0.6818
Early stopping for feature uniport_esm at epoch 9
Best Train AUC for feature uniport_esm: 0.5485
Best Val AUC for feature uniport_esm: 0.6932
Feature uniport_esm excluded from fusion due to low Val AUC: 0.6932
Feature: uniport_ppi_2019, Epoch 1/100, Train Loss: 0.6445, Val Loss: 0.4329, Train AUC: 0.4862, Val AUC: 0.4886
Feature: uniport_ppi_2019, Epoch 2/100, Train Loss: 0.4748, Val Loss: 0.4312, Train AUC: 0.4876, Val AUC: 0.6136
Feature: uniport_ppi_2019, Epoch 3/100, Train Loss: 0.4751, Val Loss: 0.4307, Train AUC: 0.5400, Val AUC: 0.6591
Feature: uniport_ppi_2019, Epoch 4/100, Train Loss: 0.5187, Val Loss: 0.4269, Train AUC: 0.3281, Val AUC: 0.6818
Feature: uniport_ppi_2019, Epoch 5/100, Train Loss: 0.4820, Val Loss: 0.4275, Train AUC: 0.4387, Val AUC: 0.7045
Feature: uniport_ppi_2019, Epoch 6/100, Train Loss: 0.4562, Val Loss: 0.4277, Train AUC: 0.5535, Val AUC: 0.7273
Feature: uniport_ppi_2019, Epoch 7/100, Train Loss: 0.4455, Val Loss: 0.4268, Train AUC: 0.6038, Val AUC: 0.7727
Feature: uniport_ppi_2019, Epoch 8/100, Train Loss: 0.4435, Val Loss: 0.4258, Train AUC: 0.6194, Val AUC: 0.7955
Feature: uniport_ppi_2019, Epoch 9/100, Train Loss: 0.4783, Val Loss: 0.4251, Train AUC: 0.4663, Val AUC: 0.7727
Feature: uniport_ppi_2019, Epoch 10/100, Train Loss: 0.4354, Val Loss: 0.4252, Train AUC: 0.6712, Val AUC: 0.7955
Feature: uniport_ppi_2019, Epoch 11/100, Train Loss: 0.4719, Val Loss: 0.4266, Train AUC: 0.4600, Val AUC: 0.8068
Feature: uniport_ppi_2019, Epoch 12/100, Train Loss: 0.4352, Val Loss: 0.4284, Train AUC: 0.6690, Val AUC: 0.8182
Feature: uniport_ppi_2019, Epoch 13/100, Train Loss: 0.4705, Val Loss: 0.4321, Train AUC: 0.4989, Val AUC: 0.8182
Feature: uniport_ppi_2019, Epoch 14/100, Train Loss: 0.4392, Val Loss: 0.4332, Train AUC: 0.6648, Val AUC: 0.8182
Early stopping for feature uniport_ppi_2019 at epoch 14
Best Train AUC for feature uniport_ppi_2019: 0.4663
Best Val AUC for feature uniport_ppi_2019: 0.7727
Feature: ppi_2019_dw_40, Epoch 1/100, Train Loss: 0.6368, Val Loss: 0.4459, Train AUC: 0.4777, Val AUC: 0.3295
Feature: ppi_2019_dw_40, Epoch 2/100, Train Loss: 0.5196, Val Loss: 0.4376, Train AUC: 0.3451, Val AUC: 0.2727
Feature: ppi_2019_dw_40, Epoch 3/100, Train Loss: 0.5050, Val Loss: 0.4431, Train AUC: 0.4344, Val AUC: 0.2841
Feature: ppi_2019_dw_40, Epoch 4/100, Train Loss: 0.4536, Val Loss: 0.4378, Train AUC: 0.6435, Val AUC: 0.3182
Feature: ppi_2019_dw_40, Epoch 5/100, Train Loss: 0.4721, Val Loss: 0.4343, Train AUC: 0.5167, Val AUC: 0.3523
Feature: ppi_2019_dw_40, Epoch 6/100, Train Loss: 0.4745, Val Loss: 0.4311, Train AUC: 0.5067, Val AUC: 0.3750
Feature: ppi_2019_dw_40, Epoch 7/100, Train Loss: 0.4585, Val Loss: 0.4305, Train AUC: 0.5415, Val AUC: 0.3864
Feature: ppi_2019_dw_40, Epoch 8/100, Train Loss: 0.4812, Val Loss: 0.4302, Train AUC: 0.4486, Val AUC: 0.3977
Feature: ppi_2019_dw_40, Epoch 9/100, Train Loss: 0.4531, Val Loss: 0.4300, Train AUC: 0.5897, Val AUC: 0.4091
Feature: ppi_2019_dw_40, Epoch 10/100, Train Loss: 0.4359, Val Loss: 0.4301, Train AUC: 0.6804, Val AUC: 0.4091
Feature: ppi_2019_dw_40, Epoch 11/100, Train Loss: 0.4608, Val Loss: 0.4303, Train AUC: 0.5308, Val AUC: 0.4091
Feature: ppi_2019_dw_40, Epoch 12/100, Train Loss: 0.4464, Val Loss: 0.4302, Train AUC: 0.6265, Val AUC: 0.4318
Feature: ppi_2019_dw_40, Epoch 13/100, Train Loss: 0.4545, Val Loss: 0.4301, Train AUC: 0.5804, Val AUC: 0.4318
Feature: ppi_2019_dw_40, Epoch 14/100, Train Loss: 0.4468, Val Loss: 0.4300, Train AUC: 0.6173, Val AUC: 0.4659
Feature: ppi_2019_dw_40, Epoch 15/100, Train Loss: 0.4626, Val Loss: 0.4293, Train AUC: 0.4975, Val AUC: 0.5000
Feature: ppi_2019_dw_40, Epoch 16/100, Train Loss: 0.4408, Val Loss: 0.4297, Train AUC: 0.6300, Val AUC: 0.5227
Feature: ppi_2019_dw_40, Epoch 17/100, Train Loss: 0.4387, Val Loss: 0.4290, Train AUC: 0.6605, Val AUC: 0.5568
Feature: ppi_2019_dw_40, Epoch 18/100, Train Loss: 0.4328, Val Loss: 0.4280, Train AUC: 0.6556, Val AUC: 0.5455
Feature: ppi_2019_dw_40, Epoch 19/100, Train Loss: 0.4365, Val Loss: 0.4279, Train AUC: 0.6428, Val AUC: 0.5455
Feature: ppi_2019_dw_40, Epoch 20/100, Train Loss: 0.4595, Val Loss: 0.4278, Train AUC: 0.5521, Val AUC: 0.5795
Feature: ppi_2019_dw_40, Epoch 21/100, Train Loss: 0.4495, Val Loss: 0.4281, Train AUC: 0.5946, Val AUC: 0.6023
Feature: ppi_2019_dw_40, Epoch 22/100, Train Loss: 0.4641, Val Loss: 0.4283, Train AUC: 0.5018, Val AUC: 0.6023
Feature: ppi_2019_dw_40, Epoch 23/100, Train Loss: 0.4922, Val Loss: 0.4282, Train AUC: 0.3700, Val AUC: 0.6136
Feature: ppi_2019_dw_40, Epoch 24/100, Train Loss: 0.4294, Val Loss: 0.4265, Train AUC: 0.6924, Val AUC: 0.6364
Feature: ppi_2019_dw_40, Epoch 25/100, Train Loss: 0.4363, Val Loss: 0.4253, Train AUC: 0.6641, Val AUC: 0.6364
Feature: ppi_2019_dw_40, Epoch 26/100, Train Loss: 0.4705, Val Loss: 0.4244, Train AUC: 0.4855, Val AUC: 0.6364
Feature: ppi_2019_dw_40, Epoch 27/100, Train Loss: 0.4454, Val Loss: 0.4239, Train AUC: 0.6152, Val AUC: 0.6477
Feature: ppi_2019_dw_40, Epoch 28/100, Train Loss: 0.4610, Val Loss: 0.4237, Train AUC: 0.5379, Val AUC: 0.6591
Feature: ppi_2019_dw_40, Epoch 29/100, Train Loss: 0.4646, Val Loss: 0.4230, Train AUC: 0.5159, Val AUC: 0.6705
Feature: ppi_2019_dw_40, Epoch 30/100, Train Loss: 0.4486, Val Loss: 0.4234, Train AUC: 0.5826, Val AUC: 0.6705
Feature: ppi_2019_dw_40, Epoch 31/100, Train Loss: 0.4529, Val Loss: 0.4260, Train AUC: 0.5840, Val AUC: 0.7045
Feature: ppi_2019_dw_40, Epoch 32/100, Train Loss: 0.4572, Val Loss: 0.4259, Train AUC: 0.5478, Val AUC: 0.7159
Feature: ppi_2019_dw_40, Epoch 33/100, Train Loss: 0.4606, Val Loss: 0.4226, Train AUC: 0.5322, Val AUC: 0.6818
Feature: ppi_2019_dw_40, Epoch 34/100, Train Loss: 0.4399, Val Loss: 0.4222, Train AUC: 0.6308, Val AUC: 0.6932
Feature: ppi_2019_dw_40, Epoch 35/100, Train Loss: 0.4229, Val Loss: 0.4237, Train AUC: 0.6931, Val AUC: 0.6932
Feature: ppi_2019_dw_40, Epoch 36/100, Train Loss: 0.4447, Val Loss: 0.4231, Train AUC: 0.6343, Val AUC: 0.7045
Feature: ppi_2019_dw_40, Epoch 37/100, Train Loss: 0.4784, Val Loss: 0.4207, Train AUC: 0.4770, Val AUC: 0.7045
Feature: ppi_2019_dw_40, Epoch 38/100, Train Loss: 0.4396, Val Loss: 0.4216, Train AUC: 0.6492, Val AUC: 0.7045
Feature: ppi_2019_dw_40, Epoch 39/100, Train Loss: 0.4474, Val Loss: 0.4241, Train AUC: 0.5734, Val AUC: 0.7159
Feature: ppi_2019_dw_40, Epoch 40/100, Train Loss: 0.4437, Val Loss: 0.4241, Train AUC: 0.6534, Val AUC: 0.7045
Feature: ppi_2019_dw_40, Epoch 41/100, Train Loss: 0.4447, Val Loss: 0.4198, Train AUC: 0.5996, Val AUC: 0.7045
Feature: ppi_2019_dw_40, Epoch 42/100, Train Loss: 0.4284, Val Loss: 0.4189, Train AUC: 0.6839, Val AUC: 0.7045
Feature: ppi_2019_dw_40, Epoch 43/100, Train Loss: 0.4382, Val Loss: 0.4189, Train AUC: 0.6492, Val AUC: 0.7045
Feature: ppi_2019_dw_40, Epoch 44/100, Train Loss: 0.4211, Val Loss: 0.4156, Train AUC: 0.7059, Val AUC: 0.7159
Feature: ppi_2019_dw_40, Epoch 45/100, Train Loss: 0.3983, Val Loss: 0.4179, Train AUC: 0.8108, Val AUC: 0.7614
Feature: ppi_2019_dw_40, Epoch 46/100, Train Loss: 0.4025, Val Loss: 0.4305, Train AUC: 0.8136, Val AUC: 0.7500
Feature: ppi_2019_dw_40, Epoch 47/100, Train Loss: 0.4408, Val Loss: 0.4327, Train AUC: 0.6754, Val AUC: 0.7386
Feature: ppi_2019_dw_40, Epoch 48/100, Train Loss: 0.4275, Val Loss: 0.4179, Train AUC: 0.7534, Val AUC: 0.7500
Feature: ppi_2019_dw_40, Epoch 49/100, Train Loss: 0.4258, Val Loss: 0.4150, Train AUC: 0.7264, Val AUC: 0.7500
Feature: ppi_2019_dw_40, Epoch 50/100, Train Loss: 0.4366, Val Loss: 0.4149, Train AUC: 0.6308, Val AUC: 0.7386
Feature: ppi_2019_dw_40, Epoch 51/100, Train Loss: 0.4145, Val Loss: 0.4087, Train AUC: 0.7555, Val AUC: 0.7386
Feature: ppi_2019_dw_40, Epoch 52/100, Train Loss: 0.4027, Val Loss: 0.4070, Train AUC: 0.7775, Val AUC: 0.7045
Feature: ppi_2019_dw_40, Epoch 53/100, Train Loss: 0.3894, Val Loss: 0.4093, Train AUC: 0.8044, Val AUC: 0.7500
Feature: ppi_2019_dw_40, Epoch 54/100, Train Loss: 0.3922, Val Loss: 0.4085, Train AUC: 0.8115, Val AUC: 0.7500
Feature: ppi_2019_dw_40, Epoch 55/100, Train Loss: 0.3769, Val Loss: 0.3971, Train AUC: 0.8526, Val AUC: 0.7500
Feature: ppi_2019_dw_40, Epoch 56/100, Train Loss: 0.3812, Val Loss: 0.4049, Train AUC: 0.8122, Val AUC: 0.7500
Feature: ppi_2019_dw_40, Epoch 57/100, Train Loss: 0.3793, Val Loss: 0.3912, Train AUC: 0.8455, Val AUC: 0.7273
Feature: ppi_2019_dw_40, Epoch 58/100, Train Loss: 0.3504, Val Loss: 0.3942, Train AUC: 0.8441, Val AUC: 0.7273
Feature: ppi_2019_dw_40, Epoch 59/100, Train Loss: 0.3690, Val Loss: 0.3830, Train AUC: 0.8512, Val AUC: 0.7159
Feature: ppi_2019_dw_40, Epoch 60/100, Train Loss: 0.2933, Val Loss: 0.3836, Train AUC: 0.9681, Val AUC: 0.7500
Feature: ppi_2019_dw_40, Epoch 61/100, Train Loss: 0.3276, Val Loss: 0.3799, Train AUC: 0.9220, Val AUC: 0.6932
Feature: ppi_2019_dw_40, Epoch 62/100, Train Loss: 0.3405, Val Loss: 0.3897, Train AUC: 0.8717, Val AUC: 0.6477
Feature: ppi_2019_dw_40, Epoch 63/100, Train Loss: 0.3271, Val Loss: 0.3936, Train AUC: 0.9015, Val AUC: 0.7159
Feature: ppi_2019_dw_40, Epoch 64/100, Train Loss: 0.3155, Val Loss: 0.3797, Train AUC: 0.9064, Val AUC: 0.7386
Feature: ppi_2019_dw_40, Epoch 65/100, Train Loss: 0.3412, Val Loss: 0.3903, Train AUC: 0.8646, Val AUC: 0.7614
Feature: ppi_2019_dw_40, Epoch 66/100, Train Loss: 0.3386, Val Loss: 0.3778, Train AUC: 0.8802, Val AUC: 0.7386
Feature: ppi_2019_dw_40, Epoch 67/100, Train Loss: 0.3348, Val Loss: 0.3900, Train AUC: 0.9064, Val AUC: 0.7386
Feature: ppi_2019_dw_40, Epoch 68/100, Train Loss: 0.3366, Val Loss: 0.3856, Train AUC: 0.9270, Val AUC: 0.7500
Feature: ppi_2019_dw_40, Epoch 69/100, Train Loss: 0.3157, Val Loss: 0.3773, Train AUC: 0.9206, Val AUC: 0.7386
Feature: ppi_2019_dw_40, Epoch 70/100, Train Loss: 0.3089, Val Loss: 0.3671, Train AUC: 0.8951, Val AUC: 0.7386
Feature: ppi_2019_dw_40, Epoch 71/100, Train Loss: 0.2769, Val Loss: 0.3588, Train AUC: 0.9242, Val AUC: 0.7841
Feature: ppi_2019_dw_40, Epoch 72/100, Train Loss: 0.2507, Val Loss: 0.3581, Train AUC: 0.9348, Val AUC: 0.7841
Feature: ppi_2019_dw_40, Epoch 73/100, Train Loss: 0.2641, Val Loss: 0.3575, Train AUC: 0.9086, Val AUC: 0.7727
Feature: ppi_2019_dw_40, Epoch 74/100, Train Loss: 0.2489, Val Loss: 0.3624, Train AUC: 0.9008, Val AUC: 0.7727
Feature: ppi_2019_dw_40, Epoch 75/100, Train Loss: 0.2257, Val Loss: 0.3684, Train AUC: 0.9702, Val AUC: 0.7500
Feature: ppi_2019_dw_40, Epoch 76/100, Train Loss: 0.2074, Val Loss: 0.3821, Train AUC: 0.9738, Val AUC: 0.7273
Feature: ppi_2019_dw_40, Epoch 77/100, Train Loss: 0.2486, Val Loss: 0.3637, Train AUC: 0.9213, Val AUC: 0.7386
Feature: ppi_2019_dw_40, Epoch 78/100, Train Loss: 0.2421, Val Loss: 0.3623, Train AUC: 0.9277, Val AUC: 0.7500
Early stopping for feature ppi_2019_dw_40 at epoch 78
Best Train AUC for feature ppi_2019_dw_40: 0.9086
Best Val AUC for feature ppi_2019_dw_40: 0.7727
Feature: uniport_bio, Epoch 1/100, Train Loss: 0.5656, Val Loss: 0.4328, Train AUC: 0.5103, Val AUC: 0.8750
Feature: uniport_bio, Epoch 2/100, Train Loss: 0.4790, Val Loss: 0.4221, Train AUC: 0.4862, Val AUC: 0.7841
Feature: uniport_bio, Epoch 3/100, Train Loss: 0.4630, Val Loss: 0.4262, Train AUC: 0.5500, Val AUC: 0.7273
Feature: uniport_bio, Epoch 4/100, Train Loss: 0.4843, Val Loss: 0.4293, Train AUC: 0.4933, Val AUC: 0.5909
Feature: uniport_bio, Epoch 5/100, Train Loss: 0.4641, Val Loss: 0.4281, Train AUC: 0.5648, Val AUC: 0.6023
Feature: uniport_bio, Epoch 6/100, Train Loss: 0.4568, Val Loss: 0.4260, Train AUC: 0.6109, Val AUC: 0.6591
Feature: uniport_bio, Epoch 7/100, Train Loss: 0.4458, Val Loss: 0.4234, Train AUC: 0.6130, Val AUC: 0.6818
Early stopping for feature uniport_bio at epoch 7
Best Train AUC for feature uniport_bio: 0.4862
Best Val AUC for feature uniport_bio: 0.7841
Feature: uniport_seq, Epoch 1/100, Train Loss: 0.4647, Val Loss: 0.4362, Train AUC: 0.6045, Val AUC: 0.6705
Feature: uniport_seq, Epoch 2/100, Train Loss: 0.4439, Val Loss: 0.4363, Train AUC: 0.6761, Val AUC: 0.5341
Feature: uniport_seq, Epoch 3/100, Train Loss: 0.4869, Val Loss: 0.4298, Train AUC: 0.4543, Val AUC: 0.6932
Feature: uniport_seq, Epoch 4/100, Train Loss: 0.4866, Val Loss: 0.4301, Train AUC: 0.4592, Val AUC: 0.6364
Feature: uniport_seq, Epoch 5/100, Train Loss: 0.4494, Val Loss: 0.4295, Train AUC: 0.5726, Val AUC: 0.7727
Feature: uniport_seq, Epoch 6/100, Train Loss: 0.4716, Val Loss: 0.4309, Train AUC: 0.4543, Val AUC: 0.7727
Feature: uniport_seq, Epoch 7/100, Train Loss: 0.4605, Val Loss: 0.4350, Train AUC: 0.5478, Val AUC: 0.7955
Feature: uniport_seq, Epoch 8/100, Train Loss: 0.4909, Val Loss: 0.4377, Train AUC: 0.4153, Val AUC: 0.8409
Feature: uniport_seq, Epoch 9/100, Train Loss: 0.4933, Val Loss: 0.4358, Train AUC: 0.4203, Val AUC: 0.8409
Feature: uniport_seq, Epoch 10/100, Train Loss: 0.4794, Val Loss: 0.4317, Train AUC: 0.4819, Val AUC: 0.8523
Early stopping for feature uniport_seq at epoch 10
Best Train AUC for feature uniport_seq: 0.5726
Best Val AUC for feature uniport_seq: 0.7727
Feature: uniport_esm, Epoch 1/100, Train Loss: 0.5371, Val Loss: 0.4402, Train AUC: 0.5082, Val AUC: 0.6364
Feature: uniport_esm, Epoch 2/100, Train Loss: 0.4879, Val Loss: 0.4374, Train AUC: 0.5053, Val AUC: 0.6932
Feature: uniport_esm, Epoch 3/100, Train Loss: 0.5077, Val Loss: 0.4309, Train AUC: 0.4018, Val AUC: 0.7045
Feature: uniport_esm, Epoch 4/100, Train Loss: 0.4917, Val Loss: 0.4287, Train AUC: 0.4259, Val AUC: 0.7386
Feature: uniport_esm, Epoch 5/100, Train Loss: 0.4382, Val Loss: 0.4284, Train AUC: 0.6634, Val AUC: 0.7386
Feature: uniport_esm, Epoch 6/100, Train Loss: 0.4905, Val Loss: 0.4296, Train AUC: 0.4224, Val AUC: 0.7614
Feature: uniport_esm, Epoch 7/100, Train Loss: 0.4635, Val Loss: 0.4302, Train AUC: 0.5195, Val AUC: 0.7727
Feature: uniport_esm, Epoch 8/100, Train Loss: 0.4536, Val Loss: 0.4299, Train AUC: 0.6031, Val AUC: 0.7614
Feature: uniport_esm, Epoch 9/100, Train Loss: 0.4886, Val Loss: 0.4300, Train AUC: 0.4054, Val AUC: 0.7500
Feature: uniport_esm, Epoch 10/100, Train Loss: 0.4912, Val Loss: 0.4293, Train AUC: 0.4040, Val AUC: 0.7614
Early stopping for feature uniport_esm at epoch 10
Best Train AUC for feature uniport_esm: 0.6634
Best Val AUC for feature uniport_esm: 0.7386
ICD10_D66 15
train test split
early fusion
Epoch 1/100, Train Loss: 0.6162, Val Loss: 0.4674, Train AUC: 0.4091, Val AUC: 0.4286
Epoch 2/100, Train Loss: 0.4669, Val Loss: 0.4662, Train AUC: 0.4010, Val AUC: 0.4286
Epoch 3/100, Train Loss: 0.4845, Val Loss: 0.4661, Train AUC: 0.3182, Val AUC: 0.4524
Epoch 4/100, Train Loss: 0.4550, Val Loss: 0.4661, Train AUC: 0.4886, Val AUC: 0.4524
Epoch 5/100, Train Loss: 0.4288, Val Loss: 0.4661, Train AUC: 0.6331, Val AUC: 0.4762
Epoch 6/100, Train Loss: 0.4413, Val Loss: 0.4663, Train AUC: 0.5860, Val AUC: 0.4762
Epoch 7/100, Train Loss: 0.4642, Val Loss: 0.4663, Train AUC: 0.4886, Val AUC: 0.4524
Epoch 8/100, Train Loss: 0.4808, Val Loss: 0.4660, Train AUC: 0.3685, Val AUC: 0.4286
Epoch 9/100, Train Loss: 0.4463, Val Loss: 0.4661, Train AUC: 0.5568, Val AUC: 0.4286
Epoch 10/100, Train Loss: 0.4782, Val Loss: 0.4667, Train AUC: 0.3198, Val AUC: 0.4286
Epoch 11/100, Train Loss: 0.4703, Val Loss: 0.4670, Train AUC: 0.4383, Val AUC: 0.4286
Epoch 12/100, Train Loss: 0.4738, Val Loss: 0.4669, Train AUC: 0.4091, Val AUC: 0.4286
Epoch 13/100, Train Loss: 0.4551, Val Loss: 0.4662, Train AUC: 0.5016, Val AUC: 0.4524
Early stopping triggered at epoch 13
Best Train AUC: 0.3685, Best Val AUC: 0.4286
early fusion validation auc: 0.4642857142857143
mid fusion
early fusion validation auc: 0.9047619047619049
later fusion
Feature: uniport_ppi_2019, Epoch 1/100, Train Loss: 0.6451, Val Loss: 0.4837, Train AUC: 0.5211, Val AUC: 0.3095
Feature: uniport_ppi_2019, Epoch 2/100, Train Loss: 0.4654, Val Loss: 0.4693, Train AUC: 0.5487, Val AUC: 0.3810
Feature: uniport_ppi_2019, Epoch 3/100, Train Loss: 0.5088, Val Loss: 0.4712, Train AUC: 0.3101, Val AUC: 0.3333
Feature: uniport_ppi_2019, Epoch 4/100, Train Loss: 0.4921, Val Loss: 0.4683, Train AUC: 0.3685, Val AUC: 0.6190
Feature: uniport_ppi_2019, Epoch 5/100, Train Loss: 0.5025, Val Loss: 0.4678, Train AUC: 0.3377, Val AUC: 0.6190
Feature: uniport_ppi_2019, Epoch 6/100, Train Loss: 0.4954, Val Loss: 0.4637, Train AUC: 0.3929, Val AUC: 0.8095
Feature: uniport_ppi_2019, Epoch 7/100, Train Loss: 0.4533, Val Loss: 0.4617, Train AUC: 0.5065, Val AUC: 0.7857
Feature: uniport_ppi_2019, Epoch 8/100, Train Loss: 0.4895, Val Loss: 0.4611, Train AUC: 0.4026, Val AUC: 0.8095
Feature: uniport_ppi_2019, Epoch 9/100, Train Loss: 0.4965, Val Loss: 0.4608, Train AUC: 0.3701, Val AUC: 0.8333
Feature: uniport_ppi_2019, Epoch 10/100, Train Loss: 0.4734, Val Loss: 0.4612, Train AUC: 0.4237, Val AUC: 0.8571
Feature: uniport_ppi_2019, Epoch 11/100, Train Loss: 0.4640, Val Loss: 0.4616, Train AUC: 0.5081, Val AUC: 0.8571
Feature: uniport_ppi_2019, Epoch 12/100, Train Loss: 0.4639, Val Loss: 0.4618, Train AUC: 0.5260, Val AUC: 0.8571
Feature: uniport_ppi_2019, Epoch 13/100, Train Loss: 0.4430, Val Loss: 0.4612, Train AUC: 0.5649, Val AUC: 0.8571
Feature: uniport_ppi_2019, Epoch 14/100, Train Loss: 0.4585, Val Loss: 0.4606, Train AUC: 0.5081, Val AUC: 0.8571
Feature: uniport_ppi_2019, Epoch 15/100, Train Loss: 0.4439, Val Loss: 0.4605, Train AUC: 0.5747, Val AUC: 0.8571
Feature: uniport_ppi_2019, Epoch 16/100, Train Loss: 0.4432, Val Loss: 0.4605, Train AUC: 0.5714, Val AUC: 0.8571
Feature: uniport_ppi_2019, Epoch 17/100, Train Loss: 0.4516, Val Loss: 0.4604, Train AUC: 0.5536, Val AUC: 0.8571
Feature: uniport_ppi_2019, Epoch 18/100, Train Loss: 0.4514, Val Loss: 0.4603, Train AUC: 0.5633, Val AUC: 0.8571
Feature: uniport_ppi_2019, Epoch 19/100, Train Loss: 0.5016, Val Loss: 0.4598, Train AUC: 0.2906, Val AUC: 0.8571
Feature: uniport_ppi_2019, Epoch 20/100, Train Loss: 0.4383, Val Loss: 0.4595, Train AUC: 0.5909, Val AUC: 0.8571
Feature: uniport_ppi_2019, Epoch 21/100, Train Loss: 0.4065, Val Loss: 0.4597, Train AUC: 0.7451, Val AUC: 0.8571
Feature: uniport_ppi_2019, Epoch 22/100, Train Loss: 0.4986, Val Loss: 0.4594, Train AUC: 0.3377, Val AUC: 0.8571
Feature: uniport_ppi_2019, Epoch 23/100, Train Loss: 0.4452, Val Loss: 0.4590, Train AUC: 0.5341, Val AUC: 0.8571
Feature: uniport_ppi_2019, Epoch 24/100, Train Loss: 0.4285, Val Loss: 0.4586, Train AUC: 0.6851, Val AUC: 0.8571
Feature: uniport_ppi_2019, Epoch 25/100, Train Loss: 0.4486, Val Loss: 0.4585, Train AUC: 0.5422, Val AUC: 0.8810
Feature: uniport_ppi_2019, Epoch 26/100, Train Loss: 0.4481, Val Loss: 0.4586, Train AUC: 0.5357, Val AUC: 0.8810
Feature: uniport_ppi_2019, Epoch 27/100, Train Loss: 0.4560, Val Loss: 0.4582, Train AUC: 0.5438, Val AUC: 0.8571
Feature: uniport_ppi_2019, Epoch 28/100, Train Loss: 0.4569, Val Loss: 0.4582, Train AUC: 0.4481, Val AUC: 0.8810
Feature: uniport_ppi_2019, Epoch 29/100, Train Loss: 0.4481, Val Loss: 0.4579, Train AUC: 0.5779, Val AUC: 0.8810
Feature: uniport_ppi_2019, Epoch 30/100, Train Loss: 0.4679, Val Loss: 0.4579, Train AUC: 0.4740, Val AUC: 0.8810
Feature: uniport_ppi_2019, Epoch 31/100, Train Loss: 0.4701, Val Loss: 0.4573, Train AUC: 0.4172, Val AUC: 0.8810
Feature: uniport_ppi_2019, Epoch 32/100, Train Loss: 0.4467, Val Loss: 0.4569, Train AUC: 0.5682, Val AUC: 0.8810
Feature: uniport_ppi_2019, Epoch 33/100, Train Loss: 0.4739, Val Loss: 0.4572, Train AUC: 0.4432, Val AUC: 0.8810
Feature: uniport_ppi_2019, Epoch 34/100, Train Loss: 0.4023, Val Loss: 0.4584, Train AUC: 0.7857, Val AUC: 0.8571
Feature: uniport_ppi_2019, Epoch 35/100, Train Loss: 0.4724, Val Loss: 0.4589, Train AUC: 0.3896, Val AUC: 0.8571
Feature: uniport_ppi_2019, Epoch 36/100, Train Loss: 0.4849, Val Loss: 0.4588, Train AUC: 0.4026, Val AUC: 0.8571
Feature: uniport_ppi_2019, Epoch 37/100, Train Loss: 0.4549, Val Loss: 0.4569, Train AUC: 0.5211, Val AUC: 0.8810
Feature: uniport_ppi_2019, Epoch 38/100, Train Loss: 0.4152, Val Loss: 0.4555, Train AUC: 0.7078, Val AUC: 0.8810
Feature: uniport_ppi_2019, Epoch 39/100, Train Loss: 0.4331, Val Loss: 0.4551, Train AUC: 0.6006, Val AUC: 0.8810
Feature: uniport_ppi_2019, Epoch 40/100, Train Loss: 0.4305, Val Loss: 0.4548, Train AUC: 0.6753, Val AUC: 0.9048
Feature: uniport_ppi_2019, Epoch 41/100, Train Loss: 0.4567, Val Loss: 0.4545, Train AUC: 0.4838, Val AUC: 0.9048
Feature: uniport_ppi_2019, Epoch 42/100, Train Loss: 0.4039, Val Loss: 0.4550, Train AUC: 0.7906, Val AUC: 0.9048
Feature: uniport_ppi_2019, Epoch 43/100, Train Loss: 0.4421, Val Loss: 0.4553, Train AUC: 0.5747, Val AUC: 0.9048
Feature: uniport_ppi_2019, Epoch 44/100, Train Loss: 0.4446, Val Loss: 0.4538, Train AUC: 0.5601, Val AUC: 0.9048
Feature: uniport_ppi_2019, Epoch 45/100, Train Loss: 0.4329, Val Loss: 0.4535, Train AUC: 0.6558, Val AUC: 0.9048
Feature: uniport_ppi_2019, Epoch 46/100, Train Loss: 0.4637, Val Loss: 0.4532, Train AUC: 0.4627, Val AUC: 0.9048
Feature: uniport_ppi_2019, Epoch 47/100, Train Loss: 0.4573, Val Loss: 0.4528, Train AUC: 0.4935, Val AUC: 0.9048
Feature: uniport_ppi_2019, Epoch 48/100, Train Loss: 0.4032, Val Loss: 0.4524, Train AUC: 0.7922, Val AUC: 0.8810
Feature: uniport_ppi_2019, Epoch 49/100, Train Loss: 0.4219, Val Loss: 0.4522, Train AUC: 0.7013, Val AUC: 0.8810
Feature: uniport_ppi_2019, Epoch 50/100, Train Loss: 0.4734, Val Loss: 0.4524, Train AUC: 0.4870, Val AUC: 0.8810
Feature: uniport_ppi_2019, Epoch 51/100, Train Loss: 0.4721, Val Loss: 0.4520, Train AUC: 0.3977, Val AUC: 0.8810
Feature: uniport_ppi_2019, Epoch 52/100, Train Loss: 0.4334, Val Loss: 0.4509, Train AUC: 0.5942, Val AUC: 0.8810
Feature: uniport_ppi_2019, Epoch 53/100, Train Loss: 0.4242, Val Loss: 0.4506, Train AUC: 0.6250, Val AUC: 0.8810
Feature: uniport_ppi_2019, Epoch 54/100, Train Loss: 0.4308, Val Loss: 0.4500, Train AUC: 0.6623, Val AUC: 0.8810
Feature: uniport_ppi_2019, Epoch 55/100, Train Loss: 0.4448, Val Loss: 0.4490, Train AUC: 0.5909, Val AUC: 0.8810
Feature: uniport_ppi_2019, Epoch 56/100, Train Loss: 0.4452, Val Loss: 0.4482, Train AUC: 0.5617, Val AUC: 0.8810
Feature: uniport_ppi_2019, Epoch 57/100, Train Loss: 0.4635, Val Loss: 0.4479, Train AUC: 0.4351, Val AUC: 0.8810
Feature: uniport_ppi_2019, Epoch 58/100, Train Loss: 0.4450, Val Loss: 0.4468, Train AUC: 0.5552, Val AUC: 0.8810
Feature: uniport_ppi_2019, Epoch 59/100, Train Loss: 0.3975, Val Loss: 0.4476, Train AUC: 0.8328, Val AUC: 0.8810
Feature: uniport_ppi_2019, Epoch 60/100, Train Loss: 0.4241, Val Loss: 0.4487, Train AUC: 0.6786, Val AUC: 0.8810
Feature: uniport_ppi_2019, Epoch 61/100, Train Loss: 0.4235, Val Loss: 0.4505, Train AUC: 0.6705, Val AUC: 0.8810
Feature: uniport_ppi_2019, Epoch 62/100, Train Loss: 0.4459, Val Loss: 0.4452, Train AUC: 0.5779, Val AUC: 0.8810
Feature: uniport_ppi_2019, Epoch 63/100, Train Loss: 0.4245, Val Loss: 0.4409, Train AUC: 0.6461, Val AUC: 0.8810
Feature: uniport_ppi_2019, Epoch 64/100, Train Loss: 0.4453, Val Loss: 0.4406, Train AUC: 0.6266, Val AUC: 0.8810
Feature: uniport_ppi_2019, Epoch 65/100, Train Loss: 0.4387, Val Loss: 0.4398, Train AUC: 0.6542, Val AUC: 0.8810
Feature: uniport_ppi_2019, Epoch 66/100, Train Loss: 0.3859, Val Loss: 0.4399, Train AUC: 0.8247, Val AUC: 0.8810
Feature: uniport_ppi_2019, Epoch 67/100, Train Loss: 0.4650, Val Loss: 0.4393, Train AUC: 0.4740, Val AUC: 0.8810
Feature: uniport_ppi_2019, Epoch 68/100, Train Loss: 0.3973, Val Loss: 0.4389, Train AUC: 0.7532, Val AUC: 0.8810
Feature: uniport_ppi_2019, Epoch 69/100, Train Loss: 0.4349, Val Loss: 0.4368, Train AUC: 0.6429, Val AUC: 0.8810
Feature: uniport_ppi_2019, Epoch 70/100, Train Loss: 0.3979, Val Loss: 0.4333, Train AUC: 0.7727, Val AUC: 0.8810
Feature: uniport_ppi_2019, Epoch 71/100, Train Loss: 0.4152, Val Loss: 0.4312, Train AUC: 0.7305, Val AUC: 0.8810
Feature: uniport_ppi_2019, Epoch 72/100, Train Loss: 0.4149, Val Loss: 0.4312, Train AUC: 0.6867, Val AUC: 0.8810
Feature: uniport_ppi_2019, Epoch 73/100, Train Loss: 0.4149, Val Loss: 0.4355, Train AUC: 0.6997, Val AUC: 0.8810
Feature: uniport_ppi_2019, Epoch 74/100, Train Loss: 0.3830, Val Loss: 0.4374, Train AUC: 0.7792, Val AUC: 0.8810
Feature: uniport_ppi_2019, Epoch 75/100, Train Loss: 0.4117, Val Loss: 0.4275, Train AUC: 0.7305, Val AUC: 0.8810
Feature: uniport_ppi_2019, Epoch 76/100, Train Loss: 0.3991, Val Loss: 0.4228, Train AUC: 0.7711, Val AUC: 0.8810
Feature: uniport_ppi_2019, Epoch 77/100, Train Loss: 0.4041, Val Loss: 0.4229, Train AUC: 0.7565, Val AUC: 0.8810
Feature: uniport_ppi_2019, Epoch 78/100, Train Loss: 0.4042, Val Loss: 0.4269, Train AUC: 0.7192, Val AUC: 0.8810
Feature: uniport_ppi_2019, Epoch 79/100, Train Loss: 0.3828, Val Loss: 0.4275, Train AUC: 0.8036, Val AUC: 0.8810
Feature: uniport_ppi_2019, Epoch 80/100, Train Loss: 0.4078, Val Loss: 0.4282, Train AUC: 0.7062, Val AUC: 0.9048
Feature: uniport_ppi_2019, Epoch 81/100, Train Loss: 0.4356, Val Loss: 0.4247, Train AUC: 0.6445, Val AUC: 0.9048
Early stopping for feature uniport_ppi_2019 at epoch 81
Best Train AUC for feature uniport_ppi_2019: 0.7711
Best Val AUC for feature uniport_ppi_2019: 0.8810
Feature: ppi_2019_dw_40, Epoch 1/100, Train Loss: 0.6628, Val Loss: 0.4826, Train AUC: 0.6575, Val AUC: 0.3333
Feature: ppi_2019_dw_40, Epoch 2/100, Train Loss: 0.4959, Val Loss: 0.4755, Train AUC: 0.4448, Val AUC: 0.3571
Feature: ppi_2019_dw_40, Epoch 3/100, Train Loss: 0.4283, Val Loss: 0.4787, Train AUC: 0.6250, Val AUC: 0.4286
Feature: ppi_2019_dw_40, Epoch 4/100, Train Loss: 0.5054, Val Loss: 0.4750, Train AUC: 0.3945, Val AUC: 0.4762
Feature: ppi_2019_dw_40, Epoch 5/100, Train Loss: 0.4368, Val Loss: 0.4738, Train AUC: 0.6120, Val AUC: 0.4762
Feature: ppi_2019_dw_40, Epoch 6/100, Train Loss: 0.5142, Val Loss: 0.4716, Train AUC: 0.3133, Val AUC: 0.5238
Feature: ppi_2019_dw_40, Epoch 7/100, Train Loss: 0.4402, Val Loss: 0.4695, Train AUC: 0.6153, Val AUC: 0.5714
Feature: ppi_2019_dw_40, Epoch 8/100, Train Loss: 0.5122, Val Loss: 0.4666, Train AUC: 0.3555, Val AUC: 0.5714
Feature: ppi_2019_dw_40, Epoch 9/100, Train Loss: 0.4510, Val Loss: 0.4663, Train AUC: 0.5909, Val AUC: 0.6190
Feature: ppi_2019_dw_40, Epoch 10/100, Train Loss: 0.4560, Val Loss: 0.4666, Train AUC: 0.5016, Val AUC: 0.6190
Feature: ppi_2019_dw_40, Epoch 11/100, Train Loss: 0.5005, Val Loss: 0.4679, Train AUC: 0.4026, Val AUC: 0.6190
Feature: ppi_2019_dw_40, Epoch 12/100, Train Loss: 0.4413, Val Loss: 0.4693, Train AUC: 0.6039, Val AUC: 0.6905
Feature: ppi_2019_dw_40, Epoch 13/100, Train Loss: 0.5075, Val Loss: 0.4704, Train AUC: 0.3133, Val AUC: 0.7381
Feature: ppi_2019_dw_40, Epoch 14/100, Train Loss: 0.4406, Val Loss: 0.4688, Train AUC: 0.6558, Val AUC: 0.7143
Early stopping for feature ppi_2019_dw_40 at epoch 14
Best Train AUC for feature ppi_2019_dw_40: 0.5909
Best Val AUC for feature ppi_2019_dw_40: 0.6190
Feature ppi_2019_dw_40 excluded from fusion due to low Val AUC: 0.6190
Feature: uniport_bio, Epoch 1/100, Train Loss: 0.5558, Val Loss: 0.4517, Train AUC: 0.5568, Val AUC: 0.8571
Feature: uniport_bio, Epoch 2/100, Train Loss: 0.4607, Val Loss: 0.4401, Train AUC: 0.5925, Val AUC: 0.9048
Feature: uniport_bio, Epoch 3/100, Train Loss: 0.4264, Val Loss: 0.4435, Train AUC: 0.6721, Val AUC: 0.8810
Feature: uniport_bio, Epoch 4/100, Train Loss: 0.4335, Val Loss: 0.4518, Train AUC: 0.5909, Val AUC: 0.8810
Feature: uniport_bio, Epoch 5/100, Train Loss: 0.4265, Val Loss: 0.4482, Train AUC: 0.6380, Val AUC: 0.8810
Feature: uniport_bio, Epoch 6/100, Train Loss: 0.4759, Val Loss: 0.4428, Train AUC: 0.4545, Val AUC: 0.9048
Feature: uniport_bio, Epoch 7/100, Train Loss: 0.4840, Val Loss: 0.4392, Train AUC: 0.4659, Val AUC: 0.8810
Feature: uniport_bio, Epoch 8/100, Train Loss: 0.4723, Val Loss: 0.4345, Train AUC: 0.4756, Val AUC: 0.9048
Feature: uniport_bio, Epoch 9/100, Train Loss: 0.4421, Val Loss: 0.4345, Train AUC: 0.5958, Val AUC: 0.9524
Feature: uniport_bio, Epoch 10/100, Train Loss: 0.4372, Val Loss: 0.4346, Train AUC: 0.6526, Val AUC: 0.9524
Feature: uniport_bio, Epoch 11/100, Train Loss: 0.3981, Val Loss: 0.4334, Train AUC: 0.7776, Val AUC: 0.9524
Feature: uniport_bio, Epoch 12/100, Train Loss: 0.4879, Val Loss: 0.4321, Train AUC: 0.3994, Val AUC: 0.9524
Feature: uniport_bio, Epoch 13/100, Train Loss: 0.4190, Val Loss: 0.4312, Train AUC: 0.7240, Val AUC: 0.9524
Feature: uniport_bio, Epoch 14/100, Train Loss: 0.4433, Val Loss: 0.4320, Train AUC: 0.5795, Val AUC: 0.9524
Feature: uniport_bio, Epoch 15/100, Train Loss: 0.4482, Val Loss: 0.4345, Train AUC: 0.5568, Val AUC: 0.9762
Feature: uniport_bio, Epoch 16/100, Train Loss: 0.4198, Val Loss: 0.4354, Train AUC: 0.6234, Val AUC: 0.9762
Feature: uniport_bio, Epoch 17/100, Train Loss: 0.4510, Val Loss: 0.4363, Train AUC: 0.5893, Val AUC: 0.9762
Feature: uniport_bio, Epoch 18/100, Train Loss: 0.4297, Val Loss: 0.4366, Train AUC: 0.6477, Val AUC: 0.9762
Early stopping for feature uniport_bio at epoch 18
Best Train AUC for feature uniport_bio: 0.7240
Best Val AUC for feature uniport_bio: 0.9524
Feature: uniport_seq, Epoch 1/100, Train Loss: 0.5804, Val Loss: 0.4664, Train AUC: 0.4237, Val AUC: 0.6429
Feature: uniport_seq, Epoch 2/100, Train Loss: 0.4800, Val Loss: 0.4718, Train AUC: 0.4302, Val AUC: 0.7143
Feature: uniport_seq, Epoch 3/100, Train Loss: 0.4426, Val Loss: 0.4758, Train AUC: 0.5779, Val AUC: 0.6667
Feature: uniport_seq, Epoch 4/100, Train Loss: 0.4644, Val Loss: 0.4767, Train AUC: 0.4886, Val AUC: 0.5952
Feature: uniport_seq, Epoch 5/100, Train Loss: 0.4529, Val Loss: 0.4740, Train AUC: 0.4984, Val AUC: 0.6190
Feature: uniport_seq, Epoch 6/100, Train Loss: 0.4457, Val Loss: 0.4732, Train AUC: 0.6315, Val AUC: 0.5714
Early stopping for feature uniport_seq at epoch 6
Best Train AUC for feature uniport_seq: 0.4237
Best Val AUC for feature uniport_seq: 0.6429
Feature uniport_seq excluded from fusion due to low Val AUC: 0.6429
Feature: uniport_esm, Epoch 1/100, Train Loss: 0.7609, Val Loss: 0.4659, Train AUC: 0.5081, Val AUC: 0.6429
Feature: uniport_esm, Epoch 2/100, Train Loss: 0.4279, Val Loss: 0.4662, Train AUC: 0.6299, Val AUC: 0.7143
Feature: uniport_esm, Epoch 3/100, Train Loss: 0.4524, Val Loss: 0.4663, Train AUC: 0.5097, Val AUC: 0.6905
Feature: uniport_esm, Epoch 4/100, Train Loss: 0.4661, Val Loss: 0.4664, Train AUC: 0.5065, Val AUC: 0.6429
Feature: uniport_esm, Epoch 5/100, Train Loss: 0.4988, Val Loss: 0.4658, Train AUC: 0.3734, Val AUC: 0.5952
Feature: uniport_esm, Epoch 6/100, Train Loss: 0.4500, Val Loss: 0.4659, Train AUC: 0.5666, Val AUC: 0.5952
Feature: uniport_esm, Epoch 7/100, Train Loss: 0.4579, Val Loss: 0.4660, Train AUC: 0.4984, Val AUC: 0.6190
Feature: uniport_esm, Epoch 8/100, Train Loss: 0.4513, Val Loss: 0.4660, Train AUC: 0.5568, Val AUC: 0.6190
Feature: uniport_esm, Epoch 9/100, Train Loss: 0.4792, Val Loss: 0.4661, Train AUC: 0.3847, Val AUC: 0.5952
Feature: uniport_esm, Epoch 10/100, Train Loss: 0.4687, Val Loss: 0.4660, Train AUC: 0.4221, Val AUC: 0.5952
Early stopping for feature uniport_esm at epoch 10
Best Train AUC for feature uniport_esm: 0.3734
Best Val AUC for feature uniport_esm: 0.5952
Feature uniport_esm excluded from fusion due to low Val AUC: 0.5952
Feature: uniport_ppi_2019, Epoch 1/100, Train Loss: 0.7015, Val Loss: 0.4868, Train AUC: 0.5081, Val AUC: 0.3810
Feature: uniport_ppi_2019, Epoch 2/100, Train Loss: 0.5136, Val Loss: 0.4654, Train AUC: 0.3718, Val AUC: 0.5238
Feature: uniport_ppi_2019, Epoch 3/100, Train Loss: 0.4640, Val Loss: 0.4649, Train AUC: 0.5016, Val AUC: 0.6667
Feature: uniport_ppi_2019, Epoch 4/100, Train Loss: 0.4536, Val Loss: 0.4636, Train AUC: 0.5244, Val AUC: 0.6905
Feature: uniport_ppi_2019, Epoch 5/100, Train Loss: 0.4707, Val Loss: 0.4639, Train AUC: 0.4659, Val AUC: 0.6905
Feature: uniport_ppi_2019, Epoch 6/100, Train Loss: 0.4521, Val Loss: 0.4635, Train AUC: 0.5195, Val AUC: 0.7143
Feature: uniport_ppi_2019, Epoch 7/100, Train Loss: 0.4486, Val Loss: 0.4637, Train AUC: 0.5795, Val AUC: 0.7857
Feature: uniport_ppi_2019, Epoch 8/100, Train Loss: 0.4425, Val Loss: 0.4648, Train AUC: 0.5731, Val AUC: 0.8095
Feature: uniport_ppi_2019, Epoch 9/100, Train Loss: 0.4854, Val Loss: 0.4668, Train AUC: 0.4042, Val AUC: 0.8095
Feature: uniport_ppi_2019, Epoch 10/100, Train Loss: 0.4996, Val Loss: 0.4688, Train AUC: 0.2890, ICD10_D83 23
train test split
early fusion
Epoch 1/100, Train Loss: 0.5484, Val Loss: 0.4292, Train AUC: 0.5131, Val AUC: 0.7727
Epoch 2/100, Train Loss: 0.4876, Val Loss: 0.4292, Train AUC: 0.4047, Val AUC: 0.8068
Epoch 3/100, Train Loss: 0.4685, Val Loss: 0.4291, Train AUC: 0.4763, Val AUC: 0.7727
Epoch 4/100, Train Loss: 0.4463, Val Loss: 0.4288, Train AUC: 0.5918, Val AUC: 0.7500
Epoch 5/100, Train Loss: 0.4838, Val Loss: 0.4290, Train AUC: 0.4281, Val AUC: 0.7500
Epoch 6/100, Train Loss: 0.4849, Val Loss: 0.4297, Train AUC: 0.4004, Val AUC: 0.7500
Epoch 7/100, Train Loss: 0.4870, Val Loss: 0.4312, Train AUC: 0.4125, Val AUC: 0.7500
Epoch 8/100, Train Loss: 0.4696, Val Loss: 0.4317, Train AUC: 0.4784, Val AUC: 0.7500
Epoch 9/100, Train Loss: 0.4819, Val Loss: 0.4313, Train AUC: 0.4018, Val AUC: 0.7500
Early stopping triggered at epoch 9
Best Train AUC: 0.5918, Best Val AUC: 0.7500
Epoch 1/100, Train Loss: 0.5602, Val Loss: 0.4313, Train AUC: 0.5060, Val AUC: 0.7614
Epoch 2/100, Train Loss: 0.4731, Val Loss: 0.4315, Train AUC: 0.5159, Val AUC: 0.7727
Epoch 3/100, Train Loss: 0.4595, Val Loss: 0.4313, Train AUC: 0.5528, Val AUC: 0.8295
Epoch 4/100, Train Loss: 0.4709, Val Loss: 0.4298, Train AUC: 0.4862, Val AUC: 0.8636
Epoch 5/100, Train Loss: 0.4773, Val Loss: 0.4290, Train AUC: 0.4763, Val AUC: 0.8636
Epoch 6/100, Train Loss: 0.4498, Val Loss: 0.4297, Train AUC: 0.5946, Val AUC: 0.8750
Epoch 7/100, Train Loss: 0.4601, Val Loss: 0.4307, Train AUC: 0.5167, Val AUC: 0.8409
Epoch 8/100, Train Loss: 0.4658, Val Loss: 0.4317, Train AUC: 0.4989, Val AUC: 0.8409
Epoch 9/100, Train Loss: 0.4749, Val Loss: 0.4324, Train AUC: 0.4486, Val AUC: 0.8523
Epoch 10/100, Train Loss: 0.4585, Val Loss: 0.4329, Train AUC: 0.5599, Val AUC: 0.8523
Early stopping triggered at epoch 10
Best Train AUC: 0.4763, Best Val AUC: 0.8636
early fusion validation auc: 0.8068181818181819
mid fusion
Epoch 1/100, Train Loss: 0.5228, Val Loss: 0.4287, Train AUC: 0.5386, Val AUC: 0.7159
Epoch 2/100, Train Loss: 0.4456, Val Loss: 0.4267, Train AUC: 0.7697, Val AUC: 0.8864
Epoch 3/100, Train Loss: 0.4628, Val Loss: 0.4242, Train AUC: 0.6527, Val AUC: 0.9432
Epoch 4/100, Train Loss: 0.4536, Val Loss: 0.4125, Train AUC: 0.6541, Val AUC: 0.9432
Epoch 5/100, Train Loss: 0.4495, Val Loss: 0.4199, Train AUC: 0.6357, Val AUC: 0.9545
Epoch 6/100, Train Loss: 0.4401, Val Loss: 0.4085, Train AUC: 0.8420, Val AUC: 0.9318
Epoch 7/100, Train Loss: 0.4295, Val Loss: 0.4073, Train AUC: 0.9043, Val AUC: 0.9432
Epoch 8/100, Train Loss: 0.4338, Val Loss: 0.4033, Train AUC: 0.9490, Val AUC: 0.9659
Epoch 9/100, Train Loss: 0.4238, Val Loss: 0.3959, Train AUC: 0.9001, Val AUC: 0.9773
Epoch 10/100, Train Loss: 0.4140, Val Loss: 0.3951, Train AUC: 0.9568, Val AUC: 0.9773
Epoch 11/100, Train Loss: 0.4166, Val Loss: 0.4050, Train AUC: 0.9199, Val AUC: 0.9773
Epoch 12/100, Train Loss: 0.4160, Val Loss: 0.3761, Train AUC: 0.9050, Val AUC: 0.9773
Epoch 13/100, Train Loss: 0.3842, Val Loss: 0.3694, Train AUC: 0.9568, Val AUC: 0.9773
Epoch 14/100, Train Loss: 0.3779, Val Loss: 0.3349, Train AUC: 0.9518, Val AUC: 0.9773
Epoch 15/100, Train Loss: 0.3628, Val Loss: 0.3202, Train AUC: 0.8746, Val AUC: 0.9886
Epoch 16/100, Train Loss: 0.3274, Val Loss: 0.3831, Train AUC: 0.9398, Val AUC: 0.9773
Epoch 17/100, Train Loss: 0.3518, Val Loss: 0.2923, Train AUC: 0.9717, Val AUC: 0.9659
Epoch 18/100, Train Loss: 0.3058, Val Loss: 0.3167, Train AUC: 0.9780, Val AUC: 0.9659
Epoch 19/100, Train Loss: 0.2915, Val Loss: 0.2794, Train AUC: 0.9688, Val AUC: 0.9659
Epoch 20/100, Train Loss: 0.2662, Val Loss: 0.3302, Train AUC: 0.9901, Val AUC: 0.9659
Epoch 21/100, Train Loss: 0.2706, Val Loss: 0.2419, Train AUC: 0.9872, Val AUC: 0.9659
Epoch 22/100, Train Loss: 0.2603, Val Loss: 0.2485, Train AUC: 0.9639, Val AUC: 0.9659
Epoch 23/100, Train Loss: 0.1950, Val Loss: 0.2664, Train AUC: 0.9929, Val AUC: 0.9432
Epoch 24/100, Train Loss: 0.2228, Val Loss: 0.2301, Train AUC: 0.9865, Val AUC: 0.9545
Epoch 25/100, Train Loss: 0.1916, Val Loss: 0.2491, Train AUC: 0.9901, Val AUC: 0.9432
Epoch 26/100, Train Loss: 0.1795, Val Loss: 0.2188, Train AUC: 0.9929, Val AUC: 0.9318
Epoch 27/100, Train Loss: 0.1712, Val Loss: 0.2085, Train AUC: 0.9887, Val AUC: 0.9432
Epoch 28/100, Train Loss: 0.1450, Val Loss: 0.2175, Train AUC: 0.9908, Val AUC: 0.9659
Epoch 29/100, Train Loss: 0.1418, Val Loss: 0.1968, Train AUC: 0.9929, Val AUC: 0.9659
Epoch 30/100, Train Loss: 0.1285, Val Loss: 0.2051, Train AUC: 0.9936, Val AUC: 0.9659
Epoch 31/100, Train Loss: 0.1236, Val Loss: 0.2490, Train AUC: 0.9972, Val AUC: 0.9432
Epoch 32/100, Train Loss: 0.1174, Val Loss: 0.2362, Train AUC: 0.9965, Val AUC: 0.9318
Epoch 33/100, Train Loss: 0.1188, Val Loss: 0.2445, Train AUC: 0.9950, Val AUC: 0.9091
Epoch 34/100, Train Loss: 0.0930, Val Loss: 0.2835, Train AUC: 0.9972, Val AUC: 0.9545
Epoch 35/100, Train Loss: 0.1518, Val Loss: 0.2318, Train AUC: 0.9986, Val AUC: 0.9432
Epoch 36/100, Train Loss: 0.0914, Val Loss: 0.2023, Train AUC: 1.0000, Val AUC: 0.9318
Epoch 37/100, Train Loss: 0.1002, Val Loss: 0.2192, Train AUC: 0.9993, Val AUC: 0.9545
Early stopping triggered at epoch 37
Best Train AUC: 0.9929, Best Val AUC: 0.9659
Epoch 1/100, Train Loss: 0.4950, Val Loss: 0.4326, Train AUC: 0.6648, Val AUC: 0.2386
Epoch 2/100, Train Loss: 0.4596, Val Loss: 0.4380, Train AUC: 0.5230, Val AUC: 0.4205
Epoch 3/100, Train Loss: 0.4701, Val Loss: 0.4378, Train AUC: 0.6145, Val AUC: 0.6364
Epoch 4/100, Train Loss: 0.4671, Val Loss: 0.4318, Train AUC: 0.8044, Val AUC: 0.7614
Epoch 5/100, Train Loss: 0.4586, Val Loss: 0.4261, Train AUC: 0.7186, Val AUC: 0.7727
Epoch 6/100, Train Loss: 0.4503, Val Loss: 0.4233, Train AUC: 0.8774, Val AUC: 0.7955
Epoch 7/100, Train Loss: 0.4455, Val Loss: 0.4216, Train AUC: 0.9525, Val AUC: 0.7955
Epoch 8/100, Train Loss: 0.4398, Val Loss: 0.4326, Train AUC: 0.7881, Val AUC: 0.7955
Epoch 9/100, Train Loss: 0.4457, Val Loss: 0.4304, Train AUC: 0.9376, Val AUC: 0.8182
Epoch 10/100, Train Loss: 0.4398, Val Loss: 0.4192, Train AUC: 0.8427, Val AUC: 0.8295
Epoch 11/100, Train Loss: 0.4311, Val Loss: 0.4266, Train AUC: 0.8873, Val AUC: 0.8409
Epoch 12/100, Train Loss: 0.4346, Val Loss: 0.4297, Train AUC: 0.9504, Val AUC: 0.8295
Epoch 13/100, Train Loss: 0.4325, Val Loss: 0.4216, Train AUC: 0.9610, Val AUC: 0.8409
Epoch 14/100, Train Loss: 0.4080, Val Loss: 0.4009, Train AUC: 0.9766, Val AUC: 0.8523
Epoch 15/100, Train Loss: 0.4160, Val Loss: 0.4105, Train AUC: 0.9227, Val AUC: 0.8523
Epoch 16/100, Train Loss: 0.4285, Val Loss: 0.3917, Train AUC: 0.9674, Val AUC: 0.8523
Epoch 17/100, Train Loss: 0.3824, Val Loss: 0.3897, Train AUC: 0.9681, Val AUC: 0.8750
Epoch 18/100, Train Loss: 0.3765, Val Loss: 0.3909, Train AUC: 0.9787, Val AUC: 0.8750
Epoch 19/100, Train Loss: 0.3453, Val Loss: 0.3586, Train AUC: 0.9660, Val AUC: 0.8864
Epoch 20/100, Train Loss: 0.3541, Val Loss: 0.3396, Train AUC: 0.9851, Val AUC: 0.8750
Epoch 21/100, Train Loss: 0.3348, Val Loss: 0.4019, Train AUC: 0.9135, Val AUC: 0.8636
Epoch 22/100, Train Loss: 0.3112, Val Loss: 0.3259, Train AUC: 0.9497, Val AUC: 0.8750
Epoch 23/100, Train Loss: 0.2557, Val Loss: 0.4045, Train AUC: 0.9943, Val AUC: 0.8523
Epoch 24/100, Train Loss: 0.2782, Val Loss: 0.3380, Train AUC: 0.9908, Val AUC: 0.8295
Epoch 25/100, Train Loss: 0.2708, Val Loss: 0.3189, Train AUC: 0.9539, Val AUC: 0.8182
Epoch 26/100, Train Loss: 0.2193, Val Loss: 0.5019, Train AUC: 0.9830, Val AUC: 0.8068
Epoch 27/100, Train Loss: 0.2726, Val Loss: 0.3245, Train AUC: 0.9936, Val AUC: 0.7841
Epoch 28/100, Train Loss: 0.2214, Val Loss: 0.3073, Train AUC: 0.9943, Val AUC: 0.8182
Epoch 29/100, Train Loss: 0.2048, Val Loss: 0.3381, Train AUC: 0.9936, Val AUC: 0.8409
Epoch 30/100, Train Loss: 0.1654, Val Loss: 0.3675, Train AUC: 0.9957, Val AUC: 0.8409
Epoch 31/100, Train Loss: 0.1567, Val Loss: 0.3143, Train AUC: 0.9950, Val AUC: 0.8068
Epoch 32/100, Train Loss: 0.1484, Val Loss: 0.3077, Train AUC: 0.9986, Val AUC: 0.8068
Epoch 33/100, Train Loss: 0.1509, Val Loss: 0.4675, Train AUC: 0.9957, Val AUC: 0.8068
Epoch 34/100, Train Loss: 0.1675, Val Loss: 0.3961, Train AUC: 0.9986, Val AUC: 0.8068
Epoch 35/100, Train Loss: 0.1208, Val Loss: 0.3222, Train AUC: 0.9979, Val AUC: 0.8068
Epoch 36/100, Train Loss: 0.1263, Val Loss: 0.3907, Train AUC: 1.0000, Val AUC: 0.8295
Early stopping triggered at epoch 36
Best Train AUC: 0.9943, Best Val AUC: 0.8182
early fusion validation auc: 0.8920454545454546
later fusion
Feature: uniport_ppi_2019, Epoch 1/100, Train Loss: 0.6381, Val Loss: 0.4415, Train AUC: 0.4068, Val AUC: 0.8068
Feature: uniport_ppi_2019, Epoch 2/100, Train Loss: 0.4778, Val Loss: 0.4286, Train AUC: 0.5124, Val AUC: 0.9318
Feature: uniport_ppi_2019, Epoch 3/100, Train Loss: 0.4853, Val Loss: 0.4229, Train AUC: 0.4415, Val AUC: 0.9091
Feature: uniport_ppi_2019, Epoch 4/100, Train Loss: 0.4630, Val Loss: 0.4202, Train AUC: 0.5330, Val AUC: 0.9545
Feature: uniport_ppi_2019, Epoch 5/100, Train Loss: 0.4505, Val Loss: 0.4184, Train AUC: 0.5648, Val AUC: 0.9773
Feature: uniport_ppi_2019, Epoch 6/100, Train Loss: 0.4475, Val Loss: 0.4178, Train AUC: 0.5670, Val AUC: 1.0000
Feature: uniport_ppi_2019, Epoch 7/100, Train Loss: 0.4611, Val Loss: 0.4170, Train AUC: 0.5400, Val AUC: 1.0000
Feature: uniport_ppi_2019, Epoch 8/100, Train Loss: 0.4517, Val Loss: 0.4167, Train AUC: 0.5904, Val AUC: 1.0000
Feature: uniport_ppi_2019, Epoch 9/100, Train Loss: 0.4659, Val Loss: 0.4160, Train AUC: 0.5344, Val AUC: 1.0000
Feature: uniport_ppi_2019, Epoch 10/100, Train Loss: 0.4623, Val Loss: 0.4160, Train AUC: 0.5436, Val AUC: 1.0000
Feature: uniport_ppi_2019, Epoch 11/100, Train Loss: 0.4580, Val Loss: 0.4149, Train AUC: 0.5641, Val AUC: 1.0000
Feature: uniport_ppi_2019, Epoch 12/100, Train Loss: 0.4542, Val Loss: 0.4143, Train AUC: 0.5620, Val AUC: 1.0000
Feature: uniport_ppi_2019, Epoch 13/100, Train Loss: 0.4763, Val Loss: 0.4142, Train AUC: 0.4720, Val AUC: 1.0000
Feature: uniport_ppi_2019, Epoch 14/100, Train Loss: 0.4441, Val Loss: 0.4131, Train AUC: 0.6357, Val AUC: 1.0000
Feature: uniport_ppi_2019, Epoch 15/100, Train Loss: 0.4268, Val Loss: 0.4110, Train AUC: 0.6931, Val AUC: 1.0000
Feature: uniport_ppi_2019, Epoch 16/100, Train Loss: 0.4529, Val Loss: 0.4096, Train AUC: 0.5719, Val AUC: 1.0000
Feature: uniport_ppi_2019, Epoch 17/100, Train Loss: 0.4617, Val Loss: 0.4083, Train AUC: 0.5230, Val AUC: 1.0000
Feature: uniport_ppi_2019, Epoch 18/100, Train Loss: 0.4456, Val Loss: 0.4070, Train AUC: 0.6045, Val AUC: 1.0000
Feature: uniport_ppi_2019, Epoch 19/100, Train Loss: 0.4589, Val Loss: 0.4056, Train AUC: 0.5606, Val AUC: 1.0000
Feature: uniport_ppi_2019, Epoch 20/100, Train Loss: 0.4541, Val Loss: 0.4043, Train AUC: 0.5960, Val AUC: 1.0000
Feature: uniport_ppi_2019, Epoch 21/100, Train Loss: 0.4322, Val Loss: 0.4073, Train AUC: 0.6612, Val AUC: 1.0000
Feature: uniport_ppi_2019, Epoch 22/100, Train Loss: 0.4390, Val Loss: 0.4074, Train AUC: 0.6867, Val AUC: 1.0000
Feature: uniport_ppi_2019, Epoch 23/100, Train Loss: 0.4480, Val Loss: 0.4010, Train AUC: 0.6173, Val AUC: 1.0000
Feature: uniport_ppi_2019, Epoch 24/100, Train Loss: 0.4563, Val Loss: 0.3979, Train AUC: 0.5904, Val AUC: 1.0000
Feature: uniport_ppi_2019, Epoch 25/100, Train Loss: 0.4287, Val Loss: 0.3976, Train AUC: 0.6627, Val AUC: 1.0000
Feature: uniport_ppi_2019, Epoch 26/100, Train Loss: 0.4039, Val Loss: 0.3986, Train AUC: 0.8072, Val AUC: 1.0000
Feature: uniport_ppi_2019, Epoch 27/100, Train Loss: 0.4609, Val Loss: 0.3947, Train AUC: 0.6088, Val AUC: 1.0000
Feature: uniport_ppi_2019, Epoch 28/100, Train Loss: 0.4677, Val Loss: 0.3846, Train AUC: 0.5521, Val AUC: 1.0000
Feature: uniport_ppi_2019, Epoch 29/100, Train Loss: 0.4676, Val Loss: 0.4038, Train AUC: 0.5372, Val AUC: 1.0000
Feature: uniport_ppi_2019, Epoch 30/100, Train Loss: 0.4583, Val Loss: 0.4004, Train AUC: 0.6223, Val AUC: 1.0000
Feature: uniport_ppi_2019, Epoch 31/100, Train Loss: 0.4416, Val Loss: 0.3906, Train AUC: 0.6754, Val AUC: 1.0000
Feature: uniport_ppi_2019, Epoch 32/100, Train Loss: 0.4260, Val Loss: 0.3882, Train AUC: 0.7123, Val AUC: 1.0000
Feature: uniport_ppi_2019, Epoch 33/100, Train Loss: 0.4346, Val Loss: 0.3850, Train AUC: 0.6683, Val AUC: 1.0000
Early stopping for feature uniport_ppi_2019 at epoch 33
Best Train AUC for feature uniport_ppi_2019: 0.5521
Best Val AUC for feature uniport_ppi_2019: 1.0000
Feature: ppi_2019_dw_40, Epoch 1/100, Train Loss: 0.5193, Val Loss: 0.4295, Train AUC: 0.5252, Val AUC: 0.5455
Feature: ppi_2019_dw_40, Epoch 2/100, Train Loss: 0.4609, Val Loss: 0.4229, Train AUC: 0.5670, Val AUC: 0.8977
Feature: ppi_2019_dw_40, Epoch 3/100, Train Loss: 0.4506, Val Loss: 0.4224, Train AUC: 0.5974, Val AUC: 0.9545
Feature: ppi_2019_dw_40, Epoch 4/100, Train Loss: 0.4849, Val Loss: 0.4201, Train AUC: 0.4777, Val AUC: 0.9545
Feature: ppi_2019_dw_40, Epoch 5/100, Train Loss: 0.4889, Val Loss: 0.4168, Train AUC: 0.4741, Val AUC: 0.9659
Feature: ppi_2019_dw_40, Epoch 6/100, Train Loss: 0.4899, Val Loss: 0.4141, Train AUC: 0.4855, Val AUC: 0.9773
Feature: ppi_2019_dw_40, Epoch 7/100, Train Loss: 0.4572, Val Loss: 0.4132, Train AUC: 0.5209, Val AUC: 0.9773
Feature: ppi_2019_dw_40, Epoch 8/100, Train Loss: 0.4676, Val Loss: 0.4139, Train AUC: 0.5039, Val AUC: 0.9659
Feature: ppi_2019_dw_40, Epoch 9/100, Train Loss: 0.4859, Val Loss: 0.4142, Train AUC: 0.4160, Val AUC: 0.9545
Feature: ppi_2019_dw_40, Epoch 10/100, Train Loss: 0.4458, Val Loss: 0.4148, Train AUC: 0.6123, Val AUC: 0.9432
Feature: ppi_2019_dw_40, Epoch 11/100, Train Loss: 0.4476, Val Loss: 0.4141, Train AUC: 0.6109, Val AUC: 0.9205
Feature: ppi_2019_dw_40, Epoch 12/100, Train Loss: 0.4480, Val Loss: 0.4163, Train AUC: 0.6116, Val AUC: 0.9091
Early stopping for feature ppi_2019_dw_40 at epoch 12
Best Train AUC for feature ppi_2019_dw_40: 0.5209
Best Val AUC for feature ppi_2019_dw_40: 0.9773
Feature: uniport_bio, Epoch 1/100, Train Loss: 0.6060, Val Loss: 0.4496, Train AUC: 0.4883, Val AUC: 0.3409
Feature: uniport_bio, Epoch 2/100, Train Loss: 0.4751, Val Loss: 0.4355, Train AUC: 0.5280, Val AUC: 0.3182
Feature: uniport_bio, Epoch 3/100, Train Loss: 0.4842, Val Loss: 0.4365, Train AUC: 0.4628, Val AUC: 0.3864
Feature: uniport_bio, Epoch 4/100, Train Loss: 0.4752, Val Loss: 0.4335, Train AUC: 0.5074, Val AUC: 0.4432
Feature: uniport_bio, Epoch 5/100, Train Loss: 0.4694, Val Loss: 0.4305, Train AUC: 0.5478, Val AUC: 0.5795
Feature: uniport_bio, Epoch 6/100, Train Loss: 0.4351, Val Loss: 0.4274, Train AUC: 0.6790, Val AUC: 0.6705
Feature: uniport_bio, Epoch 7/100, Train Loss: 0.4655, Val Loss: 0.4279, Train AUC: 0.5110, Val AUC: 0.7727
Feature: uniport_bio, Epoch 8/100, Train Loss: 0.4856, Val Loss: 0.4308, Train AUC: 0.4160, Val AUC: 0.8182
Feature: uniport_bio, Epoch 9/100, Train Loss: 0.4704, Val Loss: 0.4307, Train AUC: 0.5004, Val AUC: 0.8636
Feature: uniport_bio, Epoch 10/100, Train Loss: 0.4814, Val Loss: 0.4291, Train AUC: 0.4224, Val AUC: 0.8864
Feature: uniport_bio, Epoch 11/100, Train Loss: 0.4717, Val Loss: 0.4298, Train AUC: 0.5379, Val AUC: 0.8864
Early stopping for feature uniport_bio at epoch 11
Best Train AUC for feature uniport_bio: 0.6790
Best Val AUC for feature uniport_bio: 0.6705
Feature uniport_bio excluded from fusion due to low Val AUC: 0.6705
Feature: uniport_seq, Epoch 1/100, Train Loss: 0.5772, Val Loss: 0.4287, Train AUC: 0.4146, Val AUC: 0.5568
Feature: uniport_seq, Epoch 2/100, Train Loss: 0.4579, Val Loss: 0.4308, Train AUC: 0.5358, Val AUC: 0.6932
Feature: uniport_seq, Epoch 3/100, Train Loss: 0.4530, Val Loss: 0.4324, Train AUC: 0.5663, Val AUC: 0.7614
Feature: uniport_seq, Epoch 4/100, Train Loss: 0.4807, Val Loss: 0.4328, Train AUC: 0.3997, Val AUC: 0.7386
Feature: uniport_seq, Epoch 5/100, Train Loss: 0.4773, Val Loss: 0.4346, Train AUC: 0.4507, Val AUC: 0.7159
Feature: uniport_seq, Epoch 6/100, Train Loss: 0.4766, Val Loss: 0.4365, Train AUC: 0.4373, Val AUC: 0.7386
Early stopping for feature uniport_seq at epoch 6
Best Train AUC for feature uniport_seq: 0.4146
Best Val AUC for feature uniport_seq: 0.5568
Feature uniport_seq excluded from fusion due to low Val AUC: 0.5568
Feature: uniport_esm, Epoch 1/100, Train Loss: 0.5606, Val Loss: 0.4383, Train AUC: 0.4961, Val AUC: 0.5341
Feature: uniport_esm, Epoch 2/100, Train Loss: 0.5036, Val Loss: 0.4362, Train AUC: 0.4437, Val AUC: 0.5682
Feature: uniport_esm, Epoch 3/100, Train Loss: 0.4781, Val Loss: 0.4318, Train AUC: 0.5514, Val AUC: 0.5909
Feature: uniport_esm, Epoch 4/100, Train Loss: 0.4601, Val Loss: 0.4290, Train AUC: 0.5195, Val AUC: 0.6023
Feature: uniport_esm, Epoch 5/100, Train Loss: 0.4584, Val Loss: 0.4287, Train AUC: 0.5613, Val AUC: 0.6136
Feature: uniport_esm, Epoch 6/100, Train Loss: 0.4606, Val Loss: 0.4287, Train AUC: 0.5443, Val AUC: 0.6477
Feature: uniport_esm, Epoch 7/100, Train Loss: 0.4914, Val Loss: 0.4286, Train AUC: 0.4217, Val AUC: 0.6477
Feature: uniport_esm, Epoch 8/100, Train Loss: 0.4934, Val Loss: 0.4285, Train AUC: 0.4139, Val AUC: 0.6591
Feature: uniport_esm, Epoch 9/100, Train Loss: 0.4707, Val Loss: 0.4286, Train AUC: 0.4848, Val AUC: 0.6818
Feature: uniport_esm, Epoch 10/100, Train Loss: 0.4425, Val Loss: 0.4289, Train AUC: 0.6329, Val AUC: 0.6932
Feature: uniport_esm, Epoch 11/100, Train Loss: 0.4581, Val Loss: 0.4288, Train AUC: 0.5060, Val AUC: 0.6932
Feature: uniport_esm, Epoch 12/100, Train Loss: 0.5126, Val Loss: 0.4301, Train AUC: 0.2594, Val AUC: 0.7273
Feature: uniport_esm, Epoch 13/100, Train Loss: 0.4789, Val Loss: 0.4345, Train AUC: 0.3877, Val AUC: 0.7500
Early stopping for feature uniport_esm at epoch 13
Best Train AUC for feature uniport_esm: 0.4139
Best Val AUC for feature uniport_esm: 0.6591
Feature uniport_esm excluded from fusion due to low Val AUC: 0.6591
Feature: uniport_ppi_2019, Epoch 1/100, Train Loss: 0.6533, Val Loss: 0.4305, Train AUC: 0.4522, Val AUC: 0.6705
Feature: uniport_ppi_2019, Epoch 2/100, Train Loss: 0.4783, Val Loss: 0.4217, Train AUC: 0.4564, Val AUC: 0.9205
Feature: uniport_ppi_2019, Epoch 3/100, Train Loss: 0.4710, Val Loss: 0.4205, Train AUC: 0.5294, Val AUC: 0.9886
Feature: uniport_ppi_2019, Epoch 4/100, Train Loss: 0.5095, Val Loss: 0.4187, Train AUC: 0.3721, Val AUC: 1.0000
Feature: uniport_ppi_2019, Epoch 5/100, Train Loss: 0.4842, Val Loss: 0.4197, Train AUC: 0.4323, Val AUC: 1.0000
Feature: uniport_ppi_2019, Epoch 6/100, Train Loss: 0.4550, Val Loss: 0.4198, Train AUC: 0.5578, Val AUC: 1.0000
Feature: uniport_ppi_2019, Epoch 7/100, Train Loss: 0.4458, Val Loss: 0.4189, Train AUC: 0.6123, Val AUC: 1.0000
Feature: uniport_ppi_2019, Epoch 8/100, Train Loss: 0.4453, Val Loss: 0.4178, Train AUC: 0.6060, Val AUC: 1.0000
Feature: uniport_ppi_2019, Epoch 9/100, Train Loss: 0.4770, Val Loss: 0.4171, Train AUC: 0.4642, Val AUC: 1.0000
Feature: uniport_ppi_2019, Epoch 10/100, Train Loss: 0.4325, Val Loss: 0.4168, Train AUC: 0.6924, Val AUC: 1.0000
Feature: uniport_ppi_2019, Epoch 11/100, Train Loss: 0.4724, Val Loss: 0.4175, Train AUC: 0.4706, Val AUC: 1.0000
Feature: uniport_ppi_2019, Epoch 12/100, Train Loss: 0.4384, Val Loss: 0.4187, Train AUC: 0.6506, Val AUC: 1.0000
Feature: uniport_ppi_2019, Epoch 13/100, Train Loss: 0.4722, Val Loss: 0.4222, Train AUC: 0.4890, Val AUC: 1.0000
Feature: uniport_ppi_2019, Epoch 14/100, Train Loss: 0.4436, Val Loss: 0.4250, Train AUC: 0.6386, Val AUC: 0.9773
Feature: uniport_ppi_2019, Epoch 15/100, Train Loss: 0.4497, Val Loss: 0.4202, Train AUC: 0.6201, Val AUC: 0.9773
Early stopping for feature uniport_ppi_2019 at epoch 15
Best Train AUC for feature uniport_ppi_2019: 0.6924
Best Val AUC for feature uniport_ppi_2019: 1.0000
Feature: ppi_2019_dw_40, Epoch 1/100, Train Loss: 0.5375, Val Loss: 0.4200, Train AUC: 0.5096, Val AUC: 0.8182
Feature: ppi_2019_dw_40, Epoch 2/100, Train Loss: 0.5091, Val Loss: 0.4291, Train AUC: 0.4415, Val AUC: 0.8977
Feature: ppi_2019_dw_40, Epoch 3/100, Train Loss: 0.4680, Val Loss: 0.4209, Train AUC: 0.5769, Val AUC: 0.8750
Feature: ppi_2019_dw_40, Epoch 4/100, Train Loss: 0.4561, Val Loss: 0.4184, Train AUC: 0.5734, Val AUC: 0.8864
Feature: ppi_2019_dw_40, Epoch 5/100, Train Loss: 0.4422, Val Loss: 0.4186, Train AUC: 0.6208, Val AUC: 0.8636
Feature: ppi_2019_dw_40, Epoch 6/100, Train Loss: 0.4449, Val Loss: 0.4180, Train AUC: 0.5932, Val AUC: 0.8523
Feature: ppi_2019_dw_40, Epoch 7/100, Train Loss: 0.4937, Val Loss: 0.4172, Train AUC: 0.4309, Val AUC: 0.8409
Feature: ppi_2019_dw_40, Epoch 8/100, Train Loss: 0.4175, Val Loss: 0.4176, Train AUC: 0.7321, Val AUC: 0.8409ICD10_E11 269
train test split
early fusion
Epoch 1/100, Train Loss: 0.4704, Val Loss: 0.4483, Train AUC: 0.5038, Val AUC: 0.6895
Epoch 2/100, Train Loss: 0.4583, Val Loss: 0.4477, Train AUC: 0.5129, Val AUC: 0.7376
Epoch 3/100, Train Loss: 0.4548, Val Loss: 0.4477, Train AUC: 0.5293, Val AUC: 0.7525
Epoch 4/100, Train Loss: 0.4610, Val Loss: 0.4476, Train AUC: 0.4827, Val AUC: 0.7713
Epoch 5/100, Train Loss: 0.4571, Val Loss: 0.4487, Train AUC: 0.5203, Val AUC: 0.7688
Epoch 6/100, Train Loss: 0.4595, Val Loss: 0.4488, Train AUC: 0.5064, Val AUC: 0.7692
Epoch 7/100, Train Loss: 0.4587, Val Loss: 0.4470, Train AUC: 0.5024, Val AUC: 0.7679
Epoch 8/100, Train Loss: 0.4520, Val Loss: 0.4467, Train AUC: 0.5442, Val AUC: 0.7690
Epoch 9/100, Train Loss: 0.4554, Val Loss: 0.4466, Train AUC: 0.5273, Val AUC: 0.7706
Epoch 10/100, Train Loss: 0.4597, Val Loss: 0.4460, Train AUC: 0.5056, Val AUC: 0.7724
Epoch 11/100, Train Loss: 0.4633, Val Loss: 0.4484, Train AUC: 0.4837, Val AUC: 0.7749
Epoch 12/100, Train Loss: 0.4630, Val Loss: 0.4462, Train AUC: 0.4776, Val AUC: 0.7744
Epoch 13/100, Train Loss: 0.4555, Val Loss: 0.4449, Train AUC: 0.5219, Val AUC: 0.7745
Epoch 14/100, Train Loss: 0.4480, Val Loss: 0.4453, Train AUC: 0.5675, Val AUC: 0.7698
Epoch 15/100, Train Loss: 0.4524, Val Loss: 0.4439, Train AUC: 0.5434, Val AUC: 0.7721
Epoch 16/100, Train Loss: 0.4539, Val Loss: 0.4429, Train AUC: 0.5362, Val AUC: 0.7720
Epoch 17/100, Train Loss: 0.4519, Val Loss: 0.4410, Train AUC: 0.5543, Val AUC: 0.7736
Epoch 18/100, Train Loss: 0.4541, Val Loss: 0.4405, Train AUC: 0.5352, Val AUC: 0.7762
Epoch 19/100, Train Loss: 0.4560, Val Loss: 0.4417, Train AUC: 0.5356, Val AUC: 0.7773
Epoch 20/100, Train Loss: 0.4530, Val Loss: 0.4379, Train AUC: 0.5365, Val AUC: 0.7778
Epoch 21/100, Train Loss: 0.4455, Val Loss: 0.4351, Train AUC: 0.5833, Val AUC: 0.7817
Epoch 22/100, Train Loss: 0.4440, Val Loss: 0.4290, Train AUC: 0.5973, Val AUC: 0.7862
Epoch 23/100, Train Loss: 0.4472, Val Loss: 0.4384, Train AUC: 0.5847, Val AUC: 0.7853
Epoch 24/100, Train Loss: 0.4423, Val Loss: 0.4280, Train AUC: 0.6087, Val AUC: 0.7892
Epoch 25/100, Train Loss: 0.4355, Val Loss: 0.4191, Train AUC: 0.6312, Val AUC: 0.7921
Epoch 26/100, Train Loss: 0.4386, Val Loss: 0.4262, Train AUC: 0.6278, Val AUC: 0.7939
Epoch 27/100, Train Loss: 0.4400, Val Loss: 0.4287, Train AUC: 0.6210, Val AUC: 0.7980
Epoch 28/100, Train Loss: 0.4348, Val Loss: 0.4133, Train AUC: 0.6414, Val AUC: 0.8009
Epoch 29/100, Train Loss: 0.4376, Val Loss: 0.4144, Train AUC: 0.6366, Val AUC: 0.8052
Epoch 30/100, Train Loss: 0.4347, Val Loss: 0.4231, Train AUC: 0.6497, Val AUC: 0.8124
Epoch 31/100, Train Loss: 0.4142, Val Loss: 0.4086, Train AUC: 0.6993, Val AUC: 0.8194
Epoch 32/100, Train Loss: 0.4295, Val Loss: 0.4329, Train AUC: 0.6622, Val AUC: 0.8238
Epoch 33/100, Train Loss: 0.4470, Val Loss: 0.4230, Train AUC: 0.6104, Val AUC: 0.8221
Epoch 34/100, Train Loss: 0.4188, Val Loss: 0.4144, Train AUC: 0.6966, Val AUC: 0.8263
Epoch 35/100, Train Loss: 0.4359, Val Loss: 0.4252, Train AUC: 0.6470, Val AUC: 0.8167
Epoch 36/100, Train Loss: 0.4251, Val Loss: 0.3938, Train AUC: 0.6722, Val AUC: 0.8230
Epoch 37/100, Train Loss: 0.3949, Val Loss: 0.3760, Train AUC: 0.7506, Val AUC: 0.8279
Epoch 38/100, Train Loss: 0.4077, Val Loss: 0.3890, Train AUC: 0.7205, Val AUC: 0.8332
Epoch 39/100, Train Loss: 0.4110, Val Loss: 0.3929, Train AUC: 0.7112, Val AUC: 0.8312
Epoch 40/100, Train Loss: 0.3931, Val Loss: 0.3832, Train AUC: 0.7573, Val AUC: 0.8373
Epoch 41/100, Train Loss: 0.3736, Val Loss: 0.4134, Train AUC: 0.7884, Val AUC: 0.8402
Epoch 42/100, Train Loss: 0.4058, Val Loss: 0.4006, Train AUC: 0.7288, Val AUC: 0.8375
Early stopping triggered at epoch 42
Best Train AUC: 0.7506, Best Val AUC: 0.8279
early fusion validation auc: 0.8335039485229598
mid fusion
Epoch 1/100, Train Loss: 0.4547, Val Loss: 0.4348, Train AUC: 0.5484, Val AUC: 0.8320
Epoch 2/100, Train Loss: 0.4183, Val Loss: 0.4233, Train AUC: 0.7307, Val AUC: 0.8676
Epoch 3/100, Train Loss: 0.3691, Val Loss: 0.3671, Train AUC: 0.8024, Val AUC: 0.8990
Epoch 4/100, Train Loss: 0.3168, Val Loss: 0.2928, Train AUC: 0.8626, Val AUC: 0.9000
Epoch 5/100, Train Loss: 0.3054, Val Loss: 0.2860, Train AUC: 0.8685, Val AUC: 0.9068
Epoch 6/100, Train Loss: 0.2858, Val Loss: 0.2835, Train AUC: 0.8867, Val AUC: 0.9084
Epoch 7/100, Train Loss: 0.2601, Val Loss: 0.2732, Train AUC: 0.9090, Val AUC: 0.9125
Epoch 8/100, Train Loss: 0.2642, Val Loss: 0.2791, Train AUC: 0.9049, Val AUC: 0.9057
Epoch 9/100, Train Loss: 0.2604, Val Loss: 0.3094, Train AUC: 0.9063, Val AUC: 0.9062
Epoch 10/100, Train Loss: 0.2450, Val Loss: 0.3449, Train AUC: 0.9189, Val AUC: 0.9097
Epoch 11/100, Train Loss: 0.2525, Val Loss: 0.3105, Train AUC: 0.9140, Val AUC: 0.9014
Epoch 12/100, Train Loss: 0.2507, Val Loss: 0.2822, Train AUC: 0.9135, Val AUC: 0.9066
Epoch 13/100, Train Loss: 0.2261, Val Loss: 0.2817, Train AUC: 0.9323, Val AUC: 0.9025
Epoch 14/100, Train Loss: 0.2384, Val Loss: 0.2726, Train AUC: 0.9232, Val AUC: 0.9090
Epoch 15/100, Train Loss: 0.2144, Val Loss: 0.2805, Train AUC: 0.9390, Val AUC: 0.9008
Epoch 16/100, Train Loss: 0.2123, Val Loss: 0.2915, Train AUC: 0.9416, Val AUC: 0.8954
Epoch 17/100, Train Loss: 0.2167, Val Loss: 0.3308, Train AUC: 0.9375, Val AUC: 0.9033
Epoch 18/100, Train Loss: 0.2213, Val Loss: 0.3316, Train AUC: 0.9345, Val AUC: 0.9017
Epoch 19/100, Train Loss: 0.2247, Val Loss: 0.3269, Train AUC: 0.9329, Val AUC: 0.9006
Epoch 20/100, Train Loss: 0.2225, Val Loss: 0.3197, Train AUC: 0.9365, Val AUC: 0.9118
Epoch 21/100, Train Loss: 0.2113, Val Loss: 0.3078, Train AUC: 0.9430, Val AUC: 0.8968
Epoch 22/100, Train Loss: 0.2176, Val Loss: 0.2776, Train AUC: 0.9366, Val AUC: 0.9018
Early stopping triggered at epoch 22
Best Train AUC: 0.9232, Best Val AUC: 0.9090
early fusion validation auc: 0.9091474115238374
later fusion
ICD10_E66 259
train test split
early fusion
Epoch 1/100, Train Loss: 0.4649, Val Loss: 0.4514, Train AUC: 0.5200, Val AUC: 0.7666
Epoch 2/100, Train Loss: 0.4548, Val Loss: 0.4510, Train AUC: 0.5309, Val AUC: 0.8240
Epoch 3/100, Train Loss: 0.4599, Val Loss: 0.4508, Train AUC: 0.5062, Val AUC: 0.8404
Epoch 4/100, Train Loss: 0.4604, Val Loss: 0.4508, Train AUC: 0.4958, Val AUC: 0.8436
Epoch 5/100, Train Loss: 0.4508, Val Loss: 0.4502, Train AUC: 0.5447, Val AUC: 0.8474
Epoch 6/100, Train Loss: 0.4575, Val Loss: 0.4505, Train AUC: 0.5012, Val AUC: 0.8461
Epoch 7/100, Train Loss: 0.4552, Val Loss: 0.4506, Train AUC: 0.5153, Val AUC: 0.8335
Epoch 8/100, Train Loss: 0.4568, Val Loss: 0.4514, Train AUC: 0.5195, Val AUC: 0.8131
Epoch 9/100, Train Loss: 0.4605, Val Loss: 0.4499, Train AUC: 0.4948, Val AUC: 0.8209
Epoch 10/100, Train Loss: 0.4528, Val Loss: 0.4492, Train AUC: 0.5411, Val AUC: 0.8154
Epoch 11/100, Train Loss: 0.4571, Val Loss: 0.4503, Train AUC: 0.5125, Val AUC: 0.8272
Epoch 12/100, Train Loss: 0.4533, Val Loss: 0.4481, Train AUC: 0.5363, Val AUC: 0.8377
Epoch 13/100, Train Loss: 0.4617, Val Loss: 0.4487, Train AUC: 0.4998, Val AUC: 0.8489
Epoch 14/100, Train Loss: 0.4652, Val Loss: 0.4481, Train AUC: 0.4691, Val AUC: 0.8495
Epoch 15/100, Train Loss: 0.4578, Val Loss: 0.4474, Train AUC: 0.5164, Val AUC: 0.8570
Epoch 16/100, Train Loss: 0.4595, Val Loss: 0.4474, Train AUC: 0.5055, Val AUC: 0.8523
Epoch 17/100, Train Loss: 0.4552, Val Loss: 0.4453, Train AUC: 0.5349, Val AUC: 0.8540
Epoch 18/100, Train Loss: 0.4530, Val Loss: 0.4433, Train AUC: 0.5440, Val AUC: 0.8621
Epoch 19/100, Train Loss: 0.4570, Val Loss: 0.4439, Train AUC: 0.5206, Val AUC: 0.8604
Epoch 20/100, Train Loss: 0.4566, Val Loss: 0.4426, Train AUC: 0.5270, Val AUC: 0.8619
Epoch 21/100, Train Loss: 0.4479, Val Loss: 0.4390, Train AUC: 0.5660, Val AUC: 0.8557
Epoch 22/100, Train Loss: 0.4501, Val Loss: 0.4395, Train AUC: 0.5612, Val AUC: 0.8568
Epoch 23/100, Train Loss: 0.4515, Val Loss: 0.4352, Train AUC: 0.5552, Val AUC: 0.8601
Epoch 24/100, Train Loss: 0.4509, Val Loss: 0.4331, Train AUC: 0.5508, Val AUC: 0.8645
Epoch 25/100, Train Loss: 0.4475, Val Loss: 0.4261, Train AUC: 0.5734, Val AUC: 0.8640
Epoch 26/100, Train Loss: 0.4423, Val Loss: 0.4267, Train AUC: 0.6044, Val AUC: 0.8715
Epoch 27/100, Train Loss: 0.4528, Val Loss: 0.4400, Train AUC: 0.5781, Val AUC: 0.8684
Epoch 28/100, Train Loss: 0.4533, Val Loss: 0.4438, Train AUC: 0.5511, Val AUC: 0.8725
Epoch 29/100, Train Loss: 0.4480, Val Loss: 0.4362, Train AUC: 0.5749, Val AUC: 0.8702
Epoch 30/100, Train Loss: 0.4422, Val Loss: 0.4333, Train AUC: 0.6016, Val AUC: 0.8725
Early stopping triggered at epoch 30
Best Train AUC: 0.5734, Best Val AUC: 0.8640
early fusion validation auc: 0.8709278987185425
mid fusion
Epoch 1/100, Train Loss: 0.4567, Val Loss: 0.4452, Train AUC: 0.5398, Val AUC: 0.8567
Epoch 2/100, Train Loss: 0.4407, Val Loss: 0.4200, Train AUC: 0.6101, Val AUC: 0.8970
Epoch 3/100, Train Loss: 0.3981, Val Loss: 0.3296, Train AUC: 0.7715, Val AUC: 0.9023
Epoch 4/100, Train Loss: 0.3597, Val Loss: 0.2924, Train AUC: 0.8081, Val AUC: 0.9209
Epoch 5/100, Train Loss: 0.3271, Val Loss: 0.3293, Train AUC: 0.8487, Val AUC: 0.9238
Epoch 6/100, Train Loss: 0.3199, Val Loss: 0.3436, Train AUC: 0.8537, Val AUC: 0.9288
Epoch 7/100, Train Loss: 0.3059, Val Loss: 0.2722, Train AUC: 0.8680, Val AUC: 0.9274
Epoch 8/100, Train Loss: 0.3096, Val Loss: 0.2502, Train AUC: 0.8665, Val AUC: 0.9254
Epoch 9/100, Train Loss: 0.3101, Val Loss: 0.2655, Train AUC: 0.8656, Val AUC: 0.9217
Epoch 10/100, Train Loss: 0.2854, Val Loss: 0.2514, Train AUC: 0.8872, Val AUC: 0.9244
Epoch 11/100, Train Loss: 0.2742, Val Loss: 0.2649, Train AUC: 0.8953, Val AUC: 0.9158
Epoch 12/100, Train Loss: 0.2852, Val Loss: 0.4149, Train AUC: 0.8868, Val AUC: 0.9301
Epoch 13/100, Train Loss: 0.3247, Val Loss: 0.2611, Train AUC: 0.8513, Val AUC: 0.9101
Epoch 14/100, Train Loss: 0.2705, Val Loss: 0.2500, Train AUC: 0.8978, Val AUC: 0.9161
Epoch 15/100, Train Loss: 0.2724, Val Loss: 0.3030, Train AUC: 0.8995, Val AUC: 0.9048
Epoch 16/100, Train Loss: 0.2754, Val Loss: 0.2737, Train AUC: 0.8973, Val AUC: 0.9184
Epoch 17/100, Train Loss: 0.2891, Val Loss: 0.2573, Train AUC: 0.8875, Val AUC: 0.9191
Epoch 18/100, Train Loss: 0.2591, Val Loss: 0.2588, Train AUC: 0.9104, Val AUC: 0.9226
Epoch 19/100, Train Loss: 0.2588, Val Loss: 0.2506, Train AUC: 0.9132, Val AUC: 0.9227
Epoch 20/100, Train Loss: 0.2646, Val Loss: 0.2847, Train AUC: 0.9076, Val AUC: 0.9202
Epoch 21/100, Train Loss: 0.2648, Val Loss: 0.2471, Train AUC: 0.9047, Val AUC: 0.9198
Epoch 22/100, Train Loss: 0.2760, Val Loss: 0.2685, Train AUC: 0.8929, Val AUC: 0.9240
Epoch 23/100, Train Loss: 0.2436, Val Loss: 0.2870, Train AUC: 0.9236, Val AUC: 0.9135
Epoch 24/100, Train Loss: 0.3235, Val Loss: 0.2533, Train AUC: 0.8483, Val AUC: 0.9172
Epoch 25/100, Train Loss: 0.2493, Val Loss: 0.2540, Train AUC: 0.9177, Val AUC: 0.9155
Epoch 26/100, Train Loss: 0.2421, Val Loss: 0.2754, Train AUC: 0.9218, Val AUC: 0.9152
Epoch 27/100, Train Loss: 0.2495, Val Loss: 0.2589, Train AUC: 0.9181, Val AUC: 0.9123
Epoch 28/100, Train Loss: 0.2366, Val Loss: 0.3248, Train AUC: 0.9250, Val AUC: 0.9148
Epoch 29/100, Train Loss: 0.2372, Val Loss: 0.2551, Train AUC: 0.9233, Val AUC: 0.9128
Early stopping triggered at epoch 29
Best Train AUC: 0.9047, Best Val AUC: 0.9198
early fusion validation auc: 0.9178246101590242
later fusion
Feature: uniport_ppi_2019, Epoch 1/100, Train Loss: 0.4801, Val Loss: 0.4462, Train AUC: 0.5047, Val AUC: 0.7597
Feature: uniport_ppi_2019, Epoch 2/100, Train Loss: 0.4729, Val Loss: 0.4460, Train AUC: 0.4467, Val AUC: 0.8259
Feature: uniport_ppi_2019, Epoch 3/100, Train Loss: 0.4640, Val Loss: 0.4468, Train AUC: 0.4871, Val AUC: 0.8621
Feature: uniport_ppi_2019, Epoch 4/100, Train Loss: 0.4551, Val Loss: 0.4437, Train AUC: 0.5167, Val AUC: 0.8770
Feature: uniport_ppi_2019, Epoch 5/100, Train Loss: 0.4469, Val Loss: 0.4414, Train AUC: 0.5786, Val AUC: 0.8893
Feature: uniport_ppi_2019, Epoch 6/100, Train Loss: 0.4459, Val Loss: 0.4363, Train AUC: 0.5782, Val AUC: 0.8989
Feature: uniport_ppi_2019, Epoch 7/100, Train Loss: 0.4455, Val Loss: 0.4312, Train AUC: 0.5779, Val AUC: 0.9034
Feature: uniport_ppi_2019, Epoch 8/100, Train Loss: 0.4439, Val Loss: 0.4206, Train AUC: 0.5971, Val AUC: 0.9106
Feature: uniport_ppi_2019, Epoch 9/100, Train Loss: 0.4258, Val Loss: 0.4003, Train AUC: 0.6681, Val AUC: 0.9078
Feature: uniport_ppi_2019, Epoch 10/100, Train Loss: 0.4177, Val Loss: 0.3641, Train AUC: 0.6963, Val AUC: 0.9135
Feature: uniport_ppi_2019, Epoch 11/100, Train Loss: 0.4072, Val Loss: 0.3821, Train AUC: 0.7189, Val AUC: 0.9078
Feature: uniport_ppi_2019, Epoch 12/100, Train Loss: 0.4229, Val Loss: 0.3709, Train AUC: 0.6814, Val AUC: 0.9178
Feature: uniport_ppi_2019, Epoch 13/100, Train Loss: 0.3818, Val Loss: 0.3225, Train AUC: 0.7767, Val AUC: 0.9150
Feature: uniport_ppi_2019, Epoch 14/100, Train Loss: 0.4101, Val Loss: 0.3680, Train AUC: 0.7094, Val AUC: 0.9175
Feature: uniport_ppi_2019, Epoch 15/100, Train Loss: 0.3846, Val Loss: 0.3048, Train AUC: 0.7736, Val AUC: 0.9176
Feature: uniport_ppi_2019, Epoch 16/100, Train Loss: 0.3646, Val Loss: 0.3029, Train AUC: 0.8011, Val AUC: 0.9162
Feature: uniport_ppi_2019, Epoch 17/100, Train Loss: 0.3849, Val Loss: 0.3360, Train AUC: 0.7631, Val AUC: 0.9147
Feature: uniport_ppi_2019, Epoch 18/100, Train Loss: 0.3577, Val Loss: 0.3166, Train AUC: 0.8080, Val AUC: 0.9218
Feature: uniport_ppi_2019, Epoch 19/100, Train Loss: 0.3583, Val Loss: 0.2957, Train AUC: 0.8053, Val AUC: 0.9186
Feature: uniport_ppi_2019, Epoch 20/100, Train Loss: 0.3546, Val Loss: 0.2969, Train AUC: 0.8099, Val AUC: 0.9132
Feature: uniport_ppi_2019, Epoch 21/100, Train Loss: 0.3727, Val Loss: 0.3232, Train AUC: 0.7789, Val AUC: 0.9200
Feature: uniport_ppi_2019, Epoch 22/100, Train Loss: 0.3644, Val Loss: 0.3408, Train AUC: 0.7963, Val AUC: 0.9150
Feature: uniport_ppi_2019, Epoch 23/100, Train Loss: 0.3717, Val Loss: 0.3130, Train AUC: 0.7931, Val AUC: 0.9119
Feature: uniport_ppi_2019, Epoch 24/100, Train Loss: 0.3551, Val Loss: 0.2702, Train AUC: 0.8042, Val AUC: 0.9220
Feature: uniport_ppi_2019, Epoch 25/100, Train Loss: 0.3650, Val Loss: 0.3087, Train AUC: 0.7962, Val AUC: 0.9218
Feature: uniport_ppi_2019, Epoch 26/100, Train Loss: 0.3984, Val Loss: 0.3406, Train AUC: 0.7421, Val AUC: 0.9192
Feature: uniport_ppi_2019, Epoch 27/100, Train Loss: 0.3588, Val Loss: 0.2780, Train AUC: 0.8087, Val AUC: 0.9199
Feature: uniport_ppi_2019, Epoch 28/100, Train Loss: 0.3614, Val Loss: 0.2867, Train AUC: 0.8046, Val AUC: 0.9226
Feature: uniport_ppi_2019, Epoch 29/100, Train Loss: 0.3474, Val Loss: 0.2972, Train AUC: 0.8180, Val AUC: 0.9203
Early stopping for feature uniport_ppi_2019 at epoch 29
Best Train AUC for feature uniport_ppi_2019: 0.8042
Best Val AUC for feature uniport_ppi_2019: 0.9220
Feature: ppi_2019_dw_40, Epoch 1/100, Train Loss: 0.4795, Val Loss: 0.4432, Train AUC: 0.4958, Val AUC: 0.8258
Feature: ppi_2019_dw_40, Epoch 2/100, Train Loss: 0.4549, Val Loss: 0.4388, Train AUC: 0.5530, Val AUC: 0.8939
Feature: ppi_2019_dw_40, Epoch 3/100, Train Loss: 0.4522, Val Loss: 0.4342, Train AUC: 0.5486, Val AUC: 0.9064
Feature: ppi_2019_dw_40, Epoch 4/100, Train Loss: 0.4483, Val Loss: 0.4261, Train AUC: 0.5720, Val AUC: 0.9100
Feature: ppi_2019_dw_40, Epoch 5/100, Train Loss: 0.4372, Val Loss: 0.4108, Train AUC: 0.6193, Val AUC: 0.9152
Feature: ppi_2019_dw_40, Epoch 6/100, Train Loss: 0.4292, Val Loss: 0.3806, Train AUC: 0.6617, Val AUC: 0.9174
Feature: ppi_2019_dw_40, Epoch 7/100, Train Loss: 0.4180, Val Loss: 0.3564, Train AUC: 0.6988, Val AUC: 0.9218
Feature: ppi_2019_dw_40, Epoch 8/100, Train Loss: 0.3731, Val Loss: 0.3172, Train AUC: 0.7960, Val AUC: 0.9147
Feature: ppi_2019_dw_40, Epoch 9/100, Train Loss: 0.4011, Val Loss: 0.3378, Train AUC: 0.7320, Val AUC: 0.9260
Feature: ppi_2019_dw_40, Epoch 10/100, Train Loss: 0.3868, Val Loss: 0.3472, Train AUC: 0.7634, Val AUC: 0.9240
Feature: ppi_2019_dw_40, Epoch 11/100, Train Loss: 0.3841, Val Loss: 0.3191, Train AUC: 0.7661, Val AUC: 0.9288
Feature: ppi_2019_dw_40, Epoch 12/100, Train Loss: 0.3781, Val Loss: 0.2979, Train AUC: 0.7763, Val AUC: 0.9227
Feature: ppi_2019_dw_40, Epoch 13/100, Train Loss: 0.3522, Val Loss: 0.3081, Train AUC: 0.8215, Val AUC: 0.9272
Feature: ppi_2019_dw_40, Epoch 14/100, Train Loss: 0.3432, Val Loss: 0.2872, Train AUC: 0.8226, Val AUC: 0.9274
Feature: ppi_2019_dw_40, Epoch 15/100, Train Loss: 0.3507, Val Loss: 0.2949, Train AUC: 0.8196, Val AUC: 0.9321
Feature: ppi_2019_dw_40, Epoch 16/100, Train Loss: 0.3535, Val Loss: 0.2792, Train AUC: 0.8052, Val AUC: 0.9273
Feature: ppi_2019_dw_40, Epoch 17/100, Train Loss: 0.3601, Val Loss: 0.2864, Train AUC: 0.8005, Val AUC: 0.9287
Feature: ppi_2019_dw_40, Epoch 18/100, Train Loss: 0.3401, Val Loss: 0.2797, Train AUC: 0.8261, Val AUC: 0.9300
Feature: ppi_2019_dw_40, Epoch 19/100, Train Loss: 0.3454, Val Loss: 0.3170, Train AUC: 0.8210, Val AUC: 0.9305
Feature: ppi_2019_dw_40, Epoch 20/100, Train Loss: 0.3251, Val Loss: 0.2691, Train AUC: 0.8439, Val AUC: 0.9304
Feature: ppi_2019_dw_40, Epoch 21/100, Train Loss: 0.3126, Val Loss: 0.2635, Train AUC: 0.8626, Val AUC: 0.9311
Feature: ppi_2019_dw_40, Epoch 22/100, Train Loss: 0.3215, Val Loss: 0.2617, Train AUC: 0.8559, Val AUC: 0.9318
Feature: ppi_2019_dw_40, Epoch 23/100, Train Loss: 0.3277, Val Loss: 0.2440, Train AUC: 0.8384, Val AUC: 0.9303
Feature: ppi_2019_dw_40, Epoch 24/100, Train Loss: 0.3310, Val Loss: 0.2515, Train AUC: 0.8402, Val AUC: 0.9304
Feature: ppi_2019_dw_40, Epoch 25/100, Train Loss: 0.3127, Val Loss: 0.2426, Train AUC: 0.8585, Val AUC: 0.9342
Feature: ppi_2019_dw_40, Epoch 26/100, Train Loss: 0.3060, Val Loss: 0.2473, Train AUC: 0.8637, Val AUC: 0.9310
Feature: ppi_2019_dw_40, Epoch 27/100, Train Loss: 0.3111, Val Loss: 0.2779, Train AUC: 0.8600, Val AUC: 0.9331
Feature: ppi_2019_dw_40, Epoch 28/100, Train Loss: 0.3286, Val Loss: 0.2573, Train AUC: 0.8464, Val AUC: 0.9306
Feature: ppi_2019_dw_40, Epoch 29/100, Train Loss: 0.3223, Val Loss: 0.2397, Train AUC: 0.8507, Val AUC: 0.9333
Feature: ppi_2019_dw_40, Epoch 30/100, Train Loss: 0.3242, Val Loss: 0.2634, Train AUC: 0.8466, Val AUC: 0.9320
Feature: ppi_2019_dw_40, Epoch 31/100, Train Loss: 0.3156, Val Loss: 0.2372, Train AUC: 0.8560, Val AUC: 0.9328
Feature: ppi_2019_dw_40, Epoch 32/100, Train Loss: 0.3160, Val Loss: 0.2462, Train AUC: 0.8557, Val AUC: 0.9334
Feature: ppi_2019_dw_40, Epoch 33/100, Train Loss: 0.3200, Val Loss: 0.2554, Train AUC: 0.8577, Val AUC: 0.9342
Feature: ppi_2019_dw_40, Epoch 34/100, Train Loss: 0.2977, Val Loss: 0.2501, Train AUC: 0.8783, Val AUC: 0.9324
Feature: ppi_2019_dw_40, Epoch 35/100, Train Loss: 0.3162, Val Loss: 0.2559, Train AUC: 0.8545, Val AUC: 0.9314
Feature: ppi_2019_dw_40, Epoch 36/100, Train Loss: 0.3011, Val Loss: 0.2781, Train AUC: 0.8726, Val AUC: 0.9270
Early stopping for feature ppi_2019_dw_40 at epoch 36
Best Train AUC for feature ppi_2019_dw_40: 0.8560
Best Val AUC for feature ppi_2019_dw_40: 0.9328
Feature: uniport_bio, Epoch 1/100, Train Loss: 0.4791, Val Loss: 0.4468, Train AUC: 0.4875, Val AUC: 0.7245
Feature: uniport_bio, Epoch 2/100, Train Loss: 0.4548, Val Loss: 0.4435, Train AUC: 0.5286, Val AUC: 0.8245
Feature: uniport_bio, Epoch 3/100, Train Loss: 0.4563, Val Loss: 0.4390, Train AUC: 0.5269, Val AUC: 0.8627
Feature: uniport_bio, Epoch 4/100, Train Loss: 0.4547, Val Loss: 0.4325, Train AUC: 0.5319, Val AUC: 0.8866
Feature: uniport_bio, Epoch 5/100, Train Loss: 0.4478, Val Loss: 0.4278, Train AUC: 0.5729, Val AUC: 0.8913
Feature: uniport_bio, Epoch 6/100, Train Loss: 0.4354, Val Loss: 0.4118, Train AUC: 0.6389, Val AUC: 0.8982
Feature: uniport_bio, Epoch 7/100, Train Loss: 0.4279, Val Loss: 0.3800, Train AUC: 0.6582, Val AUC: 0.8939
Feature: uniport_bio, Epoch 8/100, Train Loss: 0.4053, Val Loss: 0.3668, Train AUC: 0.7207, Val AUC: 0.9078
Feature: uniport_bio, Epoch 9/100, Train Loss: 0.4035, Val Loss: 0.3411, Train AUC: 0.7229, Val AUC: 0.8942
Feature: uniport_bio, Epoch 10/100, Train Loss: 0.4061, Val Loss: 0.3526, Train AUC: 0.7163, Val AUC: 0.9043
Feature: uniport_bio, Epoch 11/100, Train Loss: 0.3882, Val Loss: 0.3407, Train AUC: 0.7586, Val AUC: 0.9001
Feature: uniport_bio, Epoch 12/100, Train Loss: 0.3928, Val Loss: 0.3370, Train AUC: 0.7431, Val AUC: 0.9106
Feature: uniport_bio, Epoch 13/100, Train Loss: 0.3816, Val Loss: 0.3194, Train AUC: 0.7660, Val AUC: 0.9076
Feature: uniport_bio, Epoch 14/100, Train Loss: 0.3655, Val Loss: 0.3389, Train AUC: 0.7888, Val AUC: 0.8983
Feature: uniport_bio, Epoch 15/100, Train Loss: 0.3799, Val Loss: 0.3256, Train AUC: 0.7637, Val AUC: 0.9116
Feature: uniport_bio, Epoch 16/100, Train Loss: 0.3739, Val Loss: 0.3208, Train AUC: 0.7837, Val AUC: 0.9101
Feature: uniport_bio, Epoch 17/100, Train Loss: 0.3726, Val Loss: 0.3202, Train AUC: 0.7748, Val AUC: 0.9090
Feature: uniport_bio, Epoch 18/100, Train Loss: 0.3879, Val Loss: 0.3041, Train AUC: 0.7515, Val AUC: 0.9107
Feature: uniport_bio, Epoch 19/100, Train Loss: 0.3625, Val Loss: 0.3071, Train AUC: 0.7956, Val AUC: 0.9149
Feature: uniport_bio, Epoch 20/100, Train Loss: 0.3702, Val Loss: 0.3261, Train AUC: 0.7827, Val AUC: 0.9150
Feature: uniport_bio, Epoch 21/100, Train Loss: 0.3723, Val Loss: 0.2986, Train AUC: 0.7661, Val AUC: 0.9178
Feature: uniport_bio, Epoch 22/100, Train Loss: 0.3752, Val Loss: 0.2916, Train AUC: 0.7669, Val AUC: 0.9098
Feature: uniport_bio, Epoch 23/100, Train Loss: 0.3566, Val Loss: 0.2892, Train AUC: 0.8004, Val AUC: 0.9125
Feature: uniport_bio, Epoch 24/100, Train Loss: 0.3593, Val Loss: 0.2899, Train AUC: 0.7910, Val AUC: 0.9149
Feature: uniport_bio, Epoch 25/100, Train Loss: 0.3581, Val Loss: 0.3017, Train AUC: 0.7938, Val AUC: 0.9142
Feature: uniport_bio, Epoch 26/100, Train Loss: 0.3556, Val Loss: 0.3065, Train AUC: 0.7976, Val AUC: 0.9097
Feature: uniport_bio, Epoch 27/100, Train Loss: 0.3474, Val Loss: 0.2908, Train AUC: 0.8043, Val AUC: 0.9105
Feature: uniport_bio, Epoch 28/100, Train Loss: 0.3387, Val Loss: 0.2978, Train AUC: 0.8263, Val AUC: 0.9088
Early stopping for feature uniport_bio at epoch 28
Best Train AUC for feature uniport_bio: 0.8004
Best Val AUC for feature uniport_bio: 0.9125
Feature: uniport_seq, Epoch 1/100, Train Loss: 0.4764, Val Loss: 0.4510, Train AUC: 0.4494, Val AUC: 0.6361
Feature: uniport_seq, Epoch 2/100, Train Loss: 0.4629, Val Loss: 0.4513, Train AUC: 0.4665, Val AUC: 0.6628
Feature: uniport_seq, Epoch 3/100, Train Loss: 0.4665, Val Loss: 0.4521, Train AUC: 0.4668, Val AUC: 0.6794
Feature: uniport_seq, Epoch 4/100, Train Loss: 0.4508, Val Loss: 0.4509, Train AUC: 0.5339, Val AUC: 0.6938
Feature: uniport_seq, Epoch 5/100, Train Loss: 0.4680, Val Loss: 0.4536, Train AUC: 0.4468, Val AUC: 0.7086
Feature: uniport_seq, Epoch 6/100, Train Loss: 0.4551, Val Loss: 0.4511, Train AUC: 0.5222, Val AUC: 0.7111
Feature: uniport_seq, Epoch 7/100, Train Loss: 0.4595, Val Loss: 0.4503, Train AUC: 0.4971, Val AUC: 0.7146
Feature: uniport_seq, Epoch 8/100, Train Loss: 0.4642, Val Loss: 0.4502, Train AUC: 0.4639, Val AUC: 0.7187
Feature: uniport_seq, Epoch 9/100, Train Loss: 0.4607, Val Loss: 0.4502, Train AUC: 0.4850, Val AUC: 0.7214
Feature: uniport_seq, Epoch 10/100, Train Loss: 0.4543, Val Loss: 0.4501, Train AUC: 0.5249, Val AUC: 0.7202
Feature: uniport_seq, Epoch 11/100, Train Loss: 0.4598, Val Loss: 0.4498, Train AUC: 0.4840, Val AUC: 0.7219
Feature: uniport_seq, Epoch 12/100, Train Loss: 0.4601, Val Loss: 0.4501, Train AUC: 0.4809, Val AUC: 0.7223
Feature: uniport_seq, Epoch 13/100, Train Loss: 0.4547, Val Loss: 0.4495, Train AUC: 0.5207, Val AUC: 0.7229
Feature: uniport_seq, Epoch 14/100, Train Loss: 0.4530, Val Loss: 0.4493, Train AUC: 0.5293, Val AUC: 0.7206
Feature: uniport_seq, Epoch 15/100, Train Loss: 0.4536, Val Loss: 0.4498, Train AUC: 0.5273, Val AUC: 0.7216
Feature: uniport_seq, Epoch 16/100, Train Loss: 0.4630, Val Loss: 0.4488, Train AUC: 0.4792, Val AUC: 0.7211
Feature: uniport_seq, Epoch 17/100, Train Loss: 0.4600, Val Loss: 0.4485, Train AUC: 0.4909, Val AUC: 0.7195
Feature: uniport_seq, Epoch 18/100, Train Loss: 0.4539, Val Loss: 0.4484, Train AUC: 0.5190, Val AUC: 0.7219
Feature: uniport_seq, Epoch 19/100, Train Loss: 0.4596, Val Loss: 0.4511, Train AUC: 0.4981, Val AUC: 0.7230
Feature: uniport_seq, Epoch 20/100, Train Loss: 0.4507, Val Loss: 0.4481, Train AUC: 0.5399, Val AUC: 0.7212
Feature: uniport_seq, Epoch 21/100, Train Loss: 0.4560, Val Loss: 0.4479, Train AUC: 0.5219, Val AUC: 0.7216
Feature: uniport_seq, Epoch 22/100, Train Loss: 0.4528, Val Loss: 0.4482, Train AUC: 0.5337, Val AUC: 0.7199
Feature: uniport_seq, Epoch 23/100, Train Loss: 0.4522, Val Loss: 0.4475, Train AUC: 0.5370, Val AUC: 0.7245
Feature: uniport_seq, Epoch 24/100, Train Loss: 0.4568, Val Loss: 0.4472, Train AUC: 0.5146, Val AUC: 0.7236
Feature: uniport_seq, Epoch 25/100, Train Loss: 0.4622, Val Loss: 0.4500, Train AUC: 0.4949, Val AUC: 0.7231
Feature: uniport_seq, Epoch 26/100, Train Loss: 0.4594, Val Loss: 0.4482, Train AUC: 0.5118, Val AUC: 0.7226
Feature: uniport_seq, Epoch 27/100, Train Loss: 0.4546, Val Loss: 0.4483, Train AUC: 0.5264, Val AUC: 0.7244
Feature: uniport_seq, Epoch 28/100, Train Loss: 0.4469, Val Loss: 0.4483, Train AUC: 0.5750, Val AUC: 0.7220
Feature: uniport_seq, Epoch 29/100, Train Loss: 0.4537, Val Loss: 0.4469, Train AUC: 0.5298, Val AUC: 0.7226
Feature: uniport_seq, Epoch 30/100, Train Loss: 0.4517, Val Loss: 0.4475, Train AUC: 0.5377, Val AUC: 0.7217
Feature: uniport_seq, Epoch 31/100, Train Loss: 0.4514, Val Loss: 0.4468, Train AUC: 0.5478, Val AUC: 0.7229
Feature: uniport_seq, Epoch 32/100, Train Loss: 0.4538, Val Loss: 0.4462, Train AUC: 0.5362, Val AUC: 0.7236
Feature: uniport_seq, Epoch 33/100, Train Loss: 0.4586, Val Loss: 0.4470, Train AUC: 0.5128, Val AUC: 0.7234
Feature: uniport_seq, Epoch 34/100, Train Loss: 0.4531, Val Loss: 0.4492, Train AUC: 0.5354, Val AUC: 0.7206
Feature: uniport_seq, Epoch 35/100, Train Loss: 0.4546, Val Loss: 0.4473, Train AUC: 0.5332, Val AUC: 0.7221
Feature: uniport_seq, Epoch 36/100, Train Loss: 0.4560, Val Loss: 0.4463, Train AUC: 0.5080, Val AUC: 0.7227
Feature: uniport_seq, Epoch 37/100, Train Loss: 0.4496, Val Loss: 0.4466, Train AUC: 0.5557, Val AUC: 0.7235
Early stopping for feature uniport_seq at epoch 37
Best Train AUC for feature uniport_seq: 0.5362
Best Val AUC for feature uniport_seq: 0.7236
Feature: uniport_esm, Epoch 1/100, Train Loss: 0.4770, Val Loss: 0.4528, Train AUC: 0.4891, Val AUC: 0.6865
Feature: uniport_esm, Epoch 2/100, Train Loss: 0.4675, Val Loss: 0.4508, Train AUC: 0.4698, Val AUC: 0.7277
Feature: uniport_esm, Epoch 3/100, Train Loss: 0.4636, Val Loss: 0.4504, Train AUC: 0.4988, Val AUC: 0.7574
Feature: uniport_esm, Epoch 4/100, Train Loss: 0.4604, Val Loss: 0.4504, Train AUC: 0.5070, Val AUC: 0.7449
Feature: uniport_esm, Epoch 5/100, Train Loss: 0.4634, Val Loss: 0.4504, Train AUC: 0.4878, Val AUC: 0.7419
Feature: uniport_esm, Epoch 6/100, Train Loss: 0.4611, Val Loss: 0.4503, Train AUC: 0.5068, Val AUC: 0.7371
Feature: uniport_esm, Epoch 7/100, Train Loss: 0.4538, Val Loss: 0.4500, Train AUC: 0.5416, Val AUC: 0.7256
Feature: uniport_esm, Epoch 8/100, Train Loss: 0.4546, Val Loss: 0.4505, Train AUC: 0.5248, Val AUC: 0.7328
Feature: uniport_esm, Epoch 9/100, Train Loss: 0.4588, Val Loss: 0.4504, Train AUC: 0.5206, Val AUC: 0.7209
Feature: uniport_esm, Epoch 10/100, Train Loss: 0.4574, Val Loss: 0.4497, Train AUC: 0.5233, Val AUC: 0.7130
Feature: uniport_esm, Epoch 11/100, Train Loss: 0.4609, Val Loss: 0.4494, Train AUC: 0.5018, Val AUC: 0.7155
Feature: uniport_esm, Epoch 12/100, Train Loss: 0.4626, Val Loss: 0.4493, Train AUC: 0.4754, Val AUC: 0.7179
Feature: uniport_esm, Epoch 13/100, Train Loss: 0.4573, Val Loss: 0.4501, Train AUC: 0.5137, Val AUC: 0.7232
Feature: uniport_esm, Epoch 14/100, Train Loss: 0.4613, Val Loss: 0.4501, Train AUC: 0.5107, Val AUC: 0.7239
Feature: uniport_esm, Epoch 15/100, Train Loss: 0.4584, Val Loss: 0.4490, Train AUC: 0.5033, Val AUC: 0.7309
Feature: uniport_esm, Epoch 16/100, Train Loss: 0.4590, Val Loss: 0.4485, Train AUC: 0.5098, Val AUC: 0.7378
Feature: uniport_esm, Epoch 17/100, Train Loss: 0.4583, Val Loss: 0.4483, Train AUC: 0.5119, Val AUC: 0.7324
Feature: uniport_esm, Epoch 18/100, Train Loss: 0.4587, Val Loss: 0.4481, Train AUC: 0.5056, Val AUC: 0.7326
Feature: uniport_esm, Epoch 19/100, Train Loss: 0.4548, Val Loss: 0.4482, Train AUC: 0.5280, Val AUC: 0.7300
Feature: uniport_esm, Epoch 20/100, Train Loss: 0.4511, Val Loss: 0.4483, Train AUC: 0.5479, Val AUC: 0.7269
Feature: uniport_esm, Epoch 21/100, Train Loss: 0.4566, Val Loss: 0.4479, Train AUC: 0.5167, Val AUC: 0.7298
Feature: uniport_esm, Epoch 22/100, Train Loss: 0.4604, Val Loss: 0.4477, Train AUC: 0.4918, Val AUC: 0.7282
Feature: uniport_esm, Epoch 23/100, Train Loss: 0.4563, Val Loss: 0.4462, Train AUC: 0.5146, Val AUC: 0.7275
Feature: uniport_esm, Epoch 24/100, Train Loss: 0.4583, Val Loss: 0.4459, Train AUC: 0.5084, Val AUC: 0.7290
Feature: uniport_esm, Epoch 25/100, Train Loss: 0.4588, Val Loss: 0.4459, Train AUC: 0.5019, Val AUC: 0.7271
Feature: uniport_esm, Epoch 26/100, Train Loss: 0.4564, Val Loss: 0.4448, Train AUC: 0.5089, Val AUC: 0.7283
Feature: uniport_esm, Epoch 27/100, Train Loss: 0.4456, Val Loss: 0.4492, Train AUC: 0.5823, Val AUC: 0.7223
Feature: uniport_esm, Epoch 28/100, Train Loss: 0.4590, Val Loss: 0.4448, Train AUC: 0.5241, Val AUC: 0.7389
Feature: uniport_esm, Epoch 29/100, Train Loss: 0.4502, Val Loss: 0.4426, Train AUC: 0.5528, Val AUC: 0.7428
Feature: uniport_esm, Epoch 30/100, Train Loss: 0.4533, Val Loss: 0.4464, Train AUC: 0.5384, Val AUC: 0.7382
Feature: uniport_esm, Epoch 31/100, Train Loss: 0.4600, Val Loss: 0.4424, Train AUC: 0.5048, Val AUC: 0.7439
Feature: uniport_esm, Epoch 32/100, Train Loss: 0.4504, Val Loss: 0.4465, Train AUC: 0.5656, Val AUC: 0.7378
Feature: uniport_esm, Epoch 33/100, Train Loss: 0.4602, Val Loss: 0.4430, Train AUC: 0.4993, Val AUC: 0.7422
Feature: uniport_esm, Epoch 34/100, Train Loss: 0.4537, Val Loss: 0.4424, Train AUC: 0.5416, Val AUC: 0.7499
Feature: uniport_esm, Epoch 35/100, Train Loss: 0.4453, Val Loss: 0.4422, Train AUC: 0.5824, Val AUC: 0.7507
Feature: uniport_esm, Epoch 36/100, Train Loss: 0.4487, Val Loss: 0.4466, Train AUC: 0.5712, Val AUC: 0.7551
Feature: uniport_esm, Epoch 37/100, Train Loss: 0.4452, Val Loss: 0.4378, Train AUC: 0.5949, Val AUC: 0.7558
Feature: uniport_esm, Epoch 38/100, Train Loss: 0.4494, Val Loss: 0.4345, Train AUC: 0.5659, Val AUC: 0.7542
Feature: uniport_esm, Epoch 39/100, Train Loss: 0.4481, Val Loss: 0.4295, Train AUC: 0.5684, Val AUC: 0.7578
Feature: uniport_esm, Epoch 40/100, Train Loss: 0.4471, Val Loss: 0.4277, Train AUC: 0.5795, Val AUC: 0.7585
Feature: uniport_esm, Epoch 41/100, Train Loss: 0.4599, Val Loss: 0.4404, Train AUC: 0.5508, Val AUC: 0.7649
Feature: uniport_esm, Epoch 42/100, Train Loss: 0.4558, Val Loss: 0.4431, Train AUC: 0.5633, Val AUC: 0.7664
Feature: uniport_esm, Epoch 43/100, Train Loss: 0.4585, Val Loss: 0.4421, Train AUC: 0.5181, Val AUC: 0.7655
Feature: uniport_esm, Epoch 44/100, Train Loss: 0.4500, Val Loss: 0.4392, Train AUC: 0.5621, Val AUC: 0.7690
Feature: uniport_esm, Epoch 45/100, Train Loss: 0.4596, Val Loss: 0.4374, Train AUC: 0.5243, Val AUC: 0.7632
Early stopping for feature uniport_esm at epoch 45
Best Train AUC for feature uniport_esm: 0.5795
Best Val AUC for feature uniport_esm: 0.7585
Feature: uniport_ppi_2019, Epoch 1/100, Train Loss: 0.4770, Val Loss: 0.4495, Train AUC: 0.4886, Val AUC: 0.6956
Feature: uniport_ppi_2019, Epoch 2/100, Train Loss: 0.4630, Val Loss: 0.4474, Train AUC: 0.4922, Val AUC: 0.8202
Feature: uniport_ppi_2019, Epoch 3/100, Train Loss: 0.4560, Val Loss: 0.4471, Train AUC: 0.5210, Val AUC: 0.8560
Feature: uniport_ppi_2019, Epoch 4/100, Train Loss: 0.4562, Val Loss: 0.4445, Train AUC: 0.5192, Val AUC: 0.8711
Feature: uniport_ppi_2019, Epoch 5/100, Train Loss: 0.4526, Val Loss: 0.4426, Train AUC: 0.5456, Val AUC: 0.8839
Feature: uniport_ppi_2019, Epoch 6/100, Train Loss: 0.4547, Val Loss: 0.4379, Train AUC: 0.5309, Val AUC: 0.8896
Feature: uniport_ppi_2019, Epoch 7/100, Train Loss: 0.4482, Val Loss: 0.4322, Train AUC: 0.5635, Val AUC: 0.8962
Feature: uniport_ppi_2019, Epoch 8/100, Train Loss: 0.4455, Val Loss: 0.4280, Train AUC: 0.5905, Val AUC: 0.8987
Feature: uniport_ppi_2019, Epoch 9/100, Train Loss: 0.4402, Val Loss: 0.4094, Train AUC: 0.6183, Val AUC: 0.8996
Feature: uniport_ppi_2019, Epoch 10/100, Train Loss: 0.4278, Val Loss: 0.4228, Train AUC: 0.6570, Val AUC: 0.8915
Feature: uniport_ppi_2019, Epoch 11/100, Train Loss: 0.4372, Val Loss: 0.4017, Train AUC: 0.6292, Val AUC: 0.8981
Feature: uniport_ppi_2019, Epoch 12/100, Train Loss: 0.3972, Val Loss: 0.3324, Train AUC: 0.7343, Val AUC: 0.9066
Feature: uniport_ppi_2019, Epoch 13/100, Train Loss: 0.3888, Val Loss: 0.3596, Train AUC: 0.7602, Val AUC: 0.9054
Feature: uniport_ppi_2019, Epoch 14/100, Train Loss: 0.3641, Val Loss: 0.3439, Train AUC: 0.7982, Val AUC: 0.9042
Feature: uniport_ppi_2019, Epoch 15/100, Train Loss: 0.3882, Val Loss: 0.3139, Train AUC: 0.7647, Val AUC: 0.9106
Feature: uniport_ppi_2019, Epoch 16/100, Train Loss: 0.3760, Val Loss: 0.3396, Train AUC: 0.7811, Val AUC: 0.9088
Feature: uniport_ppi_2019, Epoch 17/100, Train Loss: 0.3579, Val Loss: 0.2959, Train AUC: 0.8040, Val AUC: 0.9125
Feature: uniport_ppi_2019, Epoch 18/100, Train Loss: 0.3617, Val Loss: 0.3195, Train AUC: 0.7965, Val AUC: 0.9066
Feature: uniport_ppi_2019, Epoch 19/100, Train Loss: 0.3687, Val Loss: 0.3127, Train AUC: 0.7906, Val AUC: 0.9093
Feature: uniport_ppi_2019, Epoch 20/100, Train Loss: 0.3618, Val Loss: 0.2942, Train AUC: 0.7965, Val AUC: 0.9135
Feature: uniport_ppi_2019, Epoch 21/100, Train Loss: 0.3377, Val Loss: 0.3088, Train AUC: 0.8299, Val AUC: 0.9118
Feature: uniport_ppi_2019, Epoch 22/100, Train Loss: 0.3443, Val Loss: 0.2966, Train AUC: 0.8247, Val AUC: 0.9122
Feature: uniport_ppi_2019, Epoch 23/100, Train Loss: 0.3527, Val Loss: 0.2890, Train AUC: 0.8129, Val AUC: 0.9130
Feature: uniport_ppi_2019, Epoch 24/100, Train Loss: 0.3410, Val Loss: 0.2926, Train AUC: 0.8283, Val AUC: 0.9121
Feature: uniport_ppi_2019, Epoch 25/100, Train Loss: 0.3586, Val Loss: 0.2953, Train AUC: 0.7958, Val AUC: 0.9125
Feature: uniport_ppi_2019, Epoch 26/100, Train Loss: 0.3759, Val Loss: 0.2888, Train AUC: 0.7732, Val AUC: 0.9129
Feature: uniport_ppi_2019, Epoch 27/100, Train Loss: 0.3416, Val Loss: 0.3028, Train AUC: 0.8263, Val AUC: 0.9101
Feature: uniport_ppi_2019, Epoch 28/100, Train Loss: 0.3225, Val Loss: 0.3192, Train AUC: 0.8538, Val AUC: 0.9125
Feature: uniport_ppi_2019, Epoch 29/100, Train Loss: 0.3316, Val Loss: 0.2777, Train AUC: 0.8415, Val AUC: 0.9099
Feature: uniport_ppi_2019, Epoch 30/100, Train Loss: 0.3406, Val Loss: 0.2824, Train AUC: 0.8283, Val AUC: 0.9129
Feature: uniport_ppi_2019, Epoch 31/100, Train Loss: 0.3353, Val Loss: 0.2736, Train AUC: 0.8355, Val AUC: 0.9111
Feature: uniport_ppi_2019, Epoch 32/100, Train Loss: 0.3419, Val Loss: 0.2770, Train AUC: 0.8244, Val AUC: 0.9098
Feature: uniport_ppi_2019, Epoch 33/100, Train Loss: 0.3319, Val Loss: 0.3327, Train AUC: 0.8445, Val AUC: 0.9088
Feature: uniport_ppi_2019, Epoch 34/100, Train Loss: 0.3476, Val Loss: 0.2750, Train AUC: 0.8197, Val AUC: 0.9112
Feature: uniport_ppi_2019, Epoch 35/100, Train Loss: 0.3277, Val Loss: 0.2925, Train AUC: 0.8501, Val AUC: 0.9156
Feature: uniport_ppi_2019, Epoch 36/100, Train Loss: 0.3246, Val Loss: 0.2882, Train AUC: 0.8420, Val AUC: 0.9135
Early stopping for feature uniport_ppi_2019 at epoch 36
Best Train AUC for feature uniport_ppi_2019: 0.8355
Best Val AUC for feature uniport_ppi_2019: 0.9111
Feature: ppi_2019_dw_40, Epoch 1/100, Train Loss: 0.5058, Val Loss: 0.4506, Train AUC: 0.4543, Val AUC: 0.5973
Feature: ppi_2019_dw_40, Epoch 2/100, Train Loss: 0.4582, Val Loss: 0.4495, Train AUC: 0.5079, Val AUC: 0.7277
Feature: ppi_2019_dw_40, Epoch 3/100, Train Loss: 0.4563, Val Loss: 0.4471, Train AUC: 0.5149, Val AUC: 0.8285
Feature: ppi_2019_dw_40, Epoch 4/100, Train Loss: 0.4531, Val Loss: 0.4448, Train AUC: 0.5353, Val AUC: 0.8644
Feature: ppi_2019_dw_40, Epoch 5/100, Train Loss: 0.4589, Val Loss: 0.4406, Train AUC: 0.5235, Val AUC: 0.8873
Feature: ppi_2019_dw_40, Epoch 6/100, Train Loss: 0.4416, Val Loss: 0.4346, Train AUC: 0.6041, Val AUC: 0.8990
Feature: ppi_2019_dw_40, Epoch 7/100, Train Loss: 0.4450, Val Loss: 0.4297, Train AUC: 0.5771, Val AUC: 0.9054
Feature: ppi_2019_dw_40, Epoch 8/100, Train Loss: 0.4354, Val Loss: 0.4243, Train AUC: 0.6269, Val AUC: 0.9067
Feature: ppi_2019_dw_40, Epoch 9/100, Train Loss: 0.4223, Val Loss: 0.3811, Train AUC: 0.6806, Val AUC: 0.9126
Feature: ppi_2019_dw_40, Epoch 10/100, Train Loss: 0.3973, Val Loss: 0.3346, Train AUC: 0.7453, Val AUC: 0.9162
Feature: ppi_2019_dw_40, Epoch 11/100, Train Loss: 0.3948, Val Loss: 0.3647, Train AUC: 0.7554, Val AUC: 0.9120
Feature: ppi_2019_dw_40, Epoch 12/100, Train Loss: 0.4089, Val Loss: 0.3556, Train AUC: 0.7219, Val AUC: 0.9142
Feature: ppi_2019_dw_40, Epoch 13/100, Train Loss: 0.3734, Val Loss: 0.3231, Train AUC: 0.7832, Val AUC: 0.9160
Feature: ppi_2019_dw_40, Epoch 14/100, Train Loss: 0.3660, Val Loss: 0.3045, Train AUC: 0.7912, Val AUC: 0.9191
Feature: ppi_2019_dw_40, Epoch 15/100, Train Loss: 0.3549, Val Loss: 0.2887, Train AUC: 0.8114, Val AUC: 0.9218
Feature: ppi_2019_dw_40, Epoch 16/100, Train Loss: 0.3396, Val Loss: 0.2839, Train AUC: 0.8240, Val AUC: 0.9223
Feature: ppi_2019_dw_40, Epoch 17/100, Train Loss: 0.3261, Val Loss: 0.2920, Train AUC: 0.8381, Val AUC: 0.9226
Feature: ppi_2019_dw_40, Epoch 18/100, Train Loss: 0.3319, Val Loss: 0.3178, Train AUC: 0.8464, Val AUC: 0.9186
Feature: ppi_2019_dw_40, Epoch 19/100, Train Loss: 0.3426, Val Loss: 0.2718, Train AUC: 0.8205, Val AUC: 0.9230
Feature: ppi_2019_dw_40, Epoch 20/100, Train Loss: 0.3349, Val Loss: 0.2822, Train AUC: 0.8270, Val AUC: 0.9197
Feature: ppi_2019_dw_40, Epoch 21/100, Train Loss: 0.3400, Val Loss: 0.3068, Train AUC: 0.8336, Val AUC: 0.9139
Feature: ppi_2019_dw_40, Epoch 22/100, Train Loss: 0.3573, Val Loss: 0.2807, Train AUC: 0.8097, Val AUC: 0.9235
Feature: ppi_2019_dw_40, Epoch 23/100, Train Loss: 0.3109, Val Loss: 0.2914, Train AUC: 0.8668, Val AUC: 0.9226
Feature: ppi_2019_dw_40, Epoch 24/100, Train Loss: 0.3120, Val Loss: 0.2706, Train AUC: 0.8646, Val AUC: 0.9210
Feature: ppi_2019_dw_40, Epoch 25/100, Train Loss: 0.3169, Val Loss: 0.2647, Train AUC: 0.8554, Val AUC: 0.9207
Feature: ppi_2019_dw_40, Epoch 26/100, Train Loss: 0.3201, Val Loss: 0.2622, Train AUC: 0.8486, Val AUC: 0.9223
Feature: ppi_2019_dw_40, Epoch 27/100, Train Loss: 0.3131, Val Loss: 0.3018, Train AUC: 0.8614, Val AUC: 0.9210
Feature: ppi_2019_dw_40, Epoch 28/100, Train Loss: 0.3091, Val Loss: 0.2576, Train AUC: 0.8584, Val AUC: 0.9233
Feature: ppi_2019_dw_40, Epoch 29/100, Train Loss: 0.3016, Val Loss: 0.2654, Train AUC: 0.8772, Val AUC: 0.9233
Feature: ppi_2019_dw_40, Epoch 30/100, Train Loss: 0.3061, Val Loss: 0.2856, Train AUC: 0.8705, Val AUC: 0.9227
Feature: ppi_2019_dw_40, Epoch 31/100, Train Loss: 0.3180, Val Loss: 0.2667, Train AUC: 0.8564, Val AUC: 0.9269
Feature: ppi_2019_dw_40, Epoch 32/100, Train Loss: 0.3111, Val Loss: 0.2519, Train AUC: 0.8553, Val AUC: 0.9237
Feature: ppi_2019_dw_40, Epoch 33/100, Train Loss: 0.3095, Val Loss: 0.2737, Train AUC: 0.8664, Val AUC: 0.9237
Feature: ppi_2019_dw_40, Epoch 34/100, Train Loss: 0.3201, Val Loss: 0.2760, Train AUC: 0.8592, Val AUC: 0.9216
Feature: ppi_2019_dw_40, Epoch 35/100, Train Loss: 0.3120, Val Loss: 0.2766, Train AUC: 0.8635, Val AUC: 0.9235
Feature: ppi_2019_dw_40, Epoch 36/100, Train Loss: 0.3138, Val Loss: 0.2531, Train AUC: 0.8682, Val AUC: 0.9240
Feature: ppi_2019_dw_40, Epoch 37/100, Train Loss: 0.3044, Val Loss: 0.2605, Train AUC: 0.8722, Val AUC: 0.9269
Early stopping for feature ppi_2019_dw_40 at epoch 37
Best Train AUC for feature ppi_2019_dw_40: 0.8553
Best Val AUC for feature ppi_2019_dw_40: 0.9237
Feature: uniport_bio, Epoch 1/100, Train Loss: 0.4846, Val Loss: 0.4481, Train AUC: 0.4669, Val AUC: 0.7413
Feature: uniport_bio, Epoch 2/100, Train Loss: 0.4624, Val Loss: 0.4451, Train AUC: 0.4835, Val AUC: 0.8002
Feature: uniport_bio, Epoch 3/100, Train Loss: 0.4579, Val Loss: 0.4423, Train AUC: 0.5135, Val AUC: 0.8371
Feature: uniport_bio, Epoch 4/100, Train Loss: 0.4465, Val Loss: 0.4407, Train AUC: 0.5774, Val AUC: 0.8617
Feature: uniport_bio, Epoch 5/100, Train Loss: 0.4509, Val Loss: 0.4415, Train AUC: 0.5805, Val AUC: 0.8481
Feature: uniport_bio, Epoch 6/100, Train Loss: 0.4519, Val Loss: 0.4370, Train AUC: 0.5589, Val AUC: 0.8607
Feature: uniport_bio, Epoch 7/100, Train Loss: 0.4532, Val Loss: 0.4273, Train AUC: 0.5537, Val AUC: 0.8690
Feature: uniport_bio, Epoch 8/100, Train Loss: 0.4365, Val Loss: 0.4114, Train AUC: 0.6297, Val AUC: 0.8734
Feature: uniport_bio, Epoch 9/100, Train Loss: 0.4289, Val Loss: 0.3998, Train AUC: 0.6575, Val AUC: 0.8766
Feature: uniport_bio, Epoch 10/100, Train Loss: 0.4038, Val Loss: 0.3575, Train AUC: 0.7267, Val AUC: 0.8782
Feature: uniport_bio, Epoch 11/100, Train Loss: 0.3990, Val Loss: 0.3824, Train AUC: 0.7441, Val AUC: 0.8739
Feature: uniport_bio, Epoch 12/100, Train Loss: 0.4209, Val Loss: 0.3766, Train AUC: 0.6871, Val AUC: 0.8793
Feature: uniport_bio, Epoch 13/100, Train Loss: 0.4038, Val Loss: 0.3540, Train AUC: 0.7215, Val AUC: 0.8723
Feature: uniport_bio, Epoch 14/100, Train Loss: 0.3916, Val Loss: 0.3380, Train AUC: 0.7469, Val AUC: 0.8766
Feature: uniport_bio, Epoch 15/100, Train Loss: 0.3771, Val Loss: 0.3431, Train AUC: 0.7819, Val AUC: 0.8766
Feature: uniport_bio, Epoch 16/100, Train Loss: 0.3713, Val Loss: 0.3236, Train AUC: 0.7835, Val AUC: 0.8828
Feature: uniport_bio, Epoch 17/100, Train Loss: 0.3684, Val Loss: 0.3175, Train AUC: 0.7893, Val AUC: 0.8843
Feature: uniport_bio, Epoch 18/100, Train Loss: 0.3679, Val Loss: 0.3097, Train AUC: 0.7840, Val AUC: 0.8841
Feature: uniport_bio, Epoch 19/100, Train Loss: 0.3602, Val Loss: 0.3102, Train AUC: 0.7989, Val AUC: 0.8830
Feature: uniport_bio, Epoch 20/100, Train Loss: 0.3510, Val Loss: 0.3126, Train AUC: 0.8097, Val AUC: 0.8854
Feature: uniport_bio, Epoch 21/100, Train Loss: 0.3522, Val Loss: 0.3194, Train AUC: 0.8147, Val AUC: 0.8826
Feature: uniport_bio, Epoch 22/100, Train Loss: 0.3499, Val Loss: 0.3123, Train AUC: 0.8142, Val AUC: 0.8884
Feature: uniport_bio, Epoch 23/100, Train Loss: 0.3524, Val Loss: 0.3055, Train AUC: 0.8111, Val AUC: 0.8864
Feature: uniport_bio, Epoch 24/100, Train Loss: 0.3431, Val Loss: 0.3062, Train AUC: 0.8195, Val AUC: 0.8864
Feature: uniport_bio, Epoch 25/100, Train Loss: 0.3647, Val Loss: 0.3308, Train AUC: 0.7887, Val AUC: 0.8807
Feature: uniport_bio, Epoch 26/100, Train Loss: 0.3625, Val Loss: 0.3139, Train AUC: 0.7891, Val AUC: 0.8835
Feature: uniport_bio, Epoch 27/100, Train Loss: 0.3523, Val Loss: 0.3001, Train AUC: 0.8096, Val AUC: 0.8895
Feature: uniport_bio, Epoch 28/100, Train Loss: 0.3462, Val Loss: 0.3030, Train AUC: 0.8115, Val AUC: 0.8850
Feature: uniport_bio, Epoch 29/100, Train Loss: 0.3410, Val Loss: 0.3120, Train AUC: 0.8245, Val AUC: 0.8838
Feature: uniport_bio, Epoch 30/100, Train Loss: 0.3455, Val Loss: 0.2936, Train AUC: 0.8146, Val AUC: 0.8864
Feature: uniport_bio, Epoch 31/100, Train Loss: 0.3401, Val Loss: 0.3024, Train AUC: 0.8247, Val AUC: 0.8913
Feature: uniport_bio, Epoch 32/100, Train Loss: 0.3448, Val Loss: 0.3148, Train AUC: 0.8146, Val AUC: 0.8904
Feature: uniport_bio, Epoch 33/100, Train Loss: 0.3423, Val Loss: 0.3018, Train AUC: 0.8213, Val AUC: 0.8890
Feature: uniport_bio, Epoch 34/100, Train Loss: 0.3252, Val Loss: 0.2969, Train AUC: 0.8393, Val AUC: 0.8862
Feature: uniport_bio, Epoch 35/100, Train Loss: 0.3407, Val Loss: 0.3011, Train AUC: 0.8191, Val AUC: 0.8882
Early stopping for feature uniport_bio at epoch 35
Best Train AUC for feature uniport_bio: 0.8146
Best Val AUC for feature uniport_bio: 0.8864
Feature: uniport_seq, Epoch 1/100, Train Loss: 0.4689, Val Loss: 0.4520, Train AUC: 0.4949, Val AUC: 0.7344
Feature: uniport_seq, Epoch 2/100, Train Loss: 0.4612, Val Loss: 0.4524, Train AUC: 0.5019, Val AUC: 0.7576
Feature: uniport_seq, Epoch 3/100, Train Loss: 0.4604, Val Loss: 0.4505, Train AUC: 0.4954, Val AUC: 0.7489
Feature: uniport_seq, Epoch 4/100, Train Loss: 0.4576, Val Loss: 0.4504, Train AUC: 0.5141, Val AUC: 0.7544
Feature: uniport_seq, Epoch 5/100, Train Loss: 0.4585, Val Loss: 0.4542, Train AUC: 0.5029, Val AUC: 0.7561
Feature: uniport_seq, Epoch 6/100, Train Loss: 0.4572, Val Loss: 0.4546, Train AUC: 0.5388, Val AUC: 0.7385
Feature: uniport_seq, Epoch 7/100, Train Loss: 0.4592, Val Loss: 0.4503, Train AUC: 0.5073, Val AUC: 0.7394
Feature: uniport_seq, Epoch 8/100, Train Loss: 0.4628, Val Loss: 0.4501, Train AUC: 0.4782, Val AUC: 0.7342
Feature: uniport_seq, Epoch 9/100, Train Loss: 0.4601, Val Loss: 0.4517, Train AUC: 0.4925, Val AUC: 0.7338
Feature: uniport_seq, Epoch 10/100, Train Loss: 0.4512, Val Loss: 0.4496, Train AUC: 0.5416, Val AUC: 0.7357
Feature: uniport_seq, Epoch 11/100, Train Loss: 0.4524, Val Loss: 0.4495, Train AUC: 0.5389, Val AUC: 0.7348
Feature: uniport_seq, Epoch 12/100, Train Loss: 0.4534, Val Loss: 0.4497, Train AUC: 0.5261, Val AUC: 0.7316
Feature: uniport_seq, Epoch 13/100, Train Loss: 0.4626, Val Loss: 0.4532, Train AUC: 0.4821, Val AUC: 0.7332
Feature: uniport_seq, Epoch 14/100, Train Loss: 0.4555, Val Loss: 0.4497, Train AUC: 0.5147, Val AUC: 0.7310
Feature: uniport_seq, Epoch 15/100, Train Loss: 0.4568, Val Loss: 0.4495, Train AUC: 0.4982, Val AUC: 0.7349
Feature: uniport_seq, Epoch 16/100, Train Loss: 0.4594, Val Loss: 0.4489, Train AUC: 0.4885, Val AUC: 0.7326
Feature: uniport_seq, Epoch 17/100, Train Loss: 0.4579, Val Loss: 0.4489, Train AUC: 0.4973, Val AUC: 0.7298
Feature: uniport_seq, Epoch 18/100, Train Loss: 0.4556, Val Loss: 0.4538, Train AUC: 0.5193, Val AUC: 0.7309
Feature: uniport_seq, Epoch 19/100, Train Loss: 0.4565, Val Loss: 0.4489, Train AUC: 0.5289, Val AUC: 0.7314
Feature: uniport_seq, Epoch 20/100, Train Loss: 0.4559, Val Loss: 0.4487, Train AUC: 0.5092, Val AUC: 0.7314
Feature: uniport_seq, Epoch 21/100, Train Loss: 0.4524, Val Loss: 0.4503, Train AUC: 0.5456, Val AUC: 0.7291
Feature: uniport_seq, Epoch 22/100, Train Loss: 0.4552, Val Loss: 0.4483, Train AUC: 0.5229, Val AUC: 0.7307
Feature: uniport_seq, Epoch 23/100, Train Loss: 0.4561, Val Loss: 0.4482, Train AUC: 0.5219, Val AUC: 0.7286
Feature: uniport_seq, Epoch 24/100, Train Loss: 0.4589, Val Loss: 0.4482, Train AUC: 0.4840, Val AUC: 0.7281
Feature: uniport_seq, Epoch 25/100, Train Loss: 0.4592, Val Loss: 0.4489, Train AUC: 0.5037, Val AUC: 0.7280
Feature: uniport_seq, Epoch 26/100, Train Loss: 0.4583, Val Loss: 0.4478, Train AUC: 0.4974, Val AUC: 0.7278
Feature: uniport_seq, Epoch 27/100, Train Loss: 0.4530, Val Loss: 0.4475, Train AUC: 0.5308, Val AUC: 0.7277
Feature: uniport_seq, Epoch 28/100, Train Loss: 0.4564, Val Loss: 0.4475, Train AUC: 0.5030, Val AUC: 0.7270
Feature: uniport_seq, Epoch 29/100, Train Loss: 0.4560, Val Loss: 0.4480, Train AUC: 0.5160, Val AUC: 0.7232
Feature: uniport_seq, Epoch 30/100, Train Loss: 0.4602, Val Loss: 0.4499, Train AUC: 0.5043, Val AUC: 0.7233
Feature: uniport_seq, Epoch 31/100, Train Loss: 0.4566, Val Loss: 0.4468, Train AUC: 0.5086, Val AUC: 0.7229
Feature: uniport_seq, Epoch 32/100, Train Loss: 0.4531, Val Loss: 0.4464, Train AUC: 0.5406, Val AUC: 0.7230
Feature: uniport_seq, Epoch 33/100, Train Loss: 0.4530, Val Loss: 0.4476, Train AUC: 0.5286, Val AUC: 0.7227
Feature: uniport_seq, Epoch 34/100, Train Loss: 0.4526, Val Loss: 0.4448, Train AUC: 0.5371, Val AUC: 0.7226
Feature: uniport_seq, Epoch 35/100, Train Loss: 0.4439, Val Loss: 0.4438, Train AUC: 0.5890, Val AUC: 0.7231
Feature: uniport_seq, Epoch 36/100, Train Loss: 0.4521, Val Loss: 0.4436, Train AUC: 0.5466, Val AUC: 0.7270
Feature: uniport_seq, Epoch 37/100, Train Loss: 0.4488, Val Loss: 0.4429, Train AUC: 0.5638, Val AUC: 0.7256
Feature: uniport_seq, Epoch 38/100, Train Loss: 0.4621, Val Loss: 0.4463, Train AUC: 0.5052, Val AUC: 0.7246
Feature: uniport_seq, Epoch 39/100, Train Loss: 0.4506, Val Loss: 0.4434, Train AUC: 0.5521, Val AUC: 0.7263
Feature: uniport_seq, Epoch 40/100, Train Loss: 0.4505, Val Loss: 0.4432, Train AUC: 0.5467, Val AUC: 0.7286
Feature: uniport_seq, Epoch 41/100, Train Loss: 0.4468, Val Loss: 0.4532, Train AUC: 0.5793, Val AUC: 0.7297
Feature: uniport_seq, Epoch 42/100, Train Loss: 0.4523, Val Loss: 0.4503, Train AUC: 0.5519, Val AUC: 0.7300
Early stopping for feature uniport_seq at epoch 42
Best Train AUC for feature uniport_seq: 0.5638
Best Val AUC for feature uniport_seq: 0.7256
Feature: uniport_esm, Epoch 1/100, Train Loss: 0.4742, Val Loss: 0.4513, Train AUC: 0.4987, Val AUC: 0.6545
Feature: uniport_esm, Epoch 2/100, Train Loss: 0.4636, Val Loss: 0.4518, Train AUC: 0.4834, Val AUC: 0.6837
Feature: uniport_esm, Epoch 3/100, Train Loss: 0.4578, Val Loss: 0.4510, Train AUC: 0.5244, Val AUC: 0.6996
Feature: uniport_esm, Epoch 4/100, Train Loss: 0.4590, Val Loss: 0.4501, Train AUC: 0.5062, Val AUC: 0.7008
Feature: uniport_esm, Epoch 5/100, Train Loss: 0.4559, Val Loss: 0.4496, Train AUC: 0.5190, Val AUC: 0.6981
Feature: uniport_esm, Epoch 6/100, Train Loss: 0.4602, Val Loss: 0.4494, Train AUC: 0.4976, Val AUC: 0.6948
Feature: uniport_esm, Epoch 7/100, Train Loss: 0.4584, Val Loss: 0.4515, Train AUC: 0.5100, Val AUC: 0.6962
Feature: uniport_esm, Epoch 8/100, Train Loss: 0.4536, Val Loss: 0.4494, Train AUC: 0.5300, Val AUC: 0.6911
Feature: uniport_esm, Epoch 9/100, Train Loss: 0.4554, Val Loss: 0.4524, Train AUC: 0.5267, Val AUC: 0.6891
Feature: uniport_esm, Epoch 10/100, Train Loss: 0.4632, Val Loss: 0.4508, Train AUC: 0.4875, Val AUC: 0.6955
Feature: uniport_esm, Epoch 11/100, Train Loss: 0.4607, Val Loss: 0.4484, Train AUC: 0.4760, Val AUC: 0.6985
Feature: uniport_esm, Epoch 12/100, Train Loss: 0.4540, Val Loss: 0.4493, Train AUC: 0.5258, Val AUC: 0.7022
Feature: uniport_esm, Epoch 13/100, Train Loss: 0.4547, Val Loss: 0.4485, Train AUC: 0.5374, Val AUC: 0.6939
Feature: uniport_esm, Epoch 14/100, Train Loss: 0.4620, Val Loss: 0.4479, Train AUC: 0.4843, Val AUC: 0.6953
Feature: uniport_esm, Epoch 15/100, Train Loss: 0.4527, Val Loss: 0.4491, Train AUC: 0.5404, Val AUC: 0.6943
Feature: uniport_esm, Epoch 16/100, Train Loss: 0.4578, Val Loss: 0.4504, Train AUC: 0.5134, Val AUC: 0.6986
Feature: uniport_esm, Epoch 17/100, Train Loss: 0.4510, Val Loss: 0.4469, Train AUC: 0.5403, Val AUC: 0.6972
Feature: uniport_esm, Epoch 18/100, Train Loss: 0.4511, Val Loss: 0.4463, Train AUC: 0.5492, Val AUC: 0.7026
Feature: uniport_esm, Epoch 19/100, Train Loss: 0.4527, Val Loss: 0.4523, Train AUC: 0.5536, Val AUC: 0.7053
Feature: uniport_esm, Epoch 20/100, Train Loss: 0.4569, Val Loss: 0.4467, Train AUC: 0.5159, Val AUC: 0.7131
Feature: uniport_esm, Epoch 21/100, Train Loss: 0.4599, Val Loss: 0.4468, Train AUC: 0.4942, Val AUC: 0.7143
Feature: uniport_esm, Epoch 22/100, Train Loss: 0.4531, Val Loss: 0.4497, Train AUC: 0.5458, Val AUC: 0.7183
Feature: uniport_esm, Epoch 23/100, Train Loss: 0.4580, Val Loss: 0.4458, Train AUC: 0.5012, Val AUC: 0.7216
Feature: uniport_esm, Epoch 24/100, Train Loss: 0.4495, Val Loss: 0.4516, Train AUC: 0.5603, Val AUC: 0.7165
Feature: uniport_esm, Epoch 25/100, Train Loss: 0.4571, Val Loss: 0.4456, Train AUC: 0.5124, Val AUC: 0.7214
Feature: uniport_esm, Epoch 26/100, Train Loss: 0.4536, Val Loss: 0.4468, Train AUC: 0.5508, Val AUC: 0.7255
Feature: uniport_esm, Epoch 27/100, Train Loss: 0.4570, Val Loss: 0.4448, Train AUC: 0.5172, Val AUC: 0.7233
Feature: uniport_esm, Epoch 28/100, Train Loss: 0.4472, Val Loss: 0.4446, Train AUC: 0.5649, Val AUC: 0.7208
Feature: uniport_esm, Epoch 29/100, Train Loss: 0.4457, Val Loss: 0.4432, Train AUC: 0.5730, Val AUC: 0.7227
Feature: uniport_esm, Epoch 30/100, Train Loss: 0.4490, Val Loss: 0.4422, Train AUC: 0.5541, Val AUC: 0.7196
Feature: uniport_esm, Epoch 31/100, Train Loss: 0.4489, Val Loss: 0.4408, Train AUC: 0.5639, Val AUC: 0.7236
Feature: uniport_esm, Epoch 32/100, Train Loss: 0.4523, Val Loss: 0.4412, Train AUC: 0.5520, Val AUC: 0.7189
Feature: uniport_esm, Epoch 33/100, Train Loss: 0.4461, Val Loss: 0.4394, Train AUC: 0.5757, Val AUC: 0.7198
Feature: uniport_esm, Epoch 34/100, Train Loss: 0.4431, Val Loss: 0.4382, Train AUC: 0.5907, Val AUC: 0.7206
Feature: uniport_esm, Epoch 35/100, Train Loss: 0.4528, Val Loss: 0.4349, Train AUC: 0.5508, Val AUC: 0.7222
Feature: uniport_esm, Epoch 36/100, Train Loss: 0.4403, Val Loss: 0.4333, Train AUC: 0.6109, Val AUC: 0.7239
Feature: uniport_esm, Epoch 37/100, Train Loss: 0.4525, Val Loss: 0.4413, Train AUC: 0.5629, Val AUC: 0.7310
Feature: uniport_esm, Epoch 38/100, Train Loss: 0.4496, Val Loss: 0.4329, Train AUC: 0.5537, Val AUC: 0.7299
Feature: uniport_esm, Epoch 39/100, Train Loss: 0.4424, Val Loss: 0.4331, Train AUC: 0.5948, Val AUC: 0.7378
Feature: uniport_esm, Epoch 40/100, Train Loss: 0.4436, Val Loss: 0.4303, Train AUC: 0.5962, Val AUC: 0.7351
Feature: uniport_esm, Epoch 41/100, Train Loss: 0.4448, Val Loss: 0.4304, Train AUC: 0.6020, Val AUC: 0.7356
Feature: uniport_esm, Epoch 42/100, Train Loss: 0.4520, Val Loss: 0.4453, Train AUC: 0.5715, Val AUC: 0.7408
Feature: uniport_esm, Epoch 43/100, Train Loss: 0.4543, Val Loss: 0.4371, Train AUC: 0.5507, Val AUC: 0.7424
Feature: uniport_esm, Epoch 44/100, Train Loss: 0.4433, Val Loss: 0.4290, Train AUC: 0.5992, Val AUC: 0.7436
Feature: uniport_esm, Epoch 45/100, Train Loss: 0.4478, Val Loss: 0.4405, Train AUC: 0.5805, Val AUC: 0.7467
Feature: uniport_esm, Epoch 46/100, Train Loss: 0.4391, Val Loss: 0.4229, Train AUC: 0.6257, Val AUC: 0.7415
Feature: uniport_esm, Epoch 47/100, Train Loss: 0.4574, Val Loss: 0.4395, Train AUC: 0.5747, Val AUC: 0.7450
Feature: uniport_esm, Epoch 48/100, Train Loss: 0.4548, Val Loss: 0.4372, Train AUC: 0.5585, Val AUC: 0.7446
Feature: uniport_esm, Epoch 49/100, Train Loss: 0.4488, Val Loss: 0.4322, Train AUC: 0.5734, Val AUC: 0.7415
Feature: uniport_esm, Epoch 50/100, Train Loss: 0.4495, Val Loss: 0.4288, Train AUC: 0.5734, Val AUC: 0.7392
Feature: uniport_esm, Epoch 51/100, Train Loss: 0.4487, Val Loss: 0.4296, Train AUC: 0.5864, Val AUC: 0.7480
Early stopping for feature uniport_esm at epoch 51
Best Train AUC for feature uniport_esm: 0.6257
Best Val AUC for feature uniport_esm: 0.7415
ICD10_F01 33
train test split
early fusion
Epoch 1/100, Train Loss: 0.6334, Val Loss: 0.5259, Train AUC: 0.6375, Val AUC: 0.0000
Epoch 2/100, Train Loss: 0.5344, Val Loss: 0.4530, Train AUC: 0.4500, Val AUC: 0.0000
Epoch 3/100, Train Loss: 0.4600, Val Loss: 0.4525, Train AUC: 0.5375, Val AUC: 0.0000
Epoch 4/100, Train Loss: 0.4323, Val Loss: 0.4530, Train AUC: 0.6500, Val AUC: 0.0000
Epoch 5/100, Train Loss: 0.4545, Val Loss: 0.4533, Train AUC: 0.5500, Val AUC: 0.0000
Epoch 6/100, Train Loss: 0.4613, Val Loss: 0.4533, Train AUC: 0.5125, Val AUC: 0.0000
Epoch 7/100, Train Loss: 0.3866, Val Loss: 0.4534, Train AUC: 0.7875, Val AUC: 0.2000
Epoch 8/100, Train Loss: 0.3918, Val Loss: 0.4534, Train AUC: 0.8625, Val AUC: 0.4000
Early stopping triggered at epoch 8
Best Train AUC: 0.5375, Best Val AUC: 0.0000
Epoch 1/100, Train Loss: 0.7778, Val Loss: 0.4514, Train AUC: 0.0250, Val AUC: 0.8000
Epoch 2/100, Train Loss: 0.5283, Val Loss: 0.4522, Train AUC: 0.3000, Val AUC: 0.8000
Epoch 3/100, Train Loss: 0.4748, Val Loss: 0.4525, Train AUC: 0.4625, Val AUC: 0.6000
Epoch 4/100, Train Loss: 0.4866, Val Loss: 0.4526, Train AUC: 0.4500, Val AUC: 0.6000
Epoch 5/100, Train Loss: 0.4448, Val Loss: 0.4525, Train AUC: 0.6250, Val AUC: 0.6000
Epoch 6/100, Train Loss: 0.5311, Val Loss: 0.4523, Train AUC: 0.2500, Val AUC: 0.6000
Early stopping triggered at epoch 6
Best Train AUC: 0.0250, Best Val AUC: 0.8000
early fusion validation auc: 0.4
mid fusion
Epoch 1/100, Train Loss: 0.6119, Val Loss: 0.5007, Train AUC: 0.5125, Val AUC: 0.2000
Epoch 2/100, Train Loss: 0.4907, Val Loss: 0.4718, Train AUC: 0.6250, Val AUC: 0.2000
Epoch 3/100, Train Loss: 0.4613, Val Loss: 0.4586, Train AUC: 0.7500, Val AUC: 0.2000
Epoch 4/100, Train Loss: 0.4492, Val Loss: 0.4545, Train AUC: 0.7500, Val AUC: 0.2000
Epoch 5/100, Train Loss: 0.4451, Val Loss: 0.4537, Train AUC: 0.8500, Val AUC: 0.2000
Epoch 6/100, Train Loss: 0.4436, Val Loss: 0.4536, Train AUC: 0.8750, Val AUC: 0.4000
Epoch 7/100, Train Loss: 0.4425, Val Loss: 0.4525, Train AUC: 0.9875, Val AUC: 0.6000
Epoch 8/100, Train Loss: 0.4406, Val Loss: 0.4497, Train AUC: 0.9875, Val AUC: 0.6000
Epoch 9/100, Train Loss: 0.4376, Val Loss: 0.4482, Train AUC: 0.9875, Val AUC: 0.6000
Epoch 10/100, Train Loss: 0.4341, Val Loss: 0.4471, Train AUC: 0.9875, Val AUC: 0.6000
Epoch 11/100, Train Loss: 0.4303, Val Loss: 0.4466, Train AUC: 0.9875, Val AUC: 0.6000
Epoch 12/100, Train Loss: 0.4278, Val Loss: 0.4472, Train AUC: 0.9875, Val AUC: 0.6000
Epoch 13/100, Train Loss: 0.4255, Val Loss: 0.4483, Train AUC: 0.9875, Val AUC: 0.6000
Epoch 14/100, Train Loss: 0.4236, Val Loss: 0.4485, Train AUC: 0.9875, Val AUC: 0.6000
Epoch 15/100, Train Loss: 0.4213, Val Loss: 0.4482, Train AUC: 0.9875, Val AUC: 0.8000
Epoch 16/100, Train Loss: 0.4182, Val Loss: 0.4474, Train AUC: 0.9875, Val AUC: 0.8000
Epoch 17/100, Train Loss: 0.4149, Val Loss: 0.4470, Train AUC: 0.9875, Val AUC: 0.8000
Epoch 18/100, Train Loss: 0.4114, Val Loss: 0.4465, Train AUC: 0.9875, Val AUC: 0.8000
Epoch 19/100, Train Loss: 0.4075, Val Loss: 0.4460, Train AUC: 0.9875, Val AUC: 0.8000
Epoch 20/100, Train Loss: 0.4035, Val Loss: 0.4452, Train AUC: 0.9875, Val AUC: 0.8000
Epoch 21/100, Train Loss: 0.3993, Val Loss: 0.4443, Train AUC: 0.9875, Val AUC: 0.8000
Epoch 22/100, Train Loss: 0.3944, Val Loss: 0.4435, Train AUC: 0.9875, Val AUC: 0.8000
Epoch 23/100, Train Loss: 0.3887, Val Loss: 0.4423, Train AUC: 0.9875, Val AUC: 0.8000
Epoch 24/100, Train Loss: 0.3819, Val Loss: 0.4409, Train AUC: 0.9875, Val AUC: 0.8000
Epoch 25/100, Train Loss: 0.3752, Val Loss: 0.4393, Train AUC: 0.9875, Val AUC: 0.8000
Epoch 26/100, Train Loss: 0.3683, Val Loss: 0.4365, Train AUC: 0.9875, Val AUC: 0.8000
Epoch 27/100, Train Loss: 0.3596, Val Loss: 0.4336, Train AUC: 0.9875, Val AUC: 0.8000
Epoch 28/100, Train Loss: 0.3491, Val Loss: 0.4315, Train AUC: 0.9875, Val AUC: 0.8000
Epoch 29/100, Train Loss: 0.3380, Val Loss: 0.4303, Train AUC: 0.9875, Val AUC: 0.8000
Epoch 30/100, Train Loss: 0.3264, Val Loss: 0.4288, Train AUC: 0.9875, Val AUC: 0.8000
Epoch 31/100, Train Loss: 0.3140, Val Loss: 0.4273, Train AUC: 0.9875, Val AUC: 0.8000
Epoch 32/100, Train Loss: 0.2999, Val Loss: 0.4243, Train AUC: 0.9875, Val AUC: 0.8000
Epoch 33/100, Train Loss: 0.2860, Val Loss: 0.4210, Train AUC: 0.9875, Val AUC: 0.8000
Epoch 34/100, Train Loss: 0.2709, Val Loss: 0.4195, Train AUC: 0.9875, Val AUC: 0.8000
Epoch 35/100, Train Loss: 0.2555, Val Loss: 0.4216, Train AUC: 0.9875, Val AUC: 0.8000
Epoch 36/100, Train Loss: 0.2399, Val Loss: 0.4249, Train AUC: 0.9875, Val AUC: 0.8000
Epoch 37/100, Train Loss: 0.2247, Val Loss: 0.4189, Train AUC: 0.9875, Val AUC: 0.8000
Epoch 38/100, Train Loss: 0.2093, Val Loss: 0.4057, Train AUC: 0.9875, Val AUC: 0.8000
Epoch 39/100, Train Loss: 0.1956, Val Loss: 0.3961, Train AUC: 1.0000, Val AUC: 0.8000
Epoch 40/100, Train Loss: 0.1809, Val Loss: 0.3955, Train AUC: 1.0000, Val AUC: 0.8000
Epoch 41/100, Train Loss: 0.1653, Val Loss: 0.3965, Train AUC: 1.0000, Val AUC: 0.8000
Epoch 42/100, Train Loss: 0.1522, Val Loss: 0.4008, Train AUC: 1.0000, Val AUC: 0.8000
Epoch 43/100, Train Loss: 0.1391, Val Loss: 0.4126, Train AUC: 1.0000, Val AUC: 0.8000
Epoch 44/100, Train Loss: 0.1282, Val Loss: 0.4185, Train AUC: 1.0000, Val AUC: 0.8000
Epoch 45/100, Train Loss: 0.1170, Val Loss: 0.4320, Train AUC: 1.0000, Val AUC: 0.8000
Epoch 46/100, Train Loss: 0.1044, Val Loss: 0.4418, Train AUC: 1.0000, Val AUC: 0.8000
Epoch 47/100, Train Loss: 0.0932, Val Loss: 0.4462, Train AUC: 1.0000, Val AUC: 0.8000
Epoch 48/100, Train Loss: 0.0836, Val Loss: 0.4349, Train AUC: 1.0000, Val AUC: 0.8000
Early stopping triggered at epoch 48
Best Train AUC: 1.0000, Best Val AUC: 0.8000
Epoch 1/100, Train Loss: 0.6163, Val Loss: 0.5251, Train AUC: 0.4875, Val AUC: 0.0000
Epoch 2/100, Train Loss: 0.5075, Val Loss: 0.4883, Train AUC: 0.5000, Val AUC: 0.0000
Epoch 3/100, Train Loss: 0.4740, Val Loss: 0.4691, Train AUC: 0.5375, Val AUC: 0.0000
Epoch 4/100, Train Loss: 0.4562, Val Loss: 0.4612, Train AUC: 0.5750, Val AUC: 0.0000
Epoch 5/100, Train Loss: 0.4483, Val Loss: 0.4578, Train AUC: 0.7000, Val AUC: 0.2000
Epoch 6/100, Train Loss: 0.4456, Val Loss: 0.4576, Train AUC: 0.8125, Val AUC: 0.0000
Epoch 7/100, Train Loss: 0.4443, Val Loss: 0.4574, Train AUC: 0.9250, Val AUC: 0.0000
Epoch 8/100, Train Loss: 0.4432, Val Loss: 0.4578, Train AUC: 0.9250, Val AUC: 0.0000
Epoch 9/100, Train Loss: 0.4419, Val Loss: 0.4582, Train AUC: 0.9500, Val AUC: 0.0000
Epoch 10/100, Train Loss: 0.4402, Val Loss: 0.4572, Train AUC: 0.9750, Val AUC: 0.0000
Epoch 11/100, Train Loss: 0.4377, Val Loss: 0.4557, Train AUC: 0.9875, Val AUC: 0.2000
Epoch 12/100, Train Loss: 0.4352, Val Loss: 0.4544, Train AUC: 1.0000, Val AUC: 0.2000
Epoch 13/100, Train Loss: 0.4332, Val Loss: 0.4535, Train AUC: 1.0000, Val AUC: 0.4000
Epoch 14/100, Train Loss: 0.4313, Val Loss: 0.4533, Train AUC: 1.0000, Val AUC: 0.4000
Epoch 15/100, Train Loss: 0.4296, Val Loss: 0.4543, Train AUC: 1.0000, Val AUC: 0.4000
Epoch 16/100, Train Loss: 0.4279, Val Loss: 0.4551, Train AUC: 1.0000, Val AUC: 0.4000
Epoch 17/100, Train Loss: 0.4263, Val Loss: 0.4556, Train AUC: 1.0000, Val AUC: 0.2000
Epoch 18/100, Train Loss: 0.4243, Val Loss: 0.4556, Train AUC: 1.0000, Val AUC: 0.2000
Epoch 19/100, Train Loss: 0.4218, Val Loss: 0.4549, Train AUC: 1.0000, Val AUC: 0.2000
Epoch 20/100, Train Loss: 0.4192, Val Loss: 0.4542, Train AUC: 1.0000, Val AUC: 0.2000
Epoch 21/100, Train Loss: 0.4166, Val Loss: 0.4538, Train AUC: 1.0000, Val AUC: 0.2000
Epoch 22/100, Train Loss: 0.4139, Val Loss: 0.4537, Train AUC: 1.0000, Val AUC: 0.2000
Early stopping triggered at epoch 22
Best Train AUC: 1.0000, Best Val AUC: 0.4000
early fusion validation auc: 0.6000000000000001
later fusion
ICD10_F20 834
train test split
early fusion
Epoch 1/100, Train Loss: 0.4624, Val Loss: 0.4499, Train AUC: 0.4987, Val AUC: 0.7349
Epoch 2/100, Train Loss: 0.4606, Val Loss: 0.4492, Train AUC: 0.4894, Val AUC: 0.7349
Epoch 3/100, Train Loss: 0.4599, Val Loss: 0.4498, Train AUC: 0.4942, Val AUC: 0.7388
Epoch 4/100, Train Loss: 0.4563, Val Loss: 0.4471, Train AUC: 0.5136, Val AUC: 0.7427
Epoch 5/100, Train Loss: 0.4547, Val Loss: 0.4452, Train AUC: 0.5188, Val AUC: 0.7408
Epoch 6/100, Train Loss: 0.4541, Val Loss: 0.4491, Train AUC: 0.5324, Val AUC: 0.7411
Epoch 7/100, Train Loss: 0.4521, Val Loss: 0.4444, Train AUC: 0.5519, Val AUC: 0.7438
Epoch 8/100, Train Loss: 0.4521, Val Loss: 0.4411, Train AUC: 0.5495, Val AUC: 0.7457
Epoch 9/100, Train Loss: 0.4481, Val Loss: 0.4364, Train AUC: 0.5764, Val AUC: 0.7533
Epoch 10/100, Train Loss: 0.4526, Val Loss: 0.4318, Train AUC: 0.5600, Val AUC: 0.7563
Epoch 11/100, Train Loss: 0.4466, Val Loss: 0.4420, Train AUC: 0.5923, Val AUC: 0.7558
Epoch 12/100, Train Loss: 0.4510, Val Loss: 0.4300, Train AUC: 0.5748, Val AUC: 0.7653
Epoch 13/100, Train Loss: 0.4427, Val Loss: 0.4295, Train AUC: 0.6108, Val AUC: 0.7726
Epoch 14/100, Train Loss: 0.4356, Val Loss: 0.4091, Train AUC: 0.6380, Val AUC: 0.7786
Epoch 15/100, Train Loss: 0.4423, Val Loss: 0.4184, Train AUC: 0.6169, Val AUC: 0.7833
Epoch 16/100, Train Loss: 0.4266, Val Loss: 0.4160, Train AUC: 0.6638, Val AUC: 0.7876
Epoch 17/100, Train Loss: 0.4279, Val Loss: 0.4098, Train AUC: 0.6548, Val AUC: 0.7932
Epoch 18/100, Train Loss: 0.4282, Val Loss: 0.4023, Train AUC: 0.6564, Val AUC: 0.7956
Epoch 19/100, Train Loss: 0.4259, Val Loss: 0.3967, Train AUC: 0.6681, Val AUC: 0.8046
Epoch 20/100, Train Loss: 0.4290, Val Loss: 0.4274, Train AUC: 0.6584, Val AUC: 0.8086
Epoch 21/100, Train Loss: 0.4352, Val Loss: 0.4321, Train AUC: 0.6373, Val AUC: 0.8089
Epoch 22/100, Train Loss: 0.4294, Val Loss: 0.4171, Train AUC: 0.6524, Val AUC: 0.8006
Epoch 23/100, Train Loss: 0.4354, Val Loss: 0.4233, Train AUC: 0.6276, Val AUC: 0.8004
Epoch 24/100, Train Loss: 0.4278, Val Loss: 0.4040, Train AUC: 0.6530, Val AUC: 0.8063
Early stopping triggered at epoch 24
Best Train AUC: 0.6681, Best Val AUC: 0.8046
early fusion validation auc: 0.818435261707989
mid fusion
Epoch 1/100, Train Loss: 0.4508, Val Loss: 0.4330, Train AUC: 0.5372, Val AUC: 0.7442
Epoch 2/100, Train Loss: 0.4044, Val Loss: 0.3984, Train AUC: 0.7246, Val AUC: 0.7900
Epoch 3/100, Train Loss: 0.3750, Val Loss: 0.3758, Train AUC: 0.7741, Val AUC: 0.7905
Epoch 4/100, Train Loss: 0.3658, Val Loss: 0.3542, Train AUC: 0.7874, Val AUC: 0.8105
Epoch 5/100, Train Loss: 0.3612, Val Loss: 0.3526, Train AUC: 0.7953, Val AUC: 0.8169
Epoch 6/100, Train Loss: 0.3476, Val Loss: 0.3484, Train AUC: 0.8186, Val AUC: 0.8200
Epoch 7/100, Train Loss: 0.3482, Val Loss: 0.3425, Train AUC: 0.8170, Val AUC: 0.8283
Epoch 8/100, Train Loss: 0.3398, Val Loss: 0.3406, Train AUC: 0.8288, Val AUC: 0.8310
Epoch 9/100, Train Loss: 0.3343, Val Loss: 0.3440, Train AUC: 0.8343, Val AUC: 0.8290
Epoch 10/100, Train Loss: 0.3250, Val Loss: 0.3481, Train AUC: 0.8493, Val AUC: 0.8310
Epoch 11/100, Train Loss: 0.3276, Val Loss: 0.3359, Train AUC: 0.8443, Val AUC: 0.8381
Epoch 12/100, Train Loss: 0.3295, Val Loss: 0.3722, Train AUC: 0.8424, Val AUC: 0.8315
Epoch 13/100, Train Loss: 0.3284, Val Loss: 0.3360, Train AUC: 0.8427, Val AUC: 0.8390
Epoch 14/100, Train Loss: 0.3147, Val Loss: 0.3494, Train AUC: 0.8631, Val AUC: 0.8371
Epoch 15/100, Train Loss: 0.3203, Val Loss: 0.3473, Train AUC: 0.8529, Val AUC: 0.8395
Epoch 16/100, Train Loss: 0.3159, Val Loss: 0.3387, Train AUC: 0.8585, Val AUC: 0.8470
Epoch 17/100, Train Loss: 0.3185, Val Loss: 0.3526, Train AUC: 0.8558, Val AUC: 0.8427
Epoch 18/100, Train Loss: 0.3137, Val Loss: 0.3293, Train AUC: 0.8606, Val AUC: 0.8451
Epoch 19/100, Train Loss: 0.3071, Val Loss: 0.3741, Train AUC: 0.8688, Val AUC: 0.8419
Epoch 20/100, Train Loss: 0.3160, Val Loss: 0.4279, Train AUC: 0.8575, Val AUC: 0.8399
Epoch 21/100, Train Loss: 0.3136, Val Loss: 0.3294, Train AUC: 0.8608, Val AUC: 0.8493
Epoch 22/100, Train Loss: 0.3088, Val Loss: 0.3631, Train AUC: 0.8665, Val AUC: 0.8462
Epoch 23/100, Train Loss: 0.2995, Val Loss: 0.3293, Train AUC: 0.8765, Val AUC: 0.8493
Epoch 24/100, Train Loss: 0.2981, Val Loss: 0.3338, Train AUC: 0.8792, Val AUC: 0.8540
Epoch 25/100, Train Loss: 0.2970, Val Loss: 0.3329, Train AUC: 0.8796, Val AUC: 0.8541
Epoch 26/100, Train Loss: 0.2922, Val Loss: 0.3367, Train AUC: 0.8843, Val AUC: 0.8534
Epoch 27/100, Train Loss: 0.2939, Val Loss: 0.3261, Train AUC: 0.8812, Val AUC: 0.8514
Epoch 28/100, Train Loss: 0.2916, Val Loss: 0.3253, Train AUC: 0.8836, Val AUC: 0.8554
Epoch 29/100, Train Loss: 0.2877, Val Loss: 0.3480, Train AUC: 0.8873, Val AUC: 0.8567
Epoch 30/100, Train Loss: 0.2847, Val Loss: 0.3435, Train AUC: 0.8903, Val AUC: 0.8528
Epoch 31/100, Train Loss: 0.2943, Val Loss: 0.3190, Train AUC: 0.8830, Val AUC: 0.8562
Epoch 32/100, Train Loss: 0.2996, Val Loss: 0.3798, Train AUC: 0.8764, Val AUC: 0.8590
Epoch 33/100, Train Loss: 0.2836, Val Loss: 0.3264, Train AUC: 0.8914, Val AUC: 0.8518
Epoch 34/100, Train Loss: 0.2771, Val Loss: 0.3425, Train AUC: 0.8976, Val AUC: 0.8507
Epoch 35/100, Train Loss: 0.2864, Val Loss: 0.3282, Train AUC: 0.8886, Val AUC: 0.8504
Epoch 36/100, Train Loss: 0.2798, Val Loss: 0.3303, Train AUC: 0.8922, Val AUC: 0.8567
Epoch 37/100, Train Loss: 0.2781, Val Loss: 0.3520, Train AUC: 0.8946, Val AUC: 0.8527
Epoch 38/100, Train Loss: 0.2708, Val Loss: 0.3186, Train AUC: 0.9033, Val AUC: 0.8628
Epoch 39/100, Train Loss: 0.2686, Val Loss: 0.3305, Train AUC: 0.9046, Val AUC: 0.8554
Epoch 40/100, Train Loss: 0.2671, Val Loss: 0.3314, Train AUC: 0.9069, Val AUC: 0.8551
Epoch 41/100, Train Loss: 0.2693, Val Loss: 0.3636, Train AUC: 0.9035, Val AUC: 0.8471
Epoch 42/100, Train Loss: 0.2761, Val Loss: 0.3370, Train AUC: 0.8983, Val AUC: 0.8585
Epoch 43/100, Train Loss: 0.2627, Val Loss: 0.3282, Train AUC: 0.9096, Val AUC: 0.8566
Epoch 44/100, Train Loss: 0.2590, Val Loss: 0.3644, Train AUC: 0.9111, Val AUC: 0.8548
Epoch 45/100, Train Loss: 0.2819, Val Loss: 0.3538, Train AUC: 0.8904, Val AUC: 0.8495
Epoch 46/100, Train Loss: 0.2686, Val Loss: 0.3586, Train AUC: 0.9042, Val AUC: 0.8470
Early stopping triggered at epoch 46
Best Train AUC: 0.9033, Best Val AUC: 0.8628
early fusion validation auc: 0.8619871441689624
later fusion
Feature: uniport_ppi_2019, Epoch 1/100, Train Loss: 0.4631, Val Loss: 0.4472, Train AUC: 0.5210, Val AUC: 0.7284
Feature: uniport_ppi_2019, Epoch 2/100, Train Loss: 0.4568, Val Loss: 0.4447, Train AUC: 0.5124, Val AUC: 0.7663
Feature: uniport_ppi_2019, Epoch 3/100, Train Loss: 0.4521, Val Loss: 0.4396, Train AUC: 0.5398, Val AUC: 0.7794
Feature: uniport_ppi_2019, Epoch 4/100, Train Loss: 0.4465, Val Loss: 0.4285, Train AUC: 0.5793, Val AUC: 0.7855
Feature: uniport_ppi_2019, Epoch 5/100, Train Loss: 0.4344, Val Loss: 0.4361, Train AUC: 0.6368, Val AUC: 0.7852
Feature: uniport_ppi_2019, Epoch 6/100, Train Loss: 0.4389, Val Loss: 0.4241, Train AUC: 0.6152, Val AUC: 0.7896
Feature: uniport_ppi_2019, Epoch 7/100, Train Loss: 0.4257, Val Loss: 0.3980, Train AUC: 0.6606, Val AUC: 0.7942
Feature: uniport_ppi_2019, Epoch 8/100, Train Loss: 0.4178, Val Loss: 0.3896, Train AUC: 0.6889, Val AUC: 0.7902
Feature: uniport_ppi_2019, Epoch 9/100, Train Loss: 0.4088, Val Loss: 0.3898, Train AUC: 0.7082, Val AUC: 0.7995
Feature: uniport_ppi_2019, Epoch 10/100, Train Loss: 0.4112, Val Loss: 0.3765, Train AUC: 0.7032, Val AUC: 0.8016
Feature: uniport_ppi_2019, Epoch 11/100, Train Loss: 0.3977, Val Loss: 0.3738, Train AUC: 0.7330, Val AUC: 0.8029
Feature: uniport_ppi_2019, Epoch 12/100, Train Loss: 0.4010, Val Loss: 0.3665, Train AUC: 0.7262, Val AUC: 0.8033
Feature: uniport_ppi_2019, Epoch 13/100, Train Loss: 0.3944, Val Loss: 0.3753, Train AUC: 0.7424, Val AUC: 0.8031
Feature: uniport_ppi_2019, Epoch 14/100, Train Loss: 0.3932, Val Loss: 0.3799, Train AUC: 0.7430, Val AUC: 0.8025
Feature: uniport_ppi_2019, Epoch 15/100, Train Loss: 0.3937, Val Loss: 0.3756, Train AUC: 0.7429, Val AUC: 0.8022
Feature: uniport_ppi_2019, Epoch 16/100, Train Loss: 0.3958, Val Loss: 0.3764, Train AUC: 0.7393, Val AUC: 0.8048
Feature: uniport_ppi_2019, Epoch 17/100, Train Loss: 0.3947, Val Loss: 0.3679, Train AUC: 0.7389, Val AUC: 0.8072
Early stopping for feature uniport_ppi_2019 at epoch 17
Best Train AUC for feature uniport_ppi_2019: 0.7262
Best Val AUC for feature uniport_ppi_2019: 0.8033
Feature: ppi_2019_dw_40, Epoch 1/100, Train Loss: 0.4791, Val Loss: 0.4465, Train AUC: 0.4775, Val AUC: 0.7399
Feature: ppi_2019_dw_40, Epoch 2/100, Train Loss: 0.4525, Val Loss: 0.4396, Train AUC: 0.5526, Val AUC: 0.7874
Feature: ppi_2019_dw_40, Epoch 3/100, Train Loss: 0.4460, Val Loss: 0.4196, Train AUC: 0.5883, Val AUC: 0.7926
Feature: ppi_2019_dw_40, Epoch 4/100, Train Loss: 0.4328, Val Loss: 0.4142, Train AUC: 0.6384, Val AUC: 0.7947
Feature: ppi_2019_dw_40, Epoch 5/100, Train Loss: 0.4118, Val Loss: 0.3895, Train AUC: 0.7076, Val AUC: 0.8004
Feature: ppi_2019_dw_40, Epoch 6/100, Train Loss: 0.4049, Val Loss: 0.3780, Train AUC: 0.7149, Val AUC: 0.8019
Feature: ppi_2019_dw_40, Epoch 7/100, Train Loss: 0.4059, Val Loss: 0.3650, Train AUC: 0.7182, Val AUC: 0.8039
Feature: ppi_2019_dw_40, Epoch 8/100, Train Loss: 0.3902, Val Loss: 0.3700, Train AUC: 0.7485, Val AUC: 0.8076
Feature: ppi_2019_dw_40, Epoch 9/100, Train Loss: 0.3832, Val Loss: 0.3544, Train AUC: 0.7590, Val AUC: 0.8090
Feature: ppi_2019_dw_40, Epoch 10/100, Train Loss: 0.3871, Val Loss: 0.3627, Train AUC: 0.7525, Val AUC: 0.8089
Feature: ppi_2019_dw_40, Epoch 11/100, Train Loss: 0.3843, Val Loss: 0.3557, Train AUC: 0.7556, Val AUC: 0.8086
Feature: ppi_2019_dw_40, Epoch 12/100, Train Loss: 0.3804, Val Loss: 0.3746, Train AUC: 0.7659, Val AUC: 0.8110
Feature: ppi_2019_dw_40, Epoch 13/100, Train Loss: 0.3797, Val Loss: 0.3600, Train AUC: 0.7674, Val AUC: 0.8110
Feature: ppi_2019_dw_40, Epoch 14/100, Train Loss: 0.3716, Val Loss: 0.3527, Train AUC: 0.7815, Val AUC: 0.8121
Feature: ppi_2019_dw_40, Epoch 15/100, Train Loss: 0.3715, Val Loss: 0.3631, Train AUC: 0.7762, Val AUC: 0.8115
Feature: ppi_2019_dw_40, Epoch 16/100, Train Loss: 0.3710, Val Loss: 0.3757, Train AUC: 0.7776, Val AUC: 0.8097
Feature: ppi_2019_dw_40, Epoch 17/100, Train Loss: 0.3748, Val Loss: 0.3577, Train AUC: 0.7742, Val AUC: 0.8075
Feature: ppi_2019_dw_40, Epoch 18/100, Train Loss: 0.3693, Val Loss: 0.3530, Train AUC: 0.7847, Val AUC: 0.8127
Feature: ppi_2019_dw_40, Epoch 19/100, Train Loss: 0.3712, Val Loss: 0.3572, Train AUC: 0.7794, Val AUC: 0.8087
Early stopping for feature ppi_2019_dw_40 at epoch 19
Best Train AUC for feature ppi_2019_dw_40: 0.7815
Best Val AUC for feature ppi_2019_dw_40: 0.8121
Feature: uniport_bio, Epoch 1/100, Train Loss: 0.4595, Val Loss: 0.4446, Train AUC: 0.5306, Val AUC: 0.7287
Feature: uniport_bio, Epoch 2/100, Train Loss: 0.4509, Val Loss: 0.4392, Train AUC: 0.5571, Val AUC: 0.7532
Feature: uniport_bio, Epoch 3/100, Train Loss: 0.4402, Val Loss: 0.4248, Train AUC: 0.6122, Val AUC: 0.7741
Feature: uniport_bio, Epoch 4/100, Train Loss: 0.4240, Val Loss: 0.3866, Train AUC: 0.6699, Val AUC: 0.7748
Feature: uniport_bio, Epoch 5/100, Train Loss: 0.4115, Val Loss: 0.3852, Train AUC: 0.6998, Val AUC: 0.7815
Feature: uniport_bio, Epoch 6/100, Train Loss: 0.4031, Val Loss: 0.3833, Train AUC: 0.7238, Val AUC: 0.7826
Feature: uniport_bio, Epoch 7/100, Train Loss: 0.3987, Val Loss: 0.3857, Train AUC: 0.7350, Val AUC: 0.7828
Feature: uniport_bio, Epoch 8/100, Train Loss: 0.3930, Val Loss: 0.3782, Train AUC: 0.7410, Val AUC: 0.7881
Feature: uniport_bio, Epoch 9/100, Train Loss: 0.3944, Val Loss: 0.3720, Train AUC: 0.7430, Val AUC: 0.7872
Feature: uniport_bio, Epoch 10/100, Train Loss: 0.3907, Val Loss: 0.3732, Train AUC: 0.7501, Val AUC: 0.7890
Feature: uniport_bio, Epoch 11/100, Train Loss: 0.3795, Val Loss: 0.3776, Train AUC: 0.7682, Val AUC: 0.7867
Feature: uniport_bio, Epoch 12/100, Train Loss: 0.3908, Val Loss: 0.3994, Train AUC: 0.7451, Val AUC: 0.7863
Feature: uniport_bio, Epoch 13/100, Train Loss: 0.3821, Val Loss: 0.3752, Train AUC: 0.7616, Val AUC: 0.7883
Feature: uniport_bio, Epoch 14/100, Train Loss: 0.3766, Val Loss: 0.3694, Train AUC: 0.7733, Val AUC: 0.7914
Feature: uniport_bio, Epoch 15/100, Train Loss: 0.3837, Val Loss: 0.3868, Train AUC: 0.7600, Val AUC: 0.7853
Feature: uniport_bio, Epoch 16/100, Train Loss: 0.3815, Val Loss: 0.3672, Train AUC: 0.7620, Val AUC: 0.7907
Feature: uniport_bio, Epoch 17/100, Train Loss: 0.3690, Val Loss: 0.3682, Train AUC: 0.7848, Val AUC: 0.7928
Feature: uniport_bio, Epoch 18/100, Train Loss: 0.3730, Val Loss: 0.3711, Train AUC: 0.7780, Val AUC: 0.7901
Feature: uniport_bio, Epoch 19/100, Train Loss: 0.3736, Val Loss: 0.3734, Train AUC: 0.7769, Val AUC: 0.7926
Feature: uniport_bio, Epoch 20/100, Train Loss: 0.3745, Val Loss: 0.3724, Train AUC: 0.7772, Val AUC: 0.7909
Feature: uniport_bio, Epoch 21/100, Train Loss: 0.3764, Val Loss: 0.3674, Train AUC: 0.7740, Val AUC: 0.7900
Early stopping for feature uniport_bio at epoch 21
Best Train AUC for feature uniport_bio: 0.7620
Best Val AUC for feature uniport_bio: 0.7907
Feature: uniport_seq, Epoch 1/100, Train Loss: 0.4599, Val Loss: 0.4502, Train AUC: 0.5048, Val AUC: 0.6689
Feature: uniport_seq, Epoch 2/100, Train Loss: 0.4564, Val Loss: 0.4521, Train AUC: 0.5103, Val AUC: 0.6724
Feature: uniport_seq, Epoch 3/100, Train Loss: 0.4570, Val Loss: 0.4489, Train AUC: 0.5058, Val AUC: 0.6768
Feature: uniport_seq, Epoch 4/100, Train Loss: 0.4570, Val Loss: 0.4478, Train AUC: 0.5135, Val AUC: 0.6772
Feature: uniport_seq, Epoch 5/100, Train Loss: 0.4557, Val Loss: 0.4486, Train AUC: 0.5177, Val AUC: 0.6801
Feature: uniport_seq, Epoch 6/100, Train Loss: 0.4516, Val Loss: 0.4479, Train AUC: 0.5411, Val AUC: 0.6805
Feature: uniport_seq, Epoch 7/100, Train Loss: 0.4558, Val Loss: 0.4474, Train AUC: 0.5252, Val AUC: 0.6811
Feature: uniport_seq, Epoch 8/100, Train Loss: 0.4490, Val Loss: 0.4449, Train AUC: 0.5638, Val AUC: 0.6819
Feature: uniport_seq, Epoch 9/100, Train Loss: 0.4516, Val Loss: 0.4495, Train AUC: 0.5484, Val AUC: 0.6833
Feature: uniport_seq, Epoch 10/100, Train Loss: 0.4522, Val Loss: 0.4413, Train AUC: 0.5494, Val AUC: 0.6848
Feature: uniport_seq, Epoch 11/100, Train Loss: 0.4525, Val Loss: 0.4410, Train AUC: 0.5463, Val AUC: 0.6855
Feature: uniport_seq, Epoch 12/100, Train Loss: 0.4492, Val Loss: 0.4407, Train AUC: 0.5764, Val AUC: 0.6864
Feature: uniport_seq, Epoch 13/100, Train Loss: 0.4469, Val Loss: 0.4388, Train AUC: 0.5789, Val AUC: 0.6874
Feature: uniport_seq, Epoch 14/100, Train Loss: 0.4528, Val Loss: 0.4407, Train AUC: 0.5596, Val AUC: 0.6884
Feature: uniport_seq, Epoch 15/100, Train Loss: 0.4470, Val Loss: 0.4340, Train AUC: 0.5772, Val AUC: 0.6889
Feature: uniport_seq, Epoch 16/100, Train Loss: 0.4477, Val Loss: 0.4311, Train AUC: 0.5815, Val AUC: 0.6909
Feature: uniport_seq, Epoch 17/100, Train Loss: 0.4433, Val Loss: 0.4354, Train AUC: 0.5938, Val AUC: 0.6937
Feature: uniport_seq, Epoch 18/100, Train Loss: 0.4489, Val Loss: 0.4352, Train AUC: 0.5792, Val AUC: 0.6959
Feature: uniport_seq, Epoch 19/100, Train Loss: 0.4456, Val Loss: 0.4306, Train AUC: 0.5908, Val AUC: 0.6955
Feature: uniport_seq, Epoch 20/100, Train Loss: 0.4421, Val Loss: 0.4335, Train AUC: 0.6110, Val AUC: 0.6980
Feature: uniport_seq, Epoch 21/100, Train Loss: 0.4458, Val Loss: 0.4310, Train AUC: 0.5916, Val AUC: 0.6991
Feature: uniport_seq, Epoch 22/100, Train Loss: 0.4367, Val Loss: 0.4250, Train AUC: 0.6247, Val AUC: 0.6988
Feature: uniport_seq, Epoch 23/100, Train Loss: 0.4427, Val Loss: 0.4244, Train AUC: 0.6109, Val AUC: 0.6999
Feature: uniport_seq, Epoch 24/100, Train Loss: 0.4372, Val Loss: 0.4278, Train AUC: 0.6237, Val AUC: 0.7005
Feature: uniport_seq, Epoch 25/100, Train Loss: 0.4381, Val Loss: 0.4251, Train AUC: 0.6216, Val AUC: 0.7022
Feature: uniport_seq, Epoch 26/100, Train Loss: 0.4370, Val Loss: 0.4378, Train AUC: 0.6322, Val AUC: 0.7030
Feature: uniport_seq, Epoch 27/100, Train Loss: 0.4414, Val Loss: 0.4243, Train AUC: 0.6153, Val AUC: 0.7054
Feature: uniport_seq, Epoch 28/100, Train Loss: 0.4364, Val Loss: 0.4283, Train AUC: 0.6277, Val AUC: 0.7064
Feature: uniport_seq, Epoch 29/100, Train Loss: 0.4323, Val Loss: 0.4207, Train AUC: 0.6394, Val AUC: 0.7058
Feature: uniport_seq, Epoch 30/100, Train Loss: 0.4319, Val Loss: 0.4180, Train AUC: 0.6433, Val AUC: 0.7081
Feature: uniport_seq, Epoch 31/100, Train Loss: 0.4350, Val Loss: 0.4238, Train AUC: 0.6354, Val AUC: 0.7092
Feature: uniport_seq, Epoch 32/100, Train Loss: 0.4368, Val Loss: 0.4259, Train AUC: 0.6325, Val AUC: 0.7086
Feature: uniport_seq, Epoch 33/100, Train Loss: 0.4306, Val Loss: 0.4117, Train AUC: 0.6468, Val AUC: 0.7111
Feature: uniport_seq, Epoch 34/100, Train Loss: 0.4303, Val Loss: 0.4121, Train AUC: 0.6489, Val AUC: 0.7130
Feature: uniport_seq, Epoch 35/100, Train Loss: 0.4384, Val Loss: 0.4259, Train AUC: 0.6224, Val AUC: 0.7135
Feature: uniport_seq, Epoch 36/100, Train Loss: 0.4248, Val Loss: 0.4190, Train AUC: 0.6671, Val AUC: 0.7160
Feature: uniport_seq, Epoch 37/100, Train Loss: 0.4296, Val Loss: 0.4405, Train AUC: 0.6504, Val AUC: 0.7107
Feature: uniport_seq, Epoch 38/100, Train Loss: 0.4409, Val Loss: 0.4270, Train AUC: 0.6001, Val AUC: 0.7107
Early stopping for feature uniport_seq at epoch 38
Best Train AUC for feature uniport_seq: 0.6468
Best Val AUC for feature uniport_seq: 0.7111
Feature: uniport_esm, Epoch 1/100, Train Loss: 0.4617, Val Loss: 0.4496, Train AUC: 0.5161, Val AUC: 0.6393
Feature: uniport_esm, Epoch 2/100, Train Loss: 0.4617, Val Loss: 0.4505, Train AUC: 0.4978, Val AUC: 0.6536
Feature: uniport_esm, Epoch 3/100, Train Loss: 0.4612, Val Loss: 0.4488, Train AUC: 0.5044, Val AUC: 0.6474
Feature: uniport_esm, Epoch 4/100, Train Loss: 0.4631, Val Loss: 0.4481, Train AUC: 0.4846, Val AUC: 0.6533
Feature: uniport_esm, Epoch 5/100, Train Loss: 0.4597, Val Loss: 0.4488, Train AUC: 0.5138, Val AUC: 0.6548
Feature: uniport_esm, Epoch 6/100, Train Loss: 0.4592, Val Loss: 0.4472, Train AUC: 0.5152, Val AUC: 0.6518
Feature: uniport_esm, Epoch 7/100, Train Loss: 0.4591, Val Loss: 0.4469, Train AUC: 0.5082, Val AUC: 0.6411
Feature: uniport_esm, Epoch 8/100, Train Loss: 0.4558, Val Loss: 0.4457, Train AUC: 0.5302, Val AUC: 0.6548
Feature: uniport_esm, Epoch 9/100, Train Loss: 0.4551, Val Loss: 0.4453, Train AUC: 0.5381, Val AUC: 0.6600
Feature: uniport_esm, Epoch 10/100, Train Loss: 0.4592, Val Loss: 0.4427, Train AUC: 0.5173, Val AUC: 0.6615
Feature: uniport_esm, Epoch 11/100, Train Loss: 0.4558, Val Loss: 0.4419, Train AUC: 0.5365, Val AUC: 0.6719
Feature: uniport_esm, Epoch 12/100, Train Loss: 0.4494, Val Loss: 0.4414, Train AUC: 0.5680, Val AUC: 0.6773
Feature: uniport_esm, Epoch 13/100, Train Loss: 0.4532, Val Loss: 0.4439, Train AUC: 0.5537, Val AUC: 0.6760
Feature: uniport_esm, Epoch 14/100, Train Loss: 0.4507, Val Loss: 0.4380, Train AUC: 0.5612, Val AUC: 0.6786
Feature: uniport_esm, Epoch 15/100, Train Loss: 0.4514, Val Loss: 0.4376, Train AUC: 0.5642, Val AUC: 0.6855
Feature: uniport_esm, Epoch 16/100, Train Loss: 0.4492, Val Loss: 0.4372, Train AUC: 0.5679, Val AUC: 0.6852
Feature: uniport_esm, Epoch 17/100, Train Loss: 0.4509, Val Loss: 0.4369, Train AUC: 0.5668, Val AUC: 0.6849
Feature: uniport_esm, Epoch 18/100, Train Loss: 0.4498, Val Loss: 0.4427, Train AUC: 0.5668, Val AUC: 0.6852
Feature: uniport_esm, Epoch 19/100, Train Loss: 0.4463, Val Loss: 0.4364, Train AUC: 0.5839, Val AUC: 0.6859
Feature: uniport_esm, Epoch 20/100, Train Loss: 0.4529, Val Loss: 0.4388, Train AUC: 0.5619, Val AUC: 0.6865
Feature: uniport_esm, Epoch 21/100, Train Loss: 0.4471, Val Loss: 0.4329, Train AUC: 0.5792, Val AUC: 0.6886
Feature: uniport_esm, Epoch 22/100, Train Loss: 0.4412, Val Loss: 0.4332, Train AUC: 0.6119, Val AUC: 0.6917
Feature: uniport_esm, Epoch 23/100, Train Loss: 0.4470, Val Loss: 0.4395, Train AUC: 0.5795, Val AUC: 0.6920
Feature: uniport_esm, Epoch 24/100, Train Loss: 0.4488, Val Loss: 0.4445, Train AUC: 0.5785, Val AUC: 0.6929
Feature: uniport_esm, Epoch 25/100, Train Loss: 0.4491, Val Loss: 0.4380, Train AUC: 0.5746, Val AUC: 0.6975
Feature: uniport_esm, Epoch 26/100, Train Loss: 0.4463, Val Loss: 0.4297, Train AUC: 0.5880, Val AUC: 0.6991
Feature: uniport_esm, Epoch 27/100, Train Loss: 0.4508, Val Loss: 0.4360, Train AUC: 0.5728, Val AUC: 0.6964
Feature: uniport_esm, Epoch 28/100, Train Loss: 0.4476, Val Loss: 0.4270, Train AUC: 0.5773, Val AUC: 0.6951
Feature: uniport_esm, Epoch 29/100, Train Loss: 0.4408, Val Loss: 0.4293, Train AUC: 0.6147, Val AUC: 0.7002
Feature: uniport_esm, Epoch 30/100, Train Loss: 0.4424, Val Loss: 0.4246, Train AUC: 0.6055, Val AUC: 0.7086
Feature: uniport_esm, Epoch 31/100, Train Loss: 0.4456, Val Loss: 0.4264, Train AUC: 0.5973, Val AUC: 0.7054
Feature: uniport_esm, Epoch 32/100, Train Loss: 0.4403, Val Loss: 0.4281, Train AUC: 0.6198, Val AUC: 0.7049
Feature: uniport_esm, Epoch 33/100, Train Loss: 0.4404, Val Loss: 0.4244, Train AUC: 0.6117, Val AUC: 0.7091
Feature: uniport_esm, Epoch 34/100, Train Loss: 0.4420, Val Loss: 0.4349, Train AUC: 0.6072, Val AUC: 0.7054
Feature: uniport_esm, Epoch 35/100, Train Loss: 0.4380, Val Loss: 0.4341, Train AUC: 0.6222, Val AUC: 0.7052
Feature: uniport_esm, Epoch 36/100, Train Loss: 0.4429, Val Loss: 0.4240, Train AUC: 0.6024, Val AUC: 0.7090
Feature: uniport_esm, Epoch 37/100, Train Loss: 0.4407, Val Loss: 0.4366, Train AUC: 0.6142, Val AUC: 0.7035
Feature: uniport_esm, Epoch 38/100, Train Loss: 0.4419, Val Loss: 0.4346, Train AUC: 0.6085, Val AUC: 0.7110
Feature: uniport_esm, Epoch 39/100, Train Loss: 0.4368, Val Loss: 0.4213, Train AUC: 0.6278, Val AUC: 0.7144
Feature: uniport_esm, Epoch 40/100, Train Loss: 0.4429, Val Loss: 0.4351, Train AUC: 0.5984, Val AUC: 0.7165
Feature: uniport_esm, Epoch 41/100, Train Loss: 0.4351, Val Loss: 0.4196, Train AUC: 0.6319, Val AUC: 0.7103
Feature: uniport_esm, Epoch 42/100, Train Loss: 0.4395, Val Loss: 0.4387, Train AUC: 0.6130, Val AUC: 0.7062
Feature: uniport_esm, Epoch 43/100, Train Loss: 0.4378, Val Loss: 0.4188, Train AUC: 0.6227, Val AUC: 0.7090
Feature: uniport_esm, Epoch 44/100, Train Loss: 0.4422, Val Loss: 0.4316, Train AUC: 0.6042, Val AUC: 0.7125
Feature: uniport_esm, Epoch 45/100, Train Loss: 0.4391, Val Loss: 0.4345, Train AUC: 0.6131, Val AUC: 0.7071
Feature: uniport_esm, Epoch 46/100, Train Loss: 0.4348, Val Loss: 0.4243, Train AUC: 0.6313, Val AUC: 0.7140
Feature: uniport_esm, Epoch 47/100, Train Loss: 0.4374, Val Loss: 0.4199, Train AUC: 0.6209, Val AUC: 0.7135
Feature: uniport_esm, Epoch 48/100, Train Loss: 0.4382, Val Loss: 0.4362, Train AUC: 0.6160, Val AUC: 0.6939
Early stopping for feature uniport_esm at epoch 48
Best Train AUC for feature uniport_esm: 0.6227
Best Val AUC for feature uniport_esm: 0.7090
ICD10_F31 441
train test split
early fusion
early fusion validation auc: 0.7792891903085524
mid fusion
early fusion validation auc: 0.8700170842824602
later fusion
ICD10_F72 31
train test split
early fusion
Epoch 1/100, Train Loss: 0.5523, Val Loss: 0.4300, Train AUC: 0.4975, Val AUC: 0.2500
Epoch 2/100, Train Loss: 0.4880, Val Loss: 0.4296, Train AUC: 0.4018, Val AUC: 0.4205
Epoch 3/100, Train Loss: 0.4672, Val Loss: 0.4295, Train AUC: 0.4911, Val AUC: 0.5227
Epoch 4/100, Train Loss: 0.4490, Val Loss: 0.4293, Train AUC: 0.5691, Val AUC: 0.5795
Epoch 5/100, Train Loss: 0.4830, Val Loss: 0.4296, Train AUC: 0.4288, Val AUC: 0.4659
Epoch 6/100, Train Loss: 0.4838, Val Loss: 0.4301, Train AUC: 0.4040, Val AUC: 0.5000
Epoch 7/100, Train Loss: 0.4855, Val Loss: 0.4312, Train AUC: 0.4132, Val AUC: 0.5795
Epoch 8/100, Train Loss: 0.4718, Val Loss: 0.4317, Train AUC: 0.4536, Val AUC: 0.6250
Epoch 9/100, Train Loss: 0.4767, Val Loss: 0.4319, Train AUC: 0.4118, Val AUC: 0.6364
Early stopping triggered at epoch 9
Best Train AUC: 0.5691, Best Val AUC: 0.5795
early fusion validation auc: 0.6988636363636364
mid fusion
early fusion validation auc: 0.5284090909090909
later fusion
Feature: uniport_ppi_2019, Epoch 1/100, Train Loss: 0.6482, Val Loss: 0.4599, Train AUC: 0.3919, Val AUC: 0.2614
Feature: uniport_ppi_2019, Epoch 2/100, Train Loss: 0.4809, Val Loss: 0.4442, Train AUC: 0.5011, Val AUC: 0.3295
Feature: uniport_ppi_2019, Epoch 3/100, Train Loss: 0.4854, Val Loss: 0.4380, Train AUC: 0.4373, Val AUC: 0.3068
Feature: uniport_ppi_2019, Epoch 4/100, Train Loss: 0.4734, Val Loss: 0.4362, Train AUC: 0.4862, Val AUC: 0.2614
Feature: uniport_ppi_2019, Epoch 5/100, Train Loss: 0.4502, Val Loss: 0.4342, Train AUC: 0.5734, Val AUC: 0.2159
Feature: uniport_ppi_2019, Epoch 6/100, Train Loss: 0.4552, Val Loss: 0.4338, Train AUC: 0.5209, Val AUC: 0.2159
Feature: uniport_ppi_2019, Epoch 7/100, Train Loss: 0.4718, Val Loss: 0.4338, Train AUC: 0.5053, Val AUC: 0.2273
Feature: uniport_ppi_2019, Epoch 8/100, Train Loss: 0.4555, Val Loss: 0.4341, Train AUC: 0.5769, Val AUC: 0.2386
Feature: uniport_ppi_2019, Epoch 9/100, Train Loss: 0.4717, Val Loss: 0.4342, Train AUC: 0.5181, Val AUC: 0.2386
Feature: uniport_ppi_2019, Epoch 10/100, Train Loss: 0.4751, Val Loss: 0.4353, Train AUC: 0.4706, Val AUC: 0.2500
Feature: uniport_ppi_2019, Epoch 11/100, Train Loss: 0.4583, Val Loss: 0.4357, Train AUC: 0.5216, Val AUC: 0.2955
Feature: uniport_ppi_2019, Epoch 12/100, Train Loss: 0.4674, Val Loss: 0.4365, Train AUC: 0.5280, Val AUC: 0.2727
Early stopping for feature uniport_ppi_2019 at epoch 12
Best Train AUC for feature uniport_ppi_2019: 0.5053
Best Val AUC for feature uniport_ppi_2019: 0.2273
Feature uniport_ppi_2019 excluded from fusion due to low Val AUC: 0.2273
Feature: ppi_2019_dw_40, Epoch 1/100, Train Loss: 0.5433, Val Loss: 0.4331, Train AUC: 0.4876, Val AUC: 0.4545
Feature: ppi_2019_dw_40, Epoch 2/100, Train Loss: 0.4475, Val Loss: 0.4336, Train AUC: 0.6130, Val AUC: 0.3977
Feature: ppi_2019_dw_40, Epoch 3/100, Train Loss: 0.4510, Val Loss: 0.4340, Train AUC: 0.5904, Val AUC: 0.4886
Feature: ppi_2019_dw_40, Epoch 4/100, Train Loss: 0.4824, Val Loss: 0.4373, Train AUC: 0.4444, Val AUC: 0.5114
Feature: ppi_2019_dw_40, Epoch 5/100, Train Loss: 0.4920, Val Loss: 0.4423, Train AUC: 0.4153, Val AUC: 0.5341
Feature: ppi_2019_dw_40, Epoch 6/100, Train Loss: 0.4785, Val Loss: 0.4428, Train AUC: 0.4819, Val AUC: 0.5455
Early stopping for feature ppi_2019_dw_40 at epoch 6
Best Train AUC for feature ppi_2019_dw_40: 0.4876
Best Val AUC for feature ppi_2019_dw_40: 0.4545
Feature ppi_2019_dw_40 excluded from fusion due to low Val AUC: 0.4545
Feature: uniport_bio, Epoch 1/100, Train Loss: 0.6048, Val Loss: 0.4461, Train AUC: 0.4763, Val AUC: 0.5568
Feature: uniport_bio, Epoch 2/100, Train Loss: 0.4625, Val Loss: 0.4295, Train AUC: 0.5840, Val AUC: 0.5455
Feature: uniport_bio, Epoch 3/100, Train Loss: 0.4430, Val Loss: 0.4303, Train AUC: 0.6371, Val AUC: 0.4545
Feature: uniport_bio, Epoch 4/100, Train Loss: 0.4894, Val Loss: 0.4303, Train AUC: 0.4465, Val AUC: 0.4318
Feature: uniport_bio, Epoch 5/100, Train Loss: 0.4487, Val Loss: 0.4314, Train AUC: 0.6052, Val AUC: 0.4091
Feature: uniport_bio, Epoch 6/100, Train Loss: 0.4657, Val Loss: 0.4309, Train AUC: 0.5294, Val AUC: 0.4773
Feature: uniport_bio, Epoch 7/100, Train Loss: 0.4940, Val Loss: 0.4307, Train AUC: 0.4231, Val AUC: 0.4773
Early stopping for feature uniport_bio at epoch 7
Best Train AUC for feature uniport_bio: 0.5840
Best Val AUC for feature uniport_bio: 0.5455
Feature uniport_bio excluded from fusion due to low Val AUC: 0.5455
Feature: uniport_seq, Epoch 1/100, Train Loss: 0.5820, Val Loss: 0.4378, Train AUC: 0.4465, Val AUC: 0.6250
Feature: uniport_seq, Epoch 2/100, Train Loss: 0.4665, Val Loss: 0.4375, Train AUC: 0.5174, Val AUC: 0.6591
Feature: uniport_seq, Epoch 3/100, Train Loss: 0.4408, Val Loss: 0.4303, Train AUC: 0.6882, Val AUC: 0.6818
Feature: uniport_seq, Epoch 4/100, Train Loss: 0.4594, Val Loss: 0.4291, Train AUC: 0.5670, Val AUC: 0.6932
Feature: uniport_seq, Epoch 5/100, Train Loss: 0.4401, Val Loss: 0.4291, Train AUC: 0.6300, Val AUC: 0.7159
Feature: uniport_seq, Epoch 6/100, Train Loss: 0.4598, Val Loss: 0.4310, Train AUC: 0.5202, Val AUC: 0.7273
Feature: uniport_seq, Epoch 7/100, Train Loss: 0.4459, Val Loss: 0.4319, Train AUC: 0.6194, Val AUC: 0.7500
Feature: uniport_seq, Epoch 8/100, Train Loss: 0.4882, Val Loss: 0.4330, Train AUC: 0.3572, Val AUC: 0.7386
Feature: uniport_seq, Epoch 9/100, Train Loss: 0.4612, Val Loss: 0.4332, Train AUC: 0.5464, Val AUC: 0.7500
Feature: uniport_seq, Epoch 10/100, Train Loss: 0.4645, Val Loss: 0.4331, Train AUC: 0.5237, Val AUC: 0.7614
Early stopping for feature uniport_seq at epoch 10
Best Train AUC for feature uniport_seq: 0.6300
Best Val AUC for feature uniport_seq: 0.7159
Feature: uniport_esm, Epoch 1/100, Train Loss: 0.5094, Val Loss: 0.4292, Train AUC: 0.5648, Val AUC: 0.7727
Feature: uniport_esm, Epoch 2/100, Train Loss: 0.4182, Val Loss: 0.4318, Train AUC: 0.7229, Val AUC: 0.8068
Feature: uniport_esm, Epoch 3/100, Train Loss: 0.4771, Val Loss: 0.4321, Train AUC: 0.4841, Val AUC: 0.7955
Feature: uniport_esm, Epoch 4/100, Train Loss: 0.4783, Val Loss: 0.4312, Train AUC: 0.5124, Val AUC: 0.7727
Feature: uniport_esm, Epoch 5/100, Train Loss: 0.4659, Val Loss: 0.4306, Train AUC: 0.4897, Val AUC: 0.7614
Feature: uniport_esm, Epoch 6/100, Train Loss: 0.5095, Val Loss: 0.4300, Train AUC: 0.3260, Val AUC: 0.7614
Early stopping for feature uniport_esm at epoch 6
Best Train AUC for feature uniport_esm: 0.5648
Best Val AUC for feature uniport_esm: 0.7727
ICD10_F90 24
train test split
early fusion
Epoch 1/100, Train Loss: 0.5315, Val Loss: 0.4099, Train AUC: 0.5746, Val AUC: 0.6852
Epoch 2/100, Train Loss: 0.4881, Val Loss: 0.4097, Train AUC: 0.4808, Val AUC: 0.7407
Epoch 3/100, Train Loss: 0.4732, Val Loss: 0.4096, Train AUC: 0.5011, Val AUC: 0.7593
Epoch 4/100, Train Loss: 0.4699, Val Loss: 0.4100, Train AUC: 0.5075, Val AUC: 0.7963
Epoch 5/100, Train Loss: 0.4492, Val Loss: 0.4107, Train AUC: 0.6130, Val AUC: 0.7963
Epoch 6/100, Train Loss: 0.4395, Val Loss: 0.4115, Train AUC: 0.6610, Val AUC: 0.7963
Epoch 7/100, Train Loss: 0.4732, Val Loss: 0.4128, Train AUC: 0.4883, Val AUC: 0.7778
Epoch 8/100, Train Loss: 0.4995, Val Loss: 0.4137, Train AUC: 0.3731, Val AUC: 0.7778
Early stopping triggered at epoch 8
Best Train AUC: 0.5011, Best Val AUC: 0.7593
early fusion validation auc: 0.6296296296296295
mid fusion
Epoch 1/100, Train Loss: 0.5230, Val Loss: 0.4227, Train AUC: 0.5821, Val AUC: 0.4259
Epoch 2/100, Train Loss: 0.4604, Val Loss: 0.4091, Train AUC: 0.5352, Val AUC: 0.6481
Epoch 3/100, Train Loss: 0.4598, Val Loss: 0.4084, Train AUC: 0.6493, Val AUC: 0.6852
Epoch 4/100, Train Loss: 0.4554, Val Loss: 0.4102, Train AUC: 0.7580, Val AUC: 0.7037
Epoch 5/100, Train Loss: 0.4515, Val Loss: 0.4178, Train AUC: 0.7324, Val AUC: 0.6852
Epoch 6/100, Train Loss: 0.4534, Val Loss: 0.4227, Train AUC: 0.8209, Val AUC: 0.6481
Epoch 7/100, Train Loss: 0.4512, Val Loss: 0.4133, Train AUC: 0.8006, Val AUC: 0.7593
Epoch 8/100, Train Loss: 0.4492, Val Loss: 0.4083, Train AUC: 0.7409, Val AUC: 0.8148
Epoch 9/100, Train Loss: 0.4431, Val Loss: 0.4104, Train AUC: 0.9019, Val AUC: 0.8148
Epoch 10/100, Train Loss: 0.4388, Val Loss: 0.4114, Train AUC: 0.9254, Val AUC: 0.7593
Epoch 11/100, Train Loss: 0.4374, Val Loss: 0.4105, Train AUC: 0.9083, Val AUC: 0.7593
Epoch 12/100, Train Loss: 0.4291, Val Loss: 0.4036, Train AUC: 0.9552, Val AUC: 0.7963
Epoch 13/100, Train Loss: 0.4267, Val Loss: 0.4014, Train AUC: 0.9350, Val AUC: 0.7963
Epoch 14/100, Train Loss: 0.4158, Val Loss: 0.4053, Train AUC: 0.9627, Val AUC: 0.7593
Epoch 15/100, Train Loss: 0.4096, Val Loss: 0.4155, Train AUC: 0.9254, Val AUC: 0.7222
Epoch 16/100, Train Loss: 0.3936, Val Loss: 0.3970, Train AUC: 0.9286, Val AUC: 0.7222
Epoch 17/100, Train Loss: 0.4013, Val Loss: 0.4017, Train AUC: 0.9136, Val AUC: 0.7407
Epoch 18/100, Train Loss: 0.3713, Val Loss: 0.4203, Train AUC: 0.9243, Val AUC: 0.6667
Epoch 19/100, Train Loss: 0.3701, Val Loss: 0.3940, Train AUC: 0.9723, Val AUC: 0.7407
Epoch 20/100, Train Loss: 0.3344, Val Loss: 0.3917, Train AUC: 0.9733, Val AUC: 0.7963
Epoch 21/100, Train Loss: 0.3249, Val Loss: 0.3863, Train AUC: 0.9797, Val AUC: 0.7593
Epoch 22/100, Train Loss: 0.3151, Val Loss: 0.3825, Train AUC: 0.9808, Val AUC: 0.7222
Epoch 23/100, Train Loss: 0.2961, Val Loss: 0.3867, Train AUC: 0.9797, Val AUC: 0.6667
Epoch 24/100, Train Loss: 0.2551, Val Loss: 0.3891, Train AUC: 0.9872, Val AUC: 0.7407
Epoch 25/100, Train Loss: 0.2515, Val Loss: 0.3621, Train AUC: 0.9872, Val AUC: 0.8333
Epoch 26/100, Train Loss: 0.2292, Val Loss: 0.3625, Train AUC: 0.9915, Val AUC: 0.8148
Epoch 27/100, Train Loss: 0.2187, Val Loss: 0.3671, Train AUC: 0.9904, Val AUC: 0.8148
Epoch 28/100, Train Loss: 0.1901, Val Loss: 0.3702, Train AUC: 0.9979, Val AUC: 0.7593
Epoch 29/100, Train Loss: 0.1790, Val Loss: 0.3871, Train AUC: 0.9968, Val AUC: 0.7593
Epoch 30/100, Train Loss: 0.1556, Val Loss: 0.3703, Train AUC: 1.0000, Val AUC: 0.7593
Epoch 31/100, Train Loss: 0.1465, Val Loss: 0.4313, Train AUC: 1.0000, Val AUC: 0.7963
Epoch 32/100, Train Loss: 0.1495, Val Loss: 0.3588, Train AUC: 1.0000, Val AUC: 0.8148
Epoch 33/100, Train Loss: 0.1148, Val Loss: 0.3823, Train AUC: 1.0000, Val AUC: 0.8148
Epoch 34/100, Train Loss: 0.1009, Val Loss: 0.4121, Train AUC: 1.0000, Val AUC: 0.7963
Epoch 35/100, Train Loss: 0.0840, Val Loss: 0.3518, Train AUC: 1.0000, Val AUC: 0.7963
Epoch 36/100, Train Loss: 0.1161, Val Loss: 0.4962, Train AUC: 1.0000, Val AUC: 0.7778
Epoch 37/100, Train Loss: 0.1055, Val Loss: 0.3622, Train AUC: 1.0000, Val AUC: 0.7963
Epoch 38/100, Train Loss: 0.0899, Val Loss: 0.4013, Train AUC: 1.0000, Val AUC: 0.7963
Epoch 39/100, Train Loss: 0.0740, Val Loss: 0.4209, Train AUC: 1.0000, Val AUC: 0.8148
Epoch 40/100, Train Loss: 0.0634, Val Loss: 0.3199, Train AUC: 1.0000, Val AUC: 0.8333
Epoch 41/100, Train Loss: 0.0683, Val Loss: 0.5671, Train AUC: 0.9989, Val AUC: 0.7407
Epoch 42/100, Train Loss: 0.0672, Val Loss: 0.3673, Train AUC: 1.0000, Val AUC: 0.8148
Epoch 43/100, Train Loss: 0.0500, Val Loss: 0.4102, Train AUC: 1.0000, Val AUC: 0.7778
Epoch 44/100, Train Loss: 0.0350, Val Loss: 0.4534, Train AUC: 1.0000, Val AUC: 0.7407
Epoch 45/100, Train Loss: 0.0305, Val Loss: 0.3707, Train AUC: 1.0000, Val AUC: 0.8148
Epoch 46/100, Train Loss: 0.0269, Val Loss: 0.4025, Train AUC: 1.0000, Val AUC: 0.8148
Epoch 47/100, Train Loss: 0.0223, Val Loss: 0.4095, Train AUC: 1.0000, Val AUC: 0.7963
Epoch 48/100, Train Loss: 0.0201, Val Loss: 0.4150, Train AUC: 1.0000, Val AUC: 0.7963
Early stopping triggered at epoch 48
Best Train AUC: 1.0000, Best Val AUC: 0.8333
early fusion validation auc: 0.5833333333333334
later fusion
Feature: uniport_ppi_2019, Epoch 1/100, Train Loss: 0.6811, Val Loss: 0.4403, Train AUC: 0.4904, Val AUC: 0.4074
Feature: uniport_ppi_2019, Epoch 2/100, Train Loss: 0.4445, Val Loss: 0.4122, Train AUC: 0.6397, Val AUC: 0.4630
Feature: uniport_ppi_2019, Epoch 3/100, Train Loss: 0.4613, Val Loss: 0.4134, Train AUC: 0.5842, Val AUC: 0.4630
Feature: uniport_ppi_2019, Epoch 4/100, Train Loss: 0.4879, Val Loss: 0.4121, Train AUC: 0.4659, Val AUC: 0.3889
Feature: uniport_ppi_2019, Epoch 5/100, Train Loss: 0.4649, Val Loss: 0.4143, Train AUC: 0.5565, Val AUC: 0.3519
Feature: uniport_ppi_2019, Epoch 6/100, Train Loss: 0.4688, Val Loss: 0.4176, Train AUC: 0.5171, Val AUC: 0.3333
Feature: uniport_ppi_2019, Epoch 7/100, Train Loss: 0.4693, Val Loss: 0.4207, Train AUC: 0.5213, Val AUC: 0.4259
Feature: uniport_ppi_2019, Epoch 8/100, Train Loss: 0.4737, Val Loss: 0.4224, Train AUC: 0.5128, Val AUC: 0.4259
Feature: uniport_ppi_2019, Epoch 9/100, Train Loss: 0.4806, Val Loss: 0.4245, Train AUC: 0.4638, Val AUC: 0.4074
Early stopping for feature uniport_ppi_2019 at epoch 9
Best Train AUC for feature uniport_ppi_2019: 0.4659
Best Val AUC for feature uniport_ppi_2019: 0.3889
Feature uniport_ppi_2019 excluded from fusion due to low Val AUC: 0.3889
Feature: ppi_2019_dw_40, Epoch 1/100, Train Loss: 0.5260, Val Loss: 0.4195, Train AUC: 0.5864, Val AUC: 0.7963
Feature: ppi_2019_dw_40, Epoch 2/100, Train Loss: 0.4573, Val Loss: 0.4055, Train AUC: 0.6034, Val AUC: 0.6852
Feature: ppi_2019_dw_40, Epoch 3/100, Train Loss: 0.5103, Val Loss: 0.4059, Train AUC: 0.3582, Val AUC: 0.7222
Feature: ppi_2019_dw_40, Epoch 4/100, Train Loss: 0.4711, Val Loss: 0.4080, Train AUC: 0.5299, Val AUC: 0.6667
Feature: ppi_2019_dw_40, Epoch 5/100, Train Loss: 0.4850, Val Loss: 0.4090, Train AUC: 0.4659, Val AUC: 0.7222
Feature: ppi_2019_dw_40, Epoch 6/100, Train Loss: 0.4518, Val Loss: 0.4120, Train AUC: 0.5991, Val AUC: 0.7222
Feature: ppi_2019_dw_40, Epoch 7/100, Train Loss: 0.4649, Val Loss: 0.4134, Train AUC: 0.5235, Val AUC: 0.7037
Early stopping for feature ppi_2019_dw_40 at epoch 7
Best Train AUC for feature ppi_2019_dw_40: 0.6034
Best Val AUC for feature ppi_2019_dw_40: 0.6852
Feature ppi_2019_dw_40 excluded from fusion due to low Val AUC: 0.6852
Feature: uniport_bio, Epoch 1/100, Train Loss: 0.4905, Val Loss: 0.4209, Train AUC: 0.5725, Val AUC: 0.1111
Feature: uniport_bio, Epoch 2/100, Train Loss: 0.4645, Val Loss: 0.4159, Train AUC: 0.5725, Val AUC: 0.2963
Feature: uniport_bio, Epoch 3/100, Train Loss: 0.4796, Val Loss: 0.4147, Train AUC: 0.4808, Val AUC: 0.3148
Feature: uniport_bio, Epoch 4/100, Train Loss: 0.4542, Val Loss: 0.4167, Train AUC: 0.6151, Val AUC: 0.3148
Feature: uniport_bio, Epoch 5/100, Train Loss: 0.4430, Val Loss: 0.4181, Train AUC: 0.6588, Val AUC: 0.3704
Feature: uniport_bio, Epoch 6/100, Train Loss: 0.4731, Val Loss: 0.4206, Train AUC: 0.5064, Val AUC: 0.3704
Feature: uniport_bio, Epoch 7/100, Train Loss: 0.4679, Val Loss: 0.4201, Train AUC: 0.5288, Val AUC: 0.4074
Feature: uniport_bio, Epoch 8/100, Train Loss: 0.5032, Val Loss: 0.4207, Train AUC: 0.3849, Val AUC: 0.5000
Early stopping for feature uniport_bio at epoch 8
Best Train AUC for feature uniport_bio: 0.4808
Best Val AUC for feature uniport_bio: 0.3148
Feature uniport_bio excluded from fusion due to low Val AUC: 0.3148
Feature: uniport_seq, Epoch 1/100, Train Loss: 0.6005, Val Loss: 0.4118, Train AUC: 0.5736, Val AUC: 0.2778
Feature: uniport_seq, Epoch 2/100, Train Loss: 0.4909, Val Loss: 0.4113, Train AUC: 0.4339, Val AUC: 0.2222
Feature: uniport_seq, Epoch 3/100, Train Loss: 0.4986, Val Loss: 0.4108, Train AUC: 0.4211, Val AUC: 0.2593
Feature: uniport_seq, Epoch 4/100, Train Loss: 0.4693, Val Loss: 0.4107, Train AUC: 0.5437, Val AUC: 0.2593
Feature: uniport_seq, Epoch 5/100, Train Loss: 0.4469, Val Loss: 0.4107, Train AUC: 0.6599, Val AUC: 0.2963
Feature: uniport_seq, Epoch 6/100, Train Loss: 0.4987, Val Loss: 0.4109, Train AUC: 0.4264, Val AUC: 0.3148
Feature: uniport_seq, Epoch 7/100, Train Loss: 0.4596, Val Loss: 0.4112, Train AUC: 0.5959, Val AUC: 0.3148
Feature: uniport_seq, Epoch 8/100, Train Loss: 0.4708, Val Loss: 0.4117, Train AUC: 0.5160, Val AUC: 0.3148
Feature: uniport_seq, Epoch 9/100, Train Loss: 0.4537, Val Loss: 0.4124, Train AUC: 0.6247, Val AUC: 0.3333
Early stopping for feature uniport_seq at epoch 9
Best Train AUC for feature uniport_seq: 0.5437
Best Val AUC for feature uniport_seq: 0.2593
Feature uniport_seq excluded from fusion due to low Val AUC: 0.2593
Feature: uniport_esm, Epoch 1/100, Train Loss: 0.4963, Val Loss: 0.4157, Train AUC: 0.5629, Val AUC: 0.7963
Feature: uniport_esm, Epoch 2/100, Train Loss: 0.4751, Val Loss: 0.4096, Train AUC: 0.5650, Val AUC: 0.8519
Feature: uniport_esm, Epoch 3/100, Train Loss: 0.4737, Val Loss: 0.4092, Train AUC: 0.5565, Val AUC: 0.8519
Feature: uniport_esm, Epoch 4/100, Train Loss: 0.4756, Val Loss: 0.4110, Train AUC: 0.5352, Val AUC: 0.8333
Feature: uniport_esm, Epoch 5/100, Train Loss: 0.4750, Val Loss: 0.4130, Train AUC: 0.5149, Val AUC: 0.8333
Feature: uniport_esm, Epoch 6/100, Train Loss: 0.4636, Val Loss: 0.4151, Train AUC: 0.5565, Val AUC: 0.8519
Feature: uniport_esm, Epoch 7/100, Train Loss: 0.4422, Val Loss: 0.4167, Train AUC: 0.6610, Val AUC: 0.8519
Feature: uniport_esm, Epoch 8/100, Train Loss: 0.4548, Val Loss: 0.4173, Train AUC: 0.5821, Val AUC: 0.8519
Early stopping for feature uniport_esm at epoch 8
Best Train AUC for feature uniport_esm: 0.5565
Best Val AUC for feature uniport_esm: 0.8519
ICD10_G10 32
train test split
early fusion
Epoch 1/100, Train Loss: 0.5439, Val Loss: 0.4363, Train AUC: 0.4374, Val AUC: 0.5938
Epoch 2/100, Train Loss: 0.4862, Val Loss: 0.4361, Train AUC: 0.4003, Val AUC: 0.6198
Epoch 3/100, Train Loss: 0.4690, Val Loss: 0.4360, Train AUC: 0.4823, Val AUC: 0.6458
Epoch 4/100, Train Loss: 0.4639, Val Loss: 0.4364, Train AUC: 0.4901, Val AUC: 0.6667
Epoch 5/100, Train Loss: 0.4655, Val Loss: 0.4371, Train AUC: 0.4709, Val AUC: 0.6719
Epoch 6/100, Train Loss: 0.4622, Val Loss: 0.4376, Train AUC: 0.5076, Val AUC: 0.6771
Epoch 7/100, Train Loss: 0.4628, Val Loss: 0.4371, Train AUC: 0.4995, Val AUC: 0.6875
Epoch 8/100, Train Loss: 0.4666, Val Loss: 0.4369, Train AUC: 0.4569, Val AUC: 0.7083
Early stopping triggered at epoch 8
Best Train AUC: 0.4823, Best Val AUC: 0.6458
Epoch 1/100, Train Loss: 0.5146, Val Loss: 0.4388, Train AUC: 0.5102, Val AUC: 0.4427
Epoch 2/100, Train Loss: 0.4649, Val Loss: 0.4372, Train AUC: 0.5138, Val AUC: 0.4323
Epoch 3/100, Train Loss: 0.4651, Val Loss: 0.4362, Train AUC: 0.5200, Val AUC: 0.5208
Epoch 4/100, Train Loss: 0.4465, Val Loss: 0.4362, Train AUC: 0.5954, Val AUC: 0.5052
Epoch 5/100, Train Loss: 0.4929, Val Loss: 0.4364, Train AUC: 0.3493, Val AUC: 0.5156
Epoch 6/100, Train Loss: 0.4566, Val Loss: 0.4370, Train AUC: 0.5255, Val AUC: 0.4844
Epoch 7/100, Train Loss: 0.4636, Val Loss: 0.4371, Train AUC: 0.5177, Val AUC: 0.4948
Epoch 8/100, Train Loss: 0.4595, Val Loss: 0.4373, Train AUC: 0.5145, Val AUC: 0.4844
Epoch 9/100, Train Loss: 0.4786, Val Loss: 0.4373, Train AUC: 0.4140, Val AUC: 0.4948
Early stopping triggered at epoch 9
Best Train AUC: 0.5954, Best Val AUC: 0.5052
early fusion validation auc: 0.5755208333333333
mid fusion
Epoch 1/100, Train Loss: 0.4939, Val Loss: 0.4349, Train AUC: 0.5356, Val AUC: 0.5990
Epoch 2/100, Train Loss: 0.4571, Val Loss: 0.4332, Train AUC: 0.5707, Val AUC: 0.8073
Epoch 3/100, Train Loss: 0.4505, Val Loss: 0.4353, Train AUC: 0.5746, Val AUC: 0.8229
Epoch 4/100, Train Loss: 0.4488, Val Loss: 0.4296, Train AUC: 0.7886, Val AUC: 0.8333
Epoch 5/100, Train Loss: 0.4402, Val Loss: 0.4283, Train AUC: 0.8247, Val AUC: 0.8333
Epoch 6/100, Train Loss: 0.4427, Val Loss: 0.4248, Train AUC: 0.8566, Val AUC: 0.8229
Epoch 7/100, Train Loss: 0.4336, Val Loss: 0.4224, Train AUC: 0.9086, Val AUC: 0.8490
Epoch 8/100, Train Loss: 0.4290, Val Loss: 0.4207, Train AUC: 0.8927, Val AUC: 0.8490
Epoch 9/100, Train Loss: 0.4176, Val Loss: 0.4142, Train AUC: 0.9203, Val AUC: 0.8490
Epoch 10/100, Train Loss: 0.4171, Val Loss: 0.4011, Train AUC: 0.8751, Val AUC: 0.8802
Epoch 11/100, Train Loss: 0.3948, Val Loss: 0.3890, Train AUC: 0.9125, Val AUC: 0.8698
Epoch 12/100, Train Loss: 0.3624, Val Loss: 0.3716, Train AUC: 0.9473, Val AUC: 0.8594
Epoch 13/100, Train Loss: 0.3409, Val Loss: 0.3586, Train AUC: 0.9102, Val AUC: 0.8438
Epoch 14/100, Train Loss: 0.3143, Val Loss: 0.3536, Train AUC: 0.9122, Val AUC: 0.8385
Epoch 15/100, Train Loss: 0.3118, Val Loss: 0.3609, Train AUC: 0.9255, Val AUC: 0.8646
Epoch 16/100, Train Loss: 0.3168, Val Loss: 0.3240, Train AUC: 0.9366, Val AUC: 0.8385
Epoch 17/100, Train Loss: 0.2862, Val Loss: 0.3396, Train AUC: 0.9476, Val AUC: 0.8542
Epoch 18/100, Train Loss: 0.2384, Val Loss: 0.3263, Train AUC: 0.9649, Val AUC: 0.8854
Epoch 19/100, Train Loss: 0.2355, Val Loss: 0.2995, Train AUC: 0.9545, Val AUC: 0.8698
Epoch 20/100, Train Loss: 0.2413, Val Loss: 0.2986, Train AUC: 0.9597, Val AUC: 0.8594
Epoch 21/100, Train Loss: 0.2381, Val Loss: 0.3197, Train AUC: 0.9844, Val AUC: 0.8438
Epoch 22/100, Train Loss: 0.2057, Val Loss: 0.3228, Train AUC: 0.9828, Val AUC: 0.8229
Epoch 23/100, Train Loss: 0.1676, Val Loss: 0.3195, Train AUC: 0.9902, Val AUC: 0.8281
Epoch 24/100, Train Loss: 0.1633, Val Loss: 0.3015, Train AUC: 0.9909, Val AUC: 0.8490
Epoch 25/100, Train Loss: 0.1530, Val Loss: 0.3452, Train AUC: 0.9932, Val AUC: 0.8646
Epoch 26/100, Train Loss: 0.1450, Val Loss: 0.3043, Train AUC: 0.9925, Val AUC: 0.8750
Epoch 27/100, Train Loss: 0.1269, Val Loss: 0.3923, Train AUC: 0.9977, Val AUC: 0.8750
Epoch 28/100, Train Loss: 0.1341, Val Loss: 0.3069, Train AUC: 0.9938, Val AUC: 0.8333
Early stopping triggered at epoch 28
Best Train AUC: 0.9597, Best Val AUC: 0.8594
Epoch 1/100, Train Loss: 0.5057, Val Loss: 0.4324, Train AUC: 0.5460, Val AUC: 0.7240
Epoch 2/100, Train Loss: 0.4483, Val Loss: 0.4309, Train AUC: 0.7340, Val AUC: 0.8333
Epoch 3/100, Train Loss: 0.4458, Val Loss: 0.4273, Train AUC: 0.8546, Val AUC: 0.8490
Epoch 4/100, Train Loss: 0.4386, Val Loss: 0.4272, Train AUC: 0.8189, Val AUC: 0.8646
Epoch 5/100, Train Loss: 0.4379, Val Loss: 0.4227, Train AUC: 0.8764, Val AUC: 0.8854
Epoch 6/100, Train Loss: 0.4297, Val Loss: 0.4156, Train AUC: 0.8920, Val AUC: 0.8750
Epoch 7/100, Train Loss: 0.4219, Val Loss: 0.4088, Train AUC: 0.9265, Val AUC: 0.8854
Epoch 8/100, Train Loss: 0.4054, Val Loss: 0.4049, Train AUC: 0.9597, Val AUC: 0.8646
Epoch 9/100, Train Loss: 0.3874, Val Loss: 0.3877, Train AUC: 0.9587, Val AUC: 0.8594
Epoch 10/100, Train Loss: 0.3723, Val Loss: 0.3721, Train AUC: 0.9145, Val AUC: 0.8490
Epoch 11/100, Train Loss: 0.3432, Val Loss: 0.3520, Train AUC: 0.9281, Val AUC: 0.8594
Epoch 12/100, Train Loss: 0.3023, Val Loss: 0.3379, Train AUC: 0.9616, Val AUC: 0.8906
Epoch 13/100, Train Loss: 0.3085, Val Loss: 0.3460, Train AUC: 0.9167, Val AUC: 0.8750
Epoch 14/100, Train Loss: 0.2693, Val Loss: 0.3254, Train AUC: 0.9655, Val AUC: 0.9115
Epoch 15/100, Train Loss: 0.2608, Val Loss: 0.3060, Train AUC: 0.9600, Val AUC: 0.8802
Epoch 16/100, Train Loss: 0.2269, Val Loss: 0.3036, Train AUC: 0.9691, Val AUC: 0.8906
Epoch 17/100, Train Loss: 0.2049, Val Loss: 0.2913, Train AUC: 0.9841, Val AUC: 0.9062
Epoch 18/100, Train Loss: 0.1880, Val Loss: 0.2782, Train AUC: 0.9870, Val AUC: 0.9479
Epoch 19/100, Train Loss: 0.2110, Val Loss: 0.3561, Train AUC: 0.9733, Val AUC: 0.8854
Epoch 20/100, Train Loss: 0.1943, Val Loss: 0.3206, Train AUC: 0.9727, Val AUC: 0.9010
Epoch 21/100, Train Loss: 0.1780, Val Loss: 0.2953, Train AUC: 0.9808, Val AUC: 0.8750
Epoch 22/100, Train Loss: 0.1467, Val Loss: 0.2868, Train AUC: 0.9837, Val AUC: 0.9115
Epoch 23/100, Train Loss: 0.1295, Val Loss: 0.2764, Train AUC: 0.9958, Val AUC: 0.9062
Epoch 24/100, Train Loss: 0.1163, Val Loss: 0.2623, Train AUC: 0.9974, Val AUC: 0.9167
Epoch 25/100, Train Loss: 0.1099, Val Loss: 0.2612, Train AUC: 0.9987, Val AUC: 0.9219
Epoch 26/100, Train Loss: 0.1018, Val Loss: 0.2474, Train AUC: 0.9974, Val AUC: 0.9375
Epoch 27/100, Train Loss: 0.0874, Val Loss: 0.2679, Train AUC: 0.9990, Val AUC: 0.9167
Epoch 28/100, Train Loss: 0.0836, Val Loss: 0.2493, Train AUC: 0.9993, Val AUC: 0.9375
Epoch 29/100, Train Loss: 0.0736, Val Loss: 0.2737, Train AUC: 0.9993, Val AUC: 0.9167
Epoch 30/100, Train Loss: 0.0685, Val Loss: 0.2722, Train AUC: 0.9987, Val AUC: 0.9062
Epoch 31/100, Train Loss: 0.0640, Val Loss: 0.2936, Train AUC: 0.9997, Val AUC: 0.9375
Epoch 32/100, Train Loss: 0.0681, Val Loss: 0.2693, Train AUC: 0.9980, Val AUC: 0.9271
Epoch 33/100, Train Loss: 0.0435, Val Loss: 0.2721, Train AUC: 1.0000, Val AUC: 0.9323
Epoch 34/100, Train Loss: 0.0399, Val Loss: 0.2742, Train AUC: 1.0000, Val AUC: 0.9271
Early stopping triggered at epoch 34
Best Train AUC: 0.9974, Best Val AUC: 0.9375
early fusion validation auc: 0.8984375
later fusion
Feature: uniport_ppi_2019, Epoch 1/100, Train Loss: 0.6122, Val Loss: 0.4354, Train AUC: 0.4260, Val AUC: 0.5625
Feature: uniport_ppi_2019, Epoch 2/100, Train Loss: 0.4809, Val Loss: 0.4340, Train AUC: 0.4351, Val AUC: 0.6302
Feature: uniport_ppi_2019, Epoch 3/100, Train Loss: 0.4683, Val Loss: 0.4338, Train AUC: 0.4872, Val AUC: 0.6875
Feature: uniport_ppi_2019, Epoch 4/100, Train Loss: 0.4597, Val Loss: 0.4331, Train AUC: 0.5444, Val AUC: 0.7292
Feature: uniport_ppi_2019, Epoch 5/100, Train Loss: 0.4557, Val Loss: 0.4328, Train AUC: 0.5281, Val AUC: 0.7552
Feature: uniport_ppi_2019, Epoch 6/100, Train Loss: 0.4620, Val Loss: 0.4334, Train AUC: 0.5138, Val AUC: 0.7396
Feature: uniport_ppi_2019, Epoch 7/100, Train Loss: 0.4663, Val Loss: 0.4320, Train AUC: 0.4774, Val AUC: 0.7708
Feature: uniport_ppi_2019, Epoch 8/100, Train Loss: 0.4452, Val Loss: 0.4315, Train AUC: 0.6013, Val AUC: 0.7865
Feature: uniport_ppi_2019, Epoch 9/100, Train Loss: 0.4690, Val Loss: 0.4316, Train AUC: 0.4524, Val AUC: 0.7969
Feature: uniport_ppi_2019, Epoch 10/100, Train Loss: 0.4418, Val Loss: 0.4317, Train AUC: 0.6397, Val AUC: 0.7969
Feature: uniport_ppi_2019, Epoch 11/100, Train Loss: 0.4741, Val Loss: 0.4308, Train AUC: 0.4540, Val AUC: 0.8125
Feature: uniport_ppi_2019, Epoch 12/100, Train Loss: 0.4614, Val Loss: 0.4317, Train AUC: 0.5275, Val AUC: 0.8125
Feature: uniport_ppi_2019, Epoch 13/100, Train Loss: 0.4471, Val Loss: 0.4300, Train AUC: 0.5792, Val AUC: 0.8229
Feature: uniport_ppi_2019, Epoch 14/100, Train Loss: 0.4511, Val Loss: 0.4292, Train AUC: 0.5740, Val AUC: 0.8333
Feature: uniport_ppi_2019, Epoch 15/100, Train Loss: 0.4525, Val Loss: 0.4274, Train AUC: 0.5909, Val AUC: 0.8385
Feature: uniport_ppi_2019, Epoch 16/100, Train Loss: 0.4547, Val Loss: 0.4262, Train AUC: 0.5711, Val AUC: 0.8385
Feature: uniport_ppi_2019, Epoch 17/100, Train Loss: 0.4480, Val Loss: 0.4256, Train AUC: 0.5850, Val AUC: 0.8385
Feature: uniport_ppi_2019, Epoch 18/100, Train Loss: 0.4637, Val Loss: 0.4274, Train AUC: 0.4881, Val AUC: 0.8385
Feature: uniport_ppi_2019, Epoch 19/100, Train Loss: 0.4478, Val Loss: 0.4252, Train AUC: 0.5873, Val AUC: 0.8438
Feature: uniport_ppi_2019, Epoch 20/100, Train Loss: 0.4461, Val Loss: 0.4236, Train AUC: 0.6286, Val AUC: 0.8438
Feature: uniport_ppi_2019, Epoch 21/100, Train Loss: 0.4401, Val Loss: 0.4210, Train AUC: 0.6325, Val AUC: 0.8490
Feature: uniport_ppi_2019, Epoch 22/100, Train Loss: 0.4520, Val Loss: 0.4189, Train AUC: 0.5704, Val AUC: 0.8438
Feature: uniport_ppi_2019, Epoch 23/100, Train Loss: 0.4293, Val Loss: 0.4186, Train AUC: 0.6823, Val AUC: 0.8229
Feature: uniport_ppi_2019, Epoch 24/100, Train Loss: 0.4323, Val Loss: 0.4176, Train AUC: 0.6855, Val AUC: 0.8438
Feature: uniport_ppi_2019, Epoch 25/100, Train Loss: 0.4145, Val Loss: 0.4160, Train AUC: 0.7567, Val AUC: 0.8490
Feature: uniport_ppi_2019, Epoch 26/100, Train Loss: 0.4395, Val Loss: 0.4118, Train AUC: 0.6185, Val AUC: 0.8542
Feature: uniport_ppi_2019, Epoch 27/100, Train Loss: 0.4255, Val Loss: 0.4125, Train AUC: 0.7015, Val AUC: 0.8490
Feature: uniport_ppi_2019, Epoch 28/100, Train Loss: 0.4263, Val Loss: 0.4033, Train AUC: 0.7128, Val AUC: 0.8490
Feature: uniport_ppi_2019, Epoch 29/100, Train Loss: 0.4353, Val Loss: 0.4010, Train AUC: 0.6439, Val AUC: 0.8438
Feature: uniport_ppi_2019, Epoch 30/100, Train Loss: 0.4088, Val Loss: 0.3955, Train AUC: 0.7597, Val AUC: 0.8542
Feature: uniport_ppi_2019, Epoch 31/100, Train Loss: 0.4027, Val Loss: 0.3806, Train AUC: 0.7278, Val AUC: 0.8490
Feature: uniport_ppi_2019, Epoch 32/100, Train Loss: 0.3918, Val Loss: 0.3756, Train AUC: 0.7896, Val AUC: 0.8542
Feature: uniport_ppi_2019, Epoch 33/100, Train Loss: 0.3546, Val Loss: 0.3656, Train AUC: 0.8478, Val AUC: 0.8854
Feature: uniport_ppi_2019, Epoch 34/100, Train Loss: 0.3708, Val Loss: 0.3758, Train AUC: 0.7958, Val AUC: 0.8594
Feature: uniport_ppi_2019, Epoch 35/100, Train Loss: 0.3500, Val Loss: 0.4045, Train AUC: 0.8670, Val AUC: 0.8333
Feature: uniport_ppi_2019, Epoch 36/100, Train Loss: 0.3686, Val Loss: 0.3822, Train AUC: 0.8078, Val AUC: 0.8802
Feature: uniport_ppi_2019, Epoch 37/100, Train Loss: 0.4109, Val Loss: 0.3900, Train AUC: 0.8159, Val AUC: 0.8438
Feature: uniport_ppi_2019, Epoch 38/100, Train Loss: 0.3939, Val Loss: 0.4149, Train AUC: 0.7649, Val AUC: 0.8542
Early stopping for feature uniport_ppi_2019 at epoch 38
Best Train AUC for feature uniport_ppi_2019: 0.8478
Best Val AUC for feature uniport_ppi_2019: 0.8854
Feature: ppi_2019_dw_40, Epoch 1/100, Train Loss: 0.6486, Val Loss: 0.4431, Train AUC: 0.5174, Val AUC: 0.5312
Feature: ppi_2019_dw_40, Epoch 2/100, Train Loss: 0.4781, Val Loss: 0.4392, Train AUC: 0.4598, Val AUC: 0.5156
Feature: ppi_2019_dw_40, Epoch 3/100, Train Loss: 0.4626, Val Loss: 0.4377, Train AUC: 0.5314, Val AUC: 0.5312
Feature: ppi_2019_dw_40, Epoch 4/100, Train Loss: 0.4717, Val Loss: 0.4363, Train AUC: 0.4715, Val AUC: 0.5573
Feature: ppi_2019_dw_40, Epoch 5/100, Train Loss: 0.4539, Val Loss: 0.4366, Train AUC: 0.5567, Val AUC: 0.5312
Feature: ppi_2019_dw_40, Epoch 6/100, Train Loss: 0.4482, Val Loss: 0.4383, Train AUC: 0.6026, Val AUC: 0.5365
Feature: ppi_2019_dw_40, Epoch 7/100, Train Loss: 0.4773, Val Loss: 0.4403, Train AUC: 0.4309, Val AUC: 0.5521
Feature: ppi_2019_dw_40, Epoch 8/100, Train Loss: 0.4511, Val Loss: 0.4368, Train AUC: 0.5941, Val AUC: 0.5729
Feature: ppi_2019_dw_40, Epoch 9/100, Train Loss: 0.4761, Val Loss: 0.4347, Train AUC: 0.4163, Val AUC: 0.6198
Feature: ppi_2019_dw_40, Epoch 10/100, Train Loss: 0.4579, Val Loss: 0.4333, Train AUC: 0.5151, Val AUC: 0.6510
Feature: ppi_2019_dw_40, Epoch 11/100, Train Loss: 0.4464, Val Loss: 0.4326, Train AUC: 0.6029, Val AUC: 0.6458
Feature: ppi_2019_dw_40, Epoch 12/100, Train Loss: 0.4603, Val Loss: 0.4316, Train AUC: 0.5359, Val AUC: 0.6823
Feature: ppi_2019_dw_40, Epoch 13/100, Train Loss: 0.4436, Val Loss: 0.4308, Train AUC: 0.6302, Val AUC: 0.6771
Feature: ppi_2019_dw_40, Epoch 14/100, Train Loss: 0.4608, Val Loss: 0.4300, Train AUC: 0.5210, Val AUC: 0.6979
Feature: ppi_2019_dw_40, Epoch 15/100, Train Loss: 0.4791, Val Loss: 0.4305, Train AUC: 0.4328, Val AUC: 0.7083
Feature: ppi_2019_dw_40, Epoch 16/100, Train Loss: 0.4357, Val Loss: 0.4288, Train AUC: 0.6384, Val AUC: 0.6927
Feature: ppi_2019_dw_40, Epoch 17/100, Train Loss: 0.4322, Val Loss: 0.4269, Train AUC: 0.6579, Val AUC: 0.6875
Feature: ppi_2019_dw_40, Epoch 18/100, Train Loss: 0.4475, Val Loss: 0.4254, Train AUC: 0.5694, Val AUC: 0.7188
Feature: ppi_2019_dw_40, Epoch 19/100, Train Loss: 0.4559, Val Loss: 0.4269, Train AUC: 0.5463, Val AUC: 0.7396
Feature: ppi_2019_dw_40, Epoch 20/100, Train Loss: 0.4295, Val Loss: 0.4221, Train AUC: 0.6992, Val AUC: 0.7604
Feature: ppi_2019_dw_40, Epoch 21/100, Train Loss: 0.4192, Val Loss: 0.4224, Train AUC: 0.7496, Val AUC: 0.7552
Feature: ppi_2019_dw_40, Epoch 22/100, Train Loss: 0.4088, Val Loss: 0.4168, Train AUC: 0.7763, Val AUC: 0.7708
Feature: ppi_2019_dw_40, Epoch 23/100, Train Loss: 0.4054, Val Loss: 0.4127, Train AUC: 0.7915, Val AUC: 0.7708
Feature: ppi_2019_dw_40, Epoch 24/100, Train Loss: 0.4271, Val Loss: 0.4087, Train AUC: 0.7073, Val AUC: 0.7708
Feature: ppi_2019_dw_40, Epoch 25/100, Train Loss: 0.4030, Val Loss: 0.4032, Train AUC: 0.7646, Val AUC: 0.7656
Feature: ppi_2019_dw_40, Epoch 26/100, Train Loss: 0.4050, Val Loss: 0.4011, Train AUC: 0.7590, Val AUC: 0.7604
Feature: ppi_2019_dw_40, Epoch 27/100, Train Loss: 0.3926, Val Loss: 0.3984, Train AUC: 0.7789, Val AUC: 0.7552
Feature: ppi_2019_dw_40, Epoch 28/100, Train Loss: 0.3733, Val Loss: 0.3843, Train AUC: 0.8485, Val AUC: 0.7917
Feature: ppi_2019_dw_40, Epoch 29/100, Train Loss: 0.3610, Val Loss: 0.3788, Train AUC: 0.8475, Val AUC: 0.7604
Feature: ppi_2019_dw_40, Epoch 30/100, Train Loss: 0.3376, Val Loss: 0.3710, Train AUC: 0.8520, Val AUC: 0.7292
Feature: ppi_2019_dw_40, Epoch 31/100, Train Loss: 0.2946, Val Loss: 0.3701, Train AUC: 0.9255, Val AUC: 0.7708
Feature: ppi_2019_dw_40, Epoch 32/100, Train Loss: 0.3086, Val Loss: 0.3833, Train AUC: 0.9115, Val AUC: 0.7500
Feature: ppi_2019_dw_40, Epoch 33/100, Train Loss: 0.3043, Val Loss: 0.3716, Train AUC: 0.9132, Val AUC: 0.7604
Feature: ppi_2019_dw_40, Epoch 34/100, Train Loss: 0.3330, Val Loss: 0.3752, Train AUC: 0.9063, Val AUC: 0.7656
Feature: ppi_2019_dw_40, Epoch 35/100, Train Loss: 0.2927, Val Loss: 0.3726, Train AUC: 0.9304, Val AUC: 0.7396
Feature: ppi_2019_dw_40, Epoch 36/100, Train Loss: 0.2897, Val Loss: 0.3712, Train AUC: 0.9184, Val AUC: 0.7500
Early stopping for feature ppi_2019_dw_40 at epoch 36
Best Train AUC for feature ppi_2019_dw_40: 0.9255
Best Val AUC for feature ppi_2019_dw_40: 0.7708
Feature: uniport_bio, Epoch 1/100, Train Loss: 0.5468, Val Loss: 0.4257, Train AUC: 0.4823, Val AUC: 0.7969
Feature: uniport_bio, Epoch 2/100, Train Loss: 0.4585, Val Loss: 0.4261, Train AUC: 0.5574, Val AUC: 0.8542
Feature: uniport_bio, Epoch 3/100, Train Loss: 0.4783, Val Loss: 0.4242, Train AUC: 0.4764, Val AUC: 0.8854
Feature: uniport_bio, Epoch 4/100, Train Loss: 0.4450, Val Loss: 0.4243, Train AUC: 0.5997, Val AUC: 0.8802
Feature: uniport_bio, Epoch 5/100, Train Loss: 0.4635, Val Loss: 0.4264, Train AUC: 0.5229, Val AUC: 0.8698
Feature: uniport_bio, Epoch 6/100, Train Loss: 0.4576, Val Loss: 0.4252, Train AUC: 0.5597, Val AUC: 0.8698
Feature: uniport_bio, Epoch 7/100, Train Loss: 0.4596, Val Loss: 0.4255, Train AUC: 0.5444, Val AUC: 0.8698
Feature: uniport_bio, Epoch 8/100, Train Loss: 0.4441, Val Loss: 0.4217, Train AUC: 0.6257, Val AUC: 0.8802
Feature: uniport_bio, Epoch 9/100, Train Loss: 0.4606, Val Loss: 0.4207, Train AUC: 0.5164, Val AUC: 0.8802
Feature: uniport_bio, Epoch 10/100, Train Loss: 0.4355, Val Loss: 0.4187, Train AUC: 0.6598, Val AUC: 0.8802
Feature: uniport_bio, Epoch 11/100, Train Loss: 0.4602, Val Loss: 0.4164, Train AUC: 0.5626, Val AUC: 0.8906
Feature: uniport_bio, Epoch 12/100, Train Loss: 0.4643, Val Loss: 0.4147, Train AUC: 0.5275, Val AUC: 0.9062
Feature: uniport_bio, Epoch 13/100, Train Loss: 0.4419, Val Loss: 0.4122, Train AUC: 0.5941, Val AUC: 0.9062
Feature: uniport_bio, Epoch 14/100, Train Loss: 0.4582, Val Loss: 0.4102, Train AUC: 0.5301, Val AUC: 0.9167
Feature: uniport_bio, Epoch 15/100, Train Loss: 0.4272, Val Loss: 0.4072, Train AUC: 0.6920, Val AUC: 0.9062
Feature: uniport_bio, Epoch 16/100, Train Loss: 0.4397, Val Loss: 0.4036, Train AUC: 0.6348, Val AUC: 0.9115
Feature: uniport_bio, Epoch 17/100, Train Loss: 0.4275, Val Loss: 0.4024, Train AUC: 0.6972, Val AUC: 0.9062
Feature: uniport_bio, Epoch 18/100, Train Loss: 0.4340, Val Loss: 0.4022, Train AUC: 0.6748, Val AUC: 0.9115
Feature: uniport_bio, Epoch 19/100, Train Loss: 0.4363, Val Loss: 0.4018, Train AUC: 0.6598, Val AUC: 0.9115
Feature: uniport_bio, Epoch 20/100, Train Loss: 0.3998, Val Loss: 0.3938, Train AUC: 0.8156, Val AUC: 0.9115
Feature: uniport_bio, Epoch 21/100, Train Loss: 0.3944, Val Loss: 0.3817, Train AUC: 0.8036, Val AUC: 0.9115
Feature: uniport_bio, Epoch 22/100, Train Loss: 0.4104, Val Loss: 0.3708, Train AUC: 0.7132, Val AUC: 0.8958
Feature: uniport_bio, Epoch 23/100, Train Loss: 0.4004, Val Loss: 0.3546, Train AUC: 0.7629, Val AUC: 0.8906
Feature: uniport_bio, Epoch 24/100, Train Loss: 0.3736, Val Loss: 0.3428, Train AUC: 0.8299, Val AUC: 0.8854
Feature: uniport_bio, Epoch 25/100, Train Loss: 0.3470, Val Loss: 0.3278, Train AUC: 0.8683, Val AUC: 0.9115
Feature: uniport_bio, Epoch 26/100, Train Loss: 0.3530, Val Loss: 0.3378, Train AUC: 0.8618, Val AUC: 0.9062
Feature: uniport_bio, Epoch 27/100, Train Loss: 0.3779, Val Loss: 0.3535, Train AUC: 0.7967, Val AUC: 0.8802
Feature: uniport_bio, Epoch 28/100, Train Loss: 0.3795, Val Loss: 0.3443, Train AUC: 0.8088, Val AUC: 0.8698
Feature: uniport_bio, Epoch 29/100, Train Loss: 0.3402, Val Loss: 0.3292, Train AUC: 0.8800, Val AUC: 0.9062
Feature: uniport_bio, Epoch 30/100, Train Loss: 0.3647, Val Loss: 0.3213, Train AUC: 0.8524, Val AUC: 0.9010
Feature: uniport_bio, Epoch 31/100, Train Loss: 0.3158, Val Loss: 0.3302, Train AUC: 0.8998, Val AUC: 0.8750
Feature: uniport_bio, Epoch 32/100, Train Loss: 0.3724, Val Loss: 0.3176, Train AUC: 0.8400, Val AUC: 0.8906
Feature: uniport_bio, Epoch 33/100, Train Loss: 0.3693, Val Loss: 0.3272, Train AUC: 0.8244, Val AUC: 0.8906
Feature: uniport_bio, Epoch 34/100, Train Loss: 0.3418, Val Loss: 0.3431, Train AUC: 0.8754, Val AUC: 0.8854
Feature: uniport_bio, Epoch 35/100, Train Loss: 0.3050, Val Loss: 0.3478, Train AUC: 0.9372, Val AUC: 0.8854
Feature: uniport_bio, Epoch 36/100, Train Loss: 0.3402, Val Loss: 0.3197, Train AUC: 0.8553, Val AUC: 0.8958
Feature: uniport_bio, Epoch 37/100, Train Loss: 0.3204, Val Loss: 0.3192, Train AUC: 0.8940, Val AUC: 0.9010
Early stopping for feature uniport_bio at epoch 37
Best Train AUC for feature uniport_bio: 0.8400
Best Val AUC for feature uniport_bio: 0.8906
Feature: uniport_seq, Epoch 1/100, Train Loss: 0.5353, Val Loss: 0.4399, Train AUC: 0.5580, Val AUC: 0.6094
Feature: uniport_seq, Epoch 2/100, Train Loss: 0.4763, Val Loss: 0.4368, Train AUC: 0.4937, Val AUC: 0.5573
Feature: uniport_seq, Epoch 3/100, Train Loss: 0.4678, Val Loss: 0.4361, Train AUC: 0.5044, Val AUC: 0.5990
Feature: uniport_seq, Epoch 4/100, Train Loss: 0.4644, Val Loss: 0.4360, Train AUC: 0.5174, Val AUC: 0.5729
Feature: uniport_seq, Epoch 5/100, Train Loss: 0.4989, Val Loss: 0.4362, Train AUC: 0.3831, Val AUC: 0.5781
Feature: uniport_seq, Epoch 6/100, Train Loss: 0.4667, Val Loss: 0.4369, Train AUC: 0.4852, Val AUC: 0.5625
Feature: uniport_seq, Epoch 7/100, Train Loss: 0.4718, Val Loss: 0.4385, Train AUC: 0.4527, Val AUC: 0.5417
Feature: uniport_seq, Epoch 8/100, Train Loss: 0.4831, Val Loss: 0.4390, Train AUC: 0.3912, Val AUC: 0.5417
Feature: uniport_seq, Epoch 9/100, Train Loss: 0.4696, Val Loss: 0.4385, Train AUC: 0.4754, Val AUC: 0.5417
Early stopping for feature uniport_seq at epoch 9
Best Train AUC for feature uniport_seq: 0.5174
Best Val AUC for feature uniport_seq: 0.5729
Feature uniport_seq excluded from fusion due to low Val AUC: 0.5729
Feature: uniport_esm, Epoch 1/100, Train Loss: 0.5693, Val Loss: 0.4392, Train AUC: 0.5727, Val AUC: 0.4271
Feature: uniport_esm, Epoch 2/100, Train Loss: 0.4799, Val Loss: 0.4371, Train AUC: 0.5041, Val AUC: 0.3698
Feature: uniport_esm, Epoch 3/100, Train Loss: 0.4648, Val Loss: 0.4380, Train AUC: 0.5106, Val AUC: 0.4062
Feature: uniport_esm, Epoch 4/100, Train Loss: 0.4573, Val Loss: 0.4385, Train AUC: 0.5646, Val AUC: 0.3594
Feature: uniport_esm, Epoch 5/100, Train Loss: 0.4685, Val Loss: 0.4398, Train AUC: 0.5216, Val AUC: 0.3594
Feature: uniport_esm, Epoch 6/100, Train Loss: 0.4736, Val Loss: 0.4397, Train AUC: 0.4859, Val AUC: 0.3646
Feature: uniport_esm, Epoch 7/100, Train Loss: 0.4521, Val Loss: 0.4383, Train AUC: 0.5915, Val AUC: 0.3750
Early stopping for feature uniport_esm at epoch 7
Best Train AUC for feature uniport_esm: 0.5041
Best Val AUC for feature uniport_esm: 0.3698
Feature uniport_esm excluded from fusion due to low Val AUC: 0.3698
ICD10_G20 137
train test split
early fusion
Epoch 1/100, Train Loss: 0.4794, Val Loss: 0.4504, Train AUC: 0.4769, Val AUC: 0.6173
Epoch 2/100, Train Loss: 0.4523, Val Loss: 0.4503, Train AUC: 0.5488, Val AUC: 0.6247
Epoch 3/100, Train Loss: 0.4561, Val Loss: 0.4503, Train AUC: 0.5238, Val AUC: 0.6316
Epoch 4/100, Train Loss: 0.4614, Val Loss: 0.4509, Train AUC: 0.4938, Val AUC: 0.6288
Epoch 5/100, Train Loss: 0.4585, Val Loss: 0.4508, Train AUC: 0.5004, Val AUC: 0.6261
Epoch 6/100, Train Loss: 0.4560, Val Loss: 0.4498, Train AUC: 0.5298, Val AUC: 0.6324
Epoch 7/100, Train Loss: 0.4555, Val Loss: 0.4499, Train AUC: 0.5307, Val AUC: 0.6357
Epoch 8/100, Train Loss: 0.4583, Val Loss: 0.4499, Train AUC: 0.5075, Val AUC: 0.6332
Epoch 9/100, Train Loss: 0.4534, Val Loss: 0.4496, Train AUC: 0.5335, Val AUC: 0.6398
Epoch 10/100, Train Loss: 0.4533, Val Loss: 0.4492, Train AUC: 0.5327, Val AUC: 0.6398
Epoch 11/100, Train Loss: 0.4527, Val Loss: 0.4495, Train AUC: 0.5263, Val AUC: 0.6412
Epoch 12/100, Train Loss: 0.4603, Val Loss: 0.4488, Train AUC: 0.4924, Val AUC: 0.6442
Epoch 13/100, Train Loss: 0.4618, Val Loss: 0.4501, Train AUC: 0.4781, Val AUC: 0.6444
Epoch 14/100, Train Loss: 0.4614, Val Loss: 0.4483, Train AUC: 0.4760, Val AUC: 0.6431
Epoch 15/100, Train Loss: 0.4563, Val Loss: 0.4483, Train AUC: 0.5062, Val AUC: 0.6412
Epoch 16/100, Train Loss: 0.4576, Val Loss: 0.4480, Train AUC: 0.5075, Val AUC: 0.6428
Epoch 17/100, Train Loss: 0.4612, Val Loss: 0.4496, Train AUC: 0.4797, Val AUC: 0.6428
Epoch 18/100, Train Loss: 0.4463, Val Loss: 0.4476, Train AUC: 0.5807, Val AUC: 0.6436
Epoch 19/100, Train Loss: 0.4612, Val Loss: 0.4481, Train AUC: 0.4844, Val AUC: 0.6436
Epoch 20/100, Train Loss: 0.4623, Val Loss: 0.4480, Train AUC: 0.4824, Val AUC: 0.6447
Epoch 21/100, Train Loss: 0.4534, Val Loss: 0.4472, Train AUC: 0.5384, Val AUC: 0.6450
Epoch 22/100, Train Loss: 0.4524, Val Loss: 0.4467, Train AUC: 0.5378, Val AUC: 0.6439
Epoch 23/100, Train Loss: 0.4527, Val Loss: 0.4458, Train AUC: 0.5387, Val AUC: 0.6455
Epoch 24/100, Train Loss: 0.4433, Val Loss: 0.4455, Train AUC: 0.5850, Val AUC: 0.6469
Epoch 25/100, Train Loss: 0.4458, Val Loss: 0.4439, Train AUC: 0.5783, Val AUC: 0.6466
Epoch 26/100, Train Loss: 0.4468, Val Loss: 0.4520, Train AUC: 0.5741, Val AUC: 0.6464
Epoch 27/100, Train Loss: 0.4574, Val Loss: 0.4478, Train AUC: 0.5476, Val AUC: 0.6455
Epoch 28/100, Train Loss: 0.4456, Val Loss: 0.4449, Train AUC: 0.5798, Val AUC: 0.6458
Epoch 29/100, Train Loss: 0.4453, Val Loss: 0.4436, Train AUC: 0.5882, Val AUC: 0.6472
Epoch 30/100, Train Loss: 0.4523, Val Loss: 0.4426, Train AUC: 0.5551, Val AUC: 0.6475
Epoch 31/100, Train Loss: 0.4424, Val Loss: 0.4409, Train AUC: 0.6051, Val AUC: 0.6497
Epoch 32/100, Train Loss: 0.4430, Val Loss: 0.4420, Train AUC: 0.5876, Val AUC: 0.6521
Epoch 33/100, Train Loss: 0.4388, Val Loss: 0.4406, Train AUC: 0.6120, Val AUC: 0.6532
Epoch 34/100, Train Loss: 0.4421, Val Loss: 0.4416, Train AUC: 0.5979, Val AUC: 0.6532
Epoch 35/100, Train Loss: 0.4292, Val Loss: 0.4368, Train AUC: 0.6558, Val AUC: 0.6549
Epoch 36/100, Train Loss: 0.4266, Val Loss: 0.4332, Train AUC: 0.6772, Val AUC: 0.6535
Epoch 37/100, Train Loss: 0.4221, Val Loss: 0.4305, Train AUC: 0.6787, Val AUC: 0.6590
Epoch 38/100, Train Loss: 0.4047, Val Loss: 0.4317, Train AUC: 0.7306, Val AUC: 0.6661
Epoch 39/100, Train Loss: 0.4452, Val Loss: 0.4335, Train AUC: 0.6385, Val AUC: 0.6724
Epoch 40/100, Train Loss: 0.4411, Val Loss: 0.4426, Train AUC: 0.6155, Val AUC: 0.6713
Epoch 41/100, Train Loss: 0.4391, Val Loss: 0.4317, Train AUC: 0.6373, Val AUC: 0.6702
Epoch 42/100, Train Loss: 0.4145, Val Loss: 0.4390, Train AUC: 0.7048, Val AUC: 0.6713
Early stopping triggered at epoch 42
Best Train AUC: 0.6787, Best Val AUC: 0.6590
early fusion validation auc: 0.6695473251028807
mid fusion
Epoch 1/100, Train Loss: 0.4699, Val Loss: 0.4480, Train AUC: 0.4997, Val AUC: 0.7438
Epoch 2/100, Train Loss: 0.4447, Val Loss: 0.4408, Train AUC: 0.6471, Val AUC: 0.7756
Epoch 3/100, Train Loss: 0.4336, Val Loss: 0.4275, Train AUC: 0.7461, Val AUC: 0.7827
Epoch 4/100, Train Loss: 0.4080, Val Loss: 0.4445, Train AUC: 0.7666, Val AUC: 0.8011
Epoch 5/100, Train Loss: 0.3725, Val Loss: 0.3584, Train AUC: 0.8123, Val AUC: 0.8294
Epoch 6/100, Train Loss: 0.3375, Val Loss: 0.3456, Train AUC: 0.8585, Val AUC: 0.8337
Epoch 7/100, Train Loss: 0.3110, Val Loss: 0.3898, Train AUC: 0.8746, Val AUC: 0.8209
Epoch 8/100, Train Loss: 0.3175, Val Loss: 0.3535, Train AUC: 0.8687, Val AUC: 0.8365
Epoch 9/100, Train Loss: 0.2687, Val Loss: 0.3965, Train AUC: 0.9084, Val AUC: 0.8546
Epoch 10/100, Train Loss: 0.2789, Val Loss: 0.3393, Train AUC: 0.9023, Val AUC: 0.8370
Epoch 11/100, Train Loss: 0.3435, Val Loss: 0.3761, Train AUC: 0.8351, Val AUC: 0.7846
Epoch 12/100, Train Loss: 0.2759, Val Loss: 0.3224, Train AUC: 0.9044, Val AUC: 0.8450
Epoch 13/100, Train Loss: 0.2441, Val Loss: 0.3233, Train AUC: 0.9262, Val AUC: 0.8332
Epoch 14/100, Train Loss: 0.2303, Val Loss: 0.3450, Train AUC: 0.9291, Val AUC: 0.8217
Epoch 15/100, Train Loss: 0.2166, Val Loss: 0.3410, Train AUC: 0.9417, Val AUC: 0.8318
Epoch 16/100, Train Loss: 0.2149, Val Loss: 0.3349, Train AUC: 0.9448, Val AUC: 0.8365
Epoch 17/100, Train Loss: 0.2025, Val Loss: 0.3532, Train AUC: 0.9487, Val AUC: 0.8302
Epoch 18/100, Train Loss: 0.1976, Val Loss: 0.4342, Train AUC: 0.9523, Val AUC: 0.8162
Epoch 19/100, Train Loss: 0.2578, Val Loss: 0.4139, Train AUC: 0.9191, Val AUC: 0.8151
Epoch 20/100, Train Loss: 0.2620, Val Loss: 0.3580, Train AUC: 0.9100, Val AUC: 0.8316
Early stopping triggered at epoch 20
Best Train AUC: 0.9044, Best Val AUC: 0.8450
early fusion validation auc: 0.8349794238683127
later fusion
ICD10_G24 22
train test split
early fusion
early fusion validation auc: 0.6527777777777778
mid fusion
early fusion validation auc: 0.8333333333333333
later fusion
ICD10_G30 183
train test split
early fusion
early fusion validation auc: 0.8253877551020408
mid fusion
early fusion validation auc: 0.9252244897959183
later fusion
ICD10_G40 120
train test split
early fusion
early fusion validation auc: 0.822563559322034
mid fusion
early fusion validation auc: 0.850635593220339
later fusion
Feature: uniport_ppi_2019, Epoch 1/100, Train Loss: 0.4938, Val Loss: 0.4548, Train AUC: 0.5166, Val AUC: 0.6660
Feature: uniport_ppi_2019, Epoch 2/100, Train Loss: 0.4564, Val Loss: 0.4523, Train AUC: 0.5366, Val AUC: 0.7518
Feature: uniport_ppi_2019, Epoch 3/100, Train Loss: 0.4660, Val Loss: 0.4501, Train AUC: 0.4734, Val AUC: 0.7913
Feature: uniport_ppi_2019, Epoch 4/100, Train Loss: 0.4562, Val Loss: 0.4494, Train AUC: 0.5115, Val AUC: 0.7994
Feature: uniport_ppi_2019, Epoch 5/100, Train Loss: 0.4569, Val Loss: 0.4480, Train AUC: 0.5074, Val AUC: 0.8044
Feature: uniport_ppi_2019, Epoch 6/100, Train Loss: 0.4551, Val Loss: 0.4472, Train AUC: 0.5132, Val AUC: 0.8178
Feature: uniport_ppi_2019, Epoch 7/100, Train Loss: 0.4490, Val Loss: 0.4460, Train AUC: 0.5612, Val AUC: 0.8047
Feature: uniport_ppi_2019, Epoch 8/100, Train Loss: 0.4417, Val Loss: 0.4434, Train AUC: 0.6002, Val AUC: 0.8111
Feature: uniport_ppi_2019, Epoch 9/100, Train Loss: 0.4506, Val Loss: 0.4417, Train AUC: 0.5481, Val AUC: 0.8146
Feature: uniport_ppi_2019, Epoch 10/100, Train Loss: 0.4464, Val Loss: 0.4408, Train AUC: 0.5787, Val AUC: 0.8245
Feature: uniport_ppi_2019, Epoch 11/100, Train Loss: 0.4423, Val Loss: 0.4341, Train AUC: 0.5988, Val AUC: 0.8302
Feature: uniport_ppi_2019, Epoch 12/100, Train Loss: 0.4478, Val Loss: 0.4288, Train AUC: 0.5653, Val AUC: 0.8277
Feature: uniport_ppi_2019, Epoch 13/100, Train Loss: 0.4321, Val Loss: 0.4234, Train AUC: 0.6565, Val AUC: 0.8164
Feature: uniport_ppi_2019, Epoch 14/100, Train Loss: 0.4323, Val Loss: 0.4408, Train AUC: 0.6465, Val AUC: 0.8330
Feature: uniport_ppi_2019, Epoch 15/100, Train Loss: 0.4467, Val Loss: 0.4234, Train AUC: 0.5856, Val AUC: 0.8407
Feature: uniport_ppi_2019, Epoch 16/100, Train Loss: 0.4349, Val Loss: 0.4198, Train AUC: 0.6257, Val AUC: 0.8302
Feature: uniport_ppi_2019, Epoch 17/100, Train Loss: 0.4403, Val Loss: 0.4084, Train AUC: 0.6058, Val AUC: 0.8302
Feature: uniport_ppi_2019, Epoch 18/100, Train Loss: 0.4284, Val Loss: 0.4242, Train AUC: 0.6456, Val AUC: 0.8139
Feature: uniport_ppi_2019, Epoch 19/100, Train Loss: 0.4339, Val Loss: 0.4079, Train AUC: 0.6428, Val AUC: 0.8333
Feature: uniport_ppi_2019, Epoch 20/100, Train Loss: 0.4102, Val Loss: 0.3829, Train AUC: 0.7113, Val AUC: 0.8249
Feature: uniport_ppi_2019, Epoch 21/100, Train Loss: 0.3961, Val Loss: 0.4170, Train AUC: 0.7389, Val AUC: 0.8294
Feature: uniport_ppi_2019, Epoch 22/100, Train Loss: 0.4060, Val Loss: 0.4045, Train AUC: 0.7341, Val AUC: 0.8266
Feature: uniport_ppi_2019, Epoch 23/100, Train Loss: 0.4279, Val Loss: 0.3949, Train AUC: 0.6615, Val AUC: 0.8252
Feature: uniport_ppi_2019, Epoch 24/100, Train Loss: 0.3885, Val Loss: 0.3600, Train AUC: 0.7583, Val AUC: 0.8280
Feature: uniport_ppi_2019, Epoch 25/100, Train Loss: 0.3812, Val Loss: 0.3595, Train AUC: 0.7683, Val AUC: 0.8376
Feature: uniport_ppi_2019, Epoch 26/100, Train Loss: 0.4072, Val Loss: 0.3917, Train AUC: 0.7097, Val AUC: 0.8503
Feature: uniport_ppi_2019, Epoch 27/100, Train Loss: 0.4064, Val Loss: 0.3909, Train AUC: 0.7398, Val AUC: 0.8397
Feature: uniport_ppi_2019, Epoch 28/100, Train Loss: 0.3799, Val Loss: 0.3566, Train AUC: 0.7727, Val AUC: 0.8362
Feature: uniport_ppi_2019, Epoch 29/100, Train Loss: 0.3520, Val Loss: 0.3470, Train AUC: 0.8071, Val AUC: 0.8337
Feature: uniport_ppi_2019, Epoch 30/100, Train Loss: 0.3657, Val Loss: 0.3613, Train AUC: 0.7857, Val AUC: 0.8242
Feature: uniport_ppi_2019, Epoch 31/100, Train Loss: 0.3595, Val Loss: 0.3592, Train AUC: 0.7971, Val AUC: 0.8287
Feature: uniport_ppi_2019, Epoch 32/100, Train Loss: 0.3384, Val Loss: 0.3410, Train AUC: 0.8254, Val AUC: 0.8309
Feature: uniport_ppi_2019, Epoch 33/100, Train Loss: 0.3400, Val Loss: 0.3379, Train AUC: 0.8233, Val AUC: 0.8489
Feature: uniport_ppi_2019, Epoch 34/100, Train Loss: 0.3613, Val Loss: 0.3417, Train AUC: 0.7991, Val AUC: 0.8376
Feature: uniport_ppi_2019, Epoch 35/100, Train Loss: 0.3527, Val Loss: 0.3503, Train AUC: 0.7923, Val AUC: 0.8376
Feature: uniport_ppi_2019, Epoch 36/100, Train Loss: 0.3648, Val Loss: 0.3502, Train AUC: 0.7956, Val AUC: 0.8588
Feature: uniport_ppi_2019, Epoch 37/100, Train Loss: 0.3450, Val Loss: 0.3417, Train AUC: 0.8175, Val AUC: 0.8298
Feature: uniport_ppi_2019, Epoch 38/100, Train Loss: 0.3348, Val Loss: 0.3614, Train AUC: 0.8303, Val AUC: 0.8517
Early stopping for feature uniport_ppi_2019 at epoch 38
Best Train AUC for feature uniport_ppi_2019: 0.8233
Best Val AUC for feature uniport_ppi_2019: 0.8489
Feature: ppi_2019_dw_40, Epoch 1/100, Train Loss: 0.5177, Val Loss: 0.4628, Train AUC: 0.5069, Val AUC: 0.3930
Feature: ppi_2019_dw_40, Epoch 2/100, Train Loss: 0.4629, Val Loss: 0.4537, Train AUC: 0.5074, Val AUC: 0.5508
Feature: ppi_2019_dw_40, Epoch 3/100, Train Loss: 0.4576, Val Loss: 0.4515, Train AUC: 0.5313, Val AUC: 0.6660
Feature: ppi_2019_dw_40, Epoch 4/100, Train Loss: 0.4535, Val Loss: 0.4500, Train AUC: 0.5417, Val AUC: 0.7161
Feature: ppi_2019_dw_40, Epoch 5/100, Train Loss: 0.4477, Val Loss: 0.4492, Train AUC: 0.5719, Val AUC: 0.7507
Feature: ppi_2019_dw_40, Epoch 6/100, Train Loss: 0.4519, Val Loss: 0.4477, Train AUC: 0.5488, Val AUC: 0.7730
Feature: ppi_2019_dw_40, Epoch 7/100, Train Loss: 0.4542, Val Loss: 0.4455, Train AUC: 0.5268, Val AUC: 0.7779
Feature: ppi_2019_dw_40, Epoch 8/100, Train Loss: 0.4531, Val Loss: 0.4445, Train AUC: 0.5425, Val AUC: 0.7888
Feature: ppi_2019_dw_40, Epoch 9/100, Train Loss: 0.4438, Val Loss: 0.4410, Train AUC: 0.5894, Val AUC: 0.8061
Feature: ppi_2019_dw_40, Epoch 10/100, Train Loss: 0.4417, Val Loss: 0.4373, Train AUC: 0.5934, Val AUC: 0.8104
Feature: ppi_2019_dw_40, Epoch 11/100, Train Loss: 0.4394, Val Loss: 0.4332, Train AUC: 0.6106, Val AUC: 0.8065
Feature: ppi_2019_dw_40, Epoch 12/100, Train Loss: 0.4338, Val Loss: 0.4285, Train AUC: 0.6434, Val AUC: 0.8019
Feature: ppi_2019_dw_40, Epoch 13/100, Train Loss: 0.4332, Val Loss: 0.4182, Train AUC: 0.6386, Val AUC: 0.7994
Feature: ppi_2019_dw_40, Epoch 14/100, Train Loss: 0.4286, Val Loss: 0.4140, Train AUC: 0.6571, Val AUC: 0.8143
Feature: ppi_2019_dw_40, Epoch 15/100, Train Loss: 0.4267, Val Loss: 0.4045, Train AUC: 0.6572, Val AUC: 0.8164
Feature: ppi_2019_dw_40, Epoch 16/100, Train Loss: 0.4129, Val Loss: 0.3930, Train AUC: 0.7222, Val AUC: 0.8118
Feature: ppi_2019_dw_40, Epoch 17/100, Train Loss: 0.3960, Val Loss: 0.3900, Train AUC: 0.7262, Val AUC: 0.8111
Feature: ppi_2019_dw_40, Epoch 18/100, Train Loss: 0.3973, Val Loss: 0.3851, Train AUC: 0.7323, Val AUC: 0.8199
Feature: ppi_2019_dw_40, Epoch 19/100, Train Loss: 0.3885, Val Loss: 0.3685, Train AUC: 0.7550, Val AUC: 0.8256
Feature: ppi_2019_dw_40, Epoch 20/100, Train Loss: 0.3736, Val Loss: 0.3595, Train AUC: 0.7843, Val AUC: 0.8231
Feature: ppi_2019_dw_40, Epoch 21/100, Train Loss: 0.3544, Val Loss: 0.3577, Train AUC: 0.8061, Val AUC: 0.8298
Feature: ppi_2019_dw_40, Epoch 22/100, Train Loss: 0.3534, Val Loss: 0.3563, Train AUC: 0.8166, Val AUC: 0.8284
Feature: ppi_2019_dw_40, Epoch 23/100, Train Loss: 0.3656, Val Loss: 0.3893, Train AUC: 0.7946, Val AUC: 0.8280
Feature: ppi_2019_dw_40, Epoch 24/100, Train Loss: 0.3938, Val Loss: 0.3637, Train AUC: 0.7408, Val AUC: 0.8277
Feature: ppi_2019_dw_40, Epoch 25/100, Train Loss: 0.3758, Val Loss: 0.3521, Train AUC: 0.7835, Val AUC: 0.8280
Feature: ppi_2019_dw_40, Epoch 26/100, Train Loss: 0.3606, Val Loss: 0.3726, Train AUC: 0.7968, Val AUC: 0.8217
Feature: ppi_2019_dw_40, Epoch 27/100, Train Loss: 0.3390, Val Loss: 0.3475, Train AUC: 0.8365, Val AUC: 0.8252
Feature: ppi_2019_dw_40, Epoch 28/100, Train Loss: 0.3326, Val Loss: 0.3415, Train AUC: 0.8324, Val AUC: 0.8305
Feature: ppi_2019_dw_40, Epoch 29/100, Train Loss: 0.3365, Val Loss: 0.3440, Train AUC: 0.8212, Val AUC: 0.8291
Feature: ppi_2019_dw_40, Epoch 30/100, Train Loss: 0.3247, Val Loss: 0.3361, Train AUC: 0.8400, Val AUC: 0.8333
Feature: ppi_2019_dw_40, Epoch 31/100, Train Loss: 0.3220, Val Loss: 0.3445, Train AUC: 0.8541, Val AUC: 0.8309
Feature: ppi_2019_dw_40, Epoch 32/100, Train Loss: 0.3410, Val Loss: 0.3466, Train AUC: 0.8132, Val AUC: 0.8347
Feature: ppi_2019_dw_40, Epoch 33/100, Train Loss: 0.3456, Val Loss: 0.3394, Train AUC: 0.8137, Val AUC: 0.8355
Feature: ppi_2019_dw_40, Epoch 34/100, Train Loss: 0.3162, Val Loss: 0.3436, Train AUC: 0.8455, Val AUC: 0.8390
Feature: ppi_2019_dw_40, Epoch 35/100, Train Loss: 0.3224, Val Loss: 0.3382, Train AUC: 0.8635, Val AUC: 0.8362
Early stopping for feature ppi_2019_dw_40 at epoch 35
Best Train AUC for feature ppi_2019_dw_40: 0.8400
Best Val AUC for feature ppi_2019_dw_40: 0.8333
Feature: uniport_bio, Epoch 1/100, Train Loss: 0.5101, Val Loss: 0.4559, Train AUC: 0.4315, Val AUC: 0.4590
Feature: uniport_bio, Epoch 2/100, Train Loss: 0.4642, Val Loss: 0.4526, Train AUC: 0.4889, Val AUC: 0.5883
Feature: uniport_bio, Epoch 3/100, Train Loss: 0.4608, Val Loss: 0.4522, Train AUC: 0.4984, Val AUC: 0.6119
Feature: uniport_bio, Epoch 4/100, Train Loss: 0.4501, Val Loss: 0.4514, Train AUC: 0.5569, Val AUC: 0.6582
Feature: uniport_bio, Epoch 5/100, Train Loss: 0.4532, Val Loss: 0.4496, Train AUC: 0.5351, Val AUC: 0.7094
Feature: uniport_bio, Epoch 6/100, Train Loss: 0.4501, Val Loss: 0.4477, Train AUC: 0.5639, Val AUC: 0.7482
Feature: uniport_bio, Epoch 7/100, Train Loss: 0.4649, Val Loss: 0.4463, Train AUC: 0.4829, Val AUC: 0.7617
Feature: uniport_bio, Epoch 8/100, Train Loss: 0.4518, Val Loss: 0.4438, Train AUC: 0.5474, Val AUC: 0.7691
Feature: uniport_bio, Epoch 9/100, Train Loss: 0.4513, Val Loss: 0.4416, Train AUC: 0.5663, Val AUC: 0.7761
Feature: uniport_bio, Epoch 10/100, Train Loss: 0.4386, Val Loss: 0.4375, Train AUC: 0.6158, Val AUC: 0.7751
Feature: uniport_bio, Epoch 11/100, Train Loss: 0.4439, Val Loss: 0.4385, Train AUC: 0.6013, Val AUC: 0.7892
Feature: uniport_bio, Epoch 12/100, Train Loss: 0.4459, Val Loss: 0.4368, Train AUC: 0.5931, Val AUC: 0.7927
Feature: uniport_bio, Epoch 13/100, Train Loss: 0.4404, Val Loss: 0.4280, Train AUC: 0.6207, Val AUC: 0.7945
Feature: uniport_bio, Epoch 14/100, Train Loss: 0.4253, Val Loss: 0.4200, Train AUC: 0.6642, Val AUC: 0.8047
Feature: uniport_bio, Epoch 15/100, Train Loss: 0.4143, Val Loss: 0.4121, Train AUC: 0.6880, Val AUC: 0.8107
Feature: uniport_bio, Epoch 16/100, Train Loss: 0.4104, Val Loss: 0.3960, Train AUC: 0.7049, Val AUC: 0.7991
Feature: uniport_bio, Epoch 17/100, Train Loss: 0.4091, Val Loss: 0.3920, Train AUC: 0.7128, Val AUC: 0.8054
Feature: uniport_bio, Epoch 18/100, Train Loss: 0.4013, Val Loss: 0.3885, Train AUC: 0.7270, Val AUC: 0.8090
Feature: uniport_bio, Epoch 19/100, Train Loss: 0.3887, Val Loss: 0.3857, Train AUC: 0.7532, Val AUC: 0.8125
Feature: uniport_bio, Epoch 20/100, Train Loss: 0.3626, Val Loss: 0.3937, Train AUC: 0.8128, Val AUC: 0.7867
Feature: uniport_bio, Epoch 21/100, Train Loss: 0.3870, Val Loss: 0.3790, Train AUC: 0.7355, Val AUC: 0.8065
Feature: uniport_bio, Epoch 22/100, Train Loss: 0.3669, Val Loss: 0.3654, Train AUC: 0.7763, Val AUC: 0.8270
Feature: uniport_bio, Epoch 23/100, Train Loss: 0.3669, Val Loss: 0.3703, Train AUC: 0.7870, Val AUC: 0.8150
Feature: uniport_bio, Epoch 24/100, Train Loss: 0.3744, Val Loss: 0.3622, Train AUC: 0.7721, Val AUC: 0.8199
Feature: uniport_bio, Epoch 25/100, Train Loss: 0.3475, Val Loss: 0.3585, Train AUC: 0.8037, Val AUC: 0.8224
Feature: uniport_bio, Epoch 26/100, Train Loss: 0.3504, Val Loss: 0.3610, Train AUC: 0.8033, Val AUC: 0.8160
Feature: uniport_bio, Epoch 27/100, Train Loss: 0.3382, Val Loss: 0.3589, Train AUC: 0.8292, Val AUC: 0.8270
Feature: uniport_bio, Epoch 28/100, Train Loss: 0.3327, Val Loss: 0.3560, Train AUC: 0.8246, Val AUC: 0.8249
Feature: uniport_bio, Epoch 29/100, Train Loss: 0.3285, Val Loss: 0.3582, Train AUC: 0.8344, Val AUC: 0.8192
Feature: uniport_bio, Epoch 30/100, Train Loss: 0.3359, Val Loss: 0.3694, Train AUC: 0.8253, Val AUC: 0.8199
Feature: uniport_bio, Epoch 31/100, Train Loss: 0.3394, Val Loss: 0.3598, Train AUC: 0.8166, Val AUC: 0.8185
Feature: uniport_bio, Epoch 32/100, Train Loss: 0.3095, Val Loss: 0.3544, Train AUC: 0.8554, Val AUC: 0.8266
Feature: uniport_bio, Epoch 33/100, Train Loss: 0.3156, Val Loss: 0.3601, Train AUC: 0.8483, Val AUC: 0.8160
Feature: uniport_bio, Epoch 34/100, Train Loss: 0.3221, Val Loss: 0.3604, Train AUC: 0.8477, Val AUC: 0.8273
Feature: uniport_bio, Epoch 35/100, Train Loss: 0.3156, Val Loss: 0.3591, Train AUC: 0.8530, Val AUC: 0.8263
Feature: uniport_bio, Epoch 36/100, Train Loss: 0.3321, Val Loss: 0.3621, Train AUC: 0.8200, Val AUC: 0.8181
Feature: uniport_bio, Epoch 37/100, Train Loss: 0.3199, Val Loss: 0.3518, Train AUC: 0.8422, Val AUC: 0.8376
Feature: uniport_bio, Epoch 38/100, Train Loss: 0.3575, Val Loss: 0.3611, Train AUC: 0.7991, Val AUC: 0.8319
Feature: uniport_bio, Epoch 39/100, Train Loss: 0.3270, Val Loss: 0.3518, Train AUC: 0.8490, Val AUC: 0.8340
Feature: uniport_bio, Epoch 40/100, Train Loss: 0.3391, Val Loss: 0.3560, Train AUC: 0.8307, Val AUC: 0.8273
Feature: uniport_bio, Epoch 41/100, Train Loss: 0.3182, Val Loss: 0.3626, Train AUC: 0.8452, Val AUC: 0.8355
Feature: uniport_bio, Epoch 42/100, Train Loss: 0.3395, Val Loss: 0.3647, Train AUC: 0.8109, Val AUC: 0.8270
Early stopping for feature uniport_bio at epoch 42
Best Train AUC for feature uniport_bio: 0.8422
Best Val AUC for feature uniport_bio: 0.8376
Feature: uniport_seq, Epoch 1/100, Train Loss: 0.4969, Val Loss: 0.4551, Train AUC: 0.4774, Val AUC: 0.6246
Feature: uniport_seq, Epoch 2/100, Train Loss: 0.4698, Val Loss: 0.4552, Train AUC: 0.4399, Val AUC: 0.6999
Feature: uniport_seq, Epoch 3/100, Train Loss: 0.4660, Val Loss: 0.4538, Train AUC: 0.4513, Val AUC: 0.7299
Feature: uniport_seq, Epoch 4/100, Train Loss: 0.4540, Val Loss: 0.4533, Train AUC: 0.5272, Val AUC: 0.7345
Feature: uniport_seq, Epoch 5/100, Train Loss: 0.4511, Val Loss: 0.4529, Train AUC: 0.5458, Val AUC: 0.7373
Feature: uniport_seq, Epoch 6/100, Train Loss: 0.4563, Val Loss: 0.4531, Train AUC: 0.5057, Val AUC: 0.7373
Feature: uniport_seq, Epoch 7/100, Train Loss: 0.4533, Val Loss: 0.4526, Train AUC: 0.5450, Val AUC: 0.7345
Feature: uniport_seq, Epoch 8/100, Train Loss: 0.4523, Val Loss: 0.4518, Train AUC: 0.5446, Val AUC: 0.7355
Feature: uniport_seq, Epoch 9/100, Train Loss: 0.4520, Val Loss: 0.4518, Train AUC: 0.5404, Val AUC: 0.7331
Feature: uniport_seq, Epoch 10/100, Train Loss: 0.4564, Val Loss: 0.4506, Train AUC: 0.5136, Val AUC: 0.7345
Feature: uniport_seq, Epoch 11/100, Train Loss: 0.4535, Val Loss: 0.4500, Train AUC: 0.5274, Val AUC: 0.7352
Feature: uniport_seq, Epoch 12/100, Train Loss: 0.4561, Val Loss: 0.4491, Train AUC: 0.5188, Val AUC: 0.7334
Feature: uniport_seq, Epoch 13/100, Train Loss: 0.4476, Val Loss: 0.4491, Train AUC: 0.5701, Val AUC: 0.7338
Feature: uniport_seq, Epoch 14/100, Train Loss: 0.4406, Val Loss: 0.4487, Train AUC: 0.6035, Val AUC: 0.7348
Feature: uniport_seq, Epoch 15/100, Train Loss: 0.4495, Val Loss: 0.4473, Train AUC: 0.5692, Val AUC: 0.7338
Feature: uniport_seq, Epoch 16/100, Train Loss: 0.4568, Val Loss: 0.4459, Train AUC: 0.5218, Val AUC: 0.7359
Feature: uniport_seq, Epoch 17/100, Train Loss: 0.4545, Val Loss: 0.4460, Train AUC: 0.5408, Val AUC: 0.7338
Feature: uniport_seq, Epoch 18/100, Train Loss: 0.4567, Val Loss: 0.4432, Train AUC: 0.5197, Val AUC: 0.7331
Feature: uniport_seq, Epoch 19/100, Train Loss: 0.4500, Val Loss: 0.4458, Train AUC: 0.5680, Val AUC: 0.7327
Feature: uniport_seq, Epoch 20/100, Train Loss: 0.4444, Val Loss: 0.4401, Train AUC: 0.5831, Val AUC: 0.7327
Feature: uniport_seq, Epoch 21/100, Train Loss: 0.4677, Val Loss: 0.4410, Train AUC: 0.4992, Val AUC: 0.7327
Feature: uniport_seq, Epoch 22/100, Train Loss: 0.4423, Val Loss: 0.4392, Train AUC: 0.6127, Val AUC: 0.7334
Feature: uniport_seq, Epoch 23/100, Train Loss: 0.4345, Val Loss: 0.4337, Train AUC: 0.6314, Val AUC: 0.7331
Feature: uniport_seq, Epoch 24/100, Train Loss: 0.4290, Val Loss: 0.4304, Train AUC: 0.6591, Val AUC: 0.7345
Feature: uniport_seq, Epoch 25/100, Train Loss: 0.4169, Val Loss: 0.4232, Train AUC: 0.6994, Val AUC: 0.7348
Feature: uniport_seq, Epoch 26/100, Train Loss: 0.4368, Val Loss: 0.4426, Train AUC: 0.6354, Val AUC: 0.7355
Feature: uniport_seq, Epoch 27/100, Train Loss: 0.4474, Val Loss: 0.4359, Train AUC: 0.5967, Val AUC: 0.7362
Feature: uniport_seq, Epoch 28/100, Train Loss: 0.4444, Val Loss: 0.4328, Train AUC: 0.5950, Val AUC: 0.7366
Feature: uniport_seq, Epoch 29/100, Train Loss: 0.4340, Val Loss: 0.4271, Train AUC: 0.6424, Val AUC: 0.7380
Feature: uniport_seq, Epoch 30/100, Train Loss: 0.4285, Val Loss: 0.4185, Train AUC: 0.6458, Val AUC: 0.7376
Feature: uniport_seq, Epoch 31/100, Train Loss: 0.4063, Val Loss: 0.4124, Train AUC: 0.7269, Val AUC: 0.7362
Feature: uniport_seq, Epoch 32/100, Train Loss: 0.4308, Val Loss: 0.4189, Train AUC: 0.6495, Val AUC: 0.7352
Feature: uniport_seq, Epoch 33/100, Train Loss: 0.4332, Val Loss: 0.4218, Train AUC: 0.6518, Val AUC: 0.7366
Feature: uniport_seq, Epoch 34/100, Train Loss: 0.4183, Val Loss: 0.4181, Train AUC: 0.6911, Val AUC: 0.7359
Feature: uniport_seq, Epoch 35/100, Train Loss: 0.4131, Val Loss: 0.4213, Train AUC: 0.7142, Val AUC: 0.7352
Feature: uniport_seq, Epoch 36/100, Train Loss: 0.4128, Val Loss: 0.4145, Train AUC: 0.7016, Val AUC: 0.7345
Early stopping for feature uniport_seq at epoch 36
Best Train AUC for feature uniport_seq: 0.7269
Best Val AUC for feature uniport_seq: 0.7362
Feature: uniport_esm, Epoch 1/100, Train Loss: 0.4826, Val Loss: 0.4546, Train AUC: 0.4558, Val AUC: 0.6352
Feature: uniport_esm, Epoch 2/100, Train Loss: 0.4669, Val Loss: 0.4534, Train AUC: 0.4720, Val AUC: 0.7260
Feature: uniport_esm, Epoch 3/100, Train Loss: 0.4478, Val Loss: 0.4532, Train AUC: 0.5579, Val AUC: 0.7493
Feature: uniport_esm, Epoch 4/100, Train Loss: 0.4585, Val Loss: 0.4521, Train AUC: 0.5229, Val AUC: 0.7588
Feature: uniport_esm, Epoch 5/100, Train Loss: 0.4656, Val Loss: 0.4520, Train AUC: 0.4766, Val AUC: 0.7708
Feature: uniport_esm, Epoch 6/100, Train Loss: 0.4552, Val Loss: 0.4512, Train AUC: 0.5322, Val AUC: 0.7737
Feature: uniport_esm, Epoch 7/100, Train Loss: 0.4542, Val Loss: 0.4505, Train AUC: 0.5325, Val AUC: 0.7740
Feature: uniport_esm, Epoch 8/100, Train Loss: 0.4640, Val Loss: 0.4502, Train AUC: 0.4931, Val AUC: 0.7772
Feature: uniport_esm, Epoch 9/100, Train Loss: 0.4581, Val Loss: 0.4495, Train AUC: 0.5057, Val AUC: 0.7786
Feature: uniport_esm, Epoch 10/100, Train Loss: 0.4531, Val Loss: 0.4483, Train AUC: 0.5362, Val AUC: 0.7775
Feature: uniport_esm, Epoch 11/100, Train Loss: 0.4526, Val Loss: 0.4471, Train AUC: 0.5575, Val AUC: 0.7804
Feature: uniport_esm, Epoch 12/100, Train Loss: 0.4536, Val Loss: 0.4457, Train AUC: 0.5333, Val AUC: 0.7804
Feature: uniport_esm, Epoch 13/100, Train Loss: 0.4492, Val Loss: 0.4448, Train AUC: 0.5539, Val AUC: 0.7800
Feature: uniport_esm, Epoch 14/100, Train Loss: 0.4548, Val Loss: 0.4427, Train AUC: 0.5478, Val AUC: 0.7804
Feature: uniport_esm, Epoch 15/100, Train Loss: 0.4544, Val Loss: 0.4405, Train AUC: 0.5468, Val AUC: 0.7797
Feature: uniport_esm, Epoch 16/100, Train Loss: 0.4465, Val Loss: 0.4395, Train AUC: 0.5831, Val AUC: 0.7772
Feature: uniport_esm, Epoch 17/100, Train Loss: 0.4579, Val Loss: 0.4462, Train AUC: 0.5469, Val AUC: 0.7804
Feature: uniport_esm, Epoch 18/100, Train Loss: 0.4514, Val Loss: 0.4398, Train AUC: 0.5662, Val AUC: 0.7793
Feature: uniport_esm, Epoch 19/100, Train Loss: 0.4458, Val Loss: 0.4357, Train AUC: 0.5866, Val AUC: 0.7793
Feature: uniport_esm, Epoch 20/100, Train Loss: 0.4441, Val Loss: 0.4339, Train AUC: 0.5981, Val AUC: 0.7804
Feature: uniport_esm, Epoch 21/100, Train Loss: 0.4546, Val Loss: 0.4466, Train AUC: 0.5607, Val AUC: 0.7807
Feature: uniport_esm, Epoch 22/100, Train Loss: 0.4510, Val Loss: 0.4298, Train AUC: 0.5784, Val AUC: 0.7807
Feature: uniport_esm, Epoch 23/100, Train Loss: 0.4392, Val Loss: 0.4254, Train AUC: 0.6274, Val AUC: 0.7814
Feature: uniport_esm, Epoch 24/100, Train Loss: 0.4359, Val Loss: 0.4209, Train AUC: 0.6206, Val AUC: 0.7814
Feature: uniport_esm, Epoch 25/100, Train Loss: 0.4410, Val Loss: 0.4184, Train AUC: 0.6248, Val AUC: 0.7807
Feature: uniport_esm, Epoch 26/100, Train Loss: 0.4308, Val Loss: 0.4121, Train AUC: 0.6424, Val AUC: 0.7804
Feature: uniport_esm, Epoch 27/100, Train Loss: 0.4309, Val Loss: 0.4108, Train AUC: 0.6454, Val AUC: 0.7790
Feature: uniport_esm, Epoch 28/100, Train Loss: 0.4301, Val Loss: 0.4113, Train AUC: 0.6447, Val AUC: 0.7804
Feature: uniport_esm, Epoch 29/100, Train Loss: 0.4239, Val Loss: 0.4031, Train AUC: 0.6689, Val AUC: 0.7790
Feature: uniport_esm, Epoch 30/100, Train Loss: 0.4361, Val Loss: 0.4139, Train AUC: 0.6392, Val AUC: 0.7828
Feature: uniport_esm, Epoch 31/100, Train Loss: 0.4302, Val Loss: 0.4165, Train AUC: 0.6570, Val AUC: 0.7747
Feature: uniport_esm, Epoch 32/100, Train Loss: 0.4566, Val Loss: 0.4163, Train AUC: 0.5933, Val AUC: 0.7775
Feature: uniport_esm, Epoch 33/100, Train Loss: 0.4255, Val Loss: 0.4089, Train AUC: 0.6682, Val AUC: 0.7779
Feature: uniport_esm, Epoch 34/100, Train Loss: 0.4212, Val Loss: 0.4101, Train AUC: 0.6767, Val AUC: 0.7765
Early stopping for feature uniport_esm at epoch 34
Best Train AUC for feature uniport_esm: 0.6689
Best Val AUC for feature uniport_esm: 0.7790
ICD10_G43 23
train test split
early fusion
early fusion validation auc: 0.861842105263158
mid fusion
early fusion validation auc: 0.9671052631578948
later fusion
ICD10_G91 22
train test split
early fusion
Epoch 1/100, Train Loss: 0.5313, Val Loss: 0.4528, Train AUC: 0.5586, Val AUC: 0.4500
Epoch 2/100, Train Loss: 0.4673, Val Loss: 0.4552, Train AUC: 0.5109, Val AUC: 0.5375
Epoch 3/100, Train Loss: 0.4635, Val Loss: 0.4529, Train AUC: 0.5320, Val AUC: 0.5125
Epoch 4/100, Train Loss: 0.4745, Val Loss: 0.4515, Train AUC: 0.4586, Val AUC: 0.5250
Epoch 5/100, Train Loss: 0.4697, Val Loss: 0.4506, Train AUC: 0.4719, Val AUC: 0.5250
Epoch 6/100, Train Loss: 0.4326, Val Loss: 0.4506, Train AUC: 0.6336, Val AUC: 0.5375
Epoch 7/100, Train Loss: 0.4530, Val Loss: 0.4506, Train AUC: 0.5266, Val AUC: 0.5000
Epoch 8/100, Train Loss: 0.4639, Val Loss: 0.4507, Train AUC: 0.4867, Val AUC: 0.5125
Epoch 9/100, Train Loss: 0.4762, Val Loss: 0.4508, Train AUC: 0.4336, Val AUC: 0.5125
Epoch 10/100, Train Loss: 0.4581, Val Loss: 0.4509, Train AUC: 0.5297, Val AUC: 0.5000
Epoch 11/100, Train Loss: 0.4375, Val Loss: 0.4507, Train AUC: 0.6422, Val AUC: 0.5125
Early stopping triggered at epoch 11
Best Train AUC: 0.6336, Best Val AUC: 0.5375
early fusion validation auc: 0.575
mid fusion
Epoch 1/100, Train Loss: 0.5453, Val Loss: 0.4542, Train AUC: 0.4156, Val AUC: 0.8000
Epoch 2/100, Train Loss: 0.4515, Val Loss: 0.4484, Train AUC: 0.5500, Val AUC: 0.6750
Epoch 3/100, Train Loss: 0.4591, Val Loss: 0.4573, Train AUC: 0.4250, Val AUC: 0.5250
Epoch 4/100, Train Loss: 0.4533, Val Loss: 0.4527, Train AUC: 0.6320, Val AUC: 0.4750
Epoch 5/100, Train Loss: 0.4543, Val Loss: 0.4505, Train AUC: 0.4391, Val AUC: 0.4750
Epoch 6/100, Train Loss: 0.4442, Val Loss: 0.4507, Train AUC: 0.9102, Val AUC: 0.5125
Epoch 7/100, Train Loss: 0.4435, Val Loss: 0.4511, Train AUC: 0.9203, Val AUC: 0.4750
Epoch 8/100, Train Loss: 0.4415, Val Loss: 0.4513, Train AUC: 0.9516, Val AUC: 0.4500
Epoch 9/100, Train Loss: 0.4431, Val Loss: 0.4517, Train AUC: 0.7203, Val AUC: 0.4250
Epoch 10/100, Train Loss: 0.4386, Val Loss: 0.4521, Train AUC: 0.9367, Val AUC: 0.4375
Early stopping triggered at epoch 10
Best Train AUC: 0.5500, Best Val AUC: 0.6750
early fusion validation auc: 0.6
later fusion
Feature: uniport_ppi_2019, Epoch 1/100, Train Loss: 0.6011, Val Loss: 0.4669, Train AUC: 0.5406, Val AUC: 0.4875
Feature: uniport_ppi_2019, Epoch 2/100, Train Loss: 0.4913, Val Loss: 0.4506, Train AUC: 0.4352, Val AUC: 0.4875
Feature: uniport_ppi_2019, Epoch 3/100, Train Loss: 0.4706, Val Loss: 0.4500, Train AUC: 0.4773, Val AUC: 0.5625
Feature: uniport_ppi_2019, Epoch 4/100, Train Loss: 0.4534, Val Loss: 0.4505, Train AUC: 0.5602, Val AUC: 0.5250
Feature: uniport_ppi_2019, Epoch 5/100, Train Loss: 0.4753, Val Loss: 0.4500, Train AUC: 0.4461, Val AUC: 0.5375
Feature: uniport_ppi_2019, Epoch 6/100, Train Loss: 0.4625, Val Loss: 0.4500, Train AUC: 0.5227, Val AUC: 0.5625
Feature: uniport_ppi_2019, Epoch 7/100, Train Loss: 0.4473, Val Loss: 0.4497, Train AUC: 0.5758, Val AUC: 0.5625
Feature: uniport_ppi_2019, Epoch 8/100, Train Loss: 0.4527, Val Loss: 0.4496, Train AUC: 0.5570, Val AUC: 0.5500
Feature: uniport_ppi_2019, Epoch 9/100, Train Loss: 0.4742, Val Loss: 0.4495, Train AUC: 0.4172, Val AUC: 0.5375
Feature: uniport_ppi_2019, Epoch 10/100, Train Loss: 0.4641, Val Loss: 0.4498, Train AUC: 0.4875, Val AUC: 0.5375
Feature: uniport_ppi_2019, Epoch 11/100, Train Loss: 0.4358, Val Loss: 0.4495, Train AUC: 0.6055, Val AUC: 0.5625
Feature: uniport_ppi_2019, Epoch 12/100, Train Loss: 0.4269, Val Loss: 0.4492, Train AUC: 0.6930, Val AUC: 0.5625
Feature: uniport_ppi_2019, Epoch 13/100, Train Loss: 0.4649, Val Loss: 0.4491, Train AUC: 0.4977, Val AUC: 0.6000
Feature: uniport_ppi_2019, Epoch 14/100, Train Loss: 0.4508, Val Loss: 0.4488, Train AUC: 0.5422, Val AUC: 0.6250
Feature: uniport_ppi_2019, Epoch 15/100, Train Loss: 0.4719, Val Loss: 0.4486, Train AUC: 0.4492, Val AUC: 0.6250
Feature: uniport_ppi_2019, Epoch 16/100, Train Loss: 0.4320, Val Loss: 0.4484, Train AUC: 0.6711, Val AUC: 0.6375
Feature: uniport_ppi_2019, Epoch 17/100, Train Loss: 0.4667, Val Loss: 0.4482, Train AUC: 0.4797, Val AUC: 0.6500
Feature: uniport_ppi_2019, Epoch 18/100, Train Loss: 0.4935, Val Loss: 0.4481, Train AUC: 0.3594, Val AUC: 0.6625
Feature: uniport_ppi_2019, Epoch 19/100, Train Loss: 0.4633, Val Loss: 0.4481, Train AUC: 0.5289, Val AUC: 0.6625
Feature: uniport_ppi_2019, Epoch 20/100, Train Loss: 0.4714, Val Loss: 0.4484, Train AUC: 0.4250, Val AUC: 0.6625
Feature: uniport_ppi_2019, Epoch 21/100, Train Loss: 0.4335, Val Loss: 0.4487, Train AUC: 0.6461, Val AUC: 0.6625
Feature: uniport_ppi_2019, Epoch 22/100, Train Loss: 0.4791, Val Loss: 0.4488, Train AUC: 0.4375, Val AUC: 0.6625
Feature: uniport_ppi_2019, Epoch 23/100, Train Loss: 0.4661, Val Loss: 0.4487, Train AUC: 0.4648, Val AUC: 0.6625
Early stopping for feature uniport_ppi_2019 at epoch 23
Best Train AUC for feature uniport_ppi_2019: 0.3594
Best Val AUC for feature uniport_ppi_2019: 0.6625
Feature uniport_ppi_2019 excluded from fusion due to low Val AUC: 0.6625
Feature: ppi_2019_dw_40, Epoch 1/100, Train Loss: 0.4780, Val Loss: 0.4536, Train AUC: 0.6063, Val AUC: 0.5625
Feature: ppi_2019_dw_40, Epoch 2/100, Train Loss: 0.4741, Val Loss: 0.4618, Train AUC: 0.4961, Val AUC: 0.5625
Feature: ppi_2019_dw_40, Epoch 3/100, Train Loss: 0.4915, Val Loss: 0.4529, Train AUC: 0.4305, Val AUC: 0.5125
Feature: ppi_2019_dw_40, Epoch 4/100, Train Loss: 0.4881, Val Loss: 0.4484, Train AUC: 0.4086, Val AUC: 0.5625
Feature: ppi_2019_dw_40, Epoch 5/100, Train Loss: 0.4326, Val Loss: 0.4491, Train AUC: 0.6297, Val AUC: 0.5500
Feature: ppi_2019_dw_40, Epoch 6/100, Train Loss: 0.4666, Val Loss: 0.4502, Train AUC: 0.5336, Val AUC: 0.5625
Feature: ppi_2019_dw_40, Epoch 7/100, Train Loss: 0.4739, Val Loss: 0.4491, Train AUC: 0.4836, Val AUC: 0.6000
Feature: ppi_2019_dw_40, Epoch 8/100, Train Loss: 0.4785, Val Loss: 0.4488, Train AUC: 0.4461, Val AUC: 0.6000
Feature: ppi_2019_dw_40, Epoch 9/100, Train Loss: 0.4649, Val Loss: 0.4483, Train AUC: 0.5102, Val AUC: 0.6250
Feature: ppi_2019_dw_40, Epoch 10/100, Train Loss: 0.4505, Val Loss: 0.4493, Train AUC: 0.5750, Val AUC: 0.6250
Feature: ppi_2019_dw_40, Epoch 11/100, Train Loss: 0.4510, Val Loss: 0.4495, Train AUC: 0.5664, Val AUC: 0.6250
Feature: ppi_2019_dw_40, Epoch 12/100, Train Loss: 0.4724, Val Loss: 0.4491, Train AUC: 0.4500, Val AUC: 0.6375
Feature: ppi_2019_dw_40, Epoch 13/100, Train Loss: 0.4349, Val Loss: 0.4487, Train AUC: 0.6180, Val AUC: 0.6625
Feature: ppi_2019_dw_40, Epoch 14/100, Train Loss: 0.4416, Val Loss: 0.4486, Train AUC: 0.6070, Val AUC: 0.6500
Early stopping for feature ppi_2019_dw_40 at epoch 14
Best Train AUC for feature ppi_2019_dw_40: 0.5102
Best Val AUC for feature ppi_2019_dw_40: 0.6250
Feature ppi_2019_dw_40 excluded from fusion due to low Val AUC: 0.6250
Feature: uniport_bio, Epoch 1/100, Train Loss: 0.6803, Val Loss: 0.5016, Train AUC: 0.4867, Val AUC: 0.5875
Feature: uniport_bio, Epoch 2/100, Train Loss: 0.5322, Val Loss: 0.4541, Train AUC: 0.3898, Val AUC: 0.5250
Feature: uniport_bio, Epoch 3/100, Train Loss: 0.5382, Val Loss: 0.4516, Train AUC: 0.2695, Val AUC: 0.5250
Feature: uniport_bio, Epoch 4/100, Train Loss: 0.4947, Val Loss: 0.4542, Train AUC: 0.4203, Val AUC: 0.5125
Feature: uniport_bio, Epoch 5/100, Train Loss: 0.4832, Val Loss: 0.4556, Train AUC: 0.4320, Val AUC: 0.5250
Feature: uniport_bio, Epoch 6/100, Train Loss: 0.4755, Val Loss: 0.4552, Train AUC: 0.5031, Val AUC: 0.5125
Feature: uniport_bio, Epoch 7/100, Train Loss: 0.4640, Val Loss: 0.4544, Train AUC: 0.5383, Val AUC: 0.5250
Feature: uniport_bio, Epoch 8/100, Train Loss: 0.4867, Val Loss: 0.4528, Train AUC: 0.4172, Val AUC: 0.5250
Early stopping for feature uniport_bio at epoch 8
Best Train AUC for feature uniport_bio: 0.2695
Best Val AUC for feature uniport_bio: 0.5250
Feature uniport_bio excluded from fusion due to low Val AUC: 0.5250
Feature: uniport_seq, Epoch 1/100, Train Loss: 0.5328, Val Loss: 0.4530, Train AUC: 0.6359, Val AUC: 0.5000
Feature: uniport_seq, Epoch 2/100, Train Loss: 0.4343, Val Loss: 0.4572, Train AUC: 0.6609, Val AUC: 0.5875
Feature: uniport_seq, Epoch 3/100, Train Loss: 0.4364, Val Loss: 0.4589, Train AUC: 0.6258, Val AUC: 0.4500
Feature: uniport_seq, Epoch 4/100, Train Loss: 0.4714, Val Loss: 0.4556, Train AUC: 0.5055, Val AUC: 0.4625
Feature: uniport_seq, Epoch 5/100, Train Loss: 0.4645, Val Loss: 0.4531, Train AUC: 0.4828, Val AUC: 0.6375
Feature: uniport_seq, Epoch 6/100, Train Loss: 0.4619, Val Loss: 0.4515, Train AUC: 0.5117, Val AUC: 0.7000
Feature: uniport_seq, Epoch 7/100, Train Loss: 0.4887, Val Loss: 0.4501, Train AUC: 0.3797, Val AUC: 0.7375
Feature: uniport_seq, Epoch 8/100, Train Loss: 0.4433, Val Loss: 0.4500, Train AUC: 0.6055, Val AUC: 0.7500
Feature: uniport_seq, Epoch 9/100, Train Loss: 0.4720, Val Loss: 0.4503, Train AUC: 0.3758, Val AUC: 0.7750
Feature: uniport_seq, Epoch 10/100, Train Loss: 0.4753, Val Loss: 0.4509, Train AUC: 0.4258, Val AUC: 0.7875
Feature: uniport_seq, Epoch 11/100, Train Loss: 0.4350, Val Loss: 0.4509, Train AUC: 0.6133, Val AUC: 0.7750
Feature: uniport_seq, Epoch 12/100, Train Loss: 0.4633, Val Loss: 0.4506, Train AUC: 0.4883, Val AUC: 0.7625
Feature: uniport_seq, Epoch 13/100, Train Loss: 0.4459, Val Loss: 0.4502, Train AUC: 0.6031, Val AUC: 0.7625
Early stopping for feature uniport_seq at epoch 13
Best Train AUC for feature uniport_seq: 0.6055
Best Val AUC for feature uniport_seq: 0.7500
Feature: uniport_esm, Epoch 1/100, Train Loss: 0.5141, Val Loss: 0.4708, Train AUC: 0.5039, Val AUC: 0.5375
Feature: uniport_esm, Epoch 2/100, Train Loss: 0.4877, Val Loss: 0.4612, Train AUC: 0.4367, Val AUC: 0.5625
Feature: uniport_esm, Epoch 3/100, Train Loss: 0.4615, Val Loss: 0.4545, Train AUC: 0.5273, Val AUC: 0.5250
Feature: uniport_esm, Epoch 4/100, Train Loss: 0.4754, Val Loss: 0.4508, Train AUC: 0.4992, Val AUC: 0.4500
Feature: uniport_esm, Epoch 5/100, Train Loss: 0.4400, Val Loss: 0.4508, Train AUC: 0.6172, Val AUC: 0.4000
Feature: uniport_esm, Epoch 6/100, Train Loss: 0.4602, Val Loss: 0.4513, Train AUC: 0.5148, Val AUC: 0.3875
Feature: uniport_esm, Epoch 7/100, Train Loss: 0.4688, Val Loss: 0.4517, Train AUC: 0.4813, Val AUC: 0.3750
Feature: uniport_esm, Epoch 8/100, Train Loss: 0.4789, Val Loss: 0.4518, Train AUC: 0.4258, Val AUC: 0.3750
Feature: uniport_esm, Epoch 9/100, Train Loss: 0.4737, Val Loss: 0.4516, Train AUC: 0.4672, Val AUC: 0.3625
Feature: uniport_esm, Epoch 10/100, Train Loss: 0.4510, Val Loss: 0.4512, Train AUC: 0.5406, Val AUC: 0.4000
Early stopping for feature uniport_esm at epoch 10
Best Train AUC for feature uniport_esm: 0.6172
Best Val AUC for feature uniport_esm: 0.4000
Feature uniport_esm excluded from fusion due to low Val AUC: 0.4000
ICD10_I10 35
train test split
early fusion
early fusion validation auc: 0.6875
mid fusion
Epoch 1/100, Train Loss: 0.5482, Val Loss: 0.4605, Train AUC: 0.3203, Val AUC: 0.4250
Epoch 2/100, Train Loss: 0.4515, Val Loss: 0.4489, Train AUC: 0.5922, Val AUC: 0.6375
Epoch 3/100, Train Loss: 0.4523, Val Loss: 0.4516, Train AUC: 0.5063, Val AUC: 0.7250
Epoch 4/100, Train Loss: 0.4454, Val Loss: 0.4472, Train AUC: 0.8414, Val AUC: 0.7500
Epoch 5/100, Train Loss: 0.4460, Val Loss: 0.4451, Train AUC: 0.6078, Val AUC: 0.7875
Epoch 6/100, Train Loss: 0.4369, Val Loss: 0.4433, Train AUC: 0.9648, Val AUC: 0.8250
Epoch 7/100, Train Loss: 0.4343, Val Loss: 0.4406, Train AUC: 0.9672, Val AUC: 0.8500
Epoch 8/100, Train Loss: 0.4310, Val Loss: 0.4372, Train AUC: 0.9734, Val AUC: 0.8750
Epoch 9/100, Train Loss: 0.4310, Val Loss: 0.4351, Train AUC: 0.8867, Val AUC: 0.8875
Epoch 10/100, Train Loss: 0.4236, Val Loss: 0.4307, Train AUC: 0.9711, Val AUC: 0.9000
Epoch 11/100, Train Loss: 0.4226, Val Loss: 0.4265, Train AUC: 0.9211, Val AUC: 0.9000
Epoch 12/100, Train Loss: 0.4129, Val Loss: 0.4207, Train AUC: 0.9898, Val AUC: 0.9250
Epoch 13/100, Train Loss: 0.4052, Val Loss: 0.4144, Train AUC: 0.9852, Val AUC: 0.9250
Epoch 14/100, Train Loss: 0.3970, Val Loss: 0.4096, Train AUC: 0.9766, Val AUC: 0.9125
Epoch 15/100, Train Loss: 0.3835, Val Loss: 0.3967, Train AUC: 0.9930, Val AUC: 0.9250
Epoch 16/100, Train Loss: 0.3700, Val Loss: 0.3852, Train AUC: 0.9727, Val AUC: 0.9125
Epoch 17/100, Train Loss: 0.3503, Val Loss: 0.3757, Train AUC: 0.9906, Val AUC: 0.9000
Epoch 18/100, Train Loss: 0.3328, Val Loss: 0.3634, Train AUC: 0.9891, Val AUC: 0.9000
Epoch 19/100, Train Loss: 0.3045, Val Loss: 0.3481, Train AUC: 0.9938, Val AUC: 0.9000
Epoch 20/100, Train Loss: 0.2862, Val Loss: 0.3417, Train AUC: 0.9938, Val AUC: 0.9000
Epoch 21/100, Train Loss: 0.2522, Val Loss: 0.3161, Train AUC: 0.9961, Val AUC: 0.9000
Epoch 22/100, Train Loss: 0.2186, Val Loss: 0.3456, Train AUC: 0.9984, Val AUC: 0.8875
Epoch 23/100, Train Loss: 0.2159, Val Loss: 0.2977, Train AUC: 0.9969, Val AUC: 0.9125
Epoch 24/100, Train Loss: 0.2000, Val Loss: 0.2740, Train AUC: 0.9953, Val AUC: 0.9250
Epoch 25/100, Train Loss: 0.1741, Val Loss: 0.3671, Train AUC: 0.9859, Val AUC: 0.9125
Epoch 26/100, Train Loss: 0.1386, Val Loss: 0.2732, Train AUC: 1.0000, Val AUC: 0.9125
Epoch 27/100, Train Loss: 0.1260, Val Loss: 0.2777, Train AUC: 1.0000, Val AUC: 0.9125
Epoch 28/100, Train Loss: 0.1025, Val Loss: 0.3382, Train AUC: 1.0000, Val AUC: 0.9000
Epoch 29/100, Train Loss: 0.0919, Val Loss: 0.2818, Train AUC: 1.0000, Val AUC: 0.9000
Epoch 30/100, Train Loss: 0.0752, Val Loss: 0.3103, Train AUC: 1.0000, Val AUC: 0.8875
Epoch 31/100, Train Loss: 0.0674, Val Loss: 0.3306, Train AUC: 1.0000, Val AUC: 0.8875
Epoch 32/100, Train Loss: 0.0520, Val Loss: 0.2978, Train AUC: 1.0000, Val AUC: 0.9000
Epoch 33/100, Train Loss: 0.0464, Val Loss: 0.3150, Train AUC: 1.0000, Val AUC: 0.8875
Epoch 34/100, Train Loss: 0.0396, Val Loss: 0.3333, Train AUC: 1.0000, Val AUC: 0.8750
Early stopping triggered at epoch 34
Best Train AUC: 1.0000, Best Val AUC: 0.9125
early fusion validation auc: 0.9312500000000001
later fusion
Feature: uniport_ppi_2019, Epoch 1/100, Train Loss: 0.6048, Val Loss: 0.4712, Train AUC: 0.5297, Val AUC: 0.4125
Feature: uniport_ppi_2019, Epoch 2/100, Train Loss: 0.4910, Val Loss: 0.4504, Train AUC: 0.4219, Val AUC: 0.5125
Feature: uniport_ppi_2019, Epoch 3/100, Train Loss: 0.4653, Val Loss: 0.4498, Train AUC: 0.4977, Val AUC: 0.6250
Feature: uniport_ppi_2019, Epoch 4/100, Train Loss: 0.4524, Val Loss: 0.4490, Train AUC: 0.5562, Val AUC: 0.6375
Feature: uniport_ppi_2019, Epoch 5/100, Train Loss: 0.4734, Val Loss: 0.4478, Train AUC: 0.4570, Val AUC: 0.6625
Feature: uniport_ppi_2019, Epoch 6/100, Train Loss: 0.4564, Val Loss: 0.4474, Train AUC: 0.5461, Val AUC: 0.6500
Feature: uniport_ppi_2019, Epoch 7/100, Train Loss: 0.4412, Val Loss: 0.4470, Train AUC: 0.6094, Val AUC: 0.6375
Feature: uniport_ppi_2019, Epoch 8/100, Train Loss: 0.4521, Val Loss: 0.4467, Train AUC: 0.5609, Val AUC: 0.6375
Feature: uniport_ppi_2019, Epoch 9/100, Train Loss: 0.4747, Val Loss: 0.4453, Train AUC: 0.4289, Val AUC: 0.7375
Feature: uniport_ppi_2019, Epoch 10/100, Train Loss: 0.4543, Val Loss: 0.4452, Train AUC: 0.5188, Val AUC: 0.7750
Feature: uniport_ppi_2019, Epoch 11/100, Train Loss: 0.4338, Val Loss: 0.4454, Train AUC: 0.6273, Val AUC: 0.7875
Feature: uniport_ppi_2019, Epoch 12/100, Train Loss: 0.4209, Val Loss: 0.4457, Train AUC: 0.7219, Val AUC: 0.7750
Feature: uniport_ppi_2019, Epoch 13/100, Train Loss: 0.4576, Val Loss: 0.4455, Train AUC: 0.5242, Val AUC: 0.7875
Feature: uniport_ppi_2019, Epoch 14/100, Train Loss: 0.4460, Val Loss: 0.4454, Train AUC: 0.5672, Val AUC: 0.7875
Feature: uniport_ppi_2019, Epoch 15/100, Train Loss: 0.4676, Val Loss: 0.4451, Train AUC: 0.4625, Val AUC: 0.7875
Feature: uniport_ppi_2019, Epoch 16/100, Train Loss: 0.4230, Val Loss: 0.4447, Train AUC: 0.7148, Val AUC: 0.8000
Feature: uniport_ppi_2019, Epoch 17/100, Train Loss: 0.4493, Val Loss: 0.4443, Train AUC: 0.5563, Val AUC: 0.8125
Feature: uniport_ppi_2019, Epoch 18/100, Train Loss: 0.4881, Val Loss: 0.4438, Train AUC: 0.3820, Val AUC: 0.8375
Feature: uniport_ppi_2019, Epoch 19/100, Train Loss: 0.4596, Val Loss: 0.4433, Train AUC: 0.5359, Val AUC: 0.8375
Feature: uniport_ppi_2019, Epoch 20/100, Train Loss: 0.4661, Val Loss: 0.4432, Train AUC: 0.4695, Val AUC: 0.8500
Feature: uniport_ppi_2019, Epoch 21/100, Train Loss: 0.4324, Val Loss: 0.4433, Train AUC: 0.6484, Val AUC: 0.8625
Feature: uniport_ppi_2019, Epoch 22/100, Train Loss: 0.4736, Val Loss: 0.4434, Train AUC: 0.4703, Val AUC: 0.8750
Feature: uniport_ppi_2019, Epoch 23/100, Train Loss: 0.4537, Val Loss: 0.4427, Train AUC: 0.5594, Val AUC: 0.8875
Feature: uniport_ppi_2019, Epoch 24/100, Train Loss: 0.4262, Val Loss: 0.4419, Train AUC: 0.6953, Val AUC: 0.8875
Feature: uniport_ppi_2019, Epoch 25/100, Train Loss: 0.4769, Val Loss: 0.4413, Train AUC: 0.3961, Val AUC: 0.8875
Feature: uniport_ppi_2019, Epoch 26/100, Train Loss: 0.4526, Val Loss: 0.4404, Train AUC: 0.5391, Val AUC: 0.9250
Feature: uniport_ppi_2019, Epoch 27/100, Train Loss: 0.4558, Val Loss: 0.4397, Train AUC: 0.5234, Val AUC: 0.9250
Feature: uniport_ppi_2019, Epoch 28/100, Train Loss: 0.4090, Val Loss: 0.4386, Train AUC: 0.7633, Val AUC: 0.9000
Feature: uniport_ppi_2019, Epoch 29/100, Train Loss: 0.4431, Val Loss: 0.4377, Train AUC: 0.5938, Val AUC: 0.9000
Feature: uniport_ppi_2019, Epoch 30/100, Train Loss: 0.4583, Val Loss: 0.4369, Train AUC: 0.5258, Val AUC: 0.9125
Feature: uniport_ppi_2019, Epoch 31/100, Train Loss: 0.4463, Val Loss: 0.4363, Train AUC: 0.5906, Val AUC: 0.9125
Feature: uniport_ppi_2019, Epoch 32/100, Train Loss: 0.4271, Val Loss: 0.4351, Train AUC: 0.7016, Val AUC: 0.9250
Feature: uniport_ppi_2019, Epoch 33/100, Train Loss: 0.4117, Val Loss: 0.4341, Train AUC: 0.7633, Val AUC: 0.9250
Feature: uniport_ppi_2019, Epoch 34/100, Train Loss: 0.4229, Val Loss: 0.4333, Train AUC: 0.7086, Val AUC: 0.9250
Feature: uniport_ppi_2019, Epoch 35/100, Train Loss: 0.4407, Val Loss: 0.4325, Train AUC: 0.6172, Val AUC: 0.9000
Feature: uniport_ppi_2019, Epoch 36/100, Train Loss: 0.4083, Val Loss: 0.4297, Train AUC: 0.7617, Val AUC: 0.9250
Feature: uniport_ppi_2019, Epoch 37/100, Train Loss: 0.4161, Val Loss: 0.4278, Train AUC: 0.7383, Val AUC: 0.9250
Feature: uniport_ppi_2019, Epoch 38/100, Train Loss: 0.4525, Val Loss: 0.4259, Train AUC: 0.5461, Val AUC: 0.9375
Feature: uniport_ppi_2019, Epoch 39/100, Train Loss: 0.4152, Val Loss: 0.4243, Train AUC: 0.7492, Val AUC: 0.9000
Feature: uniport_ppi_2019, Epoch 40/100, Train Loss: 0.3998, Val Loss: 0.4226, Train AUC: 0.7703, Val AUC: 0.9000
Feature: uniport_ppi_2019, Epoch 41/100, Train Loss: 0.3909, Val Loss: 0.4214, Train AUC: 0.8219, Val AUC: 0.9000
Feature: uniport_ppi_2019, Epoch 42/100, Train Loss: 0.4131, Val Loss: 0.4189, Train AUC: 0.7469, Val AUC: 0.9125
Feature: uniport_ppi_2019, Epoch 43/100, Train Loss: 0.4323, Val Loss: 0.4116, Train AUC: 0.6484, Val AUC: 0.9125
Feature: uniport_ppi_2019, Epoch 44/100, Train Loss: 0.4066, Val Loss: 0.4066, Train AUC: 0.7570, Val AUC: 0.9125
Feature: uniport_ppi_2019, Epoch 45/100, Train Loss: 0.4212, Val Loss: 0.4025, Train AUC: 0.6727, Val AUC: 0.9250
Feature: uniport_ppi_2019, Epoch 46/100, Train Loss: 0.3764, Val Loss: 0.3976, Train AUC: 0.8234, Val AUC: 0.9125
Feature: uniport_ppi_2019, Epoch 47/100, Train Loss: 0.3932, Val Loss: 0.3931, Train AUC: 0.7648, Val AUC: 0.9125
Feature: uniport_ppi_2019, Epoch 48/100, Train Loss: 0.4047, Val Loss: 0.3738, Train AUC: 0.7547, Val AUC: 0.9125
Feature: uniport_ppi_2019, Epoch 49/100, Train Loss: 0.3305, Val Loss: 0.3675, Train AUC: 0.8898, Val AUC: 0.9125
Feature: uniport_ppi_2019, Epoch 50/100, Train Loss: 0.3576, Val Loss: 0.3631, Train AUC: 0.8102, Val AUC: 0.9250
Feature: uniport_ppi_2019, Epoch 51/100, Train Loss: 0.3396, Val Loss: 0.3561, Train AUC: 0.9219, Val AUC: 0.9500
Feature: uniport_ppi_2019, Epoch 52/100, Train Loss: 0.3194, Val Loss: 0.3520, Train AUC: 0.9102, Val AUC: 0.9000
Feature: uniport_ppi_2019, Epoch 53/100, Train Loss: 0.3226, Val Loss: 0.3409, Train AUC: 0.9180, Val AUC: 0.9125
Feature: uniport_ppi_2019, Epoch 54/100, Train Loss: 0.3187, Val Loss: 0.3366, Train AUC: 0.9055, Val AUC: 0.9375
Feature: uniport_ppi_2019, Epoch 55/100, Train Loss: 0.3124, Val Loss: 0.3345, Train AUC: 0.9125, Val AUC: 0.9375
Feature: uniport_ppi_2019, Epoch 56/100, Train Loss: 0.2964, Val Loss: 0.3206, Train AUC: 0.9352, Val AUC: 0.9250
Feature: uniport_ppi_2019, Epoch 57/100, Train Loss: 0.2777, Val Loss: 0.3155, Train AUC: 0.9297, Val AUC: 0.9125
Feature: uniport_ppi_2019, Epoch 58/100, Train Loss: 0.3058, Val Loss: 0.3172, Train AUC: 0.9391, Val AUC: 0.9125
Feature: uniport_ppi_2019, Epoch 59/100, Train Loss: 0.2767, Val Loss: 0.3424, Train AUC: 0.9555, Val AUC: 0.9125
Feature: uniport_ppi_2019, Epoch 60/100, Train Loss: 0.3155, Val Loss: 0.3264, Train AUC: 0.8813, Val AUC: 0.9375
Feature: uniport_ppi_2019, Epoch 61/100, Train Loss: 0.2781, Val Loss: 0.3146, Train AUC: 0.9359, Val AUC: 0.9375
Feature: uniport_ppi_2019, Epoch 62/100, Train Loss: 0.2468, Val Loss: 0.2901, Train AUC: 0.9750, Val AUC: 0.9000
Feature: uniport_ppi_2019, Epoch 63/100, Train Loss: 0.2516, Val Loss: 0.2868, Train AUC: 0.9430, Val AUC: 0.9125
Feature: uniport_ppi_2019, Epoch 64/100, Train Loss: 0.2052, Val Loss: 0.2800, Train AUC: 0.9656, Val AUC: 0.9250
Feature: uniport_ppi_2019, Epoch 65/100, Train Loss: 0.2172, Val Loss: 0.2941, Train AUC: 0.9742, Val AUC: 0.9250
Feature: uniport_ppi_2019, Epoch 66/100, Train Loss: 0.2245, Val Loss: 0.3064, Train AUC: 0.9484, Val AUC: 0.9375
Feature: uniport_ppi_2019, Epoch 67/100, Train Loss: 0.2312, Val Loss: 0.2912, Train AUC: 0.9719, Val AUC: 0.9375
Feature: uniport_ppi_2019, Epoch 68/100, Train Loss: 0.1985, Val Loss: 0.2853, Train AUC: 0.9883, Val AUC: 0.9000
Feature: uniport_ppi_2019, Epoch 69/100, Train Loss: 0.1966, Val Loss: 0.2882, Train AUC: 0.9727, Val AUC: 0.9000
Early stopping for feature uniport_ppi_2019 at epoch 69
Best Train AUC for feature uniport_ppi_2019: 0.9656
Best Val AUC for feature uniport_ppi_2019: 0.9250
Feature: ppi_2019_dw_40, Epoch 1/100, Train Loss: 0.6651, Val Loss: 0.4962, Train AUC: 0.4984, Val AUC: 0.4250
Feature: ppi_2019_dw_40, Epoch 2/100, Train Loss: 0.4936, Val Loss: 0.4511, Train AUC: 0.4633, Val AUC: 0.5250
Feature: ppi_2019_dw_40, Epoch 3/100, Train Loss: 0.4699, Val Loss: 0.4489, Train AUC: 0.4547, Val AUC: 0.5125
Feature: ppi_2019_dw_40, Epoch 4/100, Train Loss: 0.4363, Val Loss: 0.4495, Train AUC: 0.6328, Val AUC: 0.4875
Feature: ppi_2019_dw_40, Epoch 5/100, Train Loss: 0.4659, Val Loss: 0.4498, Train AUC: 0.4594, Val AUC: 0.4875
Feature: ppi_2019_dw_40, Epoch 6/100, Train Loss: 0.4394, Val Loss: 0.4489, Train AUC: 0.6250, Val AUC: 0.5125
Feature: ppi_2019_dw_40, Epoch 7/100, Train Loss: 0.4620, Val Loss: 0.4487, Train AUC: 0.5281, Val AUC: 0.5125
Feature: ppi_2019_dw_40, Epoch 8/100, Train Loss: 0.4512, Val Loss: 0.4487, Train AUC: 0.5742, Val AUC: 0.5250
Feature: ppi_2019_dw_40, Epoch 9/100, Train Loss: 0.4757, Val Loss: 0.4491, Train AUC: 0.4469, Val AUC: 0.5500
Feature: ppi_2019_dw_40, Epoch 10/100, Train Loss: 0.4711, Val Loss: 0.4492, Train AUC: 0.4828, Val AUC: 0.5500
Feature: ppi_2019_dw_40, Epoch 11/100, Train Loss: 0.4613, Val Loss: 0.4487, Train AUC: 0.5414, Val AUC: 0.5500
Feature: ppi_2019_dw_40, Epoch 12/100, Train Loss: 0.4913, Val Loss: 0.4481, Train AUC: 0.3141, Val AUC: 0.5625
Feature: ppi_2019_dw_40, Epoch 13/100, Train Loss: 0.4653, Val Loss: 0.4470, Train AUC: 0.4953, Val AUC: 0.5625
Feature: ppi_2019_dw_40, Epoch 14/100, Train Loss: 0.4686, Val Loss: 0.4464, Train AUC: 0.5047, Val AUC: 0.5875
Feature: ppi_2019_dw_40, Epoch 15/100, Train Loss: 0.4452, Val Loss: 0.4459, Train AUC: 0.5484, Val AUC: 0.6250
Feature: ppi_2019_dw_40, Epoch 16/100, Train Loss: 0.4696, Val Loss: 0.4456, Train AUC: 0.4680, Val AUC: 0.6875
Feature: ppi_2019_dw_40, Epoch 17/100, Train Loss: 0.4284, Val Loss: 0.4451, Train AUC: 0.6898, Val AUC: 0.7125
Feature: ppi_2019_dw_40, Epoch 18/100, Train Loss: 0.4431, Val Loss: 0.4446, Train AUC: 0.5984, Val AUC: 0.7125
Feature: ppi_2019_dw_40, Epoch 19/100, Train Loss: 0.4626, Val Loss: 0.4442, Train AUC: 0.4812, Val AUC: 0.7125
Feature: ppi_2019_dw_40, Epoch 20/100, Train Loss: 0.4396, Val Loss: 0.4441, Train AUC: 0.6109, Val AUC: 0.7500
Feature: ppi_2019_dw_40, Epoch 21/100, Train Loss: 0.4581, Val Loss: 0.4439, Train AUC: 0.4992, Val AUC: 0.7625
Feature: ppi_2019_dw_40, Epoch 22/100, Train Loss: 0.4310, Val Loss: 0.4431, Train AUC: 0.6672, Val AUC: 0.7625
Feature: ppi_2019_dw_40, Epoch 23/100, Train Loss: 0.4241, Val Loss: 0.4425, Train AUC: 0.6727, Val AUC: 0.7500
Feature: ppi_2019_dw_40, Epoch 24/100, Train Loss: 0.4612, Val Loss: 0.4422, Train AUC: 0.5422, Val AUC: 0.7625
Feature: ppi_2019_dw_40, Epoch 25/100, Train Loss: 0.4303, Val Loss: 0.4416, Train AUC: 0.6586, Val AUC: 0.7625
Feature: ppi_2019_dw_40, Epoch 26/100, Train Loss: 0.4255, Val Loss: 0.4409, Train AUC: 0.6992, Val AUC: 0.7625
Feature: ppi_2019_dw_40, Epoch 27/100, Train Loss: 0.4360, Val Loss: 0.4397, Train AUC: 0.6281, Val AUC: 0.7750
Feature: ppi_2019_dw_40, Epoch 28/100, Train Loss: 0.3994, Val Loss: 0.4384, Train AUC: 0.7859, Val AUC: 0.7750
Feature: ppi_2019_dw_40, Epoch 29/100, Train Loss: 0.4466, Val Loss: 0.4374, Train AUC: 0.5750, Val AUC: 0.7750
Feature: ppi_2019_dw_40, Epoch 30/100, Train Loss: 0.4413, Val Loss: 0.4364, Train AUC: 0.5984, Val AUC: 0.7750
Feature: ppi_2019_dw_40, Epoch 31/100, Train Loss: 0.4250, Val Loss: 0.4350, Train AUC: 0.6930, Val AUC: 0.7625
Feature: ppi_2019_dw_40, Epoch 32/100, Train Loss: 0.4078, Val Loss: 0.4332, Train AUC: 0.7711, Val AUC: 0.7750
Feature: ppi_2019_dw_40, Epoch 33/100, Train Loss: 0.4235, Val Loss: 0.4314, Train AUC: 0.7008, Val AUC: 0.7875
Feature: ppi_2019_dw_40, Epoch 34/100, Train Loss: 0.4255, Val Loss: 0.4290, Train AUC: 0.6672, Val AUC: 0.8125
Feature: ppi_2019_dw_40, Epoch 35/100, Train Loss: 0.3963, Val Loss: 0.4262, Train AUC: 0.7812, Val AUC: 0.8375
Feature: ppi_2019_dw_40, Epoch 36/100, Train Loss: 0.4154, Val Loss: 0.4241, Train AUC: 0.7086, Val AUC: 0.8375
Feature: ppi_2019_dw_40, Epoch 37/100, Train Loss: 0.3813, Val Loss: 0.4203, Train AUC: 0.8680, Val AUC: 0.8375
Feature: ppi_2019_dw_40, Epoch 38/100, Train Loss: 0.3849, Val Loss: 0.4177, Train AUC: 0.8438, Val AUC: 0.7875
Feature: ppi_2019_dw_40, Epoch 39/100, Train Loss: 0.3582, Val Loss: 0.4148, Train AUC: 0.8734, Val AUC: 0.7875
Feature: ppi_2019_dw_40, Epoch 40/100, Train Loss: 0.3765, Val Loss: 0.4086, Train AUC: 0.8102, Val AUC: 0.8375
Feature: ppi_2019_dw_40, Epoch 41/100, Train Loss: 0.3311, Val Loss: 0.4083, Train AUC: 0.9352, Val AUC: 0.8000
Feature: ppi_2019_dw_40, Epoch 42/100, Train Loss: 0.3183, Val Loss: 0.4013, Train AUC: 0.9258, Val AUC: 0.7000
Feature: ppi_2019_dw_40, Epoch 43/100, Train Loss: 0.3078, Val Loss: 0.4044, Train AUC: 0.9219, Val AUC: 0.7875
Feature: ppi_2019_dw_40, Epoch 44/100, Train Loss: 0.3278, Val Loss: 0.3919, Train AUC: 0.9219, Val AUC: 0.8500
Feature: ppi_2019_dw_40, Epoch 45/100, Train Loss: 0.2936, Val Loss: 0.3814, Train AUC: 0.9492, Val AUC: 0.8625
Feature: ppi_2019_dw_40, Epoch 46/100, Train Loss: 0.2675, Val Loss: 0.3808, Train AUC: 0.9875, Val AUC: 0.8500
Feature: ppi_2019_dw_40, Epoch 47/100, Train Loss: 0.2327, Val Loss: 0.3765, Train AUC: 0.9773, Val AUC: 0.8000
Feature: ppi_2019_dw_40, Epoch 48/100, Train Loss: 0.2543, Val Loss: 0.3726, Train AUC: 0.9437, Val AUC: 0.8000
Feature: ppi_2019_dw_40, Epoch 49/100, Train Loss: 0.2614, Val Loss: 0.3650, Train AUC: 0.9719, Val AUC: 0.8625
Feature: ppi_2019_dw_40, Epoch 50/100, Train Loss: 0.2154, Val Loss: 0.3818, Train AUC: 0.9820, Val AUC: 0.8375
Feature: ppi_2019_dw_40, Epoch 51/100, Train Loss: 0.2147, Val Loss: 0.3671, Train AUC: 0.9914, Val AUC: 0.8500
Feature: ppi_2019_dw_40, Epoch 52/100, Train Loss: 0.1947, Val Loss: 0.3851, Train AUC: 0.9922, Val AUC: 0.8000
Feature: ppi_2019_dw_40, Epoch 53/100, Train Loss: 0.1789, Val Loss: 0.3721, Train AUC: 0.9930, Val AUC: 0.8250
Feature: ppi_2019_dw_40, Epoch 54/100, Train Loss: 0.2015, Val Loss: 0.3713, Train AUC: 0.9859, Val AUC: 0.8375
Early stopping for feature ppi_2019_dw_40 at epoch 54
Best Train AUC for feature ppi_2019_dw_40: 0.9719
Best Val AUC for feature ppi_2019_dw_40: 0.8625
Feature: uniport_bio, Epoch 1/100, Train Loss: 0.5655, Val Loss: 0.4519, Train AUC: 0.5188, Val AUC: 0.8000
Feature: uniport_bio, Epoch 2/100, Train Loss: 0.5089, Val Loss: 0.4400, Train AUC: 0.3602, Val AUC: 0.8125
Feature: uniport_bio, Epoch 3/100, Train Loss: 0.4486, Val Loss: 0.4442, Train AUC: 0.5672, Val AUC: 0.8125
Feature: uniport_bio, Epoch 4/100, Train Loss: 0.4177, Val Loss: 0.4458, Train AUC: 0.6867, Val AUC: 0.8125
Feature: uniport_bio, Epoch 5/100, Train Loss: 0.4944, Val Loss: 0.4439, Train AUC: 0.4344, Val AUC: 0.7875
Feature: uniport_bio, Epoch 6/100, Train Loss: 0.4477, Val Loss: 0.4409, Train AUC: 0.5555, Val AUC: 0.7750
Feature: uniport_bio, Epoch 7/100, Train Loss: 0.4511, Val Loss: 0.4406, Train AUC: 0.5719, Val AUC: 0.7625
Early stopping for feature uniport_bio at epoch 7
Best Train AUC for feature uniport_bio: 0.3602
Best Val AUC for feature uniport_bio: 0.8125
Feature: uniport_seq, Epoch 1/100, Train Loss: 0.6460, Val Loss: 0.4492, Train AUC: 0.3328, Val AUC: 0.7750
Feature: uniport_seq, Epoch 2/100, Train Loss: 0.4636, Val Loss: 0.4506, Train AUC: 0.4789, Val AUC: 0.8125
Feature: uniport_seq, Epoch 3/100, Train Loss: 0.4395, Val Loss: 0.4499, Train AUC: 0.5961, Val AUC: 0.8000
Feature: uniport_seq, Epoch 4/100, Train Loss: 0.4724, Val Loss: 0.4496, Train AUC: 0.4602, Val AUC: 0.7875
Feature: uniport_seq, Epoch 5/100, Train Loss: 0.5110, Val Loss: 0.4495, Train AUC: 0.2945, Val AUC: 0.8000
Feature: uniport_seq, Epoch 6/100, Train Loss: 0.4590, Val Loss: 0.4495, Train AUC: 0.5070, Val AUC: 0.8000
Early stopping for feature uniport_seq at epoch 6
Best Train AUC for feature uniport_seq: 0.3328
Best Val AUC for feature uniport_seq: 0.7750
Feature: uniport_esm, Epoch 1/100, Train Loss: 0.6285, Val Loss: 0.4508, Train AUC: 0.4422, Val AUC: 0.4875
Feature: uniport_esm, Epoch 2/100, Train Loss: 0.4588, Val Loss: 0.4513, Train AUC: 0.5328, Val AUC: 0.5500
Feature: uniport_esm, Epoch 3/100, Train Loss: 0.4604, Val Loss: 0.4520, Train AUC: 0.4977, Val AUC: 0.5375
Feature: uniport_esm, Epoch 4/100, Train Loss: 0.4532, Val Loss: 0.4513, Train AUC: 0.5344, Val AUC: 0.5500
Feature: uniport_esm, Epoch 5/100, Train Loss: 0.4371, Val Loss: 0.4512, Train AUC: 0.6406, Val AUC: 0.5750
Feature: uniport_esm, Epoch 6/100, Train Loss: 0.4784, Val Loss: 0.4508, Train AUC: 0.4297, Val AUC: 0.6500
Feature: uniport_esm, Epoch 7/100, Train Loss: 0.4736, Val Loss: 0.4504, Train AUC: 0.4484, Val AUC: 0.7000
Feature: uniport_esm, Epoch 8/100, Train Loss: 0.4693, Val Loss: 0.4503, Train AUC: 0.4219, Val AUC: 0.7125
Feature: uniport_esm, Epoch 9/100, Train Loss: 0.4465, Val Loss: 0.4501, Train AUC: 0.5727, Val AUC: 0.7000
Feature: uniport_esm, Epoch 10/100, Train Loss: 0.4735, Val Loss: 0.4502, Train AUC: 0.4570, Val AUC: 0.6875
Feature: uniport_esm, Epoch 11/100, Train Loss: 0.4288, Val Loss: 0.4502, Train AUC: 0.7047, Val AUC: 0.7000
Feature: uniport_esm, Epoch 12/100, Train Loss: 0.4778, Val Loss: 0.4501, Train AUC: 0.3688, Val AUC: 0.7000
Feature: uniport_esm, Epoch 13/100, Train Loss: 0.4466, Val Loss: 0.4502, Train AUC: 0.5344, Val AUC: 0.7125
Feature: uniport_esm, Epoch 14/100, Train Loss: 0.4625, Val Loss: 0.4501, Train AUC: 0.4617, Val AUC: 0.7000
Feature: uniport_esm, Epoch 15/100, Train Loss: 0.4436, Val Loss: 0.4500, Train AUC: 0.6109, Val AUC: 0.7000
Feature: uniport_esm, Epoch 16/100, Train Loss: 0.4214, Val Loss: 0.4499, Train AUC: 0.7289, Val AUC: 0.7000
Feature: uniport_esm, Epoch 17/100, Train Loss: 0.4385, Val Loss: 0.4499, Train AUC: 0.6047, Val AUC: 0.7000
Feature: uniport_esm, Epoch 18/100, Train Loss: 0.4503, Val Loss: 0.4498, Train AUC: 0.5344, Val AUC: 0.7000
Feature: uniport_esm, Epoch 19/100, Train Loss: 0.4668, Val Loss: 0.4496, Train AUC: 0.4609, Val AUC: 0.7000
Feature: uniport_esm, Epoch 20/100, Train Loss: 0.4731, Val Loss: 0.4497, Train AUC: 0.4242, Val AUC: 0.7000
Feature: uniport_esm, Epoch 21/100, Train Loss: 0.4417, Val Loss: 0.4498, Train AUC: 0.6117, Val AUC: 0.7000
Feature: uniport_esm, Epoch 22/100, Train Loss: 0.4470, Val Loss: 0.4502, Train AUC: 0.5883, Val AUC: 0.7000
Feature: uniport_esm, Epoch 23/100, Train Loss: 0.4540, Val Loss: 0.4506, Train AUC: 0.5453, Val AUC: 0.7000
Feature: uniport_esm, Epoch 24/100, Train Loss: 0.4571, Val Loss: 0.4506, Train AUC: 0.5195, Val AUC: 0.7000
Early stopping for feature uniport_esm at epoch 24
Best Train AUC for feature uniport_esm: 0.4609
Best Val AUC for feature uniport_esm: 0.7000
ICD10_I25 138
train test split
early fusion
early fusion validation auc: 0.7968449403616775
mid fusion
early fusion validation auc: 0.9047710657945364
later fusion
ICD10_I26 15
train test split
early fusion
early fusion validation auc: 0.6190476190476191
mid fusion
Epoch 1/100, Train Loss: 0.5217, Val Loss: 0.4703, Train AUC: 0.6429, Val AUC: 0.3095
Epoch 2/100, Train Loss: 0.4547, Val Loss: 0.4719, Train AUC: 0.3929, Val AUC: 0.4762
Epoch 3/100, Train Loss: 0.4465, Val Loss: 0.4661, Train AUC: 0.5698, Val AUC: 0.5714
Epoch 4/100, Train Loss: 0.4421, Val Loss: 0.4664, Train AUC: 0.7500, Val AUC: 0.7857
Epoch 5/100, Train Loss: 0.4419, Val Loss: 0.4649, Train AUC: 0.8198, Val AUC: 0.8810
Epoch 6/100, Train Loss: 0.4365, Val Loss: 0.4568, Train AUC: 0.9042, Val AUC: 0.9048
Epoch 7/100, Train Loss: 0.4351, Val Loss: 0.4563, Train AUC: 0.7581, Val AUC: 0.9286
Epoch 8/100, Train Loss: 0.4341, Val Loss: 0.4533, Train AUC: 0.9416, Val AUC: 0.9762
Epoch 9/100, Train Loss: 0.4310, Val Loss: 0.4492, Train AUC: 0.9578, Val AUC: 0.9524
Epoch 10/100, Train Loss: 0.4261, Val Loss: 0.4468, Train AUC: 0.9156, Val AUC: 0.9524
Epoch 11/100, Train Loss: 0.4230, Val Loss: 0.4457, Train AUC: 0.9659, Val AUC: 0.9524
Epoch 12/100, Train Loss: 0.4202, Val Loss: 0.4475, Train AUC: 0.9627, Val AUC: 0.9286
Epoch 13/100, Train Loss: 0.4200, Val Loss: 0.4445, Train AUC: 0.9821, Val AUC: 0.9048
Epoch 14/100, Train Loss: 0.4182, Val Loss: 0.4324, Train AUC: 0.9123, Val AUC: 0.9048
Epoch 15/100, Train Loss: 0.4039, Val Loss: 0.4265, Train AUC: 0.9838, Val AUC: 0.9286
Epoch 16/100, Train Loss: 0.4070, Val Loss: 0.4360, Train AUC: 0.9156, Val AUC: 0.9762
Epoch 17/100, Train Loss: 0.4126, Val Loss: 0.4202, Train AUC: 0.9821, Val AUC: 0.9524
Epoch 18/100, Train Loss: 0.3947, Val Loss: 0.4095, Train AUC: 0.9594, Val AUC: 0.9286
Epoch 19/100, Train Loss: 0.3871, Val Loss: 0.4239, Train AUC: 0.9740, Val AUC: 0.9286
Epoch 20/100, Train Loss: 0.4044, Val Loss: 0.4155, Train AUC: 0.9821, Val AUC: 0.9286
Epoch 21/100, Train Loss: 0.3760, Val Loss: 0.3909, Train AUC: 0.9838, Val AUC: 0.9048
Epoch 22/100, Train Loss: 0.3488, Val Loss: 0.4150, Train AUC: 0.9951, Val AUC: 0.8810
Epoch 23/100, Train Loss: 0.3639, Val Loss: 0.3771, Train AUC: 0.9903, Val AUC: 0.9286
Epoch 24/100, Train Loss: 0.3282, Val Loss: 0.3664, Train AUC: 0.9708, Val AUC: 0.9524
Epoch 25/100, Train Loss: 0.3284, Val Loss: 0.3981, Train AUC: 0.9886, Val AUC: 0.9762
Epoch 26/100, Train Loss: 0.3590, Val Loss: 0.3360, Train AUC: 0.9838, Val AUC: 0.9524
Epoch 27/100, Train Loss: 0.2740, Val Loss: 0.3323, Train AUC: 0.9903, Val AUC: 0.9286
Epoch 28/100, Train Loss: 0.2799, Val Loss: 0.3236, Train AUC: 0.9886, Val AUC: 0.9286
Epoch 29/100, Train Loss: 0.2644, Val Loss: 0.3043, Train AUC: 0.9886, Val AUC: 0.8810
Epoch 30/100, Train Loss: 0.2399, Val Loss: 0.2993, Train AUC: 0.9903, Val AUC: 0.8571
Epoch 31/100, Train Loss: 0.2204, Val Loss: 0.2863, Train AUC: 0.9919, Val AUC: 0.8810
Epoch 32/100, Train Loss: 0.2080, Val Loss: 0.2961, Train AUC: 0.9919, Val AUC: 0.9286
Epoch 33/100, Train Loss: 0.2325, Val Loss: 0.2694, Train AUC: 0.9919, Val AUC: 0.9524
Epoch 34/100, Train Loss: 0.1929, Val Loss: 0.2847, Train AUC: 0.9984, Val AUC: 0.9762
Epoch 35/100, Train Loss: 0.2215, Val Loss: 0.2759, Train AUC: 0.9968, Val AUC: 0.9524
Epoch 36/100, Train Loss: 0.1893, Val Loss: 0.2641, Train AUC: 0.9984, Val AUC: 0.9286
Epoch 37/100, Train Loss: 0.1545, Val Loss: 0.2727, Train AUC: 1.0000, Val AUC: 0.9048
Epoch 38/100, Train Loss: 0.1536, Val Loss: 0.2555, Train AUC: 0.9968, Val AUC: 0.9524
Epoch 39/100, Train Loss: 0.1621, Val Loss: 0.2777, Train AUC: 0.9951, Val AUC: 0.9762
Epoch 40/100, Train Loss: 0.1799, Val Loss: 0.2445, Train AUC: 1.0000, Val AUC: 0.9524
Epoch 41/100, Train Loss: 0.1250, Val Loss: 0.2431, Train AUC: 1.0000, Val AUC: 0.9524
Epoch 42/100, Train Loss: 0.1254, Val Loss: 0.2150, Train AUC: 0.9984, Val AUC: 0.9524
Epoch 43/100, Train Loss: 0.1176, Val Loss: 0.2116, Train AUC: 1.0000, Val AUC: 0.9524
Epoch 44/100, Train Loss: 0.0941, Val Loss: 0.2066, Train AUC: 1.0000, Val AUC: 0.9524
Epoch 45/100, Train Loss: 0.0947, Val Loss: 0.2119, Train AUC: 1.0000, Val AUC: 0.9524
Epoch 46/100, Train Loss: 0.0801, Val Loss: 0.2301, Train AUC: 1.0000, Val AUC: 0.9524
Epoch 47/100, Train Loss: 0.0740, Val Loss: 0.2361, Train AUC: 1.0000, Val AUC: 0.8810
Epoch 48/100, Train Loss: 0.0708, Val Loss: 0.2501, Train AUC: 1.0000, Val AUC: 0.8810
Epoch 49/100, Train Loss: 0.0649, Val Loss: 0.2600, Train AUC: 1.0000, Val AUC: 0.8810
Epoch 50/100, Train Loss: 0.0511, Val Loss: 0.2463, Train AUC: 1.0000, Val AUC: 0.9286
Epoch 51/100, Train Loss: 0.0414, Val Loss: 0.2327, Train AUC: 1.0000, Val AUC: 0.9286
Epoch 52/100, Train Loss: 0.0384, Val Loss: 0.2251, Train AUC: 1.0000, Val AUC: 0.9286
Early stopping triggered at epoch 52
Best Train AUC: 1.0000, Best Val AUC: 0.9524
early fusion validation auc: 0.9166666666666667
later fusion
ICD10_I42 154
train test split
early fusion
early fusion validation auc: 0.7947681331747919
mid fusion
early fusion validation auc: 0.9079667063020214
later fusion
ICD10_I50 155
train test split
early fusion
early fusion validation auc: 0.8604651162790697
mid fusion
early fusion validation auc: 0.9259093619558736
later fusion
ICD10_I63 37
train test split
early fusion
early fusion validation auc: 0.926530612244898
mid fusion
early fusion validation auc: 0.9163265306122449
later fusion
ICD10_I70 65
train test split
early fusion
Epoch 1/100, Train Loss: 0.5000, Val Loss: 0.4434, Train AUC: 0.5273, Val AUC: 0.5344
Epoch 2/100, Train Loss: 0.4694, Val Loss: 0.4396, Train AUC: 0.5121, Val AUC: 0.6243
Epoch 3/100, Train Loss: 0.4514, Val Loss: 0.4405, Train AUC: 0.5650, Val AUC: 0.6944
Epoch 4/100, Train Loss: 0.4568, Val Loss: 0.4409, Train AUC: 0.5378, Val AUC: 0.7798
Epoch 5/100, Train Loss: 0.4632, Val Loss: 0.4404, Train AUC: 0.5091, Val AUC: 0.8042
Epoch 6/100, Train Loss: 0.4560, Val Loss: 0.4394, Train AUC: 0.5395, Val AUC: 0.8108
Epoch 7/100, Train Loss: 0.4566, Val Loss: 0.4391, Train AUC: 0.5500, Val AUC: 0.8135
Epoch 8/100, Train Loss: 0.4594, Val Loss: 0.4389, Train AUC: 0.5331, Val AUC: 0.8188
Epoch 9/100, Train Loss: 0.4656, Val Loss: 0.4388, Train AUC: 0.4956, Val AUC: 0.8228
Epoch 10/100, Train Loss: 0.4560, Val Loss: 0.4404, Train AUC: 0.5496, Val AUC: 0.8254
Epoch 11/100, Train Loss: 0.4623, Val Loss: 0.4402, Train AUC: 0.5097, Val AUC: 0.8254
Epoch 12/100, Train Loss: 0.4458, Val Loss: 0.4385, Train AUC: 0.6032, Val AUC: 0.8241
Epoch 13/100, Train Loss: 0.4665, Val Loss: 0.4391, Train AUC: 0.4793, Val AUC: 0.8241
Epoch 14/100, Train Loss: 0.4644, Val Loss: 0.4387, Train AUC: 0.4726, Val AUC: 0.8201
Epoch 15/100, Train Loss: 0.4515, Val Loss: 0.4374, Train AUC: 0.5589, Val AUC: 0.8175
Epoch 16/100, Train Loss: 0.4631, Val Loss: 0.4389, Train AUC: 0.4913, Val AUC: 0.8201
Epoch 17/100, Train Loss: 0.4510, Val Loss: 0.4381, Train AUC: 0.5695, Val AUC: 0.8214
Epoch 18/100, Train Loss: 0.4698, Val Loss: 0.4364, Train AUC: 0.4484, Val AUC: 0.8267
Epoch 19/100, Train Loss: 0.4533, Val Loss: 0.4365, Train AUC: 0.5465, Val AUC: 0.8267
Epoch 20/100, Train Loss: 0.4575, Val Loss: 0.4353, Train AUC: 0.5231, Val AUC: 0.8267
Epoch 21/100, Train Loss: 0.4547, Val Loss: 0.4344, Train AUC: 0.5421, Val AUC: 0.8267
Epoch 22/100, Train Loss: 0.4500, Val Loss: 0.4385, Train AUC: 0.5833, Val AUC: 0.8333
Epoch 23/100, Train Loss: 0.4563, Val Loss: 0.4367, Train AUC: 0.5721, Val AUC: 0.8347
Epoch 24/100, Train Loss: 0.4478, Val Loss: 0.4330, Train AUC: 0.5726, Val AUC: 0.8347
Epoch 25/100, Train Loss: 0.4519, Val Loss: 0.4336, Train AUC: 0.5552, Val AUC: 0.8347
Epoch 26/100, Train Loss: 0.4524, Val Loss: 0.4330, Train AUC: 0.5521, Val AUC: 0.8333
Epoch 27/100, Train Loss: 0.4539, Val Loss: 0.4316, Train AUC: 0.5721, Val AUC: 0.8333
Epoch 28/100, Train Loss: 0.4619, Val Loss: 0.4291, Train AUC: 0.5154, Val AUC: 0.8347
Epoch 29/100, Train Loss: 0.4522, Val Loss: 0.4314, Train AUC: 0.5648, Val AUC: 0.8360
Epoch 30/100, Train Loss: 0.4510, Val Loss: 0.4264, Train AUC: 0.5697, Val AUC: 0.8333
Epoch 31/100, Train Loss: 0.4531, Val Loss: 0.4251, Train AUC: 0.5697, Val AUC: 0.8333
Epoch 32/100, Train Loss: 0.4376, Val Loss: 0.4209, Train AUC: 0.6477, Val AUC: 0.8360
Epoch 33/100, Train Loss: 0.4525, Val Loss: 0.4216, Train AUC: 0.5598, Val AUC: 0.8347
Epoch 34/100, Train Loss: 0.4419, Val Loss: 0.4183, Train AUC: 0.6234, Val AUC: 0.8360
Epoch 35/100, Train Loss: 0.4209, Val Loss: 0.4135, Train AUC: 0.7087, Val AUC: 0.8360
Epoch 36/100, Train Loss: 0.4301, Val Loss: 0.4150, Train AUC: 0.6793, Val AUC: 0.8360
Epoch 37/100, Train Loss: 0.4215, Val Loss: 0.4177, Train AUC: 0.7035, Val AUC: 0.8386
Epoch 38/100, Train Loss: 0.4281, Val Loss: 0.4034, Train AUC: 0.7211, Val AUC: 0.8386
Epoch 39/100, Train Loss: 0.4562, Val Loss: 0.4067, Train AUC: 0.5568, Val AUC: 0.8399
Epoch 40/100, Train Loss: 0.4304, Val Loss: 0.4003, Train AUC: 0.6497, Val AUC: 0.8426
Epoch 41/100, Train Loss: 0.4386, Val Loss: 0.4002, Train AUC: 0.6607, Val AUC: 0.8426
Epoch 42/100, Train Loss: 0.4053, Val Loss: 0.3974, Train AUC: 0.7560, Val AUC: 0.8426
Epoch 43/100, Train Loss: 0.3994, Val Loss: 0.3807, Train AUC: 0.7656, Val AUC: 0.8439
Epoch 44/100, Train Loss: 0.3956, Val Loss: 0.3673, Train AUC: 0.8073, Val AUC: 0.8452
Epoch 45/100, Train Loss: 0.3870, Val Loss: 0.3756, Train AUC: 0.7775, Val AUC: 0.8439
Epoch 46/100, Train Loss: 0.4004, Val Loss: 0.4257, Train AUC: 0.7430, Val AUC: 0.8439
Epoch 47/100, Train Loss: 0.3896, Val Loss: 0.3733, Train AUC: 0.7713, Val AUC: 0.8426
Epoch 48/100, Train Loss: 0.4151, Val Loss: 0.3800, Train AUC: 0.7192, Val AUC: 0.8413
Epoch 49/100, Train Loss: 0.3767, Val Loss: 0.3615, Train AUC: 0.7948, Val AUC: 0.8426
Epoch 50/100, Train Loss: 0.3521, Val Loss: 0.3545, Train AUC: 0.8284, Val AUC: 0.8505
Epoch 51/100, Train Loss: 0.3804, Val Loss: 0.3859, Train AUC: 0.7834, Val AUC: 0.8545
Epoch 52/100, Train Loss: 0.4249, Val Loss: 0.3766, Train AUC: 0.7000, Val AUC: 0.8558
Epoch 53/100, Train Loss: 0.3664, Val Loss: 0.3351, Train AUC: 0.8330, Val AUC: 0.8558
Epoch 54/100, Train Loss: 0.3530, Val Loss: 0.3431, Train AUC: 0.8291, Val AUC: 0.8611
Epoch 55/100, Train Loss: 0.3551, Val Loss: 0.3491, Train AUC: 0.8249, Val AUC: 0.8638
Epoch 56/100, Train Loss: 0.3544, Val Loss: 0.3224, Train AUC: 0.8270, Val AUC: 0.8690
Epoch 57/100, Train Loss: 0.3059, Val Loss: 0.3644, Train AUC: 0.8787, Val AUC: 0.8743
Epoch 58/100, Train Loss: 0.3609, Val Loss: 0.3599, Train AUC: 0.8038, Val AUC: 0.8796
Epoch 59/100, Train Loss: 0.3624, Val Loss: 0.3393, Train AUC: 0.8149, Val AUC: 0.8796
Epoch 60/100, Train Loss: 0.3267, Val Loss: 0.3249, Train AUC: 0.8761, Val AUC: 0.8823
Epoch 61/100, Train Loss: 0.3308, Val Loss: 0.3093, Train AUC: 0.8513, Val AUC: 0.8862
Epoch 62/100, Train Loss: 0.2949, Val Loss: 0.3226, Train AUC: 0.8986, Val AUC: 0.8876
Epoch 63/100, Train Loss: 0.3037, Val Loss: 0.2838, Train AUC: 0.8815, Val AUC: 0.8889
Epoch 64/100, Train Loss: 0.2835, Val Loss: 0.2874, Train AUC: 0.9109, Val AUC: 0.9034
Epoch 65/100, Train Loss: 0.3029, Val Loss: 0.3453, Train AUC: 0.8759, Val AUC: 0.8968
Epoch 66/100, Train Loss: 0.3067, Val Loss: 0.2881, Train AUC: 0.8812, Val AUC: 0.9008
Epoch 67/100, Train Loss: 0.2890, Val Loss: 0.3049, Train AUC: 0.8938, Val AUC: 0.9021
Epoch 68/100, Train Loss: 0.2700, Val Loss: 0.2871, Train AUC: 0.9166, Val AUC: 0.9127
Early stopping triggered at epoch 68
Best Train AUC: 0.8815, Best Val AUC: 0.8889
Epoch 1/100, Train Loss: 0.4910, Val Loss: 0.4396, Train AUC: 0.5195, Val AUC: 0.6561
Epoch 2/100, Train Loss: 0.4690, Val Loss: 0.4401, Train AUC: 0.4900, Val AUC: 0.7487
Epoch 3/100, Train Loss: 0.4621, Val Loss: 0.4393, Train AUC: 0.5006, Val AUC: 0.7632
Epoch 4/100, Train Loss: 0.4679, Val Loss: 0.4395, Train AUC: 0.4698, Val AUC: 0.7765
Epoch 5/100, Train Loss: 0.4610, Val Loss: 0.4382, Train AUC: 0.5257, Val AUC: 0.7804
Epoch 6/100, Train Loss: 0.4657, Val Loss: 0.4380, Train AUC: 0.4862, Val AUC: 0.7817
Epoch 7/100, Train Loss: 0.4475, Val Loss: 0.4376, Train AUC: 0.6029, Val AUC: 0.7791
Epoch 8/100, Train Loss: 0.4699, Val Loss: 0.4375, Train AUC: 0.4494, Val AUC: 0.7831
Epoch 9/100, Train Loss: 0.4583, Val Loss: 0.4370, Train AUC: 0.5238, Val AUC: 0.7897
Epoch 10/100, Train Loss: 0.4521, Val Loss: 0.4369, Train AUC: 0.5483, Val AUC: 0.7910
Epoch 11/100, Train Loss: 0.4669, Val Loss: 0.4389, Train AUC: 0.4632, Val AUC: 0.7950
Epoch 12/100, Train Loss: 0.4600, Val Loss: 0.4397, Train AUC: 0.5296, Val AUC: 0.7963
Epoch 13/100, Train Loss: 0.4532, Val Loss: 0.4373, Train AUC: 0.5586, Val AUC: 0.7950
Epoch 14/100, Train Loss: 0.4447, Val Loss: 0.4360, Train AUC: 0.5960, Val AUC: 0.7963
Epoch 15/100, Train Loss: 0.4568, Val Loss: 0.4348, Train AUC: 0.5378, Val AUC: 0.7937
Epoch 16/100, Train Loss: 0.4447, Val Loss: 0.4343, Train AUC: 0.5999, Val AUC: 0.7963
Epoch 17/100, Train Loss: 0.4581, Val Loss: 0.4342, Train AUC: 0.5253, Val AUC: 0.7937
Epoch 18/100, Train Loss: 0.4652, Val Loss: 0.4385, Train AUC: 0.4861, Val AUC: 0.7910
Epoch 19/100, Train Loss: 0.4650, Val Loss: 0.4412, Train AUC: 0.5349, Val AUC: 0.7937
Epoch 20/100, Train Loss: 0.4555, Val Loss: 0.4332, Train AUC: 0.5547, Val AUC: 0.7937
Epoch 21/100, Train Loss: 0.4560, Val Loss: 0.4328, Train AUC: 0.5436, Val AUC: 0.7937
Epoch 22/100, Train Loss: 0.4536, Val Loss: 0.4327, Train AUC: 0.5404, Val AUC: 0.7937
Epoch 23/100, Train Loss: 0.4585, Val Loss: 0.4339, Train AUC: 0.5115, Val AUC: 0.7937
Epoch 24/100, Train Loss: 0.4600, Val Loss: 0.4333, Train AUC: 0.5278, Val AUC: 0.7937
Epoch 25/100, Train Loss: 0.4416, Val Loss: 0.4302, Train AUC: 0.6139, Val AUC: 0.7963
Epoch 26/100, Train Loss: 0.4505, Val Loss: 0.4288, Train AUC: 0.5591, Val AUC: 0.7963
Epoch 27/100, Train Loss: 0.4328, Val Loss: 0.4279, Train AUC: 0.6606, Val AUC: 0.7989
Epoch 28/100, Train Loss: 0.4489, Val Loss: 0.4275, Train AUC: 0.5937, Val AUC: 0.8003
Epoch 29/100, Train Loss: 0.4536, Val Loss: 0.4259, Train AUC: 0.5386, Val AUC: 0.8016
Epoch 30/100, Train Loss: 0.4507, Val Loss: 0.4243, Train AUC: 0.5619, Val AUC: 0.8016
Epoch 31/100, Train Loss: 0.4384, Val Loss: 0.4223, Train AUC: 0.6384, Val AUC: 0.8029
Epoch 32/100, Train Loss: 0.4213, Val Loss: 0.4208, Train AUC: 0.7199, Val AUC: 0.8029
Epoch 33/100, Train Loss: 0.4452, Val Loss: 0.4208, Train AUC: 0.6142, Val AUC: 0.8029
Epoch 34/100, Train Loss: 0.4427, Val Loss: 0.4168, Train AUC: 0.6063, Val AUC: 0.8069
Epoch 35/100, Train Loss: 0.4349, Val Loss: 0.4174, Train AUC: 0.6544, Val AUC: 0.8082
Epoch 36/100, Train Loss: 0.4437, Val Loss: 0.4181, Train AUC: 0.6321, Val AUC: 0.8095
Epoch 37/100, Train Loss: 0.4364, Val Loss: 0.4102, Train AUC: 0.6692, Val AUC: 0.8082
Epoch 38/100, Train Loss: 0.4393, Val Loss: 0.4096, Train AUC: 0.6503, Val AUC: 0.8069
Epoch 39/100, Train Loss: 0.4241, Val Loss: 0.4108, Train AUC: 0.6896, Val AUC: 0.8095
Epoch 40/100, Train Loss: 0.4277, Val Loss: 0.4051, Train AUC: 0.6629, Val AUC: 0.8108
Epoch 41/100, Train Loss: 0.4059, Val Loss: 0.4147, Train AUC: 0.7619, Val AUC: 0.8122
Epoch 42/100, Train Loss: 0.4275, Val Loss: 0.3953, Train AUC: 0.6794, Val AUC: 0.8161
Epoch 43/100, Train Loss: 0.4087, Val Loss: 0.3879, Train AUC: 0.7313, Val AUC: 0.8188
Epoch 44/100, Train Loss: 0.3820, Val Loss: 0.3755, Train AUC: 0.7955, Val AUC: 0.8201
Epoch 45/100, Train Loss: 0.3903, Val Loss: 0.3727, Train AUC: 0.7703, Val AUC: 0.8228
Epoch 46/100, Train Loss: 0.4327, Val Loss: 0.3702, Train AUC: 0.6740, Val AUC: 0.8228
Epoch 47/100, Train Loss: 0.3944, Val Loss: 0.3855, Train AUC: 0.7450, Val AUC: 0.8267
Epoch 48/100, Train Loss: 0.4060, Val Loss: 0.3851, Train AUC: 0.7615, Val AUC: 0.8188
Epoch 49/100, Train Loss: 0.4193, Val Loss: 0.3780, Train AUC: 0.6935, Val AUC: 0.8241
Epoch 50/100, Train Loss: 0.4253, Val Loss: 0.3795, Train AUC: 0.7266, Val AUC: 0.8267
Epoch 51/100, Train Loss: 0.4005, Val Loss: 0.3741, Train AUC: 0.7500, Val AUC: 0.8267
Early stopping triggered at epoch 51
Best Train AUC: 0.6740, Best Val AUC: 0.8228
early fusion validation auc: 0.8558201058201058
mid fusion
Epoch 1/100, Train Loss: 0.4918, Val Loss: 0.4363, Train AUC: 0.4375, Val AUC: 0.7672
Epoch 2/100, Train Loss: 0.4521, Val Loss: 0.4325, Train AUC: 0.6260, Val AUC: 0.8690
Epoch 3/100, Train Loss: 0.4419, Val Loss: 0.4217, Train AUC: 0.6950, Val AUC: 0.9034
Epoch 4/100, Train Loss: 0.4340, Val Loss: 0.4131, Train AUC: 0.8381, Val AUC: 0.9193
Epoch 5/100, Train Loss: 0.4206, Val Loss: 0.3923, Train AUC: 0.8878, Val AUC: 0.9325
Epoch 6/100, Train Loss: 0.4013, Val Loss: 0.3622, Train AUC: 0.8531, Val AUC: 0.9352
Epoch 7/100, Train Loss: 0.3721, Val Loss: 0.3210, Train AUC: 0.8748, Val AUC: 0.9418
Epoch 8/100, Train Loss: 0.3118, Val Loss: 0.2667, Train AUC: 0.9240, Val AUC: 0.9537
Epoch 9/100, Train Loss: 0.2650, Val Loss: 0.2256, Train AUC: 0.9351, Val AUC: 0.9603
Epoch 10/100, Train Loss: 0.2532, Val Loss: 0.2342, Train AUC: 0.9404, Val AUC: 0.9630
Epoch 11/100, Train Loss: 0.2112, Val Loss: 0.2040, Train AUC: 0.9621, Val AUC: 0.9630
Epoch 12/100, Train Loss: 0.1872, Val Loss: 0.2516, Train AUC: 0.9674, Val AUC: 0.9643
Epoch 13/100, Train Loss: 0.2139, Val Loss: 0.2745, Train AUC: 0.9407, Val AUC: 0.9524
Epoch 14/100, Train Loss: 0.2486, Val Loss: 0.2275, Train AUC: 0.9294, Val AUC: 0.9431
Epoch 15/100, Train Loss: 0.2055, Val Loss: 0.1866, Train AUC: 0.9564, Val AUC: 0.9643
Epoch 16/100, Train Loss: 0.1765, Val Loss: 0.2007, Train AUC: 0.9657, Val AUC: 0.9696
Epoch 17/100, Train Loss: 0.1673, Val Loss: 0.2200, Train AUC: 0.9699, Val AUC: 0.9590
Epoch 18/100, Train Loss: 0.1772, Val Loss: 0.2422, Train AUC: 0.9636, Val AUC: 0.9603
Epoch 19/100, Train Loss: 0.1532, Val Loss: 0.2908, Train AUC: 0.9749, Val AUC: 0.9497
Epoch 20/100, Train Loss: 0.1894, Val Loss: 0.1905, Train AUC: 0.9598, Val AUC: 0.9550
Epoch 21/100, Train Loss: 0.1880, Val Loss: 0.2099, Train AUC: 0.9606, Val AUC: 0.9630
Epoch 22/100, Train Loss: 0.1675, Val Loss: 0.1872, Train AUC: 0.9715, Val AUC: 0.9683
Epoch 23/100, Train Loss: 0.1365, Val Loss: 0.2028, Train AUC: 0.9815, Val AUC: 0.9590
Early stopping triggered at epoch 23
Best Train AUC: 0.9564, Best Val AUC: 0.9643
early fusion validation auc: 0.9444444444444444
later fusion
Feature: uniport_ppi_2019, Epoch 1/100, Train Loss: 0.4841, Val Loss: 0.4406, Train AUC: 0.5879, Val AUC: 0.5437
Feature: uniport_ppi_2019, Epoch 2/100, Train Loss: 0.4584, Val Loss: 0.4378, Train AUC: 0.5469, Val AUC: 0.7116
Feature: uniport_ppi_2019, Epoch 3/100, Train Loss: 0.4804, Val Loss: 0.4372, Train AUC: 0.4239, Val AUC: 0.7870
Feature: uniport_ppi_2019, Epoch 4/100, Train Loss: 0.4608, Val Loss: 0.4361, Train AUC: 0.5246, Val AUC: 0.8042
Feature: uniport_ppi_2019, Epoch 5/100, Train Loss: 0.4626, Val Loss: 0.4352, Train AUC: 0.5145, Val AUC: 0.8241
Feature: uniport_ppi_2019, Epoch 6/100, Train Loss: 0.4625, Val Loss: 0.4346, Train AUC: 0.4872, Val AUC: 0.8519
Feature: uniport_ppi_2019, Epoch 7/100, Train Loss: 0.4520, Val Loss: 0.4340, Train AUC: 0.5519, Val AUC: 0.8690
Feature: uniport_ppi_2019, Epoch 8/100, Train Loss: 0.4612, Val Loss: 0.4331, Train AUC: 0.5159, Val AUC: 0.8730
Feature: uniport_ppi_2019, Epoch 9/100, Train Loss: 0.4555, Val Loss: 0.4301, Train AUC: 0.5375, Val AUC: 0.8862
Feature: uniport_ppi_2019, Epoch 10/100, Train Loss: 0.4577, Val Loss: 0.4317, Train AUC: 0.5155, Val AUC: 0.8902
Feature: uniport_ppi_2019, Epoch 11/100, Train Loss: 0.4510, Val Loss: 0.4268, Train AUC: 0.5653, Val AUC: 0.8968
Feature: uniport_ppi_2019, Epoch 12/100, Train Loss: 0.4355, Val Loss: 0.4246, Train AUC: 0.6554, Val AUC: 0.8981
Feature: uniport_ppi_2019, Epoch 13/100, Train Loss: 0.4441, Val Loss: 0.4217, Train AUC: 0.5944, Val AUC: 0.9087
Feature: uniport_ppi_2019, Epoch 14/100, Train Loss: 0.4341, Val Loss: 0.4210, Train AUC: 0.6909, Val AUC: 0.9061
Feature: uniport_ppi_2019, Epoch 15/100, Train Loss: 0.4433, Val Loss: 0.4129, Train AUC: 0.6182, Val AUC: 0.9021
Feature: uniport_ppi_2019, Epoch 16/100, Train Loss: 0.4215, Val Loss: 0.4077, Train AUC: 0.7054, Val AUC: 0.9061
Feature: uniport_ppi_2019, Epoch 17/100, Train Loss: 0.4318, Val Loss: 0.3996, Train AUC: 0.6598, Val AUC: 0.9061
Feature: uniport_ppi_2019, Epoch 18/100, Train Loss: 0.3974, Val Loss: 0.3841, Train AUC: 0.7807, Val AUC: 0.9048
Feature: uniport_ppi_2019, Epoch 19/100, Train Loss: 0.4055, Val Loss: 0.3625, Train AUC: 0.7274, Val AUC: 0.9114
Feature: uniport_ppi_2019, Epoch 20/100, Train Loss: 0.3741, Val Loss: 0.3412, Train AUC: 0.8367, Val AUC: 0.9021
Feature: uniport_ppi_2019, Epoch 21/100, Train Loss: 0.3588, Val Loss: 0.3413, Train AUC: 0.8393, Val AUC: 0.9087
Feature: uniport_ppi_2019, Epoch 22/100, Train Loss: 0.3449, Val Loss: 0.3278, Train AUC: 0.8510, Val AUC: 0.9220
Feature: uniport_ppi_2019, Epoch 23/100, Train Loss: 0.3522, Val Loss: 0.3348, Train AUC: 0.8488, Val AUC: 0.9061
Feature: uniport_ppi_2019, Epoch 24/100, Train Loss: 0.3744, Val Loss: 0.3509, Train AUC: 0.7962, Val AUC: 0.9220
Feature: uniport_ppi_2019, Epoch 25/100, Train Loss: 0.3406, Val Loss: 0.3305, Train AUC: 0.8680, Val AUC: 0.9259
Feature: uniport_ppi_2019, Epoch 26/100, Train Loss: 0.3199, Val Loss: 0.3023, Train AUC: 0.8870, Val AUC: 0.9101
Feature: uniport_ppi_2019, Epoch 27/100, Train Loss: 0.3110, Val Loss: 0.2804, Train AUC: 0.8784, Val AUC: 0.9127
Feature: uniport_ppi_2019, Epoch 28/100, Train Loss: 0.3529, Val Loss: 0.3098, Train AUC: 0.8112, Val AUC: 0.9233
Feature: uniport_ppi_2019, Epoch 29/100, Train Loss: 0.3016, Val Loss: 0.2845, Train AUC: 0.9066, Val AUC: 0.9193
Feature: uniport_ppi_2019, Epoch 30/100, Train Loss: 0.2785, Val Loss: 0.3154, Train AUC: 0.9354, Val AUC: 0.9101
Feature: uniport_ppi_2019, Epoch 31/100, Train Loss: 0.2847, Val Loss: 0.2735, Train AUC: 0.9112, Val AUC: 0.9220
Feature: uniport_ppi_2019, Epoch 32/100, Train Loss: 0.2871, Val Loss: 0.2784, Train AUC: 0.9076, Val AUC: 0.9140
Feature: uniport_ppi_2019, Epoch 33/100, Train Loss: 0.2800, Val Loss: 0.2706, Train AUC: 0.8820, Val AUC: 0.9114
Feature: uniport_ppi_2019, Epoch 34/100, Train Loss: 0.2388, Val Loss: 0.2681, Train AUC: 0.9287, Val AUC: 0.9167
Feature: uniport_ppi_2019, Epoch 35/100, Train Loss: 0.2364, Val Loss: 0.2973, Train AUC: 0.9236, Val AUC: 0.9167
Feature: uniport_ppi_2019, Epoch 36/100, Train Loss: 0.2702, Val Loss: 0.2747, Train AUC: 0.9088, Val AUC: 0.9127
Feature: uniport_ppi_2019, Epoch 37/100, Train Loss: 0.2362, Val Loss: 0.2720, Train AUC: 0.9379, Val AUC: 0.9167
Feature: uniport_ppi_2019, Epoch 38/100, Train Loss: 0.2961, Val Loss: 0.2850, Train AUC: 0.8952, Val AUC: 0.9206
Feature: uniport_ppi_2019, Epoch 39/100, Train Loss: 0.2725, Val Loss: 0.2615, Train AUC: 0.9117, Val AUC: 0.9193
Feature: uniport_ppi_2019, Epoch 40/100, Train Loss: 0.2418, Val Loss: 0.2688, Train AUC: 0.9243, Val AUC: 0.9127
Feature: uniport_ppi_2019, Epoch 41/100, Train Loss: 0.2483, Val Loss: 0.2716, Train AUC: 0.9314, Val AUC: 0.9127
Feature: uniport_ppi_2019, Epoch 42/100, Train Loss: 0.2440, Val Loss: 0.2576, Train AUC: 0.9261, Val AUC: 0.9140
Feature: uniport_ppi_2019, Epoch 43/100, Train Loss: 0.2107, Val Loss: 0.2808, Train AUC: 0.9477, Val AUC: 0.9048
Feature: uniport_ppi_2019, Epoch 44/100, Train Loss: 0.2313, Val Loss: 0.2626, Train AUC: 0.9319, Val AUC: 0.9153
Feature: uniport_ppi_2019, Epoch 45/100, Train Loss: 0.2278, Val Loss: 0.2807, Train AUC: 0.9466, Val AUC: 0.9312
Feature: uniport_ppi_2019, Epoch 46/100, Train Loss: 0.2613, Val Loss: 0.2585, Train AUC: 0.9204, Val AUC: 0.9259
Feature: uniport_ppi_2019, Epoch 47/100, Train Loss: 0.2249, Val Loss: 0.2589, Train AUC: 0.9461, Val AUC: 0.9233
Early stopping for feature uniport_ppi_2019 at epoch 47
Best Train AUC for feature uniport_ppi_2019: 0.9261
Best Val AUC for feature uniport_ppi_2019: 0.9140
Feature: ppi_2019_dw_40, Epoch 1/100, Train Loss: 0.5648, Val Loss: 0.4392, Train AUC: 0.5212, Val AUC: 0.5833
Feature: ppi_2019_dw_40, Epoch 2/100, Train Loss: 0.4620, Val Loss: 0.4392, Train AUC: 0.5257, Val AUC: 0.7685
Feature: ppi_2019_dw_40, Epoch 3/100, Train Loss: 0.4580, Val Loss: 0.4351, Train AUC: 0.5223, Val AUC: 0.8519
Feature: ppi_2019_dw_40, Epoch 4/100, Train Loss: 0.4596, Val Loss: 0.4349, Train AUC: 0.4985, Val AUC: 0.8889
Feature: ppi_2019_dw_40, Epoch 5/100, Train Loss: 0.4509, Val Loss: 0.4336, Train AUC: 0.5619, Val AUC: 0.8995
Feature: ppi_2019_dw_40, Epoch 6/100, Train Loss: 0.4632, Val Loss: 0.4320, Train AUC: 0.4889, Val AUC: 0.9114
Feature: ppi_2019_dw_40, Epoch 7/100, Train Loss: 0.4433, Val Loss: 0.4304, Train AUC: 0.6015, Val AUC: 0.9220
Feature: ppi_2019_dw_40, Epoch 8/100, Train Loss: 0.4603, Val Loss: 0.4304, Train AUC: 0.4985, Val AUC: 0.9299
Feature: ppi_2019_dw_40, Epoch 9/100, Train Loss: 0.4557, Val Loss: 0.4373, Train AUC: 0.5830, Val AUC: 0.9312
Feature: ppi_2019_dw_40, Epoch 10/100, Train Loss: 0.4522, Val Loss: 0.4255, Train AUC: 0.5832, Val AUC: 0.9312
Feature: ppi_2019_dw_40, Epoch 11/100, Train Loss: 0.4469, Val Loss: 0.4211, Train AUC: 0.5896, Val AUC: 0.9378
Feature: ppi_2019_dw_40, Epoch 12/100, Train Loss: 0.4402, Val Loss: 0.4169, Train AUC: 0.6248, Val AUC: 0.9392
Feature: ppi_2019_dw_40, Epoch 13/100, Train Loss: 0.4313, Val Loss: 0.4114, Train AUC: 0.6787, Val AUC: 0.9392
Feature: ppi_2019_dw_40, Epoch 14/100, Train Loss: 0.4260, Val Loss: 0.4029, Train AUC: 0.7111, Val AUC: 0.9378
Feature: ppi_2019_dw_40, Epoch 15/100, Train Loss: 0.4332, Val Loss: 0.3935, Train AUC: 0.6525, Val AUC: 0.9405
Feature: ppi_2019_dw_40, Epoch 16/100, Train Loss: 0.4167, Val Loss: 0.3798, Train AUC: 0.7277, Val AUC: 0.9444
Feature: ppi_2019_dw_40, Epoch 17/100, Train Loss: 0.4003, Val Loss: 0.3570, Train AUC: 0.7775, Val AUC: 0.9431
Feature: ppi_2019_dw_40, Epoch 18/100, Train Loss: 0.3675, Val Loss: 0.3376, Train AUC: 0.8314, Val AUC: 0.9339
Feature: ppi_2019_dw_40, Epoch 19/100, Train Loss: 0.3359, Val Loss: 0.2929, Train AUC: 0.8739, Val AUC: 0.9405
Feature: ppi_2019_dw_40, Epoch 20/100, Train Loss: 0.3194, Val Loss: 0.2972, Train AUC: 0.8945, Val AUC: 0.9272
Feature: ppi_2019_dw_40, Epoch 21/100, Train Loss: 0.3183, Val Loss: 0.2932, Train AUC: 0.9121, Val AUC: 0.9339
Feature: ppi_2019_dw_40, Epoch 22/100, Train Loss: 0.2872, Val Loss: 0.2539, Train AUC: 0.9084, Val AUC: 0.9431
Feature: ppi_2019_dw_40, Epoch 23/100, Train Loss: 0.2878, Val Loss: 0.3071, Train AUC: 0.9113, Val AUC: 0.9524
Feature: ppi_2019_dw_40, Epoch 24/100, Train Loss: 0.2983, Val Loss: 0.2431, Train AUC: 0.8914, Val AUC: 0.9392
Feature: ppi_2019_dw_40, Epoch 25/100, Train Loss: 0.2525, Val Loss: 0.2373, Train AUC: 0.9189, Val AUC: 0.9431
Feature: ppi_2019_dw_40, Epoch 26/100, Train Loss: 0.2520, Val Loss: 0.2480, Train AUC: 0.9238, Val AUC: 0.9537
Feature: ppi_2019_dw_40, Epoch 27/100, Train Loss: 0.2886, Val Loss: 0.2271, Train AUC: 0.8923, Val AUC: 0.9471
Feature: ppi_2019_dw_40, Epoch 28/100, Train Loss: 0.2389, Val Loss: 0.2380, Train AUC: 0.9354, Val AUC: 0.9484
Feature: ppi_2019_dw_40, Epoch 29/100, Train Loss: 0.2197, Val Loss: 0.2300, Train AUC: 0.9415, Val AUC: 0.9378
Feature: ppi_2019_dw_40, Epoch 30/100, Train Loss: 0.2185, Val Loss: 0.2210, Train AUC: 0.9436, Val AUC: 0.9471
Feature: ppi_2019_dw_40, Epoch 31/100, Train Loss: 0.2297, Val Loss: 0.2223, Train AUC: 0.9424, Val AUC: 0.9484
Feature: ppi_2019_dw_40, Epoch 32/100, Train Loss: 0.2273, Val Loss: 0.2147, Train AUC: 0.9364, Val AUC: 0.9511
Feature: ppi_2019_dw_40, Epoch 33/100, Train Loss: 0.2357, Val Loss: 0.2811, Train AUC: 0.9428, Val AUC: 0.9484
Feature: ppi_2019_dw_40, Epoch 34/100, Train Loss: 0.2771, Val Loss: 0.2275, Train AUC: 0.9000, Val AUC: 0.9550
Feature: ppi_2019_dw_40, Epoch 35/100, Train Loss: 0.2388, Val Loss: 0.2106, Train AUC: 0.9242, Val AUC: 0.9497
Feature: ppi_2019_dw_40, Epoch 36/100, Train Loss: 0.2183, Val Loss: 0.2275, Train AUC: 0.9435, Val AUC: 0.9497
Feature: ppi_2019_dw_40, Epoch 37/100, Train Loss: 0.2332, Val Loss: 0.2328, Train AUC: 0.9347, Val AUC: 0.9471
Feature: ppi_2019_dw_40, Epoch 38/100, Train Loss: 0.2156, Val Loss: 0.2713, Train AUC: 0.9569, Val AUC: 0.9497
Feature: ppi_2019_dw_40, Epoch 39/100, Train Loss: 0.2633, Val Loss: 0.2262, Train AUC: 0.9176, Val AUC: 0.9497
Feature: ppi_2019_dw_40, Epoch 40/100, Train Loss: 0.2301, Val Loss: 0.2179, Train AUC: 0.9410, Val AUC: 0.9537
Early stopping for feature ppi_2019_dw_40 at epoch 40
Best Train AUC for feature ppi_2019_dw_40: 0.9242
Best Val AUC for feature ppi_2019_dw_40: 0.9497
Feature: uniport_bio, Epoch 1/100, Train Loss: 0.5155, Val Loss: 0.4389, Train AUC: 0.4639, Val AUC: 0.7540
Feature: uniport_bio, Epoch 2/100, Train Loss: 0.4689, Val Loss: 0.4342, Train AUC: 0.5147, Val AUC: 0.8558
Feature: uniport_bio, Epoch 3/100, Train Loss: 0.4544, Val Loss: 0.4328, Train AUC: 0.5514, Val AUC: 0.8915
Feature: uniport_bio, Epoch 4/100, Train Loss: 0.4498, Val Loss: 0.4325, Train AUC: 0.5631, Val AUC: 0.8995
Feature: uniport_bio, Epoch 5/100, Train Loss: 0.4480, Val Loss: 0.4290, Train AUC: 0.5719, Val AUC: 0.9074
Feature: uniport_bio, Epoch 6/100, Train Loss: 0.4408, Val Loss: 0.4273, Train AUC: 0.6269, Val AUC: 0.9048
Feature: uniport_bio, Epoch 7/100, Train Loss: 0.4529, Val Loss: 0.4229, Train AUC: 0.5579, Val AUC: 0.9087
Feature: uniport_bio, Epoch 8/100, Train Loss: 0.4431, Val Loss: 0.4183, Train AUC: 0.6115, Val AUC: 0.9180
Feature: uniport_bio, Epoch 9/100, Train Loss: 0.4383, Val Loss: 0.4133, Train AUC: 0.6320, Val AUC: 0.9153
Feature: uniport_bio, Epoch 10/100, Train Loss: 0.4389, Val Loss: 0.4099, Train AUC: 0.6414, Val AUC: 0.9193
Feature: uniport_bio, Epoch 11/100, Train Loss: 0.4259, Val Loss: 0.4000, Train AUC: 0.6814, Val AUC: 0.9233
Feature: uniport_bio, Epoch 12/100, Train Loss: 0.4176, Val Loss: 0.3884, Train AUC: 0.7271, Val AUC: 0.9259
Feature: uniport_bio, Epoch 13/100, Train Loss: 0.4208, Val Loss: 0.3695, Train AUC: 0.7111, Val AUC: 0.9220
Feature: uniport_bio, Epoch 14/100, Train Loss: 0.3875, Val Loss: 0.3409, Train AUC: 0.8121, Val AUC: 0.9259
Feature: uniport_bio, Epoch 15/100, Train Loss: 0.3754, Val Loss: 0.3585, Train AUC: 0.8087, Val AUC: 0.9220
Feature: uniport_bio, Epoch 16/100, Train Loss: 0.3863, Val Loss: 0.3369, Train AUC: 0.7907, Val AUC: 0.9180
Feature: uniport_bio, Epoch 17/100, Train Loss: 0.3634, Val Loss: 0.3212, Train AUC: 0.8214, Val AUC: 0.9153
Feature: uniport_bio, Epoch 18/100, Train Loss: 0.3419, Val Loss: 0.3002, Train AUC: 0.8445, Val AUC: 0.9259
Feature: uniport_bio, Epoch 19/100, Train Loss: 0.3668, Val Loss: 0.3469, Train AUC: 0.8240, Val AUC: 0.9167
Feature: uniport_bio, Epoch 20/100, Train Loss: 0.3433, Val Loss: 0.3079, Train AUC: 0.8540, Val AUC: 0.9153
Feature: uniport_bio, Epoch 21/100, Train Loss: 0.3285, Val Loss: 0.2848, Train AUC: 0.8753, Val AUC: 0.9193
Feature: uniport_bio, Epoch 22/100, Train Loss: 0.3024, Val Loss: 0.2747, Train AUC: 0.8985, Val AUC: 0.9206
Feature: uniport_bio, Epoch 23/100, Train Loss: 0.3324, Val Loss: 0.3174, Train AUC: 0.8680, Val AUC: 0.9167
Feature: uniport_bio, Epoch 24/100, Train Loss: 0.2879, Val Loss: 0.2887, Train AUC: 0.9200, Val AUC: 0.9246
Feature: uniport_bio, Epoch 25/100, Train Loss: 0.3004, Val Loss: 0.2708, Train AUC: 0.8951, Val AUC: 0.9220
Feature: uniport_bio, Epoch 26/100, Train Loss: 0.2810, Val Loss: 0.2766, Train AUC: 0.9066, Val AUC: 0.9193
Feature: uniport_bio, Epoch 27/100, Train Loss: 0.2717, Val Loss: 0.2680, Train AUC: 0.9138, Val AUC: 0.9299
Feature: uniport_bio, Epoch 28/100, Train Loss: 0.2882, Val Loss: 0.2747, Train AUC: 0.8920, Val AUC: 0.9259
Feature: uniport_bio, Epoch 29/100, Train Loss: 0.2752, Val Loss: 0.2686, Train AUC: 0.9184, Val AUC: 0.9220
Feature: uniport_bio, Epoch 30/100, Train Loss: 0.2681, Val Loss: 0.2695, Train AUC: 0.9212, Val AUC: 0.9259
Feature: uniport_bio, Epoch 31/100, Train Loss: 0.2868, Val Loss: 0.2756, Train AUC: 0.9036, Val AUC: 0.9193
Feature: uniport_bio, Epoch 32/100, Train Loss: 0.2875, Val Loss: 0.2953, Train AUC: 0.9053, Val AUC: 0.9167
Early stopping for feature uniport_bio at epoch 32
Best Train AUC for feature uniport_bio: 0.9138
Best Val AUC for feature uniport_bio: 0.9299
Feature: uniport_seq, Epoch 1/100, Train Loss: 0.4832, Val Loss: 0.4397, Train AUC: 0.5015, Val AUC: 0.4894
Feature: uniport_seq, Epoch 2/100, Train Loss: 0.4661, Val Loss: 0.4396, Train AUC: 0.4837, Val AUC: 0.5278
Feature: uniport_seq, Epoch 3/100, Train Loss: 0.4675, Val Loss: 0.4398, Train AUC: 0.4666, Val AUC: 0.5754
Feature: uniport_seq, Epoch 4/100, Train Loss: 0.4543, Val Loss: 0.4417, Train AUC: 0.5394, Val AUC: 0.6032
Feature: uniport_seq, Epoch 5/100, Train Loss: 0.4657, Val Loss: 0.4421, Train AUC: 0.4786, Val AUC: 0.6204
Feature: uniport_seq, Epoch 6/100, Train Loss: 0.4533, Val Loss: 0.4412, Train AUC: 0.5555, Val AUC: 0.6601
Feature: uniport_seq, Epoch 7/100, Train Loss: 0.4565, Val Loss: 0.4398, Train AUC: 0.5398, Val AUC: 0.6667
Early stopping for feature uniport_seq at epoch 7
Best Train AUC for feature uniport_seq: 0.4837
Best Val AUC for feature uniport_seq: 0.5278
Feature uniport_seq excluded from fusion due to low Val AUC: 0.5278
Feature: uniport_esm, Epoch 1/100, Train Loss: 0.5299, Val Loss: 0.4429, Train AUC: 0.4247, Val AUC: 0.5304
Feature: uniport_esm, Epoch 2/100, Train Loss: 0.4650, Val Loss: 0.4395, Train AUC: 0.5140, Val AUC: 0.6151
Feature: uniport_esm, Epoch 3/100, Train Loss: 0.4649, Val Loss: 0.4403, Train AUC: 0.4866, Val AUC: 0.6601
Feature: uniport_esm, Epoch 4/100, Train Loss: 0.4644, Val Loss: 0.4400, Train AUC: 0.5062, Val AUC: 0.6984
Feature: uniport_esm, Epoch 5/100, Train Loss: 0.4584, Val Loss: 0.4399, Train AUC: 0.5317, Val AUC: 0.7196
Feature: uniport_esm, Epoch 6/100, Train Loss: 0.4531, Val Loss: 0.4395, Train AUC: 0.5666, Val AUC: 0.7341
Feature: uniport_esm, Epoch 7/100, Train Loss: 0.4550, Val Loss: 0.4391, Train AUC: 0.5536, Val AUC: 0.7368
Feature: uniport_esm, Epoch 8/100, Train Loss: 0.4584, Val Loss: 0.4389, Train AUC: 0.5090, Val AUC: 0.7421
Feature: uniport_esm, Epoch 9/100, Train Loss: 0.4679, Val Loss: 0.4389, Train AUC: 0.4692, Val AUC: 0.7500
Feature: uniport_esm, Epoch 10/100, Train Loss: 0.4474, Val Loss: 0.4399, Train AUC: 0.5625, Val AUC: 0.7606
Feature: uniport_esm, Epoch 11/100, Train Loss: 0.4693, Val Loss: 0.4386, Train AUC: 0.4628, Val AUC: 0.7606
Feature: uniport_esm, Epoch 12/100, Train Loss: 0.4611, Val Loss: 0.4387, Train AUC: 0.5071, Val AUC: 0.7566
Feature: uniport_esm, Epoch 13/100, Train Loss: 0.4593, Val Loss: 0.4389, Train AUC: 0.5122, Val AUC: 0.7540
Feature: uniport_esm, Epoch 14/100, Train Loss: 0.4529, Val Loss: 0.4387, Train AUC: 0.5619, Val AUC: 0.7553
Feature: uniport_esm, Epoch 15/100, Train Loss: 0.4533, Val Loss: 0.4379, Train AUC: 0.5521, Val AUC: 0.7526
Feature: uniport_esm, Epoch 16/100, Train Loss: 0.4681, Val Loss: 0.4377, Train AUC: 0.4611, Val AUC: 0.7566
Feature: uniport_esm, Epoch 17/100, Train Loss: 0.4556, Val Loss: 0.4377, Train AUC: 0.5374, Val AUC: 0.7579
Feature: uniport_esm, Epoch 18/100, Train Loss: 0.4566, Val Loss: 0.4373, Train AUC: 0.5360, Val AUC: 0.7566
Feature: uniport_esm, Epoch 19/100, Train Loss: 0.4634, Val Loss: 0.4387, Train AUC: 0.4755, Val AUC: 0.7619
Feature: uniport_esm, Epoch 20/100, Train Loss: 0.4550, Val Loss: 0.4371, Train AUC: 0.5496, Val AUC: 0.7632
Feature: uniport_esm, Epoch 21/100, Train Loss: 0.4597, Val Loss: 0.4381, Train AUC: 0.5058, Val AUC: 0.7646
Feature: uniport_esm, Epoch 22/100, Train Loss: 0.4544, Val Loss: 0.4365, Train AUC: 0.5467, Val AUC: 0.7619
Feature: uniport_esm, Epoch 23/100, Train Loss: 0.4602, Val Loss: 0.4365, Train AUC: 0.4959, Val AUC: 0.7619
Feature: uniport_esm, Epoch 24/100, Train Loss: 0.4620, Val Loss: 0.4383, Train AUC: 0.4965, Val AUC: 0.7593
Feature: uniport_esm, Epoch 25/100, Train Loss: 0.4525, Val Loss: 0.4360, Train AUC: 0.5615, Val AUC: 0.7579
Feature: uniport_esm, Epoch 26/100, Train Loss: 0.4464, Val Loss: 0.4350, Train AUC: 0.5822, Val AUC: 0.7619
Feature: uniport_esm, Epoch 27/100, Train Loss: 0.4573, Val Loss: 0.4345, Train AUC: 0.5177, Val AUC: 0.7632
Feature: uniport_esm, Epoch 28/100, Train Loss: 0.4475, Val Loss: 0.4342, Train AUC: 0.5672, Val AUC: 0.7619
Feature: uniport_esm, Epoch 29/100, Train Loss: 0.4576, Val Loss: 0.4334, Train AUC: 0.5011, Val AUC: 0.7632
Feature: uniport_esm, Epoch 30/100, Train Loss: 0.4471, Val Loss: 0.4329, Train AUC: 0.5985, Val AUC: 0.7646
Feature: uniport_esm, Epoch 31/100, Train Loss: 0.4565, Val Loss: 0.4336, Train AUC: 0.5364, Val AUC: 0.7632
Feature: uniport_esm, Epoch 32/100, Train Loss: 0.4273, Val Loss: 0.4315, Train AUC: 0.6965, Val AUC: 0.7619
Feature: uniport_esm, Epoch 33/100, Train Loss: 0.4569, Val Loss: 0.4316, Train AUC: 0.5375, Val AUC: 0.7672
Feature: uniport_esm, Epoch 34/100, Train Loss: 0.4495, Val Loss: 0.4319, Train AUC: 0.5853, Val AUC: 0.7672
Feature: uniport_esm, Epoch 35/100, Train Loss: 0.4517, Val Loss: 0.4311, Train AUC: 0.5756, Val AUC: 0.7685
Feature: uniport_esm, Epoch 36/100, Train Loss: 0.4557, Val Loss: 0.4293, Train AUC: 0.5367, Val AUC: 0.7672
Feature: uniport_esm, Epoch 37/100, Train Loss: 0.4513, Val Loss: 0.4258, Train AUC: 0.5754, Val AUC: 0.7659
Feature: uniport_esm, Epoch 38/100, Train Loss: 0.4566, Val Loss: 0.4260, Train AUC: 0.5481, Val AUC: 0.7685
Feature: uniport_esm, Epoch 39/100, Train Loss: 0.4588, Val Loss: 0.4281, Train AUC: 0.5369, Val AUC: 0.7685
Feature: uniport_esm, Epoch 40/100, Train Loss: 0.4638, Val Loss: 0.4297, Train AUC: 0.5144, Val AUC: 0.7672
Feature: uniport_esm, Epoch 41/100, Train Loss: 0.4385, Val Loss: 0.4253, Train AUC: 0.6282, Val AUC: 0.7685
Feature: uniport_esm, Epoch 42/100, Train Loss: 0.4409, Val Loss: 0.4224, Train AUC: 0.6340, Val AUC: 0.7725
Feature: uniport_esm, Epoch 43/100, Train Loss: 0.4432, Val Loss: 0.4187, Train AUC: 0.6073, Val AUC: 0.7712
Feature: uniport_esm, Epoch 44/100, Train Loss: 0.4367, Val Loss: 0.4161, Train AUC: 0.6316, Val AUC: 0.7725
Feature: uniport_esm, Epoch 45/100, Train Loss: 0.4432, Val Loss: 0.4147, Train AUC: 0.6152, Val AUC: 0.7725
Feature: uniport_esm, Epoch 46/100, Train Loss: 0.4518, Val Loss: 0.4137, Train AUC: 0.5742, Val AUC: 0.7725
Feature: uniport_esm, Epoch 47/100, Train Loss: 0.4350, Val Loss: 0.4159, Train AUC: 0.6613, Val AUC: 0.7725
Feature: uniport_esm, Epoch 48/100, Train Loss: 0.4372, Val Loss: 0.4112, Train AUC: 0.6490, Val AUC: 0.7738
Feature: uniport_esm, Epoch 49/100, Train Loss: 0.4224, Val Loss: 0.4104, Train AUC: 0.7097, Val AUC: 0.7738
Feature: uniport_esm, Epoch 50/100, Train Loss: 0.4352, Val Loss: 0.4144, Train AUC: 0.6372, Val AUC: 0.7751
Feature: uniport_esm, Epoch 51/100, Train Loss: 0.4425, Val Loss: 0.4060, Train AUC: 0.6207, Val AUC: 0.7725
Feature: uniport_esm, Epoch 52/100, Train Loss: 0.4281, Val Loss: 0.3987, Train AUC: 0.6926, Val AUC: 0.7765
Feature: uniport_esm, Epoch 53/100, Train Loss: 0.4134, Val Loss: 0.3951, Train AUC: 0.7178, Val AUC: 0.7765
Feature: uniport_esm, Epoch 54/100, Train Loss: 0.4227, Val Loss: 0.3923, Train AUC: 0.6924, Val AUC: 0.7765
Feature: uniport_esm, Epoch 55/100, Train Loss: 0.4013, Val Loss: 0.3857, Train AUC: 0.7436, Val AUC: 0.7778
Feature: uniport_esm, Epoch 56/100, Train Loss: 0.4020, Val Loss: 0.3987, Train AUC: 0.7352, Val AUC: 0.7817
Feature: uniport_esm, Epoch 57/100, Train Loss: 0.4363, Val Loss: 0.4009, Train AUC: 0.6542, Val AUC: 0.7817
Feature: uniport_esm, Epoch 58/100, Train Loss: 0.4579, Val Loss: 0.4109, Train AUC: 0.5785, Val AUC: 0.7804
Feature: uniport_esm, Epoch 59/100, Train Loss: 0.4352, Val Loss: 0.4113, Train AUC: 0.7011, Val AUC: 0.7791
Feature: uniport_esm, Epoch 60/100, Train Loss: 0.4395, Val Loss: 0.4159, Train AUC: 0.6531, Val AUC: 0.7804
Early stopping for feature uniport_esm at epoch 60
Best Train AUC for feature uniport_esm: 0.7436
Best Val AUC for feature uniport_esm: 0.7778
ICD10_J45 187
train test split
early fusion
Epoch 1/100, Train Loss: 0.4670, Val Loss: 0.4475, Train AUC: 0.5277, Val AUC: 0.7583
Epoch 2/100, Train Loss: 0.4622, Val Loss: 0.4463, Train AUC: 0.4888, Val AUC: 0.7914
Epoch 3/100, Train Loss: 0.4621, Val Loss: 0.4452, Train AUC: 0.4911, Val AUC: 0.8024
Epoch 4/100, Train Loss: 0.4532, Val Loss: 0.4438, Train AUC: 0.5406, Val AUC: 0.8060
Epoch 5/100, Train Loss: 0.4551, Val Loss: 0.4419, Train AUC: 0.5332, Val AUC: 0.8063
Epoch 6/100, Train Loss: 0.4568, Val Loss: 0.4410, Train AUC: 0.5281, Val AUC: 0.8107
Epoch 7/100, Train Loss: 0.4585, Val Loss: 0.4368, Train AUC: 0.5249, Val AUC: 0.8105
Epoch 8/100, Train Loss: 0.4530, Val Loss: 0.4348, Train AUC: 0.5354, Val AUC: 0.8136
Epoch 9/100, Train Loss: 0.4360, Val Loss: 0.4311, Train AUC: 0.6377, Val AUC: 0.8131
Epoch 10/100, Train Loss: 0.4394, Val Loss: 0.4246, Train AUC: 0.6164, Val AUC: 0.8173
Epoch 11/100, Train Loss: 0.4292, Val Loss: 0.4141, Train AUC: 0.6647, Val AUC: 0.8183
Epoch 12/100, Train Loss: 0.4174, Val Loss: 0.4012, Train AUC: 0.6834, Val AUC: 0.8232
Epoch 13/100, Train Loss: 0.4040, Val Loss: 0.3972, Train AUC: 0.7357, Val AUC: 0.8261
Epoch 14/100, Train Loss: 0.3951, Val Loss: 0.3731, Train AUC: 0.7533, Val AUC: 0.8339
Epoch 15/100, Train Loss: 0.4164, Val Loss: 0.3741, Train AUC: 0.7104, Val AUC: 0.8373
Epoch 16/100, Train Loss: 0.3741, Val Loss: 0.3492, Train AUC: 0.7957, Val AUC: 0.8409
Epoch 17/100, Train Loss: 0.3972, Val Loss: 0.3601, Train AUC: 0.7362, Val AUC: 0.8482
Epoch 18/100, Train Loss: 0.3606, Val Loss: 0.3284, Train AUC: 0.8064, Val AUC: 0.8556
Epoch 19/100, Train Loss: 0.3743, Val Loss: 0.3287, Train AUC: 0.7808, Val AUC: 0.8591
Epoch 20/100, Train Loss: 0.3696, Val Loss: 0.3481, Train AUC: 0.7941, Val AUC: 0.8627
Epoch 21/100, Train Loss: 0.3752, Val Loss: 0.3315, Train AUC: 0.7785, Val AUC: 0.8656
Epoch 22/100, Train Loss: 0.3632, Val Loss: 0.3332, Train AUC: 0.7950, Val AUC: 0.8698
Epoch 23/100, Train Loss: 0.3504, Val Loss: 0.3213, Train AUC: 0.8144, Val AUC: 0.8763
Epoch 24/100, Train Loss: 0.3492, Val Loss: 0.3363, Train AUC: 0.8269, Val AUC: 0.8798
Epoch 25/100, Train Loss: 0.3470, Val Loss: 0.3188, Train AUC: 0.8260, Val AUC: 0.8899
Epoch 26/100, Train Loss: 0.3540, Val Loss: 0.3354, Train AUC: 0.8056, Val AUC: 0.8923
Epoch 27/100, Train Loss: 0.3305, Val Loss: 0.3115, Train AUC: 0.8467, Val AUC: 0.8962
Epoch 28/100, Train Loss: 0.3060, Val Loss: 0.2786, Train AUC: 0.8741, Val AUC: 0.8984
Epoch 29/100, Train Loss: 0.3326, Val Loss: 0.3119, Train AUC: 0.8483, Val AUC: 0.8997
Epoch 30/100, Train Loss: 0.3400, Val Loss: 0.3392, Train AUC: 0.8333, Val AUC: 0.9001
Epoch 31/100, Train Loss: 0.3256, Val Loss: 0.2850, Train AUC: 0.8405, Val AUC: 0.9050
Epoch 32/100, Train Loss: 0.2964, Val Loss: 0.2829, Train AUC: 0.8751, Val AUC: 0.9088
Epoch 33/100, Train Loss: 0.3086, Val Loss: 0.2916, Train AUC: 0.8605, Val AUC: 0.9110
Early stopping triggered at epoch 33
Best Train AUC: 0.8741, Best Val AUC: 0.8984
early fusion validation auc: 0.9128486775545599
mid fusion
early fusion validation auc: 0.965818759936407
later fusion
Feature: uniport_ppi_2019, Epoch 1/100, Train Loss: 0.4975, Val Loss: 0.4471, Train AUC: 0.4590, Val AUC: 0.7904
Feature: uniport_ppi_2019, Epoch 2/100, Train Loss: 0.4560, Val Loss: 0.4415, Train AUC: 0.5383, Val AUC: 0.8465
Feature: uniport_ppi_2019, Epoch 3/100, Train Loss: 0.4591, Val Loss: 0.4391, Train AUC: 0.5217, Val AUC: 0.8747
Feature: uniport_ppi_2019, Epoch 4/100, Train Loss: 0.4496, Val Loss: 0.4337, Train AUC: 0.5661, Val AUC: 0.8991
Feature: uniport_ppi_2019, Epoch 5/100, Train Loss: 0.4447, Val Loss: 0.4279, Train AUC: 0.5953, Val AUC: 0.9072
Feature: uniport_ppi_2019, Epoch 6/100, Train Loss: 0.4330, Val Loss: 0.4108, Train AUC: 0.6459, Val AUC: 0.9163
Feature: uniport_ppi_2019, Epoch 7/100, Train Loss: 0.4166, Val Loss: 0.3744, Train AUC: 0.7005, Val AUC: 0.9131
Feature: uniport_ppi_2019, Epoch 8/100, Train Loss: 0.3527, Val Loss: 0.3288, Train AUC: 0.8318, Val AUC: 0.9147
Feature: uniport_ppi_2019, Epoch 9/100, Train Loss: 0.3546, Val Loss: 0.3510, Train AUC: 0.8201, Val AUC: 0.9305
Feature: uniport_ppi_2019, Epoch 10/100, Train Loss: 0.3447, Val Loss: 0.2956, Train AUC: 0.8279, Val AUC: 0.9260
Feature: uniport_ppi_2019, Epoch 11/100, Train Loss: 0.3049, Val Loss: 0.2685, Train AUC: 0.8819, Val AUC: 0.9370
Feature: uniport_ppi_2019, Epoch 12/100, Train Loss: 0.3130, Val Loss: 0.2735, Train AUC: 0.8572, Val AUC: 0.9364
Feature: uniport_ppi_2019, Epoch 13/100, Train Loss: 0.2832, Val Loss: 0.2356, Train AUC: 0.8911, Val AUC: 0.9393
Feature: uniport_ppi_2019, Epoch 14/100, Train Loss: 0.2870, Val Loss: 0.2421, Train AUC: 0.8909, Val AUC: 0.9390
Feature: uniport_ppi_2019, Epoch 15/100, Train Loss: 0.2943, Val Loss: 0.2401, Train AUC: 0.8837, Val AUC: 0.9381
Feature: uniport_ppi_2019, Epoch 16/100, Train Loss: 0.2729, Val Loss: 0.2756, Train AUC: 0.9037, Val AUC: 0.9419
Feature: uniport_ppi_2019, Epoch 17/100, Train Loss: 0.2873, Val Loss: 0.2236, Train AUC: 0.8897, Val AUC: 0.9468
Feature: uniport_ppi_2019, Epoch 18/100, Train Loss: 0.2676, Val Loss: 0.2272, Train AUC: 0.8983, Val AUC: 0.9477
Feature: uniport_ppi_2019, Epoch 19/100, Train Loss: 0.2755, Val Loss: 0.2178, Train AUC: 0.8990, Val AUC: 0.9467
Feature: uniport_ppi_2019, Epoch 20/100, Train Loss: 0.2875, Val Loss: 0.2803, Train AUC: 0.8829, Val AUC: 0.9490
Feature: uniport_ppi_2019, Epoch 21/100, Train Loss: 0.2622, Val Loss: 0.2201, Train AUC: 0.9106, Val AUC: 0.9491
Feature: uniport_ppi_2019, Epoch 22/100, Train Loss: 0.2561, Val Loss: 0.2421, Train AUC: 0.9152, Val AUC: 0.9510
Feature: uniport_ppi_2019, Epoch 23/100, Train Loss: 0.2643, Val Loss: 0.2125, Train AUC: 0.9071, Val AUC: 0.9510
Feature: uniport_ppi_2019, Epoch 24/100, Train Loss: 0.2743, Val Loss: 0.2392, Train AUC: 0.8970, Val AUC: 0.9519
Feature: uniport_ppi_2019, Epoch 25/100, Train Loss: 0.2592, Val Loss: 0.2054, Train AUC: 0.9144, Val AUC: 0.9536
Feature: uniport_ppi_2019, Epoch 26/100, Train Loss: 0.2622, Val Loss: 0.2107, Train AUC: 0.9074, Val AUC: 0.9553
Feature: uniport_ppi_2019, Epoch 27/100, Train Loss: 0.2645, Val Loss: 0.2180, Train AUC: 0.9052, Val AUC: 0.9565
Feature: uniport_ppi_2019, Epoch 28/100, Train Loss: 0.2505, Val Loss: 0.2205, Train AUC: 0.9143, Val AUC: 0.9530
Feature: uniport_ppi_2019, Epoch 29/100, Train Loss: 0.2536, Val Loss: 0.2053, Train AUC: 0.9163, Val AUC: 0.9551
Feature: uniport_ppi_2019, Epoch 30/100, Train Loss: 0.2462, Val Loss: 0.2093, Train AUC: 0.9198, Val AUC: 0.9551
Feature: uniport_ppi_2019, Epoch 31/100, Train Loss: 0.2567, Val Loss: 0.2128, Train AUC: 0.9114, Val AUC: 0.9561
Feature: uniport_ppi_2019, Epoch 32/100, Train Loss: 0.2430, Val Loss: 0.2250, Train AUC: 0.9226, Val AUC: 0.9565
Feature: uniport_ppi_2019, Epoch 33/100, Train Loss: 0.2545, Val Loss: 0.2039, Train AUC: 0.9147, Val AUC: 0.9551
Feature: uniport_ppi_2019, Epoch 34/100, Train Loss: 0.2603, Val Loss: 0.1954, Train AUC: 0.9077, Val AUC: 0.9553
Feature: uniport_ppi_2019, Epoch 35/100, Train Loss: 0.2442, Val Loss: 0.1985, Train AUC: 0.9197, Val AUC: 0.9584
Feature: uniport_ppi_2019, Epoch 36/100, Train Loss: 0.2458, Val Loss: 0.2248, Train AUC: 0.9216, Val AUC: 0.9564
Feature: uniport_ppi_2019, Epoch 37/100, Train Loss: 0.2627, Val Loss: 0.2440, Train AUC: 0.9089, Val AUC: 0.9595
Feature: uniport_ppi_2019, Epoch 38/100, Train Loss: 0.2428, Val Loss: 0.2483, Train AUC: 0.9257, Val AUC: 0.9618
Feature: uniport_ppi_2019, Epoch 39/100, Train Loss: 0.2242, Val Loss: 0.1786, Train AUC: 0.9418, Val AUC: 0.9578
Feature: uniport_ppi_2019, Epoch 40/100, Train Loss: 0.2473, Val Loss: 0.2223, Train AUC: 0.9177, Val AUC: 0.9585
Feature: uniport_ppi_2019, Epoch 41/100, Train Loss: 0.2467, Val Loss: 0.2245, Train AUC: 0.9215, Val AUC: 0.9607
Feature: uniport_ppi_2019, Epoch 42/100, Train Loss: 0.2334, Val Loss: 0.1828, Train AUC: 0.9323, Val AUC: 0.9604
Feature: uniport_ppi_2019, Epoch 43/100, Train Loss: 0.2243, Val Loss: 0.1890, Train AUC: 0.9364, Val AUC: 0.9614
Feature: uniport_ppi_2019, Epoch 44/100, Train Loss: 0.2321, Val Loss: 0.2040, Train AUC: 0.9289, Val AUC: 0.9592
Early stopping for feature uniport_ppi_2019 at epoch 44
Best Train AUC for feature uniport_ppi_2019: 0.9418
Best Val AUC for feature uniport_ppi_2019: 0.9578
Feature: ppi_2019_dw_40, Epoch 1/100, Train Loss: 0.4705, Val Loss: 0.4444, Train AUC: 0.4969, Val AUC: 0.8383
Feature: ppi_2019_dw_40, Epoch 2/100, Train Loss: 0.4580, Val Loss: 0.4380, Train AUC: 0.5300, Val AUC: 0.9207
Feature: ppi_2019_dw_40, Epoch 3/100, Train Loss: 0.4453, Val Loss: 0.4312, Train AUC: 0.5980, Val AUC: 0.9237
Feature: ppi_2019_dw_40, Epoch 4/100, Train Loss: 0.4396, Val Loss: 0.4266, Train AUC: 0.6184, Val AUC: 0.9321
Feature: ppi_2019_dw_40, Epoch 5/100, Train Loss: 0.4327, Val Loss: 0.3971, Train AUC: 0.6456, Val AUC: 0.9366
Feature: ppi_2019_dw_40, Epoch 6/100, Train Loss: 0.3883, Val Loss: 0.3571, Train AUC: 0.7803, Val AUC: 0.9350
Feature: ppi_2019_dw_40, Epoch 7/100, Train Loss: 0.3614, Val Loss: 0.3419, Train AUC: 0.8219, Val AUC: 0.9361
Feature: ppi_2019_dw_40, Epoch 8/100, Train Loss: 0.3524, Val Loss: 0.2768, Train AUC: 0.8295, Val AUC: 0.9361
Feature: ppi_2019_dw_40, Epoch 9/100, Train Loss: 0.3071, Val Loss: 0.2738, Train AUC: 0.8770, Val AUC: 0.9400
Feature: ppi_2019_dw_40, Epoch 10/100, Train Loss: 0.2894, Val Loss: 0.2561, Train AUC: 0.8950, Val AUC: 0.9384
Feature: ppi_2019_dw_40, Epoch 11/100, Train Loss: 0.2801, Val Loss: 0.2772, Train AUC: 0.8878, Val AUC: 0.9543
Feature: ppi_2019_dw_40, Epoch 12/100, Train Loss: 0.2929, Val Loss: 0.2243, Train AUC: 0.8855, Val AUC: 0.9433
Feature: ppi_2019_dw_40, Epoch 13/100, Train Loss: 0.2621, Val Loss: 0.2467, Train AUC: 0.9012, Val AUC: 0.9494
Feature: ppi_2019_dw_40, Epoch 14/100, Train Loss: 0.2689, Val Loss: 0.2232, Train AUC: 0.9042, Val AUC: 0.9509
Feature: ppi_2019_dw_40, Epoch 15/100, Train Loss: 0.2473, Val Loss: 0.1931, Train AUC: 0.9208, Val AUC: 0.9485
Feature: ppi_2019_dw_40, Epoch 16/100, Train Loss: 0.2541, Val Loss: 0.2020, Train AUC: 0.9161, Val AUC: 0.9497
Feature: ppi_2019_dw_40, Epoch 17/100, Train Loss: 0.2585, Val Loss: 0.2326, Train AUC: 0.9084, Val AUC: 0.9548
Feature: ppi_2019_dw_40, Epoch 18/100, Train Loss: 0.2605, Val Loss: 0.2095, Train AUC: 0.9117, Val AUC: 0.9509
Feature: ppi_2019_dw_40, Epoch 19/100, Train Loss: 0.2473, Val Loss: 0.1989, Train AUC: 0.9213, Val AUC: 0.9543
Feature: ppi_2019_dw_40, Epoch 20/100, Train Loss: 0.2475, Val Loss: 0.2142, Train AUC: 0.9215, Val AUC: 0.9584
Early stopping for feature ppi_2019_dw_40 at epoch 20
Best Train AUC for feature ppi_2019_dw_40: 0.9208
Best Val AUC for feature ppi_2019_dw_40: 0.9485
Feature: uniport_bio, Epoch 1/100, Train Loss: 0.4856, Val Loss: 0.4389, Train AUC: 0.4952, Val AUC: 0.7793
Feature: uniport_bio, Epoch 2/100, Train Loss: 0.4525, Val Loss: 0.4321, Train AUC: 0.5533, Val AUC: 0.8384
Feature: uniport_bio, Epoch 3/100, Train Loss: 0.4392, Val Loss: 0.4225, Train AUC: 0.6113, Val AUC: 0.8618
Feature: uniport_bio, Epoch 4/100, Train Loss: 0.4193, Val Loss: 0.4009, Train AUC: 0.6888, Val AUC: 0.8800
Feature: uniport_bio, Epoch 5/100, Train Loss: 0.3967, Val Loss: 0.3728, Train AUC: 0.7537, Val AUC: 0.8816
Feature: uniport_bio, Epoch 6/100, Train Loss: 0.3627, Val Loss: 0.3375, Train AUC: 0.8106, Val AUC: 0.8984
Feature: uniport_bio, Epoch 7/100, Train Loss: 0.3494, Val Loss: 0.3519, Train AUC: 0.8245, Val AUC: 0.8984
Feature: uniport_bio, Epoch 8/100, Train Loss: 0.3351, Val Loss: 0.3017, Train AUC: 0.8462, Val AUC: 0.9072
Feature: uniport_bio, Epoch 9/100, Train Loss: 0.2982, Val Loss: 0.2948, Train AUC: 0.8846, Val AUC: 0.9039
Feature: uniport_bio, Epoch 10/100, Train Loss: 0.3076, Val Loss: 0.2851, Train AUC: 0.8759, Val AUC: 0.9082
Feature: uniport_bio, Epoch 11/100, Train Loss: 0.2971, Val Loss: 0.2901, Train AUC: 0.8755, Val AUC: 0.9113
Feature: uniport_bio, Epoch 12/100, Train Loss: 0.2860, Val Loss: 0.2965, Train AUC: 0.8899, Val AUC: 0.9072
Feature: uniport_bio, Epoch 13/100, Train Loss: 0.3055, Val Loss: 0.3254, Train AUC: 0.8721, Val AUC: 0.9100
Feature: uniport_bio, Epoch 14/100, Train Loss: 0.3135, Val Loss: 0.2738, Train AUC: 0.8661, Val AUC: 0.9094
Feature: uniport_bio, Epoch 15/100, Train Loss: 0.2917, Val Loss: 0.3025, Train AUC: 0.8834, Val AUC: 0.9078
Feature: uniport_bio, Epoch 16/100, Train Loss: 0.2864, Val Loss: 0.2882, Train AUC: 0.8924, Val AUC: 0.9120
Feature: uniport_bio, Epoch 17/100, Train Loss: 0.2760, Val Loss: 0.2832, Train AUC: 0.8955, Val AUC: 0.9092
Feature: uniport_bio, Epoch 18/100, Train Loss: 0.2822, Val Loss: 0.2824, Train AUC: 0.8948, Val AUC: 0.9173
Feature: uniport_bio, Epoch 19/100, Train Loss: 0.2751, Val Loss: 0.2602, Train AUC: 0.9002, Val AUC: 0.9169
Feature: uniport_bio, Epoch 20/100, Train Loss: 0.2569, Val Loss: 0.2517, Train AUC: 0.9183, Val AUC: 0.9181
Feature: uniport_bio, Epoch 21/100, Train Loss: 0.2670, Val Loss: 0.2700, Train AUC: 0.9025, Val AUC: 0.9165
Feature: uniport_bio, Epoch 22/100, Train Loss: 0.2695, Val Loss: 0.2645, Train AUC: 0.9013, Val AUC: 0.9165
Feature: uniport_bio, Epoch 23/100, Train Loss: 0.2824, Val Loss: 0.2596, Train AUC: 0.8920, Val AUC: 0.9182
Feature: uniport_bio, Epoch 24/100, Train Loss: 0.2644, Val Loss: 0.2671, Train AUC: 0.9092, Val AUC: 0.9202
Feature: uniport_bio, Epoch 25/100, Train Loss: 0.2592, Val Loss: 0.2807, Train AUC: 0.9096, Val AUC: 0.9155
Early stopping for feature uniport_bio at epoch 25
Best Train AUC for feature uniport_bio: 0.9183
Best Val AUC for feature uniport_bio: 0.9181
Feature: uniport_seq, Epoch 1/100, Train Loss: 0.4742, Val Loss: 0.4479, Train AUC: 0.4973, Val AUC: 0.7553
Feature: uniport_seq, Epoch 2/100, Train Loss: 0.4729, Val Loss: 0.4471, Train AUC: 0.4539, Val AUC: 0.7634
Feature: uniport_seq, Epoch 3/100, Train Loss: 0.4678, Val Loss: 0.4471, Train AUC: 0.4789, Val AUC: 0.7573
Feature: uniport_seq, Epoch 4/100, Train Loss: 0.4688, Val Loss: 0.4468, Train AUC: 0.4775, Val AUC: 0.7562
Feature: uniport_seq, Epoch 5/100, Train Loss: 0.4614, Val Loss: 0.4455, Train AUC: 0.5184, Val AUC: 0.7569
Feature: uniport_seq, Epoch 6/100, Train Loss: 0.4564, Val Loss: 0.4457, Train AUC: 0.5237, Val AUC: 0.7516
Feature: uniport_seq, Epoch 7/100, Train Loss: 0.4485, Val Loss: 0.4450, Train AUC: 0.5731, Val AUC: 0.7539
Feature: uniport_seq, Epoch 8/100, Train Loss: 0.4556, Val Loss: 0.4449, Train AUC: 0.5479, Val AUC: 0.7530
Feature: uniport_seq, Epoch 9/100, Train Loss: 0.4546, Val Loss: 0.4425, Train AUC: 0.5392, Val AUC: 0.7507
Feature: uniport_seq, Epoch 10/100, Train Loss: 0.4617, Val Loss: 0.4456, Train AUC: 0.5168, Val AUC: 0.7521
Feature: uniport_seq, Epoch 11/100, Train Loss: 0.4635, Val Loss: 0.4422, Train AUC: 0.4948, Val AUC: 0.7488
Feature: uniport_seq, Epoch 12/100, Train Loss: 0.4495, Val Loss: 0.4404, Train AUC: 0.5672, Val AUC: 0.7484
Feature: uniport_seq, Epoch 13/100, Train Loss: 0.4516, Val Loss: 0.4419, Train AUC: 0.5576, Val AUC: 0.7498
Feature: uniport_seq, Epoch 14/100, Train Loss: 0.4456, Val Loss: 0.4352, Train AUC: 0.5877, Val AUC: 0.7469
Feature: uniport_seq, Epoch 15/100, Train Loss: 0.4483, Val Loss: 0.4311, Train AUC: 0.5772, Val AUC: 0.7464
Feature: uniport_seq, Epoch 16/100, Train Loss: 0.4395, Val Loss: 0.4252, Train AUC: 0.6234, Val AUC: 0.7510
Feature: uniport_seq, Epoch 17/100, Train Loss: 0.4295, Val Loss: 0.4217, Train AUC: 0.6597, Val AUC: 0.7513
Feature: uniport_seq, Epoch 18/100, Train Loss: 0.4461, Val Loss: 0.4209, Train AUC: 0.5961, Val AUC: 0.7547
Feature: uniport_seq, Epoch 19/100, Train Loss: 0.4385, Val Loss: 0.4180, Train AUC: 0.6287, Val AUC: 0.7565
Feature: uniport_seq, Epoch 20/100, Train Loss: 0.4308, Val Loss: 0.4048, Train AUC: 0.6477, Val AUC: 0.7575
Feature: uniport_seq, Epoch 21/100, Train Loss: 0.4307, Val Loss: 0.4056, Train AUC: 0.6659, Val AUC: 0.7620
Feature: uniport_seq, Epoch 22/100, Train Loss: 0.4174, Val Loss: 0.4173, Train AUC: 0.6950, Val AUC: 0.7641
Feature: uniport_seq, Epoch 23/100, Train Loss: 0.4282, Val Loss: 0.4117, Train AUC: 0.6657, Val AUC: 0.7667
Feature: uniport_seq, Epoch 24/100, Train Loss: 0.4444, Val Loss: 0.4223, Train AUC: 0.6061, Val AUC: 0.7695
Feature: uniport_seq, Epoch 25/100, Train Loss: 0.4229, Val Loss: 0.4023, Train AUC: 0.6927, Val AUC: 0.7692
Feature: uniport_seq, Epoch 26/100, Train Loss: 0.4091, Val Loss: 0.3806, Train AUC: 0.7261, Val AUC: 0.7690
Feature: uniport_seq, Epoch 27/100, Train Loss: 0.3998, Val Loss: 0.4058, Train AUC: 0.7354, Val AUC: 0.7722
Feature: uniport_seq, Epoch 28/100, Train Loss: 0.4106, Val Loss: 0.3810, Train AUC: 0.7106, Val AUC: 0.7729
Feature: uniport_seq, Epoch 29/100, Train Loss: 0.4084, Val Loss: 0.3920, Train AUC: 0.7151, Val AUC: 0.7757
Feature: uniport_seq, Epoch 30/100, Train Loss: 0.4230, Val Loss: 0.3831, Train AUC: 0.6871, Val AUC: 0.7781
Feature: uniport_seq, Epoch 31/100, Train Loss: 0.4056, Val Loss: 0.3833, Train AUC: 0.7291, Val AUC: 0.7793
Early stopping for feature uniport_seq at epoch 31
Best Train AUC for feature uniport_seq: 0.7261
Best Val AUC for feature uniport_seq: 0.7690
Feature: uniport_esm, Epoch 1/100, Train Loss: 0.4841, Val Loss: 0.4478, Train AUC: 0.4646, Val AUC: 0.6872
Feature: uniport_esm, Epoch 2/100, Train Loss: 0.4567, Val Loss: 0.4476, Train AUC: 0.5419, Val AUC: 0.7102
Feature: uniport_esm, Epoch 3/100, Train Loss: 0.4652, Val Loss: 0.4469, Train AUC: 0.4803, Val AUC: 0.7212
Feature: uniport_esm, Epoch 4/100, Train Loss: 0.4667, Val Loss: 0.4482, Train AUC: 0.4744, Val AUC: 0.7208
Feature: uniport_esm, Epoch 5/100, Train Loss: 0.4556, Val Loss: 0.4460, Train AUC: 0.5418, Val AUC: 0.7267
Feature: uniport_esm, Epoch 6/100, Train Loss: 0.4568, Val Loss: 0.4448, Train AUC: 0.5315, Val AUC: 0.7345
Feature: uniport_esm, Epoch 7/100, Train Loss: 0.4548, Val Loss: 0.4431, Train AUC: 0.5364, Val AUC: 0.7339
Feature: uniport_esm, Epoch 8/100, Train Loss: 0.4583, Val Loss: 0.4442, Train AUC: 0.5207, Val AUC: 0.7383
Feature: uniport_esm, Epoch 9/100, Train Loss: 0.4609, Val Loss: 0.4428, Train AUC: 0.5132, Val AUC: 0.7364
Feature: uniport_esm, Epoch 10/100, Train Loss: 0.4623, Val Loss: 0.4406, Train AUC: 0.5082, Val AUC: 0.7406
Feature: uniport_esm, Epoch 11/100, Train Loss: 0.4540, Val Loss: 0.4448, Train AUC: 0.5467, Val AUC: 0.7459
Feature: uniport_esm, Epoch 12/100, Train Loss: 0.4486, Val Loss: 0.4362, Train AUC: 0.5742, Val AUC: 0.7471
Feature: uniport_esm, Epoch 13/100, Train Loss: 0.4498, Val Loss: 0.4296, Train AUC: 0.5687, Val AUC: 0.7461
Feature: uniport_esm, Epoch 14/100, Train Loss: 0.4414, Val Loss: 0.4253, Train AUC: 0.6007, Val AUC: 0.7491
Feature: uniport_esm, Epoch 15/100, Train Loss: 0.4407, Val Loss: 0.4204, Train AUC: 0.6276, Val AUC: 0.7526
Feature: uniport_esm, Epoch 16/100, Train Loss: 0.4130, Val Loss: 0.4020, Train AUC: 0.7118, Val AUC: 0.7537
Feature: uniport_esm, Epoch 17/100, Train Loss: 0.4199, Val Loss: 0.3959, Train AUC: 0.6896, Val AUC: 0.7588
Feature: uniport_esm, Epoch 18/100, Train Loss: 0.4043, Val Loss: 0.3957, Train AUC: 0.7298, Val AUC: 0.7638
Feature: uniport_esm, Epoch 19/100, Train Loss: 0.4056, Val Loss: 0.3913, Train AUC: 0.7266, Val AUC: 0.7673
Feature: uniport_esm, Epoch 20/100, Train Loss: 0.3921, Val Loss: 0.4061, Train AUC: 0.7553, Val AUC: 0.7715
Feature: uniport_esm, Epoch 21/100, Train Loss: 0.4184, Val Loss: 0.3835, Train AUC: 0.6957, Val AUC: 0.7763
Feature: uniport_esm, Epoch 22/100, Train Loss: 0.3947, Val Loss: 0.3879, Train AUC: 0.7533, Val AUC: 0.7819
Feature: uniport_esm, Epoch 23/100, Train Loss: 0.4106, Val Loss: 0.3747, Train AUC: 0.7138, Val AUC: 0.7857
Feature: uniport_esm, Epoch 24/100, Train Loss: 0.3807, Val Loss: 0.3742, Train AUC: 0.7677, Val AUC: 0.7887
Feature: uniport_esm, Epoch 25/100, Train Loss: 0.3879, Val Loss: 0.3675, Train AUC: 0.7610, Val AUC: 0.7896
Feature: uniport_esm, Epoch 26/100, Train Loss: 0.3929, Val Loss: 0.3835, Train AUC: 0.7583, Val AUC: 0.7932
Feature: uniport_esm, Epoch 27/100, Train Loss: 0.4028, Val Loss: 0.3662, Train AUC: 0.7275, Val AUC: 0.7959
Feature: uniport_esm, Epoch 28/100, Train Loss: 0.3825, Val Loss: 0.4115, Train AUC: 0.7679, Val AUC: 0.7962
Feature: uniport_esm, Epoch 29/100, Train Loss: 0.3956, Val Loss: 0.3677, Train AUC: 0.7564, Val AUC: 0.7987
Feature: uniport_esm, Epoch 30/100, Train Loss: 0.3823, Val Loss: 0.3568, Train AUC: 0.7694, Val AUC: 0.8018
Feature: uniport_esm, Epoch 31/100, Train Loss: 0.3777, Val Loss: 0.3797, Train AUC: 0.7881, Val AUC: 0.7998
Feature: uniport_esm, Epoch 32/100, Train Loss: 0.3614, Val Loss: 0.3963, Train AUC: 0.8045, Val AUC: 0.8011
Feature: uniport_esm, Epoch 33/100, Train Loss: 0.3813, Val Loss: 0.3610, Train AUC: 0.7760, Val AUC: 0.8042
Feature: uniport_esm, Epoch 34/100, Train Loss: 0.3803, Val Loss: 0.3919, Train AUC: 0.7803, Val AUC: 0.8029
Feature: uniport_esm, Epoch 35/100, Train Loss: 0.3882, Val Loss: 0.3761, Train AUC: 0.7531, Val AUC: 0.8049
Early stopping for feature uniport_esm at epoch 35
Best Train AUC for feature uniport_esm: 0.7694
Best Val AUC for feature uniport_esm: 0.8018
ICD10_J62 16
train test split
early fusion
early fusion validation auc: 0.7948717948717949
mid fusion
early fusion validation auc: 1.0
later fusion
ICD10_J80 52
train test split
early fusion
early fusion validation auc: 0.8153846153846154
mid fusion
early fusion validation auc: 0.7423076923076923
later fusion
ICD10_K44 60
train test split
early fusion
Epoch 1/100, Train Loss: 0.4831, Val Loss: 0.4426, Train AUC: 0.5586, Val AUC: 0.6842
Epoch 2/100, Train Loss: 0.4601, Val Loss: 0.4433, Train AUC: 0.5251, Val AUC: 0.7496
Epoch 3/100, Train Loss: 0.4728, Val Loss: 0.4421, Train AUC: 0.4528, Val AUC: 0.7703
Epoch 4/100, Train Loss: 0.4635, Val Loss: 0.4433, Train AUC: 0.5115, Val AUC: 0.7735
Epoch 5/100, Train Loss: 0.4535, Val Loss: 0.4414, Train AUC: 0.5360, Val AUC: 0.7751
Epoch 6/100, Train Loss: 0.4660, Val Loss: 0.4412, Train AUC: 0.4755, Val AUC: 0.7751
Epoch 7/100, Train Loss: 0.4596, Val Loss: 0.4408, Train AUC: 0.5201, Val AUC: 0.7799
Epoch 8/100, Train Loss: 0.4521, Val Loss: 0.4410, Train AUC: 0.5487, Val AUC: 0.7847
Epoch 9/100, Train Loss: 0.4716, Val Loss: 0.4411, Train AUC: 0.4462, Val AUC: 0.7990
Epoch 10/100, Train Loss: 0.4559, Val Loss: 0.4400, Train AUC: 0.5286, Val AUC: 0.8022
Epoch 11/100, Train Loss: 0.4590, Val Loss: 0.4395, Train AUC: 0.5183, Val AUC: 0.8022
Epoch 12/100, Train Loss: 0.4516, Val Loss: 0.4390, Train AUC: 0.5455, Val AUC: 0.7959
Epoch 13/100, Train Loss: 0.4442, Val Loss: 0.4386, Train AUC: 0.6142, Val AUC: 0.7990
Epoch 14/100, Train Loss: 0.4595, Val Loss: 0.4382, Train AUC: 0.5090, Val AUC: 0.8038
Epoch 15/100, Train Loss: 0.4467, Val Loss: 0.4403, Train AUC: 0.6005, Val AUC: 0.8022
Epoch 16/100, Train Loss: 0.4527, Val Loss: 0.4381, Train AUC: 0.5515, Val AUC: 0.8022
Epoch 17/100, Train Loss: 0.4636, Val Loss: 0.4365, Train AUC: 0.4648, Val AUC: 0.8022
Epoch 18/100, Train Loss: 0.4467, Val Loss: 0.4370, Train AUC: 0.5678, Val AUC: 0.8006
Epoch 19/100, Train Loss: 0.4418, Val Loss: 0.4355, Train AUC: 0.6034, Val AUC: 0.8022
Epoch 20/100, Train Loss: 0.4376, Val Loss: 0.4357, Train AUC: 0.6309, Val AUC: 0.8038
Epoch 21/100, Train Loss: 0.4574, Val Loss: 0.4349, Train AUC: 0.5397, Val AUC: 0.8022
Epoch 22/100, Train Loss: 0.4387, Val Loss: 0.4344, Train AUC: 0.6397, Val AUC: 0.8006
Epoch 23/100, Train Loss: 0.4560, Val Loss: 0.4330, Train AUC: 0.5504, Val AUC: 0.7990
Epoch 24/100, Train Loss: 0.4494, Val Loss: 0.4352, Train AUC: 0.5834, Val AUC: 0.7943
Epoch 25/100, Train Loss: 0.4656, Val Loss: 0.4350, Train AUC: 0.4963, Val AUC: 0.7974
Epoch 26/100, Train Loss: 0.4626, Val Loss: 0.4291, Train AUC: 0.5141, Val AUC: 0.7974
Epoch 27/100, Train Loss: 0.4451, Val Loss: 0.4274, Train AUC: 0.5759, Val AUC: 0.8006
Epoch 28/100, Train Loss: 0.4415, Val Loss: 0.4301, Train AUC: 0.6315, Val AUC: 0.7990
Epoch 29/100, Train Loss: 0.4214, Val Loss: 0.4269, Train AUC: 0.7272, Val AUC: 0.7959
Epoch 30/100, Train Loss: 0.4526, Val Loss: 0.4218, Train AUC: 0.5767, Val AUC: 0.7943
Epoch 31/100, Train Loss: 0.4370, Val Loss: 0.4214, Train AUC: 0.6264, Val AUC: 0.7927
Epoch 32/100, Train Loss: 0.4317, Val Loss: 0.4197, Train AUC: 0.6658, Val AUC: 0.7911
Epoch 33/100, Train Loss: 0.4093, Val Loss: 0.4146, Train AUC: 0.7664, Val AUC: 0.7943
Epoch 34/100, Train Loss: 0.4181, Val Loss: 0.4090, Train AUC: 0.7228, Val AUC: 0.7990
Epoch 35/100, Train Loss: 0.4412, Val Loss: 0.4056, Train AUC: 0.6212, Val AUC: 0.8006
Epoch 36/100, Train Loss: 0.3993, Val Loss: 0.3997, Train AUC: 0.7758, Val AUC: 0.7974
Epoch 37/100, Train Loss: 0.3871, Val Loss: 0.3896, Train AUC: 0.7814, Val AUC: 0.8022
Epoch 38/100, Train Loss: 0.3761, Val Loss: 0.3822, Train AUC: 0.8084, Val AUC: 0.7959
Epoch 39/100, Train Loss: 0.4017, Val Loss: 0.3714, Train AUC: 0.7369, Val AUC: 0.8022
Epoch 40/100, Train Loss: 0.3555, Val Loss: 0.3706, Train AUC: 0.8425, Val AUC: 0.8134
Epoch 41/100, Train Loss: 0.3703, Val Loss: 0.3686, Train AUC: 0.8068, Val AUC: 0.8070
Epoch 42/100, Train Loss: 0.3725, Val Loss: 0.4142, Train AUC: 0.8351, Val AUC: 0.7990
Epoch 43/100, Train Loss: 0.3992, Val Loss: 0.3723, Train AUC: 0.7577, Val AUC: 0.8054
Epoch 44/100, Train Loss: 0.4052, Val Loss: 0.3841, Train AUC: 0.7279, Val AUC: 0.8070
Epoch 45/100, Train Loss: 0.3807, Val Loss: 0.3634, Train AUC: 0.7945, Val AUC: 0.8070
Epoch 46/100, Train Loss: 0.3413, Val Loss: 0.3538, Train AUC: 0.8601, Val AUC: 0.8070
Epoch 47/100, Train Loss: 0.3263, Val Loss: 0.3525, Train AUC: 0.8515, Val AUC: 0.8118
Epoch 48/100, Train Loss: 0.3690, Val Loss: 0.3719, Train AUC: 0.8097, Val AUC: 0.8182
Epoch 49/100, Train Loss: 0.3601, Val Loss: 0.3844, Train AUC: 0.8253, Val AUC: 0.8166
Epoch 50/100, Train Loss: 0.3652, Val Loss: 0.3827, Train AUC: 0.8181, Val AUC: 0.8118
Epoch 51/100, Train Loss: 0.3292, Val Loss: 0.3559, Train AUC: 0.8701, Val AUC: 0.8134
Epoch 52/100, Train Loss: 0.3525, Val Loss: 0.3909, Train AUC: 0.8294, Val AUC: 0.8150
Early stopping triggered at epoch 52
Best Train AUC: 0.8515, Best Val AUC: 0.8118
early fusion validation auc: 0.740829346092504
mid fusion
early fusion validation auc: 0.8931419457735248
later fusion
ICD10_K51 74
train test split
early fusion
early fusion validation auc: 0.8490241102181402
mid fusion
early fusion validation auc: 0.9236509758897818
later fusion
ICD10_L20 58
train test split
early fusion
early fusion validation auc: 0.6998432601880877
mid fusion
early fusion validation auc: 0.8753918495297806
later fusion
ICD10_L40 73
train test split
early fusion
early fusion validation auc: 0.8209325396825397
mid fusion
Epoch 1/100, Train Loss: 0.4744, Val Loss: 0.4452, Train AUC: 0.5122, Val AUC: 0.7222
Epoch 2/100, Train Loss: 0.4560, Val Loss: 0.4392, Train AUC: 0.5433, Val AUC: 0.8284
Epoch 3/100, Train Loss: 0.4425, Val Loss: 0.4365, Train AUC: 0.7764, Val AUC: 0.8492
Epoch 4/100, Train Loss: 0.4512, Val Loss: 0.4288, Train AUC: 0.5279, Val AUC: 0.8681
Epoch 5/100, Train Loss: 0.4348, Val Loss: 0.4183, Train AUC: 0.8070, Val AUC: 0.8681
Epoch 6/100, Train Loss: 0.4197, Val Loss: 0.4108, Train AUC: 0.7851, Val AUC: 0.8839
Epoch 7/100, Train Loss: 0.3714, Val Loss: 0.3529, Train AUC: 0.8478, Val AUC: 0.8700
Epoch 8/100, Train Loss: 0.3521, Val Loss: 0.3384, Train AUC: 0.8658, Val AUC: 0.8829
Epoch 9/100, Train Loss: 0.3207, Val Loss: 0.3427, Train AUC: 0.8896, Val AUC: 0.8968
Epoch 10/100, Train Loss: 0.3028, Val Loss: 0.2863, Train AUC: 0.8817, Val AUC: 0.8988
Epoch 11/100, Train Loss: 0.2943, Val Loss: 0.2715, Train AUC: 0.8835, Val AUC: 0.9137
Epoch 12/100, Train Loss: 0.2661, Val Loss: 0.2616, Train AUC: 0.9122, Val AUC: 0.9177
Epoch 13/100, Train Loss: 0.2543, Val Loss: 0.2755, Train AUC: 0.9243, Val AUC: 0.9216
Epoch 14/100, Train Loss: 0.2525, Val Loss: 0.3147, Train AUC: 0.9205, Val AUC: 0.9177
Epoch 15/100, Train Loss: 0.2203, Val Loss: 0.2581, Train AUC: 0.9415, Val AUC: 0.9256
Epoch 16/100, Train Loss: 0.2252, Val Loss: 0.2449, Train AUC: 0.9402, Val AUC: 0.9296
Epoch 17/100, Train Loss: 0.1966, Val Loss: 0.2446, Train AUC: 0.9527, Val AUC: 0.9236
Epoch 18/100, Train Loss: 0.1981, Val Loss: 0.2758, Train AUC: 0.9547, Val AUC: 0.9226
Epoch 19/100, Train Loss: 0.1844, Val Loss: 0.2280, Train AUC: 0.9639, Val AUC: 0.9306
Epoch 20/100, Train Loss: 0.2014, Val Loss: 0.2617, Train AUC: 0.9443, Val AUC: 0.9286
Epoch 21/100, Train Loss: 0.1722, Val Loss: 0.2606, Train AUC: 0.9686, Val AUC: 0.9177
Epoch 22/100, Train Loss: 0.1749, Val Loss: 0.3591, Train AUC: 0.9658, Val AUC: 0.9177
Epoch 23/100, Train Loss: 0.2169, Val Loss: 0.4404, Train AUC: 0.9373, Val AUC: 0.9246
Epoch 24/100, Train Loss: 0.2211, Val Loss: 0.2471, Train AUC: 0.9364, Val AUC: 0.9276
Epoch 25/100, Train Loss: 0.1552, Val Loss: 0.3133, Train AUC: 0.9786, Val AUC: 0.9226
Epoch 26/100, Train Loss: 0.1594, Val Loss: 0.2787, Train AUC: 0.9722, Val AUC: 0.9266
Epoch 27/100, Train Loss: 0.1503, Val Loss: 0.2559, Train AUC: 0.9752, Val AUC: 0.9167
Early stopping triggered at epoch 27
Best Train AUC: 0.9639, Best Val AUC: 0.9306
early fusion validation auc: 0.9285714285714286
later fusion
Feature: uniport_ppi_2019, Epoch 1/100, Train Loss: 0.5135, Val Loss: 0.4486, Train AUC: 0.5033, Val AUC: 0.4524
Feature: uniport_ppi_2019, Epoch 2/100, Train Loss: 0.4650, Val Loss: 0.4424, Train AUC: 0.5152, Val AUC: 0.6498
Feature: uniport_ppi_2019, Epoch 3/100, Train Loss: 0.4660, Val Loss: 0.4421, Train AUC: 0.4832, Val AUC: 0.7589
Feature: uniport_ppi_2019, Epoch 4/100, Train Loss: 0.4673, Val Loss: 0.4423, Train AUC: 0.4817, Val AUC: 0.7669
Feature: uniport_ppi_2019, Epoch 5/100, Train Loss: 0.4560, Val Loss: 0.4401, Train AUC: 0.5201, Val AUC: 0.7798
Feature: uniport_ppi_2019, Epoch 6/100, Train Loss: 0.4599, Val Loss: 0.4396, Train AUC: 0.5300, Val AUC: 0.7986
Feature: uniport_ppi_2019, Epoch 7/100, Train Loss: 0.4410, Val Loss: 0.4375, Train AUC: 0.6094, Val AUC: 0.8075
Feature: uniport_ppi_2019, Epoch 8/100, Train Loss: 0.4574, Val Loss: 0.4365, Train AUC: 0.5336, Val AUC: 0.8125
Feature: uniport_ppi_2019, Epoch 9/100, Train Loss: 0.4471, Val Loss: 0.4361, Train AUC: 0.5845, Val AUC: 0.8403
Feature: uniport_ppi_2019, Epoch 10/100, Train Loss: 0.4463, Val Loss: 0.4323, Train AUC: 0.5733, Val AUC: 0.8492
Feature: uniport_ppi_2019, Epoch 11/100, Train Loss: 0.4515, Val Loss: 0.4292, Train AUC: 0.5637, Val AUC: 0.8482
Feature: uniport_ppi_2019, Epoch 12/100, Train Loss: 0.4462, Val Loss: 0.4276, Train AUC: 0.5959, Val AUC: 0.8571
Feature: uniport_ppi_2019, Epoch 13/100, Train Loss: 0.4259, Val Loss: 0.4195, Train AUC: 0.6707, Val AUC: 0.8681
Feature: uniport_ppi_2019, Epoch 14/100, Train Loss: 0.4363, Val Loss: 0.4133, Train AUC: 0.6375, Val AUC: 0.8700
Feature: uniport_ppi_2019, Epoch 15/100, Train Loss: 0.4120, Val Loss: 0.3991, Train AUC: 0.7472, Val AUC: 0.8621
Feature: uniport_ppi_2019, Epoch 16/100, Train Loss: 0.4261, Val Loss: 0.4045, Train AUC: 0.6541, Val AUC: 0.8869
Feature: uniport_ppi_2019, Epoch 17/100, Train Loss: 0.3904, Val Loss: 0.3923, Train AUC: 0.7877, Val AUC: 0.8819
Feature: uniport_ppi_2019, Epoch 18/100, Train Loss: 0.4042, Val Loss: 0.3862, Train AUC: 0.7282, Val AUC: 0.8829
Feature: uniport_ppi_2019, Epoch 19/100, Train Loss: 0.3890, Val Loss: 0.3763, Train AUC: 0.7768, Val AUC: 0.8651
Feature: uniport_ppi_2019, Epoch 20/100, Train Loss: 0.3600, Val Loss: 0.3599, Train AUC: 0.8331, Val AUC: 0.8750
Feature: uniport_ppi_2019, Epoch 21/100, Train Loss: 0.3431, Val Loss: 0.3495, Train AUC: 0.8413, Val AUC: 0.8760
Feature: uniport_ppi_2019, Epoch 22/100, Train Loss: 0.3611, Val Loss: 0.3453, Train AUC: 0.7986, Val AUC: 0.8720
Feature: uniport_ppi_2019, Epoch 23/100, Train Loss: 0.3328, Val Loss: 0.3602, Train AUC: 0.8740, Val AUC: 0.8690
Feature: uniport_ppi_2019, Epoch 24/100, Train Loss: 0.3193, Val Loss: 0.3202, Train AUC: 0.8446, Val AUC: 0.8819
Feature: uniport_ppi_2019, Epoch 25/100, Train Loss: 0.3198, Val Loss: 0.3486, Train AUC: 0.8486, Val AUC: 0.8740
Feature: uniport_ppi_2019, Epoch 26/100, Train Loss: 0.3358, Val Loss: 0.3267, Train AUC: 0.8477, Val AUC: 0.8899
Feature: uniport_ppi_2019, Epoch 27/100, Train Loss: 0.3294, Val Loss: 0.3820, Train AUC: 0.8478, Val AUC: 0.8829
Feature: uniport_ppi_2019, Epoch 28/100, Train Loss: 0.3767, Val Loss: 0.3342, Train AUC: 0.7941, Val AUC: 0.8770
Feature: uniport_ppi_2019, Epoch 29/100, Train Loss: 0.3407, Val Loss: 0.3371, Train AUC: 0.8331, Val AUC: 0.8730
Early stopping for feature uniport_ppi_2019 at epoch 29
Best Train AUC for feature uniport_ppi_2019: 0.8446
Best Val AUC for feature uniport_ppi_2019: 0.8819
Feature: ppi_2019_dw_40, Epoch 1/100, Train Loss: 0.4870, Val Loss: 0.4373, Train AUC: 0.5105, Val AUC: 0.7282
Feature: ppi_2019_dw_40, Epoch 2/100, Train Loss: 0.4611, Val Loss: 0.4367, Train AUC: 0.5312, Val AUC: 0.7649
Feature: ppi_2019_dw_40, Epoch 3/100, Train Loss: 0.4449, Val Loss: 0.4346, Train AUC: 0.5896, Val AUC: 0.7768
Feature: ppi_2019_dw_40, Epoch 4/100, Train Loss: 0.4490, Val Loss: 0.4330, Train AUC: 0.6001, Val AUC: 0.8105
Feature: ppi_2019_dw_40, Epoch 5/100, Train Loss: 0.4443, Val Loss: 0.4282, Train AUC: 0.6151, Val AUC: 0.8095
Feature: ppi_2019_dw_40, Epoch 6/100, Train Loss: 0.4545, Val Loss: 0.4251, Train AUC: 0.5491, Val AUC: 0.8185
Feature: ppi_2019_dw_40, Epoch 7/100, Train Loss: 0.4388, Val Loss: 0.4242, Train AUC: 0.6432, Val AUC: 0.8323
Feature: ppi_2019_dw_40, Epoch 8/100, Train Loss: 0.4416, Val Loss: 0.4184, Train AUC: 0.6075, Val AUC: 0.8383
Feature: ppi_2019_dw_40, Epoch 9/100, Train Loss: 0.4219, Val Loss: 0.4132, Train AUC: 0.7045, Val AUC: 0.8423
Feature: ppi_2019_dw_40, Epoch 10/100, Train Loss: 0.4237, Val Loss: 0.4025, Train AUC: 0.6869, Val AUC: 0.8522
Feature: ppi_2019_dw_40, Epoch 11/100, Train Loss: 0.4093, Val Loss: 0.3918, Train AUC: 0.7548, Val AUC: 0.8591
Feature: ppi_2019_dw_40, Epoch 12/100, Train Loss: 0.3815, Val Loss: 0.3593, Train AUC: 0.7900, Val AUC: 0.8681
Feature: ppi_2019_dw_40, Epoch 13/100, Train Loss: 0.3568, Val Loss: 0.3614, Train AUC: 0.8331, Val AUC: 0.8770
Feature: ppi_2019_dw_40, Epoch 14/100, Train Loss: 0.3525, Val Loss: 0.3513, Train AUC: 0.8280, Val AUC: 0.8621
Feature: ppi_2019_dw_40, Epoch 15/100, Train Loss: 0.3366, Val Loss: 0.3649, Train AUC: 0.8564, Val AUC: 0.8571
Feature: ppi_2019_dw_40, Epoch 16/100, Train Loss: 0.3280, Val Loss: 0.3507, Train AUC: 0.8748, Val AUC: 0.8889
Feature: ppi_2019_dw_40, Epoch 17/100, Train Loss: 0.3546, Val Loss: 0.3900, Train AUC: 0.8100, Val AUC: 0.8800
Feature: ppi_2019_dw_40, Epoch 18/100, Train Loss: 0.3432, Val Loss: 0.3377, Train AUC: 0.8372, Val AUC: 0.8661
Feature: ppi_2019_dw_40, Epoch 19/100, Train Loss: 0.3125, Val Loss: 0.3282, Train AUC: 0.8799, Val AUC: 0.8740
Feature: ppi_2019_dw_40, Epoch 20/100, Train Loss: 0.2943, Val Loss: 0.3230, Train AUC: 0.8783, Val AUC: 0.8750
Feature: ppi_2019_dw_40, Epoch 21/100, Train Loss: 0.2944, Val Loss: 0.3197, Train AUC: 0.8933, Val AUC: 0.8800
Feature: ppi_2019_dw_40, Epoch 22/100, Train Loss: 0.2712, Val Loss: 0.3172, Train AUC: 0.9037, Val AUC: 0.8760
Feature: ppi_2019_dw_40, Epoch 23/100, Train Loss: 0.2981, Val Loss: 0.3250, Train AUC: 0.8929, Val AUC: 0.8889
Feature: ppi_2019_dw_40, Epoch 24/100, Train Loss: 0.2644, Val Loss: 0.3367, Train AUC: 0.9105, Val AUC: 0.8790
Feature: ppi_2019_dw_40, Epoch 25/100, Train Loss: 0.2637, Val Loss: 0.3293, Train AUC: 0.9104, Val AUC: 0.8849
Feature: ppi_2019_dw_40, Epoch 26/100, Train Loss: 0.2815, Val Loss: 0.3247, Train AUC: 0.8965, Val AUC: 0.8800
Feature: ppi_2019_dw_40, Epoch 27/100, Train Loss: 0.2705, Val Loss: 0.3160, Train AUC: 0.9141, Val AUC: 0.8929
Feature: ppi_2019_dw_40, Epoch 28/100, Train Loss: 0.3121, Val Loss: 0.3296, Train AUC: 0.8599, Val AUC: 0.8829
Feature: ppi_2019_dw_40, Epoch 29/100, Train Loss: 0.3099, Val Loss: 0.3273, Train AUC: 0.8756, Val AUC: 0.8810
Feature: ppi_2019_dw_40, Epoch 30/100, Train Loss: 0.2636, Val Loss: 0.3040, Train AUC: 0.9286, Val AUC: 0.8889
Feature: ppi_2019_dw_40, Epoch 31/100, Train Loss: 0.2438, Val Loss: 0.3042, Train AUC: 0.9156, Val AUC: 0.8859
Feature: ppi_2019_dw_40, Epoch 32/100, Train Loss: 0.2429, Val Loss: 0.3133, Train AUC: 0.9265, Val AUC: 0.8800
Feature: ppi_2019_dw_40, Epoch 33/100, Train Loss: 0.2371, Val Loss: 0.3053, Train AUC: 0.9356, Val AUC: 0.8790
Feature: ppi_2019_dw_40, Epoch 34/100, Train Loss: 0.2506, Val Loss: 0.3027, Train AUC: 0.9154, Val AUC: 0.8839
Feature: ppi_2019_dw_40, Epoch 35/100, Train Loss: 0.2265, Val Loss: 0.3171, Train AUC: 0.9394, Val AUC: 0.8800
Feature: ppi_2019_dw_40, Epoch 36/100, Train Loss: 0.2595, Val Loss: 0.3078, Train AUC: 0.9198, Val AUC: 0.8720
Feature: ppi_2019_dw_40, Epoch 37/100, Train Loss: 0.2548, Val Loss: 0.3527, Train AUC: 0.9219, Val AUC: 0.8710
Feature: ppi_2019_dw_40, Epoch 38/100, Train Loss: 0.2598, Val Loss: 0.3010, Train AUC: 0.9098, Val AUC: 0.8839
Feature: ppi_2019_dw_40, Epoch 39/100, Train Loss: 0.2064, Val Loss: 0.3025, Train AUC: 0.9591, Val AUC: 0.8889
Feature: ppi_2019_dw_40, Epoch 40/100, Train Loss: 0.2368, Val Loss: 0.3167, Train AUC: 0.9190, Val AUC: 0.8671
Feature: ppi_2019_dw_40, Epoch 41/100, Train Loss: 0.2367, Val Loss: 0.3077, Train AUC: 0.9288, Val AUC: 0.8740
Feature: ppi_2019_dw_40, Epoch 42/100, Train Loss: 0.2238, Val Loss: 0.3055, Train AUC: 0.9383, Val AUC: 0.8740
Feature: ppi_2019_dw_40, Epoch 43/100, Train Loss: 0.2299, Val Loss: 0.3045, Train AUC: 0.9393, Val AUC: 0.8750
Early stopping for feature ppi_2019_dw_40 at epoch 43
Best Train AUC for feature ppi_2019_dw_40: 0.9098
Best Val AUC for feature ppi_2019_dw_40: 0.8839
Feature: uniport_bio, Epoch 1/100, Train Loss: 0.5371, Val Loss: 0.4423, Train AUC: 0.4358, Val AUC: 0.6379
Feature: uniport_bio, Epoch 2/100, Train Loss: 0.4447, Val Loss: 0.4395, Train AUC: 0.5742, Val AUC: 0.7292
Feature: uniport_bio, Epoch 3/100, Train Loss: 0.4700, Val Loss: 0.4392, Train AUC: 0.4488, Val AUC: 0.7937
Feature: uniport_bio, Epoch 4/100, Train Loss: 0.4501, Val Loss: 0.4371, Train AUC: 0.5652, Val AUC: 0.8492
Feature: uniport_bio, Epoch 5/100, Train Loss: 0.4404, Val Loss: 0.4354, Train AUC: 0.6187, Val AUC: 0.8562
Feature: uniport_bio, Epoch 6/100, Train Loss: 0.4437, Val Loss: 0.4338, Train AUC: 0.5955, Val AUC: 0.8730
Feature: uniport_bio, Epoch 7/100, Train Loss: 0.4534, Val Loss: 0.4323, Train AUC: 0.5537, Val AUC: 0.8849
Feature: uniport_bio, Epoch 8/100, Train Loss: 0.4534, Val Loss: 0.4311, Train AUC: 0.5424, Val AUC: 0.8988
Feature: uniport_bio, Epoch 9/100, Train Loss: 0.4434, Val Loss: 0.4268, Train AUC: 0.5939, Val AUC: 0.9048
Feature: uniport_bio, Epoch 10/100, Train Loss: 0.4318, Val Loss: 0.4222, Train AUC: 0.6726, Val AUC: 0.9048
Feature: uniport_bio, Epoch 11/100, Train Loss: 0.4344, Val Loss: 0.4165, Train AUC: 0.6533, Val AUC: 0.8988
Feature: uniport_bio, Epoch 12/100, Train Loss: 0.4274, Val Loss: 0.4105, Train AUC: 0.6638, Val AUC: 0.8899
Feature: uniport_bio, Epoch 13/100, Train Loss: 0.4061, Val Loss: 0.3928, Train AUC: 0.7468, Val AUC: 0.9028
Feature: uniport_bio, Epoch 14/100, Train Loss: 0.4075, Val Loss: 0.3759, Train AUC: 0.7330, Val AUC: 0.8988
Feature: uniport_bio, Epoch 15/100, Train Loss: 0.3809, Val Loss: 0.3653, Train AUC: 0.7986, Val AUC: 0.9087
Feature: uniport_bio, Epoch 16/100, Train Loss: 0.3647, Val Loss: 0.3557, Train AUC: 0.8312, Val AUC: 0.9097
Feature: uniport_bio, Epoch 17/100, Train Loss: 0.3739, Val Loss: 0.3708, Train AUC: 0.7925, Val AUC: 0.9038
Feature: uniport_bio, Epoch 18/100, Train Loss: 0.3559, Val Loss: 0.3403, Train AUC: 0.8185, Val AUC: 0.9107
Feature: uniport_bio, Epoch 19/100, Train Loss: 0.3504, Val Loss: 0.3195, Train AUC: 0.8455, Val AUC: 0.9107
Feature: uniport_bio, Epoch 20/100, Train Loss: 0.3158, Val Loss: 0.3067, Train AUC: 0.8668, Val AUC: 0.9167
Feature: uniport_bio, Epoch 21/100, Train Loss: 0.3271, Val Loss: 0.3158, Train AUC: 0.8518, Val AUC: 0.9077
Feature: uniport_bio, Epoch 22/100, Train Loss: 0.3341, Val Loss: 0.3124, Train AUC: 0.8475, Val AUC: 0.9187
Feature: uniport_bio, Epoch 23/100, Train Loss: 0.3170, Val Loss: 0.3033, Train AUC: 0.8643, Val AUC: 0.9107
Feature: uniport_bio, Epoch 24/100, Train Loss: 0.3377, Val Loss: 0.3111, Train AUC: 0.8219, Val AUC: 0.9087
Feature: uniport_bio, Epoch 25/100, Train Loss: 0.3129, Val Loss: 0.2929, Train AUC: 0.8710, Val AUC: 0.9137
Feature: uniport_bio, Epoch 26/100, Train Loss: 0.2829, Val Loss: 0.2935, Train AUC: 0.8919, Val AUC: 0.9018
Feature: uniport_bio, Epoch 27/100, Train Loss: 0.3050, Val Loss: 0.3082, Train AUC: 0.8738, Val AUC: 0.9117
Feature: uniport_bio, Epoch 28/100, Train Loss: 0.3103, Val Loss: 0.2826, Train AUC: 0.8776, Val AUC: 0.9137
Feature: uniport_bio, Epoch 29/100, Train Loss: 0.2910, Val Loss: 0.2816, Train AUC: 0.8965, Val AUC: 0.9058
Feature: uniport_bio, Epoch 30/100, Train Loss: 0.3084, Val Loss: 0.3169, Train AUC: 0.8742, Val AUC: 0.9127
Feature: uniport_bio, Epoch 31/100, Train Loss: 0.2862, Val Loss: 0.2741, Train AUC: 0.8972, Val AUC: 0.9137
Feature: uniport_bio, Epoch 32/100, Train Loss: 0.2927, Val Loss: 0.2684, Train AUC: 0.8768, Val AUC: 0.9137
Feature: uniport_bio, Epoch 33/100, Train Loss: 0.2841, Val Loss: 0.2920, Train AUC: 0.8793, Val AUC: 0.9147
Feature: uniport_bio, Epoch 34/100, Train Loss: 0.2925, Val Loss: 0.2747, Train AUC: 0.8798, Val AUC: 0.9087
Feature: uniport_bio, Epoch 35/100, Train Loss: 0.2779, Val Loss: 0.2787, Train AUC: 0.8908, Val AUC: 0.9117
Feature: uniport_bio, Epoch 36/100, Train Loss: 0.2620, Val Loss: 0.2935, Train AUC: 0.9164, Val AUC: 0.9038
Feature: uniport_bio, Epoch 37/100, Train Loss: 0.2790, Val Loss: 0.2814, Train AUC: 0.9025, Val AUC: 0.9097
Early stopping for feature uniport_bio at epoch 37
Best Train AUC for feature uniport_bio: 0.8768
Best Val AUC for feature uniport_bio: 0.9137
Feature: uniport_seq, Epoch 1/100, Train Loss: 0.5295, Val Loss: 0.4449, Train AUC: 0.4701, Val AUC: 0.5516
Feature: uniport_seq, Epoch 2/100, Train Loss: 0.4624, Val Loss: 0.4440, Train AUC: 0.5039, Val AUC: 0.6091
Feature: uniport_seq, Epoch 3/100, Train Loss: 0.4608, Val Loss: 0.4447, Train AUC: 0.4967, Val AUC: 0.6181
Feature: uniport_seq, Epoch 4/100, Train Loss: 0.4568, Val Loss: 0.4441, Train AUC: 0.5232, Val AUC: 0.6389
Feature: uniport_seq, Epoch 5/100, Train Loss: 0.4603, Val Loss: 0.4439, Train AUC: 0.5143, Val AUC: 0.6508
Feature: uniport_seq, Epoch 6/100, Train Loss: 0.4673, Val Loss: 0.4449, Train AUC: 0.4636, Val AUC: 0.6577
Feature: uniport_seq, Epoch 7/100, Train Loss: 0.4584, Val Loss: 0.4435, Train AUC: 0.5147, Val AUC: 0.6577
Feature: uniport_seq, Epoch 8/100, Train Loss: 0.4528, Val Loss: 0.4434, Train AUC: 0.5458, Val AUC: 0.6607
Feature: uniport_seq, Epoch 9/100, Train Loss: 0.4535, Val Loss: 0.4427, Train AUC: 0.5492, Val AUC: 0.6657
Feature: uniport_seq, Epoch 10/100, Train Loss: 0.4596, Val Loss: 0.4446, Train AUC: 0.5120, Val AUC: 0.6657
Feature: uniport_seq, Epoch 11/100, Train Loss: 0.4582, Val Loss: 0.4423, Train AUC: 0.5275, Val AUC: 0.6667
Feature: uniport_seq, Epoch 12/100, Train Loss: 0.4557, Val Loss: 0.4427, Train AUC: 0.5336, Val AUC: 0.6657
Feature: uniport_seq, Epoch 13/100, Train Loss: 0.4488, Val Loss: 0.4416, Train AUC: 0.5791, Val AUC: 0.6637
Feature: uniport_seq, Epoch 14/100, Train Loss: 0.4526, Val Loss: 0.4414, Train AUC: 0.5525, Val AUC: 0.6716
Feature: uniport_seq, Epoch 15/100, Train Loss: 0.4721, Val Loss: 0.4453, Train AUC: 0.4607, Val AUC: 0.6706
Feature: uniport_seq, Epoch 16/100, Train Loss: 0.4602, Val Loss: 0.4423, Train AUC: 0.5131, Val AUC: 0.6706
Feature: uniport_seq, Epoch 17/100, Train Loss: 0.4605, Val Loss: 0.4406, Train AUC: 0.5059, Val AUC: 0.6716
Feature: uniport_seq, Epoch 18/100, Train Loss: 0.4408, Val Loss: 0.4400, Train AUC: 0.6208, Val AUC: 0.6736
Feature: uniport_seq, Epoch 19/100, Train Loss: 0.4516, Val Loss: 0.4398, Train AUC: 0.5461, Val AUC: 0.6716
Feature: uniport_seq, Epoch 20/100, Train Loss: 0.4445, Val Loss: 0.4397, Train AUC: 0.5934, Val AUC: 0.6696
Feature: uniport_seq, Epoch 21/100, Train Loss: 0.4450, Val Loss: 0.4386, Train AUC: 0.5960, Val AUC: 0.6726
Feature: uniport_seq, Epoch 22/100, Train Loss: 0.4561, Val Loss: 0.4397, Train AUC: 0.5396, Val AUC: 0.6726
Feature: uniport_seq, Epoch 23/100, Train Loss: 0.4399, Val Loss: 0.4370, Train AUC: 0.6195, Val AUC: 0.6716
Feature: uniport_seq, Epoch 24/100, Train Loss: 0.4510, Val Loss: 0.4372, Train AUC: 0.5576, Val AUC: 0.6726
Feature: uniport_seq, Epoch 25/100, Train Loss: 0.4593, Val Loss: 0.4359, Train AUC: 0.5189, Val AUC: 0.6756
Feature: uniport_seq, Epoch 26/100, Train Loss: 0.4485, Val Loss: 0.4396, Train AUC: 0.5944, Val AUC: 0.6796
Feature: uniport_seq, Epoch 27/100, Train Loss: 0.4383, Val Loss: 0.4382, Train AUC: 0.6275, Val AUC: 0.6766
Feature: uniport_seq, Epoch 28/100, Train Loss: 0.4504, Val Loss: 0.4423, Train AUC: 0.5766, Val AUC: 0.6825
Feature: uniport_seq, Epoch 29/100, Train Loss: 0.4523, Val Loss: 0.4340, Train AUC: 0.5772, Val AUC: 0.6806
Feature: uniport_seq, Epoch 30/100, Train Loss: 0.4396, Val Loss: 0.4327, Train AUC: 0.6249, Val AUC: 0.6796
Feature: uniport_seq, Epoch 31/100, Train Loss: 0.4350, Val Loss: 0.4350, Train AUC: 0.6288, Val AUC: 0.6806
Feature: uniport_seq, Epoch 32/100, Train Loss: 0.4304, Val Loss: 0.4319, Train AUC: 0.6726, Val AUC: 0.6766
Feature: uniport_seq, Epoch 33/100, Train Loss: 0.4367, Val Loss: 0.4337, Train AUC: 0.6351, Val AUC: 0.6806
Feature: uniport_seq, Epoch 34/100, Train Loss: 0.4596, Val Loss: 0.4296, Train AUC: 0.5698, Val AUC: 0.6756
Feature: uniport_seq, Epoch 35/100, Train Loss: 0.4401, Val Loss: 0.4309, Train AUC: 0.6458, Val AUC: 0.6776
Feature: uniport_seq, Epoch 36/100, Train Loss: 0.4548, Val Loss: 0.4287, Train AUC: 0.5830, Val AUC: 0.6796
Feature: uniport_seq, Epoch 37/100, Train Loss: 0.4228, Val Loss: 0.4319, Train AUC: 0.7065, Val AUC: 0.6806
Feature: uniport_seq, Epoch 38/100, Train Loss: 0.4366, Val Loss: 0.4266, Train AUC: 0.6461, Val AUC: 0.6796
Feature: uniport_seq, Epoch 39/100, Train Loss: 0.4484, Val Loss: 0.4274, Train AUC: 0.5960, Val AUC: 0.6786
Feature: uniport_seq, Epoch 40/100, Train Loss: 0.4242, Val Loss: 0.4326, Train AUC: 0.6727, Val AUC: 0.6786
Feature: uniport_seq, Epoch 41/100, Train Loss: 0.4132, Val Loss: 0.4240, Train AUC: 0.7055, Val AUC: 0.6736
Feature: uniport_seq, Epoch 42/100, Train Loss: 0.4336, Val Loss: 0.4228, Train AUC: 0.6588, Val AUC: 0.6726
Feature: uniport_seq, Epoch 43/100, Train Loss: 0.3951, Val Loss: 0.4219, Train AUC: 0.7626, Val AUC: 0.6746
Feature: uniport_seq, Epoch 44/100, Train Loss: 0.4170, Val Loss: 0.4268, Train AUC: 0.6910, Val AUC: 0.6776
Feature: uniport_seq, Epoch 45/100, Train Loss: 0.4121, Val Loss: 0.4289, Train AUC: 0.7112, Val AUC: 0.6776
Feature: uniport_seq, Epoch 46/100, Train Loss: 0.4095, Val Loss: 0.4315, Train AUC: 0.7125, Val AUC: 0.6756
Feature: uniport_seq, Epoch 47/100, Train Loss: 0.4137, Val Loss: 0.4278, Train AUC: 0.7135, Val AUC: 0.6716
Feature: uniport_seq, Epoch 48/100, Train Loss: 0.4027, Val Loss: 0.4196, Train AUC: 0.7264, Val AUC: 0.6726
Feature: uniport_seq, Epoch 49/100, Train Loss: 0.3789, Val Loss: 0.4196, Train AUC: 0.7725, Val AUC: 0.6696
Feature: uniport_seq, Epoch 50/100, Train Loss: 0.3958, Val Loss: 0.4381, Train AUC: 0.7419, Val AUC: 0.6736
Feature: uniport_seq, Epoch 51/100, Train Loss: 0.3958, Val Loss: 0.4430, Train AUC: 0.7329, Val AUC: 0.6706
Feature: uniport_seq, Epoch 52/100, Train Loss: 0.4313, Val Loss: 0.4248, Train AUC: 0.6714, Val AUC: 0.6716
Feature: uniport_seq, Epoch 53/100, Train Loss: 0.4089, Val Loss: 0.4244, Train AUC: 0.7191, Val AUC: 0.6696
Early stopping for feature uniport_seq at epoch 53
Best Train AUC for feature uniport_seq: 0.7264
Best Val AUC for feature uniport_seq: 0.6726
Feature uniport_seq excluded from fusion due to low Val AUC: 0.6726
Feature: uniport_esm, Epoch 1/100, Train Loss: 0.4845, Val Loss: 0.4446, Train AUC: 0.4914, Val AUC: 0.5784
Feature: uniport_esm, Epoch 2/100, Train Loss: 0.4484, Val Loss: 0.4439, Train AUC: 0.5732, Val AUC: 0.6101
Feature: uniport_esm, Epoch 3/100, Train Loss: 0.4678, Val Loss: 0.4433, Train AUC: 0.4887, Val AUC: 0.6409
Feature: uniport_esm, Epoch 4/100, Train Loss: 0.4740, Val Loss: 0.4454, Train AUC: 0.4401, Val AUC: 0.6468
Feature: uniport_esm, Epoch 5/100, Train Loss: 0.4636, Val Loss: 0.4440, Train AUC: 0.4986, Val AUC: 0.6468
Feature: uniport_esm, Epoch 6/100, Train Loss: 0.4680, Val Loss: 0.4431, Train AUC: 0.4683, Val AUC: 0.6508
Feature: uniport_esm, Epoch 7/100, Train Loss: 0.4569, Val Loss: 0.4417, Train AUC: 0.5239, Val AUC: 0.6498
Feature: uniport_esm, Epoch 8/100, Train Loss: 0.4519, Val Loss: 0.4425, Train AUC: 0.5644, Val AUC: 0.6567
Feature: uniport_esm, Epoch 9/100, Train Loss: 0.4485, Val Loss: 0.4399, Train AUC: 0.5948, Val AUC: 0.6687
Feature: uniport_esm, Epoch 10/100, Train Loss: 0.4538, Val Loss: 0.4389, Train AUC: 0.5501, Val AUC: 0.6677
Feature: uniport_esm, Epoch 11/100, Train Loss: 0.4534, Val Loss: 0.4392, Train AUC: 0.5601, Val AUC: 0.6746
Feature: uniport_esm, Epoch 12/100, Train Loss: 0.4392, Val Loss: 0.4359, Train AUC: 0.6301, Val AUC: 0.6696
Feature: uniport_esm, Epoch 13/100, Train Loss: 0.4482, Val Loss: 0.4356, Train AUC: 0.5941, Val AUC: 0.6706
Feature: uniport_esm, Epoch 14/100, Train Loss: 0.4413, Val Loss: 0.4321, Train AUC: 0.6130, Val AUC: 0.6736
Feature: uniport_esm, Epoch 15/100, Train Loss: 0.4416, Val Loss: 0.4301, Train AUC: 0.6126, Val AUC: 0.6796
Feature: uniport_esm, Epoch 16/100, Train Loss: 0.4298, Val Loss: 0.4336, Train AUC: 0.6585, Val AUC: 0.6825
Feature: uniport_esm, Epoch 17/100, Train Loss: 0.4441, Val Loss: 0.4349, Train AUC: 0.6589, Val AUC: 0.6796
Feature: uniport_esm, Epoch 18/100, Train Loss: 0.4418, Val Loss: 0.4326, Train AUC: 0.6134, Val AUC: 0.6845
Feature: uniport_esm, Epoch 19/100, Train Loss: 0.4361, Val Loss: 0.4273, Train AUC: 0.6470, Val AUC: 0.6845
Feature: uniport_esm, Epoch 20/100, Train Loss: 0.4252, Val Loss: 0.4341, Train AUC: 0.6800, Val AUC: 0.6835
Feature: uniport_esm, Epoch 21/100, Train Loss: 0.4159, Val Loss: 0.4211, Train AUC: 0.7166, Val AUC: 0.6865
Feature: uniport_esm, Epoch 22/100, Train Loss: 0.4261, Val Loss: 0.4279, Train AUC: 0.6652, Val AUC: 0.6855
Feature: uniport_esm, Epoch 23/100, Train Loss: 0.4213, Val Loss: 0.4164, Train AUC: 0.6913, Val AUC: 0.6885
Feature: uniport_esm, Epoch 24/100, Train Loss: 0.4111, Val Loss: 0.4160, Train AUC: 0.7246, Val AUC: 0.6875
Feature: uniport_esm, Epoch 25/100, Train Loss: 0.3993, Val Loss: 0.4165, Train AUC: 0.7404, Val AUC: 0.6885
Feature: uniport_esm, Epoch 26/100, Train Loss: 0.4371, Val Loss: 0.4182, Train AUC: 0.6415, Val AUC: 0.6905
Feature: uniport_esm, Epoch 27/100, Train Loss: 0.4138, Val Loss: 0.4195, Train AUC: 0.6990, Val AUC: 0.6944
Feature: uniport_esm, Epoch 28/100, Train Loss: 0.3959, Val Loss: 0.4223, Train AUC: 0.7669, Val AUC: 0.6954
Feature: uniport_esm, Epoch 29/100, Train Loss: 0.4267, Val Loss: 0.4628, Train AUC: 0.6571, Val AUC: 0.7014
Early stopping for feature uniport_esm at epoch 29
Best Train AUC for feature uniport_esm: 0.7246
Best Val AUC for feature uniport_esm: 0.6875
Feature uniport_esm excluded from fusion due to low Val AUC: 0.6875
Feature: uniport_ppi_2019, Epoch 1/100, Train Loss: 0.5208, Val Loss: 0.4402, Train AUC: 0.4831, Val AUC: 0.7877
Feature: uniport_ppi_2019, Epoch 2/100, Train Loss: 0.4675, Val Loss: 0.4429, Train AUC: 0.4863, Val AUC: 0.8244
Feature: uniport_ppi_2019, Epoch 3/100, Train Loss: 0.4838, Val Loss: 0.4405, Train AUC: 0.4079, Val AUC: 0.8690
Feature: uniport_ppi_2019, Epoch 4/100, Train Loss: 0.4645, Val Loss: 0.4391, Train AUC: 0.4722, Val AUC: 0.8988
Feature: uniport_ppi_2019, Epoch 5/100, Train Loss: 0.4580, Val Loss: 0.4371, Train AUC: 0.5243, Val AUC: 0.9256
Feature: uniport_ppi_2019, Epoch 6/100, Train Loss: 0.4590, Val Loss: 0.4389, Train AUC: 0.5020, Val AUC: 0.9137
Feature: uniport_ppi_2019, Epoch 7/100, Train Loss: 0.4521, Val Loss: 0.4360, Train AUC: 0.5685, Val AUC: 0.9206
Feature: uniport_ppi_2019, Epoch 8/100, Train Loss: 0.4492, Val Loss: 0.4342, Train AUC: 0.5638, Val AUC: 0.9256
Feature: uniport_ppi_2019, Epoch 9/100, Train Loss: 0.4479, Val Loss: 0.4319, Train AUC: 0.5877, Val AUC: 0.9425
Feature: uniport_ppi_2019, Epoch 10/100, Train Loss: 0.4454, Val Loss: 0.4296, Train AUC: 0.5905, Val AUC: 0.9435
Feature: uniport_ppi_2019, Epoch 11/100, Train Loss: 0.4413, Val Loss: 0.4281, Train AUC: 0.6152, Val AUC: 0.9415
Feature: uniport_ppi_2019, Epoch 12/100, Train Loss: 0.4490, Val Loss: 0.4237, Train AUC: 0.5571, Val AUC: 0.9405
Feature: uniport_ppi_2019, Epoch 13/100, Train Loss: 0.4260, Val Loss: 0.4184, Train AUC: 0.6919, Val AUC: 0.9444
Feature: uniport_ppi_2019, Epoch 14/100, Train Loss: 0.4517, Val Loss: 0.4177, Train AUC: 0.5682, Val AUC: 0.9325
Feature: uniport_ppi_2019, Epoch 15/100, Train Loss: 0.4258, Val Loss: 0.4128, Train AUC: 0.7008, Val AUC: 0.9226
Feature: uniport_ppi_2019, Epoch 16/100, Train Loss: 0.4134, Val Loss: 0.3960, Train AUC: 0.7426, Val AUC: 0.9365
Feature: uniport_ppi_2019, Epoch 17/100, Train Loss: 0.3967, Val Loss: 0.3724, Train AUC: 0.7634, Val AUC: 0.9286
Feature: uniport_ppi_2019, Epoch 18/100, Train Loss: 0.3894, Val Loss: 0.3508, Train AUC: 0.7796, Val AUC: 0.9296
Feature: uniport_ppi_2019, Epoch 19/100, Train Loss: 0.3933, Val Loss: 0.3871, Train AUC: 0.7453, Val AUC: 0.9395
Feature: uniport_ppi_2019, Epoch 20/100, Train Loss: 0.3719, Val Loss: 0.3600, Train AUC: 0.8132, Val AUC: 0.9415
Feature: uniport_ppi_2019, Epoch 21/100, Train Loss: 0.3654, Val Loss: 0.3350, Train AUC: 0.8219, Val AUC: 0.9365
Feature: uniport_ppi_2019, Epoch 22/100, Train Loss: 0.3546, Val Loss: 0.3513, Train AUC: 0.8310, Val AUC: 0.9266
Feature: uniport_ppi_2019, Epoch 23/100, Train Loss: 0.3253, Val Loss: 0.3079, Train AUC: 0.8665, Val AUC: 0.9276
Feature: uniport_ppi_2019, Epoch 24/100, Train Loss: 0.3417, Val Loss: 0.3059, Train AUC: 0.8297, Val AUC: 0.9415
Feature: uniport_ppi_2019, Epoch 25/100, Train Loss: 0.3051, Val Loss: 0.2869, Train AUC: 0.8853, Val AUC: 0.9365
Feature: uniport_ppi_2019, Epoch 26/100, Train Loss: 0.2906, Val Loss: 0.2859, Train AUC: 0.8906, Val AUC: 0.9236
Feature: uniport_ppi_2019, Epoch 27/100, Train Loss: 0.3023, Val Loss: 0.2836, Train AUC: 0.8716, Val AUC: 0.9246
Feature: uniport_ppi_2019, Epoch 28/100, Train Loss: 0.2908, Val Loss: 0.3275, Train AUC: 0.8912, Val AUC: 0.9196
Feature: uniport_ppi_2019, Epoch 29/100, Train Loss: 0.3311, Val Loss: 0.3211, Train AUC: 0.8336, Val AUC: 0.9077
Feature: uniport_ppi_2019, Epoch 30/100, Train Loss: 0.3256, Val Loss: 0.3182, Train AUC: 0.8627, Val AUC: 0.9127
Feature: uniport_ppi_2019, Epoch 31/100, Train Loss: 0.3091, Val Loss: 0.2804, Train AUC: 0.8827, Val AUC: 0.9167
Feature: uniport_ppi_2019, Epoch 32/100, Train Loss: 0.2851, Val Loss: 0.2883, Train AUC: 0.8934, Val AUC: 0.8899
Feature: uniport_ppi_2019, Epoch 33/100, Train Loss: 0.2592, Val Loss: 0.2845, Train AUC: 0.9085, Val AUC: 0.9097
Feature: uniport_ppi_2019, Epoch 34/100, Train Loss: 0.2975, Val Loss: 0.2701, Train AUC: 0.8862, Val AUC: 0.9236
Feature: uniport_ppi_2019, Epoch 35/100, Train Loss: 0.2629, Val Loss: 0.2649, Train AUC: 0.9172, Val AUC: 0.9256
Feature: uniport_ppi_2019, Epoch 36/100, Train Loss: 0.2724, Val Loss: 0.2760, Train AUC: 0.9114, Val AUC: 0.9286
Feature: uniport_ppi_2019, Epoch 37/100, Train Loss: 0.2967, Val Loss: 0.2790, Train AUC: 0.8874, Val AUC: 0.9276
Feature: uniport_ppi_2019, Epoch 38/100, Train Loss: 0.2660, Val Loss: 0.2756, Train AUC: 0.9125, Val AUC: 0.9236
Feature: uniport_ppi_2019, Epoch 39/100, Train Loss: 0.2670, Val Loss: 0.2654, Train AUC: 0.9143, Val AUC: 0.9256
Feature: uniport_ppi_2019, Epoch 40/100, Train Loss: 0.2540, Val Loss: 0.2550, Train AUC: 0.9193, Val AUC: 0.9325
Feature: uniport_ppi_2019, Epoch 41/100, Train Loss: 0.2302, Val Loss: 0.2521, Train AUC: 0.9381, Val AUC: 0.9236
Feature: uniport_ppi_2019, Epoch 42/100, Train Loss: 0.2326, Val Loss: 0.2476, Train AUC: 0.9396, Val AUC: 0.9246
Feature: uniport_ppi_2019, Epoch 43/100, Train Loss: 0.2431, Val Loss: 0.2948, Train AUC: 0.9233, Val AUC: 0.9236
Feature: uniport_ppi_2019, Epoch 44/100, Train Loss: 0.2723, Val Loss: 0.2637, Train AUC: 0.8999, Val AUC: 0.9296
Feature: uniport_ppi_2019, Epoch 45/100, Train Loss: 0.2313, Val Loss: 0.2452, Train AUC: 0.9321, Val AUC: 0.9355
Feature: uniport_ppi_2019, Epoch 46/100, Train Loss: 0.2307, Val Loss: 0.2524, Train AUC: 0.9407, Val AUC: 0.9236
Feature: uniport_ppi_2019, Epoch 47/100, Train Loss: 0.2180, Val Loss: 0.2531, Train AUC: 0.9477, Val AUC: 0.9315
Feature: uniport_ppi_2019, Epoch 48/100, Train Loss: 0.2512, Val Loss: 0.2825, Train AUC: 0.9200, Val AUC: 0.9216
Feature: uniport_ppi_2019, Epoch 49/100, Train Loss: 0.2333, Val Loss: 0.2403, Train AUC: 0.9364, Val AUC: 0.9325
Feature: uniport_ppi_2019, Epoch 50/100, Train Loss: 0.2157, Val Loss: 0.2890, Train AUC: 0.9441, Val AUC: 0.9335
Feature: uniport_ppi_2019, Epoch 51/100, Train Loss: 0.2214, Val Loss: 0.2532, Train AUC: 0.9461, Val AUC: 0.9276
Feature: uniport_ppi_2019, Epoch 52/100, Train Loss: 0.2381, Val Loss: 0.2442, Train AUC: 0.9276, Val AUC: 0.9306
Feature: uniport_ppi_2019, Epoch 53/100, Train Loss: 0.2455, Val Loss: 0.2908, Train AUC: 0.9226, Val AUC: 0.9325
Feature: uniport_ppi_2019, Epoch 54/100, Train Loss: 0.2341, Val Loss: 0.2704, Train AUC: 0.9461, Val AUC: 0.9315
Early stopping for feature uniport_ppi_2019 at epoch 54
Best Train AUC for feature uniport_ppi_2019: 0.9364
Best Val AUC for feature uniport_ppi_2019: 0.9325
Feature: ppi_2019_dw_40, Epoch 1/100, Train Loss: 0.5386, Val Loss: 0.4460, Train AUC: 0.5222, Val AUC: 0.7242
Feature: ppi_2019_dw_40, Epoch 2/100, Train Loss: 0.4621, Val Loss: 0.4410, Train AUC: 0.5542, Val AUC: 0.8224
Feature: ppi_2019_dw_40, Epoch 3/100, Train Loss: 0.4627, Val Loss: 0.4420, Train AUC: 0.5284, Val AUC: 0.8502
Feature: ppi_2019_dw_40, Epoch 4/100, Train Loss: 0.4598, Val Loss: 0.4377, Train AUC: 0.5222, Val AUC: 0.8869
Feature: ppi_2019_dw_40, Epoch 5/100, Train Loss: 0.4563, Val Loss: 0.4356, Train AUC: 0.5310, Val AUC: 0.8958
Feature: ppi_2019_dw_40, Epoch 6/100, Train Loss: 0.4509, Val Loss: 0.4342, Train AUC: 0.5488, Val AUC: 0.8938
Feature: ppi_2019_dw_40, Epoch 7/100, Train Loss: 0.4530, Val Loss: 0.4325, Train AUC: 0.5590, Val AUC: 0.9028
Feature: ppi_2019_dw_40, Epoch 8/100, Train Loss: 0.4563, Val Loss: 0.4297, Train AUC: 0.5453, Val AUC: 0.8978
Feature: ppi_2019_dw_40, Epoch 9/100, Train Loss: 0.4424, Val Loss: 0.4272, Train AUC: 0.6190, Val AUC: 0.8958
Feature: ppi_2019_dw_40, Epoch 10/100, Train Loss: 0.4391, Val Loss: 0.4236, Train AUC: 0.6220, Val AUC: 0.8978
Feature: ppi_2019_dw_40, Epoch 11/100, Train Loss: 0.4345, Val Loss: 0.4181, Train AUC: 0.6546, Val AUC: 0.8988
Feature: ppi_2019_dw_40, Epoch 12/100, Train Loss: 0.4328, Val Loss: 0.4121, Train AUC: 0.6659, Val AUC: 0.9008
Feature: ppi_2019_dw_40, Epoch 13/100, Train Loss: 0.4070, Val Loss: 0.4015, Train AUC: 0.7499, Val AUC: 0.8998
Feature: ppi_2019_dw_40, Epoch 14/100, Train Loss: 0.4113, Val Loss: 0.3871, Train AUC: 0.7204, Val AUC: 0.8988
Feature: ppi_2019_dw_40, Epoch 15/100, Train Loss: 0.3793, Val Loss: 0.3718, Train AUC: 0.8102, Val AUC: 0.8859
Feature: ppi_2019_dw_40, Epoch 16/100, Train Loss: 0.3533, Val Loss: 0.3396, Train AUC: 0.8309, Val AUC: 0.9067
Feature: ppi_2019_dw_40, Epoch 17/100, Train Loss: 0.3599, Val Loss: 0.3350, Train AUC: 0.8082, Val AUC: 0.9077
Feature: ppi_2019_dw_40, Epoch 18/100, Train Loss: 0.3310, Val Loss: 0.3434, Train AUC: 0.8505, Val AUC: 0.9048
Feature: ppi_2019_dw_40, Epoch 19/100, Train Loss: 0.3418, Val Loss: 0.3285, Train AUC: 0.8406, Val AUC: 0.8948
Feature: ppi_2019_dw_40, Epoch 20/100, Train Loss: 0.3297, Val Loss: 0.3073, Train AUC: 0.8494, Val AUC: 0.9137
Feature: ppi_2019_dw_40, Epoch 21/100, Train Loss: 0.3081, Val Loss: 0.2927, Train AUC: 0.8771, Val AUC: 0.9117
Feature: ppi_2019_dw_40, Epoch 22/100, Train Loss: 0.3354, Val Loss: 0.3174, Train AUC: 0.8265, Val AUC: 0.9048
Feature: ppi_2019_dw_40, Epoch 23/100, Train Loss: 0.3018, Val Loss: 0.2858, Train AUC: 0.8725, Val AUC: 0.9177
Feature: ppi_2019_dw_40, Epoch 24/100, Train Loss: 0.2831, Val Loss: 0.2916, Train AUC: 0.8990, Val AUC: 0.9117
Feature: ppi_2019_dw_40, Epoch 25/100, Train Loss: 0.2792, Val Loss: 0.2875, Train AUC: 0.9066, Val AUC: 0.9167
Feature: ppi_2019_dw_40, Epoch 26/100, Train Loss: 0.3182, Val Loss: 0.2981, Train AUC: 0.8523, Val AUC: 0.9008
Feature: ppi_2019_dw_40, Epoch 27/100, Train Loss: 0.2923, Val Loss: 0.2799, Train AUC: 0.8815, Val AUC: 0.9097
Feature: ppi_2019_dw_40, Epoch 28/100, Train Loss: 0.2518, Val Loss: 0.2935, Train AUC: 0.9213, Val AUC: 0.9067
Feature: ppi_2019_dw_40, Epoch 29/100, Train Loss: 0.2914, Val Loss: 0.2841, Train AUC: 0.8887, Val AUC: 0.9157
Feature: ppi_2019_dw_40, Epoch 30/100, Train Loss: 0.2437, Val Loss: 0.2758, Train AUC: 0.9352, Val AUC: 0.9077
Feature: ppi_2019_dw_40, Epoch 31/100, Train Loss: 0.2714, Val Loss: 0.2711, Train AUC: 0.8931, Val AUC: 0.9087
Feature: ppi_2019_dw_40, Epoch 32/100, Train Loss: 0.2481, Val Loss: 0.2639, Train AUC: 0.9234, Val AUC: 0.9107
Feature: ppi_2019_dw_40, Epoch 33/100, Train Loss: 0.2546, Val Loss: 0.2883, Train AUC: 0.9106, Val AUC: 0.9077
Feature: ppi_2019_dw_40, Epoch 34/100, Train Loss: 0.2574, Val Loss: 0.2847, Train AUC: 0.9151, Val AUC: 0.9137
Feature: ppi_2019_dw_40, Epoch 35/100, Train Loss: 0.2628, Val Loss: 0.2927, Train AUC: 0.9122, Val AUC: 0.9048
Feature: ppi_2019_dw_40, Epoch 36/100, Train Loss: 0.2505, Val Loss: 0.2770, Train AUC: 0.9232, Val AUC: 0.9157
Feature: ppi_2019_dw_40, Epoch 37/100, Train Loss: 0.2488, Val Loss: 0.2812, Train AUC: 0.9185, Val AUC: 0.9087
Early stopping for feature ppi_2019_dw_40 at epoch 37
Best Train AUC for feature ppi_2019_dw_40: 0.9234
Best Val AUC for feature ppi_2019_dw_40: 0.9107
Feature: uniport_bio, Epoch 1/100, Train Loss: 0.5438, Val Loss: 0.4454, Train AUC: 0.4338, Val AUC: 0.4792
Feature: uniport_bio, Epoch 2/100, Train Loss: 0.4726, Val Loss: 0.4424, Train AUC: 0.4796, Val AUC: 0.6190
Feature: uniport_bio, Epoch 3/100, Train Loss: 0.4735, Val Loss: 0.4411, Train AUC: 0.4460, Val AUC: 0.7222
Feature: uniport_bio, Epoch 4/100, Train Loss: 0.4539, Val Loss: 0.4405, Train AUC: 0.5480, Val AUC: 0.7857
Feature: uniport_bio, Epoch 5/100, Train Loss: 0.4588, Val Loss: 0.4389, Train AUC: 0.5181, Val AUC: 0.8562
Feature: uniport_bio, Epoch 6/100, Train Loss: 0.4505, Val Loss: 0.4350, Train AUC: 0.5706, Val AUC: 0.9087
Feature: uniport_bio, Epoch 7/100, Train Loss: 0.4436, Val Loss: 0.4321, Train AUC: 0.5905, Val AUC: 0.9167
Feature: uniport_bio, Epoch 8/100, Train Loss: 0.4463, Val Loss: 0.4294, Train AUC: 0.5859, Val AUC: 0.9256
Feature: uniport_bio, Epoch 9/100, Train Loss: 0.4373, Val Loss: 0.4273, Train AUC: 0.6376, Val AUC: 0.9266
Feature: uniport_bio, Epoch 10/100, Train Loss: 0.4494, Val Loss: 0.4225, Train AUC: 0.5775, Val AUC: 0.9335
Feature: uniport_bio, Epoch 11/100, Train Loss: 0.4270, Val Loss: 0.4168, Train AUC: 0.6843, Val AUC: 0.9405
Feature: uniport_bio, Epoch 12/100, Train Loss: 0.4359, Val Loss: 0.4079, Train AUC: 0.6418, Val AUC: 0.9405
Feature: uniport_bio, Epoch 13/100, Train Loss: 0.4239, Val Loss: 0.4017, Train AUC: 0.6931, Val AUC: 0.9345
Feature: uniport_bio, Epoch 14/100, Train Loss: 0.4361, Val Loss: 0.3952, Train AUC: 0.6360, Val AUC: 0.9256
Feature: uniport_bio, Epoch 15/100, Train Loss: 0.4062, Val Loss: 0.3833, Train AUC: 0.7481, Val AUC: 0.9395
Feature: uniport_bio, Epoch 16/100, Train Loss: 0.4018, Val Loss: 0.3752, Train AUC: 0.7299, Val AUC: 0.9435
Feature: uniport_bio, Epoch 17/100, Train Loss: 0.3703, Val Loss: 0.3490, Train AUC: 0.8321, Val AUC: 0.9345
Feature: uniport_bio, Epoch 18/100, Train Loss: 0.3801, Val Loss: 0.3460, Train AUC: 0.7941, Val AUC: 0.9315
Feature: uniport_bio, Epoch 19/100, Train Loss: 0.3529, Val Loss: 0.3214, Train AUC: 0.8319, Val AUC: 0.9375
Feature: uniport_bio, Epoch 20/100, Train Loss: 0.3514, Val Loss: 0.3128, Train AUC: 0.8253, Val AUC: 0.9494
Feature: uniport_bio, Epoch 21/100, Train Loss: 0.3332, Val Loss: 0.3132, Train AUC: 0.8357, Val AUC: 0.9286
Feature: uniport_bio, Epoch 22/100, Train Loss: 0.3368, Val Loss: 0.2980, Train AUC: 0.8332, Val AUC: 0.9296
Feature: uniport_bio, Epoch 23/100, Train Loss: 0.3489, Val Loss: 0.2918, Train AUC: 0.8176, Val AUC: 0.9454
Feature: uniport_bio, Epoch 24/100, Train Loss: 0.3586, Val Loss: 0.3369, Train AUC: 0.8329, Val AUC: 0.9534
Feature: uniport_bio, Epoch 25/100, Train Loss: 0.3406, Val Loss: 0.2819, Train AUC: 0.8513, Val AUC: 0.9454
Feature: uniport_bio, Epoch 26/100, Train Loss: 0.3166, Val Loss: 0.2778, Train AUC: 0.8679, Val AUC: 0.9385
Feature: uniport_bio, Epoch 27/100, Train Loss: 0.2944, Val Loss: 0.2594, Train AUC: 0.8810, Val AUC: 0.9484
Feature: uniport_bio, Epoch 28/100, Train Loss: 0.2868, Val Loss: 0.3214, Train AUC: 0.9016, Val AUC: 0.9563
Feature: uniport_bio, Epoch 29/100, Train Loss: 0.3702, Val Loss: 0.2984, Train AUC: 0.7915, Val AUC: 0.9435
Feature: uniport_bio, Epoch 30/100, Train Loss: 0.3082, Val Loss: 0.2768, Train AUC: 0.8680, Val AUC: 0.9454
Feature: uniport_bio, Epoch 31/100, Train Loss: 0.3156, Val Loss: 0.2566, Train AUC: 0.8696, Val AUC: 0.9514
Feature: uniport_bio, Epoch 32/100, Train Loss: 0.2803, Val Loss: 0.2573, Train AUC: 0.8973, Val AUC: 0.9464
Feature: uniport_bio, Epoch 33/100, Train Loss: 0.2734, Val Loss: 0.2463, Train AUC: 0.8929, Val AUC: 0.9534
Feature: uniport_bio, Epoch 34/100, Train Loss: 0.2868, Val Loss: 0.2722, Train AUC: 0.8817, Val AUC: 0.9415
Feature: uniport_bio, Epoch 35/100, Train Loss: 0.3113, Val Loss: 0.2544, Train AUC: 0.8588, Val AUC: 0.9454
Feature: uniport_bio, Epoch 36/100, Train Loss: 0.2865, Val Loss: 0.2604, Train AUC: 0.8879, Val AUC: 0.9435
Feature: uniport_bio, Epoch 37/100, Train Loss: 0.3078, Val Loss: 0.2474, Train AUC: 0.8636, Val AUC: 0.9524
Feature: uniport_bio, Epoch 38/100, Train Loss: 0.2817, Val Loss: 0.2410, Train AUC: 0.8944, Val AUC: 0.9494
Feature: uniport_bio, Epoch 39/100, Train Loss: 0.2822, Val Loss: 0.2690, Train AUC: 0.8961, Val AUC: 0.9425
Feature: uniport_bio, Epoch 40/100, Train Loss: 0.2701, Val Loss: 0.2803, Train AUC: 0.9089, Val AUC: 0.9405
Feature: uniport_bio, Epoch 41/100, Train Loss: 0.2652, Val Loss: 0.2391, Train AUC: 0.9004, Val AUC: 0.9454
Feature: uniport_bio, Epoch 42/100, Train Loss: 0.2652, Val Loss: 0.2387, Train AUC: 0.9002, Val AUC: 0.9415
Feature: uniport_bio, Epoch 43/100, Train Loss: 0.2796, Val Loss: 0.2582, Train AUC: 0.8934, Val AUC: 0.9454
Feature: uniport_bio, Epoch 44/100, Train Loss: 0.2929, Val Loss: 0.2357, Train AUC: 0.8970, Val AUC: 0.9464
Feature: uniport_bio, Epoch 45/100, Train Loss: 0.2920, Val Loss: 0.2546, Train AUC: 0.8870, Val AUC: 0.9474
Feature: uniport_bio, Epoch 46/100, Train Loss: 0.2742, Val Loss: 0.2434, Train AUC: 0.8978, Val AUC: 0.9425
Feature: uniport_bio, Epoch 47/100, Train Loss: 0.2484, Val Loss: 0.3141, Train AUC: 0.9219, Val AUC: 0.9454
Feature: uniport_bio, Epoch 48/100, Train Loss: 0.2760, Val Loss: 0.2556, Train AUC: 0.8989, Val AUC: 0.9524
Feature: uniport_bio, Epoch 49/100, Train Loss: 0.2874, Val Loss: 0.2410, Train AUC: 0.8830, Val AUC: 0.9454
Early stopping for feature uniport_bio at epoch 49
Best Train AUC for feature uniport_bio: 0.8970
Best Val AUC for feature uniport_bio: 0.9464
Feature: uniport_seq, Epoch 1/100, Train Loss: 0.4879, Val Loss: 0.4458, Train AUC: 0.4864, Val AUC: 0.6746
Feature: uniport_seq, Epoch 2/100, Train Loss: 0.4681, Val Loss: 0.4435, Train AUC: 0.4982, Val AUC: 0.7073
Feature: uniport_seq, Epoch 3/100, Train Loss: 0.4754, Val Loss: 0.4462, Train AUC: 0.4436, Val AUC: 0.7202
Feature: uniport_seq, Epoch 4/100, Train Loss: 0.4732, Val Loss: 0.4447, Train AUC: 0.4736, Val AUC: 0.7192
Feature: uniport_seq, Epoch 5/100, Train Loss: 0.4609, Val Loss: 0.4430, Train AUC: 0.4984, Val AUC: 0.7272
Feature: uniport_seq, Epoch 6/100, Train Loss: 0.4737, Val Loss: 0.4435, Train AUC: 0.4195, Val AUC: 0.7272
Feature: uniport_seq, Epoch 7/100, Train Loss: 0.4638, Val Loss: 0.4430, Train AUC: 0.4940, Val AUC: 0.7262
Feature: uniport_seq, Epoch 8/100, Train Loss: 0.4721, Val Loss: 0.4426, Train AUC: 0.4471, Val AUC: 0.7292
Feature: uniport_seq, Epoch 9/100, Train Loss: 0.4599, Val Loss: 0.4421, Train AUC: 0.5044, Val AUC: 0.7242
Feature: uniport_seq, Epoch 10/100, Train Loss: 0.4582, Val Loss: 0.4420, Train AUC: 0.5162, Val AUC: 0.7292
Feature: uniport_seq, Epoch 11/100, Train Loss: 0.4512, Val Loss: 0.4415, Train AUC: 0.5426, Val AUC: 0.7312
Feature: uniport_seq, Epoch 12/100, Train Loss: 0.4571, Val Loss: 0.4434, Train AUC: 0.5416, Val AUC: 0.7282
Feature: uniport_seq, Epoch 13/100, Train Loss: 0.4495, Val Loss: 0.4411, Train AUC: 0.5686, Val AUC: 0.7312
Feature: uniport_seq, Epoch 14/100, Train Loss: 0.4604, Val Loss: 0.4408, Train AUC: 0.5011, Val AUC: 0.7341
Feature: uniport_seq, Epoch 15/100, Train Loss: 0.4504, Val Loss: 0.4404, Train AUC: 0.5729, Val AUC: 0.7341
Feature: uniport_seq, Epoch 16/100, Train Loss: 0.4610, Val Loss: 0.4404, Train AUC: 0.5198, Val AUC: 0.7351
Feature: uniport_seq, Epoch 17/100, Train Loss: 0.4531, Val Loss: 0.4397, Train AUC: 0.5383, Val AUC: 0.7341
Feature: uniport_seq, Epoch 18/100, Train Loss: 0.4484, Val Loss: 0.4403, Train AUC: 0.5774, Val AUC: 0.7341
Feature: uniport_seq, Epoch 19/100, Train Loss: 0.4537, Val Loss: 0.4384, Train AUC: 0.5574, Val AUC: 0.7302
Feature: uniport_seq, Epoch 20/100, Train Loss: 0.4562, Val Loss: 0.4378, Train AUC: 0.5224, Val AUC: 0.7401
Feature: uniport_seq, Epoch 21/100, Train Loss: 0.4642, Val Loss: 0.4391, Train AUC: 0.5102, Val AUC: 0.7391
Feature: uniport_seq, Epoch 22/100, Train Loss: 0.4806, Val Loss: 0.4374, Train AUC: 0.4173, Val AUC: 0.7381
Feature: uniport_seq, Epoch 23/100, Train Loss: 0.4501, Val Loss: 0.4380, Train AUC: 0.5798, Val AUC: 0.7391
Feature: uniport_seq, Epoch 24/100, Train Loss: 0.4448, Val Loss: 0.4376, Train AUC: 0.5869, Val AUC: 0.7341
Feature: uniport_seq, Epoch 25/100, Train Loss: 0.4565, Val Loss: 0.4369, Train AUC: 0.5371, Val AUC: 0.7381
Feature: uniport_seq, Epoch 26/100, Train Loss: 0.4505, Val Loss: 0.4386, Train AUC: 0.5605, Val AUC: 0.7391
Feature: uniport_seq, Epoch 27/100, Train Loss: 0.4477, Val Loss: 0.4343, Train AUC: 0.5893, Val AUC: 0.7381
Feature: uniport_seq, Epoch 28/100, Train Loss: 0.4555, Val Loss: 0.4334, Train AUC: 0.5298, Val AUC: 0.7401
Feature: uniport_seq, Epoch 29/100, Train Loss: 0.4462, Val Loss: 0.4330, Train AUC: 0.5861, Val AUC: 0.7401
Feature: uniport_seq, Epoch 30/100, Train Loss: 0.4582, Val Loss: 0.4334, Train AUC: 0.5609, Val AUC: 0.7371
Feature: uniport_seq, Epoch 31/100, Train Loss: 0.4468, Val Loss: 0.4337, Train AUC: 0.5940, Val AUC: 0.7381
Feature: uniport_seq, Epoch 32/100, Train Loss: 0.4466, Val Loss: 0.4382, Train AUC: 0.5863, Val AUC: 0.7411
Feature: uniport_seq, Epoch 33/100, Train Loss: 0.4617, Val Loss: 0.4310, Train AUC: 0.5111, Val AUC: 0.7361
Feature: uniport_seq, Epoch 34/100, Train Loss: 0.4537, Val Loss: 0.4304, Train AUC: 0.5576, Val AUC: 0.7361
Feature: uniport_seq, Epoch 35/100, Train Loss: 0.4525, Val Loss: 0.4311, Train AUC: 0.5618, Val AUC: 0.7341
Feature: uniport_seq, Epoch 36/100, Train Loss: 0.4470, Val Loss: 0.4270, Train AUC: 0.5997, Val AUC: 0.7341
Feature: uniport_seq, Epoch 37/100, Train Loss: 0.4329, Val Loss: 0.4244, Train AUC: 0.6567, Val AUC: 0.7321
Feature: uniport_seq, Epoch 38/100, Train Loss: 0.4301, Val Loss: 0.4219, Train AUC: 0.6632, Val AUC: 0.7312
Feature: uniport_seq, Epoch 39/100, Train Loss: 0.4490, Val Loss: 0.4266, Train AUC: 0.5998, Val AUC: 0.7292
Feature: uniport_seq, Epoch 40/100, Train Loss: 0.4421, Val Loss: 0.4261, Train AUC: 0.5868, Val AUC: 0.7282
Feature: uniport_seq, Epoch 41/100, Train Loss: 0.4159, Val Loss: 0.4225, Train AUC: 0.6998, Val AUC: 0.7302
Feature: uniport_seq, Epoch 42/100, Train Loss: 0.4209, Val Loss: 0.4171, Train AUC: 0.6872, Val AUC: 0.7312
Feature: uniport_seq, Epoch 43/100, Train Loss: 0.4091, Val Loss: 0.4167, Train AUC: 0.7410, Val AUC: 0.7292
Feature: uniport_seq, Epoch 44/100, Train Loss: 0.4079, Val Loss: 0.4133, Train AUC: 0.7127, Val AUC: 0.7302
Feature: uniport_seq, Epoch 45/100, Train Loss: 0.4156, Val Loss: 0.4122, Train AUC: 0.6961, Val AUC: 0.7331
Feature: uniport_seq, Epoch 46/100, Train Loss: 0.4304, Val Loss: 0.4110, Train AUC: 0.6731, Val AUC: 0.7341
Feature: uniport_seq, Epoch 47/100, Train Loss: 0.4334, Val Loss: 0.4212, Train AUC: 0.6533, Val AUC: 0.7272
Feature: uniport_seq, Epoch 48/100, Train Loss: 0.4287, Val Loss: 0.4200, Train AUC: 0.6784, Val AUC: 0.7262
Feature: uniport_seq, Epoch 49/100, Train Loss: 0.4197, Val Loss: 0.4116, Train AUC: 0.6914, Val AUC: 0.7272
Feature: uniport_seq, Epoch 50/100, Train Loss: 0.4236, Val Loss: 0.4062, Train AUC: 0.6946, Val AUC: 0.7242
Feature: uniport_seq, Epoch 51/100, Train Loss: 0.4178, Val Loss: 0.4653, Train AUC: 0.7009, Val AUC: 0.7232
Feature: uniport_seq, Epoch 52/100, Train Loss: 0.4632, Val Loss: 0.4296, Train AUC: 0.5899, Val AUC: 0.7242
Feature: uniport_seq, Epoch 53/100, Train Loss: 0.4522, Val Loss: 0.4328, Train AUC: 0.5807, Val AUC: 0.7232
Feature: uniport_seq, Epoch 54/100, Train Loss: 0.4508, Val Loss: 0.4217, Train AUC: 0.6107, Val AUC: 0.7272
Feature: uniport_seq, Epoch 55/100, Train Loss: 0.4367, Val Loss: 0.4206, Train AUC: 0.6374, Val AUC: 0.7312
Early stopping for feature uniport_seq at epoch 55
Best Train AUC for feature uniport_seq: 0.6946
Best Val AUC for feature uniport_seq: 0.7242
Feature: uniport_esm, Epoch 1/100, Train Loss: 0.5162, Val Loss: 0.4437, Train AUC: 0.4432, Val AUC: 0.7004
Feature: uniport_esm, Epoch 2/100, Train Loss: 0.4656, Val Loss: 0.4441, Train AUC: 0.4749, Val AUC: 0.6964
Feature: uniport_esm, Epoch 3/100, Train Loss: 0.4604, Val Loss: 0.4441, Train AUC: 0.5263, Val AUC: 0.6855
Feature: uniport_esm, Epoch 4/100, Train Loss: 0.4587, Val Loss: 0.4432, Train AUC: 0.5193, Val AUC: 0.6925
Feature: uniport_esm, Epoch 5/100, Train Loss: 0.4661, Val Loss: 0.4434, Train AUC: 0.4769, Val AUC: 0.6984
Feature: uniport_esm, Epoch 6/100, Train Loss: 0.4559, Val Loss: 0.4432, Train AUC: 0.5329, Val AUC: 0.6974
Feature: uniport_esm, Epoch 7/100, Train Loss: 0.4548, Val Loss: 0.4426, Train AUC: 0.5272, Val AUC: 0.7024
Feature: uniport_esm, Epoch 8/100, Train Loss: 0.4640, Val Loss: 0.4426, Train AUC: 0.4822, Val AUC: 0.6974
Feature: uniport_esm, Epoch 9/100, Train Loss: 0.4642, Val Loss: 0.4422, Train AUC: 0.5036, Val AUC: 0.6984
Feature: uniport_esm, Epoch 10/100, Train Loss: 0.4523, Val Loss: 0.4417, Train AUC: 0.5482, Val AUC: 0.6994
Feature: uniport_esm, Epoch 11/100, Train Loss: 0.4635, Val Loss: 0.4425, Train AUC: 0.4887, Val AUC: 0.7044
Feature: uniport_esm, Epoch 12/100, Train Loss: 0.4537, Val Loss: 0.4409, Train AUC: 0.5468, Val AUC: 0.7073
Feature: uniport_esm, Epoch 13/100, Train Loss: 0.4455, Val Loss: 0.4403, Train AUC: 0.5841, Val AUC: 0.7083
Feature: uniport_esm, Epoch 14/100, Train Loss: 0.4596, Val Loss: 0.4407, Train AUC: 0.5116, Val AUC: 0.7073
Feature: uniport_esm, Epoch 15/100, Train Loss: 0.4574, Val Loss: 0.4391, Train AUC: 0.5249, Val AUC: 0.7073
Feature: uniport_esm, Epoch 16/100, Train Loss: 0.4637, Val Loss: 0.4399, Train AUC: 0.4982, Val AUC: 0.7093
Feature: uniport_esm, Epoch 17/100, Train Loss: 0.4573, Val Loss: 0.4377, Train AUC: 0.5112, Val AUC: 0.7093
Feature: uniport_esm, Epoch 18/100, Train Loss: 0.4464, Val Loss: 0.4363, Train AUC: 0.5740, Val AUC: 0.7093
Feature: uniport_esm, Epoch 19/100, Train Loss: 0.4571, Val Loss: 0.4359, Train AUC: 0.5326, Val AUC: 0.7083
Feature: uniport_esm, Epoch 20/100, Train Loss: 0.4473, Val Loss: 0.4344, Train AUC: 0.5923, Val AUC: 0.7083
Feature: uniport_esm, Epoch 21/100, Train Loss: 0.4396, Val Loss: 0.4346, Train AUC: 0.6156, Val AUC: 0.7083
Feature: uniport_esm, Epoch 22/100, Train Loss: 0.4408, Val Loss: 0.4310, Train AUC: 0.6160, Val AUC: 0.7103
Feature: uniport_esm, Epoch 23/100, Train Loss: 0.4380, Val Loss: 0.4288, Train AUC: 0.6344, Val AUC: 0.7083
Feature: uniport_esm, Epoch 24/100, Train Loss: 0.4441, Val Loss: 0.4290, Train AUC: 0.6275, Val AUC: 0.7113
Feature: uniport_esm, Epoch 25/100, Train Loss: 0.4341, Val Loss: 0.4285, Train AUC: 0.6363, Val AUC: 0.7113
Feature: uniport_esm, Epoch 26/100, Train Loss: 0.4084, Val Loss: 0.4252, Train AUC: 0.7492, Val AUC: 0.7113
Feature: uniport_esm, Epoch 27/100, Train Loss: 0.4444, Val Loss: 0.4243, Train AUC: 0.6192, Val AUC: 0.7123
Feature: uniport_esm, Epoch 28/100, Train Loss: 0.4232, Val Loss: 0.4247, Train AUC: 0.6933, Val AUC: 0.7113
Feature: uniport_esm, Epoch 29/100, Train Loss: 0.4186, Val Loss: 0.4203, Train AUC: 0.6925, Val AUC: 0.7133
Feature: uniport_esm, Epoch 30/100, Train Loss: 0.4234, Val Loss: 0.4173, Train AUC: 0.6897, Val AUC: 0.7133
Feature: uniport_esm, Epoch 31/100, Train Loss: 0.4223, Val Loss: 0.4149, Train AUC: 0.6918, Val AUC: 0.7113
Feature: uniport_esm, Epoch 32/100, Train Loss: 0.4085, Val Loss: 0.4114, Train AUC: 0.7261, Val AUC: 0.7133
Feature: uniport_esm, Epoch 33/100, Train Loss: 0.4118, Val Loss: 0.4114, Train AUC: 0.7124, Val AUC: 0.7133
Feature: uniport_esm, Epoch 34/100, Train Loss: 0.4049, Val Loss: 0.4158, Train AUC: 0.7348, Val AUC: 0.7153
Feature: uniport_esm, Epoch 35/100, Train Loss: 0.4350, Val Loss: 0.4348, Train AUC: 0.6724, Val AUC: 0.7133
Feature: uniport_esm, Epoch 36/100, Train Loss: 0.4281, Val Loss: 0.4324, Train AUC: 0.6649, Val AUC: 0.7183
Feature: uniport_esm, Epoch 37/100, Train Loss: 0.4190, Val Loss: 0.4170, Train AUC: 0.6975, Val AUC: 0.7192
Feature: uniport_esm, Epoch 38/100, Train Loss: 0.4188, Val Loss: 0.4163, Train AUC: 0.7213, Val AUC: 0.7202
Early stopping for feature uniport_esm at epoch 38
Best Train AUC for feature uniport_esm: 0.7124
Best Val AUC for feature uniport_esm: 0.7133
ICD10_M32 97
train test split
early fusion
Epoch 1/100, Train Loss: 0.4965, Val Loss: 0.4609, Train AUC: 0.5021, Val AUC: 0.5924
Epoch 2/100, Train Loss: 0.4655, Val Loss: 0.4528, Train AUC: 0.4983, Val AUC: 0.6624
Epoch 3/100, Train Loss: 0.4616, Val Loss: 0.4533, Train AUC: 0.4741, Val AUC: 0.6971
Epoch 4/100, Train Loss: 0.4691, Val Loss: 0.4527, Train AUC: 0.4338, Val AUC: 0.7044
Epoch 5/100, Train Loss: 0.4537, Val Loss: 0.4535, Train AUC: 0.5350, Val AUC: 0.7111
Epoch 6/100, Train Loss: 0.4583, Val Loss: 0.4525, Train AUC: 0.4942, Val AUC: 0.7111
Epoch 7/100, Train Loss: 0.4548, Val Loss: 0.4520, Train AUC: 0.5338, Val AUC: 0.7083
Epoch 8/100, Train Loss: 0.4480, Val Loss: 0.4521, Train AUC: 0.5609, Val AUC: 0.7094
Epoch 9/100, Train Loss: 0.4501, Val Loss: 0.4519, Train AUC: 0.5410, Val AUC: 0.7116
Epoch 10/100, Train Loss: 0.4630, Val Loss: 0.4513, Train AUC: 0.4793, Val AUC: 0.7122
Epoch 11/100, Train Loss: 0.4651, Val Loss: 0.4526, Train AUC: 0.4538, Val AUC: 0.7312
Epoch 12/100, Train Loss: 0.4461, Val Loss: 0.4511, Train AUC: 0.5797, Val AUC: 0.7279
Epoch 13/100, Train Loss: 0.4650, Val Loss: 0.4505, Train AUC: 0.4666, Val AUC: 0.7234
Epoch 14/100, Train Loss: 0.4500, Val Loss: 0.4505, Train AUC: 0.5444, Val AUC: 0.7240
Epoch 15/100, Train Loss: 0.4535, Val Loss: 0.4498, Train AUC: 0.5209, Val AUC: 0.7251
Epoch 16/100, Train Loss: 0.4574, Val Loss: 0.4497, Train AUC: 0.5003, Val AUC: 0.7273
Epoch 17/100, Train Loss: 0.4532, Val Loss: 0.4506, Train AUC: 0.5438, Val AUC: 0.7256
Epoch 18/100, Train Loss: 0.4472, Val Loss: 0.4497, Train AUC: 0.5741, Val AUC: 0.7290
Epoch 19/100, Train Loss: 0.4578, Val Loss: 0.4493, Train AUC: 0.5259, Val AUC: 0.7262
Epoch 20/100, Train Loss: 0.4557, Val Loss: 0.4484, Train AUC: 0.5104, Val AUC: 0.7262
Epoch 21/100, Train Loss: 0.4668, Val Loss: 0.4485, Train AUC: 0.4531, Val AUC: 0.7296
Epoch 22/100, Train Loss: 0.4475, Val Loss: 0.4471, Train AUC: 0.5714, Val AUC: 0.7391
Epoch 23/100, Train Loss: 0.4424, Val Loss: 0.4471, Train AUC: 0.6113, Val AUC: 0.7402
Epoch 24/100, Train Loss: 0.4532, Val Loss: 0.4459, Train AUC: 0.5516, Val AUC: 0.7452
Epoch 25/100, Train Loss: 0.4471, Val Loss: 0.4452, Train AUC: 0.5860, Val AUC: 0.7430
Epoch 26/100, Train Loss: 0.4576, Val Loss: 0.4446, Train AUC: 0.5252, Val AUC: 0.7408
Epoch 27/100, Train Loss: 0.4409, Val Loss: 0.4450, Train AUC: 0.6049, Val AUC: 0.7408
Epoch 28/100, Train Loss: 0.4523, Val Loss: 0.4431, Train AUC: 0.5678, Val AUC: 0.7419
Epoch 29/100, Train Loss: 0.4476, Val Loss: 0.4431, Train AUC: 0.5723, Val AUC: 0.7424
Epoch 30/100, Train Loss: 0.4503, Val Loss: 0.4402, Train AUC: 0.5672, Val AUC: 0.7464
Epoch 31/100, Train Loss: 0.4326, Val Loss: 0.4380, Train AUC: 0.6447, Val AUC: 0.7486
Epoch 32/100, Train Loss: 0.4405, Val Loss: 0.4370, Train AUC: 0.6119, Val AUC: 0.7464
Epoch 33/100, Train Loss: 0.4406, Val Loss: 0.4334, Train AUC: 0.6131, Val AUC: 0.7514
Epoch 34/100, Train Loss: 0.4388, Val Loss: 0.4321, Train AUC: 0.6205, Val AUC: 0.7486
Epoch 35/100, Train Loss: 0.4325, Val Loss: 0.4295, Train AUC: 0.6604, Val AUC: 0.7503
Epoch 36/100, Train Loss: 0.4308, Val Loss: 0.4433, Train AUC: 0.6493, Val AUC: 0.7548
Epoch 37/100, Train Loss: 0.4705, Val Loss: 0.4429, Train AUC: 0.5669, Val AUC: 0.7486
Epoch 38/100, Train Loss: 0.4527, Val Loss: 0.4361, Train AUC: 0.5733, Val AUC: 0.7503
Epoch 39/100, Train Loss: 0.4467, Val Loss: 0.4347, Train AUC: 0.6239, Val AUC: 0.7503
Epoch 40/100, Train Loss: 0.4367, Val Loss: 0.4362, Train AUC: 0.6195, Val AUC: 0.7508
Early stopping triggered at epoch 40
Best Train AUC: 0.6604, Best Val AUC: 0.7503
Epoch 1/100, Train Loss: 0.4911, Val Loss: 0.4550, Train AUC: 0.4818, Val AUC: 0.4670
Epoch 2/100, Train Loss: 0.4485, Val Loss: 0.4529, Train AUC: 0.5593, Val AUC: 0.5677
Epoch 3/100, Train Loss: 0.4552, Val Loss: 0.4535, Train AUC: 0.5321, Val AUC: 0.5834
Epoch 4/100, Train Loss: 0.4647, Val Loss: 0.4528, Train AUC: 0.4710, Val AUC: 0.5834
Epoch 5/100, Train Loss: 0.4588, Val Loss: 0.4535, Train AUC: 0.5009, Val AUC: 0.6053
Epoch 6/100, Train Loss: 0.4545, Val Loss: 0.4524, Train AUC: 0.5271, Val AUC: 0.6148
Epoch 7/100, Train Loss: 0.4564, Val Loss: 0.4522, Train AUC: 0.5208, Val AUC: 0.6232
Epoch 8/100, Train Loss: 0.4665, Val Loss: 0.4522, Train AUC: 0.4521, Val AUC: 0.6327
Epoch 9/100, Train Loss: 0.4521, Val Loss: 0.4520, Train AUC: 0.5457, Val AUC: 0.6383
Epoch 10/100, Train Loss: 0.4554, Val Loss: 0.4519, Train AUC: 0.5194, Val AUC: 0.6405
Epoch 11/100, Train Loss: 0.4501, Val Loss: 0.4515, Train AUC: 0.5551, Val AUC: 0.6433
Epoch 12/100, Train Loss: 0.4612, Val Loss: 0.4515, Train AUC: 0.4942, Val AUC: 0.6400
Epoch 13/100, Train Loss: 0.4625, Val Loss: 0.4515, Train AUC: 0.4732, Val AUC: 0.6456
Epoch 14/100, Train Loss: 0.4628, Val Loss: 0.4515, Train AUC: 0.4694, Val AUC: 0.6512
Epoch 15/100, Train Loss: 0.4674, Val Loss: 0.4510, Train AUC: 0.4659, Val AUC: 0.6529
Epoch 16/100, Train Loss: 0.4492, Val Loss: 0.4503, Train AUC: 0.5471, Val AUC: 0.6585
Epoch 17/100, Train Loss: 0.4612, Val Loss: 0.4500, Train AUC: 0.4829, Val AUC: 0.6557
Epoch 18/100, Train Loss: 0.4466, Val Loss: 0.4493, Train AUC: 0.5689, Val AUC: 0.6562
Epoch 19/100, Train Loss: 0.4414, Val Loss: 0.4488, Train AUC: 0.5939, Val AUC: 0.6629
Epoch 20/100, Train Loss: 0.4477, Val Loss: 0.4480, Train AUC: 0.5560, Val AUC: 0.6607
Epoch 21/100, Train Loss: 0.4478, Val Loss: 0.4464, Train AUC: 0.5713, Val AUC: 0.6568
Epoch 22/100, Train Loss: 0.4633, Val Loss: 0.4449, Train AUC: 0.4916, Val AUC: 0.6540
Epoch 23/100, Train Loss: 0.4485, Val Loss: 0.4487, Train AUC: 0.5558, Val AUC: 0.6568
Epoch 24/100, Train Loss: 0.4528, Val Loss: 0.4462, Train AUC: 0.6647, Val AUC: 0.6657
Epoch 25/100, Train Loss: 0.4608, Val Loss: 0.4474, Train AUC: 0.5099, Val AUC: 0.6697
Epoch 26/100, Train Loss: 0.4433, Val Loss: 0.4474, Train AUC: 0.5849, Val AUC: 0.6641
Epoch 27/100, Train Loss: 0.4458, Val Loss: 0.4455, Train AUC: 0.5788, Val AUC: 0.6652
Early stopping triggered at epoch 27
Best Train AUC: 0.4916, Best Val AUC: 0.6540
early fusion validation auc: 0.7021276595744681
mid fusion
Epoch 1/100, Train Loss: 0.4627, Val Loss: 0.4471, Train AUC: 0.5371, Val AUC: 0.8292
Epoch 2/100, Train Loss: 0.4397, Val Loss: 0.4433, Train AUC: 0.7175, Val AUC: 0.8578
Epoch 3/100, Train Loss: 0.4361, Val Loss: 0.4346, Train AUC: 0.6759, Val AUC: 0.8589
Epoch 4/100, Train Loss: 0.4129, Val Loss: 0.4114, Train AUC: 0.7621, Val AUC: 0.8600
Epoch 5/100, Train Loss: 0.4136, Val Loss: 0.3982, Train AUC: 0.6842, Val AUC: 0.8723
Epoch 6/100, Train Loss: 0.3837, Val Loss: 0.4367, Train AUC: 0.7771, Val AUC: 0.8723
Epoch 7/100, Train Loss: 0.3834, Val Loss: 0.3873, Train AUC: 0.7745, Val AUC: 0.8600
Epoch 8/100, Train Loss: 0.3166, Val Loss: 0.3435, Train AUC: 0.8921, Val AUC: 0.8779
Epoch 9/100, Train Loss: 0.2942, Val Loss: 0.3314, Train AUC: 0.8945, Val AUC: 0.8914
Epoch 10/100, Train Loss: 0.2647, Val Loss: 0.3078, Train AUC: 0.9199, Val AUC: 0.9037
Epoch 11/100, Train Loss: 0.2511, Val Loss: 0.3026, Train AUC: 0.9260, Val AUC: 0.9020
Epoch 12/100, Train Loss: 0.2480, Val Loss: 0.2761, Train AUC: 0.9222, Val AUC: 0.9205
Epoch 13/100, Train Loss: 0.2515, Val Loss: 0.2787, Train AUC: 0.9209, Val AUC: 0.9099
Epoch 14/100, Train Loss: 0.2291, Val Loss: 0.2818, Train AUC: 0.9390, Val AUC: 0.9104
Epoch 15/100, Train Loss: 0.3126, Val Loss: 0.4177, Train AUC: 0.8682, Val AUC: 0.9059
Epoch 16/100, Train Loss: 0.3425, Val Loss: 0.3512, Train AUC: 0.8324, Val AUC: 0.9082
Epoch 17/100, Train Loss: 0.2780, Val Loss: 0.2822, Train AUC: 0.9076, Val AUC: 0.9104
Epoch 18/100, Train Loss: 0.2379, Val Loss: 0.3548, Train AUC: 0.9350, Val AUC: 0.9071
Epoch 19/100, Train Loss: 0.2475, Val Loss: 0.3529, Train AUC: 0.9252, Val AUC: 0.9003
Epoch 20/100, Train Loss: 0.2390, Val Loss: 0.2875, Train AUC: 0.9319, Val AUC: 0.8964
Early stopping triggered at epoch 20
Best Train AUC: 0.9222, Best Val AUC: 0.9205
early fusion validation auc: 0.8860582306830906
later fusion
ICD10_M34 38
train test split
early fusion
Epoch 1/100, Train Loss: 0.5096, Val Loss: 0.4319, Train AUC: 0.5299, Val AUC: 0.6541
Epoch 2/100, Train Loss: 0.4796, Val Loss: 0.4321, Train AUC: 0.4694, Val AUC: 0.6917
Epoch 3/100, Train Loss: 0.4745, Val Loss: 0.4334, Train AUC: 0.4780, Val AUC: 0.7256
Epoch 4/100, Train Loss: 0.4698, Val Loss: 0.4325, Train AUC: 0.4828, Val AUC: 0.7293
Epoch 5/100, Train Loss: 0.4547, Val Loss: 0.4316, Train AUC: 0.5673, Val AUC: 0.7406
Epoch 6/100, Train Loss: 0.4721, Val Loss: 0.4316, Train AUC: 0.4551, Val AUC: 0.7481
Epoch 7/100, Train Loss: 0.4821, Val Loss: 0.4320, Train AUC: 0.3977, Val AUC: 0.7519
Epoch 8/100, Train Loss: 0.4626, Val Loss: 0.4328, Train AUC: 0.4846, Val AUC: 0.7519
Epoch 9/100, Train Loss: 0.4681, Val Loss: 0.4329, Train AUC: 0.4771, Val AUC: 0.7556
Epoch 10/100, Train Loss: 0.4564, Val Loss: 0.4323, Train AUC: 0.5333, Val AUC: 0.7594
Epoch 11/100, Train Loss: 0.4514, Val Loss: 0.4324, Train AUC: 0.5805, Val AUC: 0.7594
Early stopping triggered at epoch 11
Best Train AUC: 0.4551, Best Val AUC: 0.7481
early fusion validation auc: 0.6823308270676691
mid fusion
Epoch 1/100, Train Loss: 0.4892, Val Loss: 0.4307, Train AUC: 0.5290, Val AUC: 0.5902
Epoch 2/100, Train Loss: 0.4687, Val Loss: 0.4313, Train AUC: 0.4717, Val AUC: 0.6316
Epoch 3/100, Train Loss: 0.4616, Val Loss: 0.4390, Train AUC: 0.4739, Val AUC: 0.6654
Epoch 4/100, Train Loss: 0.4460, Val Loss: 0.4259, Train AUC: 0.8864, Val AUC: 0.6955
Epoch 5/100, Train Loss: 0.4373, Val Loss: 0.4222, Train AUC: 0.7896, Val AUC: 0.6880
Epoch 6/100, Train Loss: 0.4362, Val Loss: 0.4165, Train AUC: 0.8544, Val AUC: 0.6992
Epoch 7/100, Train Loss: 0.4213, Val Loss: 0.4128, Train AUC: 0.9088, Val AUC: 0.7143
Epoch 8/100, Train Loss: 0.4106, Val Loss: 0.4031, Train AUC: 0.8937, Val AUC: 0.7068
Epoch 9/100, Train Loss: 0.3925, Val Loss: 0.3926, Train AUC: 0.9034, Val AUC: 0.7105
Epoch 10/100, Train Loss: 0.3597, Val Loss: 0.3819, Train AUC: 0.9234, Val AUC: 0.7143
Epoch 11/100, Train Loss: 0.3244, Val Loss: 0.3708, Train AUC: 0.9084, Val AUC: 0.6992
Epoch 12/100, Train Loss: 0.2902, Val Loss: 0.3753, Train AUC: 0.9227, Val AUC: 0.7218
Epoch 13/100, Train Loss: 0.2510, Val Loss: 0.3460, Train AUC: 0.9281, Val AUC: 0.7406
Epoch 14/100, Train Loss: 0.2286, Val Loss: 0.3449, Train AUC: 0.9506, Val AUC: 0.7519
Epoch 15/100, Train Loss: 0.2069, Val Loss: 0.3517, Train AUC: 0.9615, Val AUC: 0.7444
Epoch 16/100, Train Loss: 0.1896, Val Loss: 0.3639, Train AUC: 0.9596, Val AUC: 0.7406
Epoch 17/100, Train Loss: 0.1709, Val Loss: 0.3648, Train AUC: 0.9694, Val AUC: 0.7556
Epoch 18/100, Train Loss: 0.1984, Val Loss: 0.4409, Train AUC: 0.9576, Val AUC: 0.7857
Epoch 19/100, Train Loss: 0.2295, Val Loss: 0.3372, Train AUC: 0.9395, Val AUC: 0.7707
Epoch 20/100, Train Loss: 0.1969, Val Loss: 0.3949, Train AUC: 0.9658, Val AUC: 0.7180
Epoch 21/100, Train Loss: 0.1713, Val Loss: 0.3913, Train AUC: 0.9705, Val AUC: 0.7556
Epoch 22/100, Train Loss: 0.1667, Val Loss: 0.3784, Train AUC: 0.9798, Val AUC: 0.7707
Epoch 23/100, Train Loss: 0.1701, Val Loss: 0.3693, Train AUC: 0.9796, Val AUC: 0.7895
Epoch 24/100, Train Loss: 0.1474, Val Loss: 0.3584, Train AUC: 0.9798, Val AUC: 0.7820
Epoch 25/100, Train Loss: 0.1232, Val Loss: 0.3476, Train AUC: 0.9859, Val AUC: 0.7932
Epoch 26/100, Train Loss: 0.1147, Val Loss: 0.3561, Train AUC: 0.9893, Val AUC: 0.7970
Epoch 27/100, Train Loss: 0.1136, Val Loss: 0.3737, Train AUC: 0.9893, Val AUC: 0.7820
Early stopping triggered at epoch 27
Best Train AUC: 0.9395, Best Val AUC: 0.7707
early fusion validation auc: 0.7593984962406015
later fusion
Feature: uniport_ppi_2019, Epoch 1/100, Train Loss: 0.5402, Val Loss: 0.4366, Train AUC: 0.5422, Val AUC: 0.1729
Feature: uniport_ppi_2019, Epoch 2/100, Train Loss: 0.4757, Val Loss: 0.4346, Train AUC: 0.4791, Val AUC: 0.3534
Feature: uniport_ppi_2019, Epoch 3/100, Train Loss: 0.4676, Val Loss: 0.4312, Train AUC: 0.5249, Val AUC: 0.6053
Feature: uniport_ppi_2019, Epoch 4/100, Train Loss: 0.4482, Val Loss: 0.4305, Train AUC: 0.5816, Val AUC: 0.7105
Feature: uniport_ppi_2019, Epoch 5/100, Train Loss: 0.4519, Val Loss: 0.4299, Train AUC: 0.5646, Val AUC: 0.7331
Feature: uniport_ppi_2019, Epoch 6/100, Train Loss: 0.4547, Val Loss: 0.4293, Train AUC: 0.5689, Val AUC: 0.7293
Feature: uniport_ppi_2019, Epoch 7/100, Train Loss: 0.4594, Val Loss: 0.4291, Train AUC: 0.5367, Val AUC: 0.7368
Feature: uniport_ppi_2019, Epoch 8/100, Train Loss: 0.4597, Val Loss: 0.4289, Train AUC: 0.5336, Val AUC: 0.7707
Feature: uniport_ppi_2019, Epoch 9/100, Train Loss: 0.4553, Val Loss: 0.4296, Train AUC: 0.5608, Val AUC: 0.7820
Feature: uniport_ppi_2019, Epoch 10/100, Train Loss: 0.4509, Val Loss: 0.4276, Train AUC: 0.5705, Val AUC: 0.7895
Feature: uniport_ppi_2019, Epoch 11/100, Train Loss: 0.4511, Val Loss: 0.4252, Train AUC: 0.5587, Val AUC: 0.7857
Feature: uniport_ppi_2019, Epoch 12/100, Train Loss: 0.4643, Val Loss: 0.4240, Train AUC: 0.5299, Val AUC: 0.8083
Feature: uniport_ppi_2019, Epoch 13/100, Train Loss: 0.4524, Val Loss: 0.4249, Train AUC: 0.5732, Val AUC: 0.8308
Feature: uniport_ppi_2019, Epoch 14/100, Train Loss: 0.4556, Val Loss: 0.4239, Train AUC: 0.5744, Val AUC: 0.8346
Feature: uniport_ppi_2019, Epoch 15/100, Train Loss: 0.4709, Val Loss: 0.4213, Train AUC: 0.4769, Val AUC: 0.8346
Feature: uniport_ppi_2019, Epoch 16/100, Train Loss: 0.4464, Val Loss: 0.4193, Train AUC: 0.5832, Val AUC: 0.8459
Feature: uniport_ppi_2019, Epoch 17/100, Train Loss: 0.4503, Val Loss: 0.4184, Train AUC: 0.5701, Val AUC: 0.8496
Feature: uniport_ppi_2019, Epoch 18/100, Train Loss: 0.4243, Val Loss: 0.4145, Train AUC: 0.7215, Val AUC: 0.8496
Feature: uniport_ppi_2019, Epoch 19/100, Train Loss: 0.4438, Val Loss: 0.4121, Train AUC: 0.6290, Val AUC: 0.8571
Feature: uniport_ppi_2019, Epoch 20/100, Train Loss: 0.4290, Val Loss: 0.4083, Train AUC: 0.6914, Val AUC: 0.8383
Feature: uniport_ppi_2019, Epoch 21/100, Train Loss: 0.4413, Val Loss: 0.4040, Train AUC: 0.6451, Val AUC: 0.8571
Feature: uniport_ppi_2019, Epoch 22/100, Train Loss: 0.4036, Val Loss: 0.3977, Train AUC: 0.7902, Val AUC: 0.8571
Feature: uniport_ppi_2019, Epoch 23/100, Train Loss: 0.4028, Val Loss: 0.3990, Train AUC: 0.7721, Val AUC: 0.8534
Feature: uniport_ppi_2019, Epoch 24/100, Train Loss: 0.4181, Val Loss: 0.3801, Train AUC: 0.7440, Val AUC: 0.8534
Feature: uniport_ppi_2019, Epoch 25/100, Train Loss: 0.4013, Val Loss: 0.3727, Train AUC: 0.7764, Val AUC: 0.8647
Feature: uniport_ppi_2019, Epoch 26/100, Train Loss: 0.3927, Val Loss: 0.3894, Train AUC: 0.7832, Val AUC: 0.8684
Feature: uniport_ppi_2019, Epoch 27/100, Train Loss: 0.3754, Val Loss: 0.3707, Train AUC: 0.8465, Val AUC: 0.8421
Feature: uniport_ppi_2019, Epoch 28/100, Train Loss: 0.3623, Val Loss: 0.3712, Train AUC: 0.8438, Val AUC: 0.8647
Feature: uniport_ppi_2019, Epoch 29/100, Train Loss: 0.3667, Val Loss: 0.3613, Train AUC: 0.8465, Val AUC: 0.8459
Feature: uniport_ppi_2019, Epoch 30/100, Train Loss: 0.3584, Val Loss: 0.3536, Train AUC: 0.8179, Val AUC: 0.8571
Feature: uniport_ppi_2019, Epoch 31/100, Train Loss: 0.3454, Val Loss: 0.3443, Train AUC: 0.8508, Val AUC: 0.8421
Feature: uniport_ppi_2019, Epoch 32/100, Train Loss: 0.3303, Val Loss: 0.3379, Train AUC: 0.8617, Val AUC: 0.8609
Feature: uniport_ppi_2019, Epoch 33/100, Train Loss: 0.2894, Val Loss: 0.3349, Train AUC: 0.9204, Val AUC: 0.8459
Feature: uniport_ppi_2019, Epoch 34/100, Train Loss: 0.3080, Val Loss: 0.3313, Train AUC: 0.8664, Val AUC: 0.8759
Feature: uniport_ppi_2019, Epoch 35/100, Train Loss: 0.2837, Val Loss: 0.3337, Train AUC: 0.9066, Val AUC: 0.8571
Feature: uniport_ppi_2019, Epoch 36/100, Train Loss: 0.2738, Val Loss: 0.3190, Train AUC: 0.8961, Val AUC: 0.8872
Feature: uniport_ppi_2019, Epoch 37/100, Train Loss: 0.2998, Val Loss: 0.3231, Train AUC: 0.9027, Val AUC: 0.8835
Feature: uniport_ppi_2019, Epoch 38/100, Train Loss: 0.2870, Val Loss: 0.3232, Train AUC: 0.9193, Val AUC: 0.8759
Feature: uniport_ppi_2019, Epoch 39/100, Train Loss: 0.2667, Val Loss: 0.3402, Train AUC: 0.9172, Val AUC: 0.8496
Feature: uniport_ppi_2019, Epoch 40/100, Train Loss: 0.2754, Val Loss: 0.3159, Train AUC: 0.9002, Val AUC: 0.8722
Feature: uniport_ppi_2019, Epoch 41/100, Train Loss: 0.2453, Val Loss: 0.3283, Train AUC: 0.9079, Val AUC: 0.8534
Feature: uniport_ppi_2019, Epoch 42/100, Train Loss: 0.2679, Val Loss: 0.3212, Train AUC: 0.9145, Val AUC: 0.8797
Feature: uniport_ppi_2019, Epoch 43/100, Train Loss: 0.2446, Val Loss: 0.3277, Train AUC: 0.9422, Val AUC: 0.8571
Feature: uniport_ppi_2019, Epoch 44/100, Train Loss: 0.2629, Val Loss: 0.3228, Train AUC: 0.8984, Val AUC: 0.8684
Feature: uniport_ppi_2019, Epoch 45/100, Train Loss: 0.2442, Val Loss: 0.3067, Train AUC: 0.9324, Val AUC: 0.9023
Feature: uniport_ppi_2019, Epoch 46/100, Train Loss: 0.2401, Val Loss: 0.3213, Train AUC: 0.9177, Val AUC: 0.8797
Feature: uniport_ppi_2019, Epoch 47/100, Train Loss: 0.2594, Val Loss: 0.3083, Train AUC: 0.9029, Val AUC: 0.8835
Feature: uniport_ppi_2019, Epoch 48/100, Train Loss: 0.2348, Val Loss: 0.3199, Train AUC: 0.9492, Val AUC: 0.8759
Feature: uniport_ppi_2019, Epoch 49/100, Train Loss: 0.2349, Val Loss: 0.3213, Train AUC: 0.9166, Val AUC: 0.8684
Feature: uniport_ppi_2019, Epoch 50/100, Train Loss: 0.2112, Val Loss: 0.3205, Train AUC: 0.9535, Val AUC: 0.8797
Early stopping for feature uniport_ppi_2019 at epoch 50
Best Train AUC for feature uniport_ppi_2019: 0.9324
Best Val AUC for feature uniport_ppi_2019: 0.9023
Feature: ppi_2019_dw_40, Epoch 1/100, Train Loss: 0.5286, Val Loss: 0.4323, Train AUC: 0.4615, Val AUC: 0.5301
Feature: ppi_2019_dw_40, Epoch 2/100, Train Loss: 0.4654, Val Loss: 0.4331, Train AUC: 0.5181, Val AUC: 0.6692
Feature: ppi_2019_dw_40, Epoch 3/100, Train Loss: 0.4800, Val Loss: 0.4282, Train AUC: 0.4451, Val AUC: 0.7105
Feature: ppi_2019_dw_40, Epoch 4/100, Train Loss: 0.4653, Val Loss: 0.4268, Train AUC: 0.5370, Val AUC: 0.7331
Feature: ppi_2019_dw_40, Epoch 5/100, Train Loss: 0.4338, Val Loss: 0.4254, Train AUC: 0.6585, Val AUC: 0.7444
Feature: ppi_2019_dw_40, Epoch 6/100, Train Loss: 0.4534, Val Loss: 0.4244, Train AUC: 0.5673, Val AUC: 0.7444
Feature: ppi_2019_dw_40, Epoch 7/100, Train Loss: 0.4615, Val Loss: 0.4249, Train AUC: 0.5204, Val AUC: 0.7707
Feature: ppi_2019_dw_40, Epoch 8/100, Train Loss: 0.4337, Val Loss: 0.4285, Train AUC: 0.6828, Val AUC: 0.7970
Feature: ppi_2019_dw_40, Epoch 9/100, Train Loss: 0.4501, Val Loss: 0.4219, Train AUC: 0.6236, Val AUC: 0.7820
Feature: ppi_2019_dw_40, Epoch 10/100, Train Loss: 0.4298, Val Loss: 0.4184, Train AUC: 0.6878, Val AUC: 0.7857
Feature: ppi_2019_dw_40, Epoch 11/100, Train Loss: 0.4515, Val Loss: 0.4162, Train AUC: 0.5841, Val AUC: 0.7932
Feature: ppi_2019_dw_40, Epoch 12/100, Train Loss: 0.4442, Val Loss: 0.4161, Train AUC: 0.6075, Val AUC: 0.7895
Feature: ppi_2019_dw_40, Epoch 13/100, Train Loss: 0.4509, Val Loss: 0.4174, Train AUC: 0.5977, Val AUC: 0.7970
Feature: ppi_2019_dw_40, Epoch 14/100, Train Loss: 0.4530, Val Loss: 0.4094, Train AUC: 0.5791, Val AUC: 0.7895
Feature: ppi_2019_dw_40, Epoch 15/100, Train Loss: 0.4221, Val Loss: 0.4042, Train AUC: 0.7120, Val AUC: 0.8045
Feature: ppi_2019_dw_40, Epoch 16/100, Train Loss: 0.4086, Val Loss: 0.3997, Train AUC: 0.7603, Val AUC: 0.8233
Feature: ppi_2019_dw_40, Epoch 17/100, Train Loss: 0.3806, Val Loss: 0.3919, Train AUC: 0.8166, Val AUC: 0.7857
Feature: ppi_2019_dw_40, Epoch 18/100, Train Loss: 0.4060, Val Loss: 0.3804, Train AUC: 0.7440, Val AUC: 0.8120
Feature: ppi_2019_dw_40, Epoch 19/100, Train Loss: 0.3575, Val Loss: 0.3708, Train AUC: 0.8624, Val AUC: 0.7857
Feature: ppi_2019_dw_40, Epoch 20/100, Train Loss: 0.3713, Val Loss: 0.3732, Train AUC: 0.8134, Val AUC: 0.7707
Feature: ppi_2019_dw_40, Epoch 21/100, Train Loss: 0.3687, Val Loss: 0.3690, Train AUC: 0.8188, Val AUC: 0.7895
Feature: ppi_2019_dw_40, Epoch 22/100, Train Loss: 0.3388, Val Loss: 0.3586, Train AUC: 0.8619, Val AUC: 0.8045
Feature: ppi_2019_dw_40, Epoch 23/100, Train Loss: 0.3288, Val Loss: 0.3606, Train AUC: 0.8800, Val AUC: 0.7669
Feature: ppi_2019_dw_40, Epoch 24/100, Train Loss: 0.3461, Val Loss: 0.3676, Train AUC: 0.8463, Val AUC: 0.7857
Feature: ppi_2019_dw_40, Epoch 25/100, Train Loss: 0.3070, Val Loss: 0.3622, Train AUC: 0.8955, Val AUC: 0.8045
Feature: ppi_2019_dw_40, Epoch 26/100, Train Loss: 0.3055, Val Loss: 0.3420, Train AUC: 0.8785, Val AUC: 0.8308
Feature: ppi_2019_dw_40, Epoch 27/100, Train Loss: 0.3039, Val Loss: 0.3429, Train AUC: 0.8934, Val AUC: 0.8083
Feature: ppi_2019_dw_40, Epoch 28/100, Train Loss: 0.3031, Val Loss: 0.3681, Train AUC: 0.8946, Val AUC: 0.7256
Feature: ppi_2019_dw_40, Epoch 29/100, Train Loss: 0.2929, Val Loss: 0.3421, Train AUC: 0.8900, Val AUC: 0.8195
Feature: ppi_2019_dw_40, Epoch 30/100, Train Loss: 0.2846, Val Loss: 0.3347, Train AUC: 0.9202, Val AUC: 0.8083
Feature: ppi_2019_dw_40, Epoch 31/100, Train Loss: 0.2864, Val Loss: 0.3299, Train AUC: 0.8952, Val AUC: 0.8271
Feature: ppi_2019_dw_40, Epoch 32/100, Train Loss: 0.2533, Val Loss: 0.3377, Train AUC: 0.9315, Val AUC: 0.8045
Feature: ppi_2019_dw_40, Epoch 33/100, Train Loss: 0.2553, Val Loss: 0.3321, Train AUC: 0.9066, Val AUC: 0.8083
Feature: ppi_2019_dw_40, Epoch 34/100, Train Loss: 0.2531, Val Loss: 0.3292, Train AUC: 0.9365, Val AUC: 0.8158
Feature: ppi_2019_dw_40, Epoch 35/100, Train Loss: 0.2422, Val Loss: 0.3416, Train AUC: 0.9333, Val AUC: 0.7970
Feature: ppi_2019_dw_40, Epoch 36/100, Train Loss: 0.2308, Val Loss: 0.3388, Train AUC: 0.9406, Val AUC: 0.8195
Feature: ppi_2019_dw_40, Epoch 37/100, Train Loss: 0.2339, Val Loss: 0.3531, Train AUC: 0.9401, Val AUC: 0.7820
Feature: ppi_2019_dw_40, Epoch 38/100, Train Loss: 0.2354, Val Loss: 0.3301, Train AUC: 0.9306, Val AUC: 0.8083
Feature: ppi_2019_dw_40, Epoch 39/100, Train Loss: 0.2438, Val Loss: 0.3257, Train AUC: 0.9367, Val AUC: 0.8233
Feature: ppi_2019_dw_40, Epoch 40/100, Train Loss: 0.2180, Val Loss: 0.3204, Train AUC: 0.9293, Val AUC: 0.8534
Feature: ppi_2019_dw_40, Epoch 41/100, Train Loss: 0.2172, Val Loss: 0.3215, Train AUC: 0.9499, Val AUC: 0.8534
Feature: ppi_2019_dw_40, Epoch 42/100, Train Loss: 0.2181, Val Loss: 0.3289, Train AUC: 0.9367, Val AUC: 0.8459
Feature: ppi_2019_dw_40, Epoch 43/100, Train Loss: 0.2037, Val Loss: 0.3331, Train AUC: 0.9542, Val AUC: 0.8346
Feature: ppi_2019_dw_40, Epoch 44/100, Train Loss: 0.2298, Val Loss: 0.3415, Train AUC: 0.9351, Val AUC: 0.8083
Feature: ppi_2019_dw_40, Epoch 45/100, Train Loss: 0.2078, Val Loss: 0.3414, Train AUC: 0.9533, Val AUC: 0.8158
Early stopping for feature ppi_2019_dw_40 at epoch 45
Best Train AUC for feature ppi_2019_dw_40: 0.9293
Best Val AUC for feature ppi_2019_dw_40: 0.8534
Feature: uniport_bio, Epoch 1/100, Train Loss: 0.5093, Val Loss: 0.4260, Train AUC: 0.5299, Val AUC: 0.6692
Feature: uniport_bio, Epoch 2/100, Train Loss: 0.4715, Val Loss: 0.4293, Train AUC: 0.5476, Val AUC: 0.7256
Feature: uniport_bio, Epoch 3/100, Train Loss: 0.4843, Val Loss: 0.4226, Train AUC: 0.4558, Val AUC: 0.7556
Feature: uniport_bio, Epoch 4/100, Train Loss: 0.4480, Val Loss: 0.4255, Train AUC: 0.5780, Val AUC: 0.7368
Feature: uniport_bio, Epoch 5/100, Train Loss: 0.4626, Val Loss: 0.4285, Train AUC: 0.5719, Val AUC: 0.7519
Feature: uniport_bio, Epoch 6/100, Train Loss: 0.4536, Val Loss: 0.4231, Train AUC: 0.5939, Val AUC: 0.7744
Feature: uniport_bio, Epoch 7/100, Train Loss: 0.4579, Val Loss: 0.4216, Train AUC: 0.5429, Val AUC: 0.7632
Feature: uniport_bio, Epoch 8/100, Train Loss: 0.4608, Val Loss: 0.4203, Train AUC: 0.5283, Val AUC: 0.7782
Feature: uniport_bio, Epoch 9/100, Train Loss: 0.4563, Val Loss: 0.4195, Train AUC: 0.5345, Val AUC: 0.7932
Feature: uniport_bio, Epoch 10/100, Train Loss: 0.4499, Val Loss: 0.4189, Train AUC: 0.5839, Val AUC: 0.8045
Feature: uniport_bio, Epoch 11/100, Train Loss: 0.4436, Val Loss: 0.4187, Train AUC: 0.6172, Val AUC: 0.7970
Feature: uniport_bio, Epoch 12/100, Train Loss: 0.4518, Val Loss: 0.4141, Train AUC: 0.5891, Val AUC: 0.7970
Feature: uniport_bio, Epoch 13/100, Train Loss: 0.4568, Val Loss: 0.4126, Train AUC: 0.5460, Val AUC: 0.8195
Feature: uniport_bio, Epoch 14/100, Train Loss: 0.4419, Val Loss: 0.4142, Train AUC: 0.6447, Val AUC: 0.8271
Feature: uniport_bio, Epoch 15/100, Train Loss: 0.4357, Val Loss: 0.4071, Train AUC: 0.6605, Val AUC: 0.8120
Feature: uniport_bio, Epoch 16/100, Train Loss: 0.4421, Val Loss: 0.4021, Train AUC: 0.6465, Val AUC: 0.8083
Feature: uniport_bio, Epoch 17/100, Train Loss: 0.4290, Val Loss: 0.3962, Train AUC: 0.6780, Val AUC: 0.8383
Feature: uniport_bio, Epoch 18/100, Train Loss: 0.4094, Val Loss: 0.3870, Train AUC: 0.7367, Val AUC: 0.8271
Feature: uniport_bio, Epoch 19/100, Train Loss: 0.4081, Val Loss: 0.3804, Train AUC: 0.7583, Val AUC: 0.8383
Feature: uniport_bio, Epoch 20/100, Train Loss: 0.3592, Val Loss: 0.3717, Train AUC: 0.8687, Val AUC: 0.8271
Feature: uniport_bio, Epoch 21/100, Train Loss: 0.4062, Val Loss: 0.3733, Train AUC: 0.7392, Val AUC: 0.8233
Feature: uniport_bio, Epoch 22/100, Train Loss: 0.4016, Val Loss: 0.3672, Train AUC: 0.7549, Val AUC: 0.8158
Feature: uniport_bio, Epoch 23/100, Train Loss: 0.3448, Val Loss: 0.3683, Train AUC: 0.8585, Val AUC: 0.8308
Feature: uniport_bio, Epoch 24/100, Train Loss: 0.3518, Val Loss: 0.3658, Train AUC: 0.8574, Val AUC: 0.8459
Feature: uniport_bio, Epoch 25/100, Train Loss: 0.3574, Val Loss: 0.3533, Train AUC: 0.8447, Val AUC: 0.8271
Feature: uniport_bio, Epoch 26/100, Train Loss: 0.3438, Val Loss: 0.3663, Train AUC: 0.8560, Val AUC: 0.8158
Feature: uniport_bio, Epoch 27/100, Train Loss: 0.3585, Val Loss: 0.3545, Train AUC: 0.8474, Val AUC: 0.8271
Feature: uniport_bio, Epoch 28/100, Train Loss: 0.3411, Val Loss: 0.3508, Train AUC: 0.8565, Val AUC: 0.8195
Feature: uniport_bio, Epoch 29/100, Train Loss: 0.3213, Val Loss: 0.3676, Train AUC: 0.8991, Val AUC: 0.8158
Feature: uniport_bio, Epoch 30/100, Train Loss: 0.3183, Val Loss: 0.3551, Train AUC: 0.9050, Val AUC: 0.8008
Feature: uniport_bio, Epoch 31/100, Train Loss: 0.3228, Val Loss: 0.3444, Train AUC: 0.8696, Val AUC: 0.8383
Feature: uniport_bio, Epoch 32/100, Train Loss: 0.2975, Val Loss: 0.3455, Train AUC: 0.9204, Val AUC: 0.8383
Feature: uniport_bio, Epoch 33/100, Train Loss: 0.3055, Val Loss: 0.3555, Train AUC: 0.9107, Val AUC: 0.8008
Feature: uniport_bio, Epoch 34/100, Train Loss: 0.3106, Val Loss: 0.3736, Train AUC: 0.8850, Val AUC: 0.8045
Feature: uniport_bio, Epoch 35/100, Train Loss: 0.2885, Val Loss: 0.3552, Train AUC: 0.9302, Val AUC: 0.7932
Feature: uniport_bio, Epoch 36/100, Train Loss: 0.2763, Val Loss: 0.3672, Train AUC: 0.9236, Val AUC: 0.8008
Early stopping for feature uniport_bio at epoch 36
Best Train AUC for feature uniport_bio: 0.8696
Best Val AUC for feature uniport_bio: 0.8383
Feature: uniport_seq, Epoch 1/100, Train Loss: 0.5845, Val Loss: 0.4334, Train AUC: 0.3560, Val AUC: 0.4361
Feature: uniport_seq, Epoch 2/100, Train Loss: 0.4474, Val Loss: 0.4332, Train AUC: 0.6186, Val AUC: 0.4662
Feature: uniport_seq, Epoch 3/100, Train Loss: 0.4892, Val Loss: 0.4332, Train AUC: 0.3973, Val AUC: 0.5038
Feature: uniport_seq, Epoch 4/100, Train Loss: 0.4677, Val Loss: 0.4336, Train AUC: 0.5159, Val AUC: 0.5188
Feature: uniport_seq, Epoch 5/100, Train Loss: 0.4741, Val Loss: 0.4339, Train AUC: 0.4667, Val AUC: 0.5602
Feature: uniport_seq, Epoch 6/100, Train Loss: 0.4444, Val Loss: 0.4335, Train AUC: 0.6005, Val AUC: 0.5752
Feature: uniport_seq, Epoch 7/100, Train Loss: 0.4837, Val Loss: 0.4332, Train AUC: 0.4009, Val AUC: 0.5639
Feature: uniport_seq, Epoch 8/100, Train Loss: 0.4661, Val Loss: 0.4333, Train AUC: 0.4748, Val AUC: 0.5752
Early stopping for feature uniport_seq at epoch 8
Best Train AUC for feature uniport_seq: 0.3973
Best Val AUC for feature uniport_seq: 0.5038
Feature uniport_seq excluded from fusion due to low Val AUC: 0.5038
Feature: uniport_esm, Epoch 1/100, Train Loss: 0.5184, Val Loss: 0.4404, Train AUC: 0.4864, Val AUC: 0.5902
Feature: uniport_esm, Epoch 2/100, Train Loss: 0.4793, Val Loss: 0.4336, Train AUC: 0.4982, Val AUC: 0.5977
Feature: uniport_esm, Epoch 3/100, Train Loss: 0.4486, Val Loss: 0.4319, Train AUC: 0.5905, Val AUC: 0.6278
Feature: uniport_esm, Epoch 4/100, Train Loss: 0.4501, Val Loss: 0.4326, Train AUC: 0.5875, Val AUC: 0.6278
Feature: uniport_esm, Epoch 5/100, Train Loss: 0.4767, Val Loss: 0.4333, Train AUC: 0.4474, Val AUC: 0.6316
Feature: uniport_esm, Epoch 6/100, Train Loss: 0.4796, Val Loss: 0.4356, Train AUC: 0.4213, Val AUC: 0.6504
Feature: uniport_esm, Epoch 7/100, Train Loss: 0.4565, Val Loss: 0.4342, Train AUC: 0.5494, Val AUC: 0.6617
Feature: uniport_esm, Epoch 8/100, Train Loss: 0.4668, Val Loss: 0.4328, Train AUC: 0.5152, Val AUC: 0.6617
Early stopping for feature uniport_esm at epoch 8
Best Train AUC for feature uniport_esm: 0.5905
Best Val AUC for feature uniport_esm: 0.6278
Feature uniport_esm excluded from fusion due to low Val AUC: 0.6278
ICD10_M41 27
train test split
early fusion
Epoch 1/100, Train Loss: 0.5109, Val Loss: 0.4617, Train AUC: 0.5615, Val AUC: 0.4160
Epoch 2/100, Train Loss: 0.4712, Val Loss: 0.4572, Train AUC: 0.5035, Val AUC: 0.4400
Epoch 3/100, Train Loss: 0.4673, Val Loss: 0.4533, Train AUC: 0.5030, Val AUC: 0.4800
Epoch 4/100, Train Loss: 0.4834, Val Loss: 0.4518, Train AUC: 0.4295, Val AUC: 0.6160
Epoch 5/100, Train Loss: 0.4483, Val Loss: 0.4507, Train AUC: 0.5715, Val AUC: 0.6880
Epoch 6/100, Train Loss: 0.4797, Val Loss: 0.4506, Train AUC: 0.3770, Val AUC: 0.4720
Epoch 7/100, Train Loss: 0.4480, Val Loss: 0.4505, Train AUC: 0.5795, Val AUC: 0.5920
Epoch 8/100, Train Loss: 0.4471, Val Loss: 0.4504, Train AUC: 0.5860, Val AUC: 0.6400
Epoch 9/100, Train Loss: 0.4669, Val Loss: 0.4504, Train AUC: 0.4450, Val AUC: 0.6720
Epoch 10/100, Train Loss: 0.4378, Val Loss: 0.4504, Train AUC: 0.6255, Val AUC: 0.6720
Epoch 11/100, Train Loss: 0.4655, Val Loss: 0.4502, Train AUC: 0.4735, Val AUC: 0.6800
Epoch 12/100, Train Loss: 0.4706, Val Loss: 0.4502, Train AUC: 0.4385, Val AUC: 0.6880
Epoch 13/100, Train Loss: 0.4721, Val Loss: 0.4501, Train AUC: 0.4645, Val AUC: 0.6880
Epoch 14/100, Train Loss: 0.4677, Val Loss: 0.4500, Train AUC: 0.4675, Val AUC: 0.6960
Epoch 15/100, Train Loss: 0.4540, Val Loss: 0.4499, Train AUC: 0.5235, Val AUC: 0.7120
Epoch 16/100, Train Loss: 0.4635, Val Loss: 0.4498, Train AUC: 0.4645, Val AUC: 0.7200
Epoch 17/100, Train Loss: 0.4645, Val Loss: 0.4497, Train AUC: 0.4880, Val AUC: 0.7280
Epoch 18/100, Train Loss: 0.4651, Val Loss: 0.4496, Train AUC: 0.4530, Val AUC: 0.7280
Epoch 19/100, Train Loss: 0.4432, Val Loss: 0.4495, Train AUC: 0.6015, Val AUC: 0.7280
Epoch 20/100, Train Loss: 0.4620, Val Loss: 0.4494, Train AUC: 0.4830, Val AUC: 0.7280
Epoch 21/100, Train Loss: 0.4565, Val Loss: 0.4493, Train AUC: 0.5060, Val AUC: 0.7280
Epoch 22/100, Train Loss: 0.4556, Val Loss: 0.4493, Train AUC: 0.5240, Val AUC: 0.7200
Epoch 23/100, Train Loss: 0.4719, Val Loss: 0.4492, Train AUC: 0.3990, Val AUC: 0.7200
Epoch 24/100, Train Loss: 0.4557, Val Loss: 0.4491, Train AUC: 0.5315, Val AUC: 0.7200
Epoch 25/100, Train Loss: 0.4463, Val Loss: 0.4489, Train AUC: 0.5780, Val AUC: 0.7200
Epoch 26/100, Train Loss: 0.4432, Val Loss: 0.4487, Train AUC: 0.6160, Val AUC: 0.7200
Epoch 27/100, Train Loss: 0.4647, Val Loss: 0.4486, Train AUC: 0.4545, Val AUC: 0.7280
Epoch 28/100, Train Loss: 0.4351, Val Loss: 0.4486, Train AUC: 0.6430, Val AUC: 0.7280
Epoch 29/100, Train Loss: 0.4388, Val Loss: 0.4485, Train AUC: 0.6120, Val AUC: 0.7280
Epoch 30/100, Train Loss: 0.4605, Val Loss: 0.4483, Train AUC: 0.4745, Val AUC: 0.7280
Epoch 31/100, Train Loss: 0.4740, Val Loss: 0.4481, Train AUC: 0.4455, Val AUC: 0.7280
Epoch 32/100, Train Loss: 0.4558, Val Loss: 0.4484, Train AUC: 0.5200, Val AUC: 0.7280
Epoch 33/100, Train Loss: 0.4557, Val Loss: 0.4484, Train AUC: 0.5465, Val AUC: 0.7280
Epoch 34/100, Train Loss: 0.4572, Val Loss: 0.4484, Train AUC: 0.5070, Val AUC: 0.7360
Epoch 35/100, Train Loss: 0.4688, Val Loss: 0.4486, Train AUC: 0.4695, Val AUC: 0.7360
Epoch 36/100, Train Loss: 0.4546, Val Loss: 0.4480, Train AUC: 0.5490, Val AUC: 0.7360
Epoch 37/100, Train Loss: 0.4740, Val Loss: 0.4474, Train AUC: 0.4435, Val AUC: 0.7360
Epoch 38/100, Train Loss: 0.4619, Val Loss: 0.4472, Train AUC: 0.4765, Val AUC: 0.7360
Epoch 39/100, Train Loss: 0.4675, Val Loss: 0.4468, Train AUC: 0.4405, Val AUC: 0.7360
Epoch 40/100, Train Loss: 0.4445, Val Loss: 0.4466, Train AUC: 0.5755, Val AUC: 0.7360
Epoch 41/100, Train Loss: 0.4446, Val Loss: 0.4463, Train AUC: 0.6070, Val AUC: 0.7360
Epoch 42/100, Train Loss: 0.4485, Val Loss: 0.4460, Train AUC: 0.5320, Val AUC: 0.7360
Epoch 43/100, Train Loss: 0.4525, Val Loss: 0.4457, Train AUC: 0.5620, Val AUC: 0.7360
Epoch 44/100, Train Loss: 0.4360, Val Loss: 0.4454, Train AUC: 0.6510, Val AUC: 0.7360
Epoch 45/100, Train Loss: 0.4544, Val Loss: 0.4450, Train AUC: 0.5260, Val AUC: 0.7360
Epoch 46/100, Train Loss: 0.4471, Val Loss: 0.4446, Train AUC: 0.5930, Val AUC: 0.7360
Epoch 47/100, Train Loss: 0.4269, Val Loss: 0.4442, Train AUC: 0.6880, Val AUC: 0.7360
Epoch 48/100, Train Loss: 0.4497, Val Loss: 0.4440, Train AUC: 0.5500, Val AUC: 0.7360
Epoch 49/100, Train Loss: 0.4284, Val Loss: 0.4437, Train AUC: 0.6825, Val AUC: 0.7360
Epoch 50/100, Train Loss: 0.4241, Val Loss: 0.4432, Train AUC: 0.6950, Val AUC: 0.7360
Epoch 51/100, Train Loss: 0.4526, Val Loss: 0.4425, Train AUC: 0.5375, Val AUC: 0.7360
Epoch 52/100, Train Loss: 0.4459, Val Loss: 0.4421, Train AUC: 0.5815, Val AUC: 0.7360
Epoch 53/100, Train Loss: 0.4370, Val Loss: 0.4425, Train AUC: 0.6335, Val AUC: 0.7360
Epoch 54/100, Train Loss: 0.4795, Val Loss: 0.4445, Train AUC: 0.4080, Val AUC: 0.7360
Epoch 55/100, Train Loss: 0.4505, Val Loss: 0.4415, Train AUC: 0.5785, Val AUC: 0.7360
Epoch 56/100, Train Loss: 0.4175, Val Loss: 0.4392, Train AUC: 0.7360, Val AUC: 0.7360
Epoch 57/100, Train Loss: 0.4297, Val Loss: 0.4406, Train AUC: 0.6890, Val AUC: 0.7360
Epoch 58/100, Train Loss: 0.4567, Val Loss: 0.4409, Train AUC: 0.5270, Val AUC: 0.7360
Epoch 59/100, Train Loss: 0.4127, Val Loss: 0.4369, Train AUC: 0.7440, Val AUC: 0.7360
Epoch 60/100, Train Loss: 0.4255, Val Loss: 0.4388, Train AUC: 0.6945, Val AUC: 0.7360
Epoch 61/100, Train Loss: 0.4615, Val Loss: 0.4374, Train AUC: 0.5340, Val AUC: 0.7360
Epoch 62/100, Train Loss: 0.4383, Val Loss: 0.4348, Train AUC: 0.6460, Val AUC: 0.7360
Epoch 63/100, Train Loss: 0.4199, Val Loss: 0.4332, Train AUC: 0.7195, Val AUC: 0.7440
Epoch 64/100, Train Loss: 0.4288, Val Loss: 0.4330, Train AUC: 0.6615, Val AUC: 0.7440
Epoch 65/100, Train Loss: 0.3955, Val Loss: 0.4304, Train AUC: 0.8270, Val AUC: 0.7440
Epoch 66/100, Train Loss: 0.4283, Val Loss: 0.4303, Train AUC: 0.6780, Val AUC: 0.7440
Epoch 67/100, Train Loss: 0.4189, Val Loss: 0.4274, Train AUC: 0.7185, Val AUC: 0.7440
Epoch 68/100, Train Loss: 0.4099, Val Loss: 0.4259, Train AUC: 0.7420, Val AUC: 0.7440
Epoch 69/100, Train Loss: 0.4300, Val Loss: 0.4233, Train AUC: 0.6430, Val AUC: 0.7440
Epoch 70/100, Train Loss: 0.3660, Val Loss: 0.4220, Train AUC: 0.9030, Val AUC: 0.7440
Epoch 71/100, Train Loss: 0.3977, Val Loss: 0.4180, Train AUC: 0.7930, Val AUC: 0.7440
Epoch 72/100, Train Loss: 0.3895, Val Loss: 0.4162, Train AUC: 0.7720, Val AUC: 0.7440
Epoch 73/100, Train Loss: 0.3753, Val Loss: 0.4175, Train AUC: 0.8070, Val AUC: 0.7440
Epoch 74/100, Train Loss: 0.4029, Val Loss: 0.4095, Train AUC: 0.7445, Val AUC: 0.7440
Epoch 75/100, Train Loss: 0.3649, Val Loss: 0.4090, Train AUC: 0.8280, Val AUC: 0.7440
Epoch 76/100, Train Loss: 0.3687, Val Loss: 0.4047, Train AUC: 0.8345, Val AUC: 0.7440
Epoch 77/100, Train Loss: 0.3539, Val Loss: 0.4261, Train AUC: 0.8295, Val AUC: 0.7440
Epoch 78/100, Train Loss: 0.3730, Val Loss: 0.4115, Train AUC: 0.8040, Val AUC: 0.7440
Epoch 79/100, Train Loss: 0.4065, Val Loss: 0.4005, Train AUC: 0.7790, Val AUC: 0.7440
Epoch 80/100, Train Loss: 0.3685, Val Loss: 0.4140, Train AUC: 0.7840, Val AUC: 0.7440
Epoch 81/100, Train Loss: 0.3744, Val Loss: 0.4163, Train AUC: 0.7945, Val AUC: 0.7440
Epoch 82/100, Train Loss: 0.3827, Val Loss: 0.4074, Train AUC: 0.8300, Val AUC: 0.7440
Epoch 83/100, Train Loss: 0.3678, Val Loss: 0.4155, Train AUC: 0.8210, Val AUC: 0.7360
Epoch 84/100, Train Loss: 0.3380, Val Loss: 0.4145, Train AUC: 0.8690, Val AUC: 0.7360
Early stopping triggered at epoch 84
Best Train AUC: 0.7790, Best Val AUC: 0.7440
early fusion validation auc: 0.7160000000000001
mid fusion
early fusion validation auc: 0.728
later fusion
ICD10_N04 73
train test split
early fusion
early fusion validation auc: 0.7045918367346939
mid fusion
early fusion validation auc: 0.7301020408163266
later fusion
ICD10_N17 88
train test split
early fusion
early fusion validation auc: 0.8890857547838412
mid fusion
early fusion validation auc: 0.943656980864635
later fusion
ICD10_N18 91
train test split
early fusion
early fusion validation auc: 0.8495630461922596
mid fusion
early fusion validation auc: 0.9609862671660424
later fusion
Feature: uniport_ppi_2019, Epoch 1/100, Train Loss: 0.5376, Val Loss: 0.4505, Train AUC: 0.4207, Val AUC: 0.6648
Feature: uniport_ppi_2019, Epoch 2/100, Train Loss: 0.4647, Val Loss: 0.4507, Train AUC: 0.4779, Val AUC: 0.7790
Feature: uniport_ppi_2019, Epoch 3/100, Train Loss: 0.4574, Val Loss: 0.4472, Train AUC: 0.5351, Val AUC: 0.8539
Feature: uniport_ppi_2019, Epoch 4/100, Train Loss: 0.4495, Val Loss: 0.4448, Train AUC: 0.5701, Val AUC: 0.8920
Feature: uniport_ppi_2019, Epoch 5/100, Train Loss: 0.4599, Val Loss: 0.4439, Train AUC: 0.5023, Val AUC: 0.9032
Feature: uniport_ppi_2019, Epoch 6/100, Train Loss: 0.4536, Val Loss: 0.4405, Train AUC: 0.5412, Val AUC: 0.9276
Feature: uniport_ppi_2019, Epoch 7/100, Train Loss: 0.4411, Val Loss: 0.4373, Train AUC: 0.6050, Val AUC: 0.9370
Feature: uniport_ppi_2019, Epoch 8/100, Train Loss: 0.4522, Val Loss: 0.4342, Train AUC: 0.5519, Val AUC: 0.9457
Feature: uniport_ppi_2019, Epoch 9/100, Train Loss: 0.4414, Val Loss: 0.4299, Train AUC: 0.6359, Val AUC: 0.9457
Feature: uniport_ppi_2019, Epoch 10/100, Train Loss: 0.4478, Val Loss: 0.4270, Train AUC: 0.5794, Val AUC: 0.9507
Feature: uniport_ppi_2019, Epoch 11/100, Train Loss: 0.4354, Val Loss: 0.4223, Train AUC: 0.6774, Val AUC: 0.9544
Feature: uniport_ppi_2019, Epoch 12/100, Train Loss: 0.4312, Val Loss: 0.4141, Train AUC: 0.6523, Val AUC: 0.9569
Feature: uniport_ppi_2019, Epoch 13/100, Train Loss: 0.4231, Val Loss: 0.3962, Train AUC: 0.6868, Val AUC: 0.9563
Feature: uniport_ppi_2019, Epoch 14/100, Train Loss: 0.3897, Val Loss: 0.3470, Train AUC: 0.7911, Val AUC: 0.9625
Feature: uniport_ppi_2019, Epoch 15/100, Train Loss: 0.3505, Val Loss: 0.3233, Train AUC: 0.8571, Val AUC: 0.9569
Feature: uniport_ppi_2019, Epoch 16/100, Train Loss: 0.3448, Val Loss: 0.3147, Train AUC: 0.8666, Val AUC: 0.9619
Feature: uniport_ppi_2019, Epoch 17/100, Train Loss: 0.3365, Val Loss: 0.3101, Train AUC: 0.8558, Val AUC: 0.9582
Feature: uniport_ppi_2019, Epoch 18/100, Train Loss: 0.2878, Val Loss: 0.3445, Train AUC: 0.9164, Val AUC: 0.9282
Feature: uniport_ppi_2019, Epoch 19/100, Train Loss: 0.3236, Val Loss: 0.2830, Train AUC: 0.8594, Val AUC: 0.9657
Feature: uniport_ppi_2019, Epoch 20/100, Train Loss: 0.2975, Val Loss: 0.2693, Train AUC: 0.8964, Val AUC: 0.9625
Feature: uniport_ppi_2019, Epoch 21/100, Train Loss: 0.2811, Val Loss: 0.2595, Train AUC: 0.9071, Val AUC: 0.9607
Feature: uniport_ppi_2019, Epoch 22/100, Train Loss: 0.2598, Val Loss: 0.2303, Train AUC: 0.9260, Val AUC: 0.9657
Feature: uniport_ppi_2019, Epoch 23/100, Train Loss: 0.2735, Val Loss: 0.2418, Train AUC: 0.9190, Val AUC: 0.9688
Feature: uniport_ppi_2019, Epoch 24/100, Train Loss: 0.2875, Val Loss: 0.2674, Train AUC: 0.9017, Val AUC: 0.9600
Feature: uniport_ppi_2019, Epoch 25/100, Train Loss: 0.2776, Val Loss: 0.2477, Train AUC: 0.9095, Val AUC: 0.9657
Feature: uniport_ppi_2019, Epoch 26/100, Train Loss: 0.2486, Val Loss: 0.3254, Train AUC: 0.9225, Val AUC: 0.9638
Feature: uniport_ppi_2019, Epoch 27/100, Train Loss: 0.2818, Val Loss: 0.2782, Train AUC: 0.8997, Val AUC: 0.9607
Early stopping for feature uniport_ppi_2019 at epoch 27
Best Train AUC for feature uniport_ppi_2019: 0.9260
Best Val AUC for feature uniport_ppi_2019: 0.9657
Feature: ppi_2019_dw_40, Epoch 1/100, Train Loss: 0.5005, Val Loss: 0.4556, Train AUC: 0.5108, Val AUC: 0.7266
Feature: ppi_2019_dw_40, Epoch 2/100, Train Loss: 0.4256, Val Loss: 0.4448, Train AUC: 0.6813, Val AUC: 0.8396
Feature: ppi_2019_dw_40, Epoch 3/100, Train Loss: 0.4468, Val Loss: 0.4414, Train AUC: 0.5701, Val AUC: 0.8808
Feature: ppi_2019_dw_40, Epoch 4/100, Train Loss: 0.4435, Val Loss: 0.4391, Train AUC: 0.5889, Val AUC: 0.8870
Feature: ppi_2019_dw_40, Epoch 5/100, Train Loss: 0.4521, Val Loss: 0.4345, Train AUC: 0.5462, Val AUC: 0.9064
Feature: ppi_2019_dw_40, Epoch 6/100, Train Loss: 0.4478, Val Loss: 0.4288, Train AUC: 0.5798, Val AUC: 0.9176
Feature: ppi_2019_dw_40, Epoch 7/100, Train Loss: 0.4407, Val Loss: 0.4187, Train AUC: 0.5988, Val AUC: 0.9226
Feature: ppi_2019_dw_40, Epoch 8/100, Train Loss: 0.4187, Val Loss: 0.4020, Train AUC: 0.7164, Val AUC: 0.9313
Feature: ppi_2019_dw_40, Epoch 9/100, Train Loss: 0.3947, Val Loss: 0.3595, Train AUC: 0.7911, Val AUC: 0.9295
Feature: ppi_2019_dw_40, Epoch 10/100, Train Loss: 0.3682, Val Loss: 0.3405, Train AUC: 0.8083, Val AUC: 0.9357
Feature: ppi_2019_dw_40, Epoch 11/100, Train Loss: 0.3796, Val Loss: 0.3561, Train AUC: 0.7857, Val AUC: 0.9407
Feature: ppi_2019_dw_40, Epoch 12/100, Train Loss: 0.3281, Val Loss: 0.3006, Train AUC: 0.8824, Val AUC: 0.9469
Feature: ppi_2019_dw_40, Epoch 13/100, Train Loss: 0.2929, Val Loss: 0.2785, Train AUC: 0.9212, Val AUC: 0.9345
Feature: ppi_2019_dw_40, Epoch 14/100, Train Loss: 0.2777, Val Loss: 0.2897, Train AUC: 0.9234, Val AUC: 0.9438
Feature: ppi_2019_dw_40, Epoch 15/100, Train Loss: 0.2494, Val Loss: 0.2403, Train AUC: 0.9481, Val AUC: 0.9494
Feature: ppi_2019_dw_40, Epoch 16/100, Train Loss: 0.2440, Val Loss: 0.2412, Train AUC: 0.9373, Val AUC: 0.9576
Feature: ppi_2019_dw_40, Epoch 17/100, Train Loss: 0.2305, Val Loss: 0.2457, Train AUC: 0.9513, Val AUC: 0.9532
Feature: ppi_2019_dw_40, Epoch 18/100, Train Loss: 0.2195, Val Loss: 0.2384, Train AUC: 0.9526, Val AUC: 0.9519
Feature: ppi_2019_dw_40, Epoch 19/100, Train Loss: 0.2209, Val Loss: 0.2233, Train AUC: 0.9552, Val AUC: 0.9538
Feature: ppi_2019_dw_40, Epoch 20/100, Train Loss: 0.2004, Val Loss: 0.2349, Train AUC: 0.9604, Val AUC: 0.9569
Feature: ppi_2019_dw_40, Epoch 21/100, Train Loss: 0.2340, Val Loss: 0.2506, Train AUC: 0.9342, Val AUC: 0.9569
Feature: ppi_2019_dw_40, Epoch 22/100, Train Loss: 0.2019, Val Loss: 0.2268, Train AUC: 0.9599, Val AUC: 0.9607
Feature: ppi_2019_dw_40, Epoch 23/100, Train Loss: 0.2081, Val Loss: 0.2130, Train AUC: 0.9509, Val AUC: 0.9600
Feature: ppi_2019_dw_40, Epoch 24/100, Train Loss: 0.1916, Val Loss: 0.2186, Train AUC: 0.9552, Val AUC: 0.9569
Feature: ppi_2019_dw_40, Epoch 25/100, Train Loss: 0.1926, Val Loss: 0.2131, Train AUC: 0.9572, Val AUC: 0.9582
Feature: ppi_2019_dw_40, Epoch 26/100, Train Loss: 0.1908, Val Loss: 0.2147, Train AUC: 0.9589, Val AUC: 0.9600
Feature: ppi_2019_dw_40, Epoch 27/100, Train Loss: 0.1646, Val Loss: 0.2165, Train AUC: 0.9705, Val AUC: 0.9576
Feature: ppi_2019_dw_40, Epoch 28/100, Train Loss: 0.1835, Val Loss: 0.2075, Train AUC: 0.9623, Val AUC: 0.9613
Feature: ppi_2019_dw_40, Epoch 29/100, Train Loss: 0.1863, Val Loss: 0.2012, Train AUC: 0.9642, Val AUC: 0.9600
Feature: ppi_2019_dw_40, Epoch 30/100, Train Loss: 0.1897, Val Loss: 0.2006, Train AUC: 0.9581, Val AUC: 0.9619
Feature: ppi_2019_dw_40, Epoch 31/100, Train Loss: 0.2075, Val Loss: 0.2084, Train AUC: 0.9452, Val AUC: 0.9613
Feature: ppi_2019_dw_40, Epoch 32/100, Train Loss: 0.1765, Val Loss: 0.2110, Train AUC: 0.9712, Val AUC: 0.9607
Feature: ppi_2019_dw_40, Epoch 33/100, Train Loss: 0.1465, Val Loss: 0.2045, Train AUC: 0.9779, Val AUC: 0.9619
Feature: ppi_2019_dw_40, Epoch 34/100, Train Loss: 0.1982, Val Loss: 0.2019, Train AUC: 0.9476, Val AUC: 0.9613
Feature: ppi_2019_dw_40, Epoch 35/100, Train Loss: 0.1643, Val Loss: 0.2196, Train AUC: 0.9737, Val AUC: 0.9625
Early stopping for feature ppi_2019_dw_40 at epoch 35
Best Train AUC for feature ppi_2019_dw_40: 0.9581
Best Val AUC for feature ppi_2019_dw_40: 0.9619
Feature: uniport_bio, Epoch 1/100, Train Loss: 0.4887, Val Loss: 0.4403, Train AUC: 0.4992, Val AUC: 0.8202
Feature: uniport_bio, Epoch 2/100, Train Loss: 0.4391, Val Loss: 0.4351, Train AUC: 0.6159, Val AUC: 0.8564
Feature: uniport_bio, Epoch 3/100, Train Loss: 0.4550, Val Loss: 0.4276, Train AUC: 0.5534, Val AUC: 0.8826
Feature: uniport_bio, Epoch 4/100, Train Loss: 0.4317, Val Loss: 0.4241, Train AUC: 0.6422, Val AUC: 0.8876
Feature: uniport_bio, Epoch 5/100, Train Loss: 0.4446, Val Loss: 0.4158, Train AUC: 0.6077, Val AUC: 0.8926
Feature: uniport_bio, Epoch 6/100, Train Loss: 0.4196, Val Loss: 0.4026, Train AUC: 0.7090, Val AUC: 0.9014
Feature: uniport_bio, Epoch 7/100, Train Loss: 0.3994, Val Loss: 0.3896, Train AUC: 0.7464, Val AUC: 0.9014
Feature: uniport_bio, Epoch 8/100, Train Loss: 0.3721, Val Loss: 0.3539, Train AUC: 0.8163, Val AUC: 0.9032
Feature: uniport_bio, Epoch 9/100, Train Loss: 0.3561, Val Loss: 0.3593, Train AUC: 0.8378, Val AUC: 0.9045
Feature: uniport_bio, Epoch 10/100, Train Loss: 0.3354, Val Loss: 0.3221, Train AUC: 0.8816, Val AUC: 0.9226
Feature: uniport_bio, Epoch 11/100, Train Loss: 0.3090, Val Loss: 0.3161, Train AUC: 0.8989, Val AUC: 0.9139
Feature: uniport_bio, Epoch 12/100, Train Loss: 0.3072, Val Loss: 0.3136, Train AUC: 0.8989, Val AUC: 0.9020
Feature: uniport_bio, Epoch 13/100, Train Loss: 0.2958, Val Loss: 0.2975, Train AUC: 0.8894, Val AUC: 0.9301
Feature: uniport_bio, Epoch 14/100, Train Loss: 0.2787, Val Loss: 0.2851, Train AUC: 0.9111, Val AUC: 0.9320
Feature: uniport_bio, Epoch 15/100, Train Loss: 0.3160, Val Loss: 0.3012, Train AUC: 0.8611, Val AUC: 0.9282
Feature: uniport_bio, Epoch 16/100, Train Loss: 0.3039, Val Loss: 0.2831, Train AUC: 0.8832, Val AUC: 0.9220
Feature: uniport_bio, Epoch 17/100, Train Loss: 0.2583, Val Loss: 0.2741, Train AUC: 0.9301, Val AUC: 0.9295
Feature: uniport_bio, Epoch 18/100, Train Loss: 0.2764, Val Loss: 0.2934, Train AUC: 0.9156, Val AUC: 0.9251
Feature: uniport_bio, Epoch 19/100, Train Loss: 0.2692, Val Loss: 0.2703, Train AUC: 0.9208, Val AUC: 0.9276
Feature: uniport_bio, Epoch 20/100, Train Loss: 0.2525, Val Loss: 0.2623, Train AUC: 0.9194, Val AUC: 0.9245
Feature: uniport_bio, Epoch 21/100, Train Loss: 0.2628, Val Loss: 0.2913, Train AUC: 0.9125, Val AUC: 0.9276
Feature: uniport_bio, Epoch 22/100, Train Loss: 0.2627, Val Loss: 0.2939, Train AUC: 0.9192, Val AUC: 0.9232
Feature: uniport_bio, Epoch 23/100, Train Loss: 0.2586, Val Loss: 0.2643, Train AUC: 0.9207, Val AUC: 0.9257
Feature: uniport_bio, Epoch 24/100, Train Loss: 0.2216, Val Loss: 0.2586, Train AUC: 0.9464, Val AUC: 0.9288
Feature: uniport_bio, Epoch 25/100, Train Loss: 0.2087, Val Loss: 0.2774, Train AUC: 0.9579, Val AUC: 0.9301
Feature: uniport_bio, Epoch 26/100, Train Loss: 0.2850, Val Loss: 0.2572, Train AUC: 0.8898, Val AUC: 0.9326
Feature: uniport_bio, Epoch 27/100, Train Loss: 0.2634, Val Loss: 0.2556, Train AUC: 0.9207, Val AUC: 0.9270
Feature: uniport_bio, Epoch 28/100, Train Loss: 0.2676, Val Loss: 0.2595, Train AUC: 0.9140, Val AUC: 0.9270
Feature: uniport_bio, Epoch 29/100, Train Loss: 0.2467, Val Loss: 0.2543, Train AUC: 0.9203, Val AUC: 0.9351
Feature: uniport_bio, Epoch 30/100, Train Loss: 0.2307, Val Loss: 0.2365, Train AUC: 0.9314, Val AUC: 0.9370
Feature: uniport_bio, Epoch 31/100, Train Loss: 0.2410, Val Loss: 0.2443, Train AUC: 0.9363, Val AUC: 0.9320
Feature: uniport_bio, Epoch 32/100, Train Loss: 0.2570, Val Loss: 0.2572, Train AUC: 0.9039, Val AUC: 0.9338
Feature: uniport_bio, Epoch 33/100, Train Loss: 0.2162, Val Loss: 0.2376, Train AUC: 0.9465, Val AUC: 0.9370
Feature: uniport_bio, Epoch 34/100, Train Loss: 0.2424, Val Loss: 0.2362, Train AUC: 0.9330, Val AUC: 0.9357
Feature: uniport_bio, Epoch 35/100, Train Loss: 0.2392, Val Loss: 0.2414, Train AUC: 0.9317, Val AUC: 0.9313
Feature: uniport_bio, Epoch 36/100, Train Loss: 0.2380, Val Loss: 0.2306, Train AUC: 0.9242, Val AUC: 0.9432
Feature: uniport_bio, Epoch 37/100, Train Loss: 0.2380, Val Loss: 0.2290, Train AUC: 0.9351, Val AUC: 0.9457
Feature: uniport_bio, Epoch 38/100, Train Loss: 0.2074, Val Loss: 0.2341, Train AUC: 0.9586, Val AUC: 0.9395
Feature: uniport_bio, Epoch 39/100, Train Loss: 0.2439, Val Loss: 0.2319, Train AUC: 0.9210, Val AUC: 0.9401
Feature: uniport_bio, Epoch 40/100, Train Loss: 0.2276, Val Loss: 0.2398, Train AUC: 0.9458, Val AUC: 0.9307
Feature: uniport_bio, Epoch 41/100, Train Loss: 0.2233, Val Loss: 0.2374, Train AUC: 0.9344, Val AUC: 0.9395
Feature: uniport_bio, Epoch 42/100, Train Loss: 0.2416, Val Loss: 0.2395, Train AUC: 0.9290, Val AUC: 0.9376
Early stopping for feature uniport_bio at epoch 42
Best Train AUC for feature uniport_bio: 0.9351
Best Val AUC for feature uniport_bio: 0.9457
Feature: uniport_seq, Epoch 1/100, Train Loss: 0.5148, Val Loss: 0.4532, Train AUC: 0.4809, Val AUC: 0.5343
Feature: uniport_seq, Epoch 2/100, Train Loss: 0.4626, Val Loss: 0.4530, Train AUC: 0.5028, Val AUC: 0.5718
Feature: uniport_seq, Epoch 3/100, Train Loss: 0.4691, Val Loss: 0.4535, Train AUC: 0.4629, Val AUC: 0.6086
Feature: uniport_seq, Epoch 4/100, Train Loss: 0.4699, Val Loss: 0.4539, Train AUC: 0.4604, Val AUC: 0.6411
Feature: uniport_seq, Epoch 5/100, Train Loss: 0.4619, Val Loss: 0.4530, Train AUC: 0.4916, Val AUC: 0.6567
Feature: uniport_seq, Epoch 6/100, Train Loss: 0.4576, Val Loss: 0.4526, Train AUC: 0.5078, Val AUC: 0.6698
Feature: uniport_seq, Epoch 7/100, Train Loss: 0.4564, Val Loss: 0.4525, Train AUC: 0.5338, Val AUC: 0.6692
Feature: uniport_seq, Epoch 8/100, Train Loss: 0.4711, Val Loss: 0.4525, Train AUC: 0.4304, Val AUC: 0.6779
Feature: uniport_seq, Epoch 9/100, Train Loss: 0.4654, Val Loss: 0.4526, Train AUC: 0.4829, Val AUC: 0.6804
Feature: uniport_seq, Epoch 10/100, Train Loss: 0.4623, Val Loss: 0.4521, Train AUC: 0.4719, Val AUC: 0.6804
Feature: uniport_seq, Epoch 11/100, Train Loss: 0.4415, Val Loss: 0.4522, Train AUC: 0.5994, Val AUC: 0.6835
Feature: uniport_seq, Epoch 12/100, Train Loss: 0.4531, Val Loss: 0.4519, Train AUC: 0.5375, Val AUC: 0.6835
Feature: uniport_seq, Epoch 13/100, Train Loss: 0.4600, Val Loss: 0.4517, Train AUC: 0.5150, Val AUC: 0.6810
Feature: uniport_seq, Epoch 14/100, Train Loss: 0.4521, Val Loss: 0.4526, Train AUC: 0.5478, Val AUC: 0.6779
Feature: uniport_seq, Epoch 15/100, Train Loss: 0.4613, Val Loss: 0.4514, Train AUC: 0.4893, Val AUC: 0.6754
Feature: uniport_seq, Epoch 16/100, Train Loss: 0.4521, Val Loss: 0.4510, Train AUC: 0.5487, Val AUC: 0.6779
Feature: uniport_seq, Epoch 17/100, Train Loss: 0.4553, Val Loss: 0.4508, Train AUC: 0.5118, Val AUC: 0.6785
Feature: uniport_seq, Epoch 18/100, Train Loss: 0.4686, Val Loss: 0.4506, Train AUC: 0.4649, Val AUC: 0.6816
Feature: uniport_seq, Epoch 19/100, Train Loss: 0.4469, Val Loss: 0.4507, Train AUC: 0.5669, Val AUC: 0.6816
Feature: uniport_seq, Epoch 20/100, Train Loss: 0.4570, Val Loss: 0.4498, Train AUC: 0.5070, Val AUC: 0.6798
Feature: uniport_seq, Epoch 21/100, Train Loss: 0.4490, Val Loss: 0.4492, Train AUC: 0.5524, Val AUC: 0.6779
Feature: uniport_seq, Epoch 22/100, Train Loss: 0.4470, Val Loss: 0.4492, Train AUC: 0.5730, Val AUC: 0.6748
Feature: uniport_seq, Epoch 23/100, Train Loss: 0.4541, Val Loss: 0.4486, Train AUC: 0.5403, Val AUC: 0.6760
Feature: uniport_seq, Epoch 24/100, Train Loss: 0.4548, Val Loss: 0.4489, Train AUC: 0.5328, Val AUC: 0.6785
Feature: uniport_seq, Epoch 25/100, Train Loss: 0.4586, Val Loss: 0.4492, Train AUC: 0.5070, Val AUC: 0.6804
Feature: uniport_seq, Epoch 26/100, Train Loss: 0.4478, Val Loss: 0.4466, Train AUC: 0.5734, Val AUC: 0.6816
Feature: uniport_seq, Epoch 27/100, Train Loss: 0.4472, Val Loss: 0.4456, Train AUC: 0.5804, Val AUC: 0.6823
Feature: uniport_seq, Epoch 28/100, Train Loss: 0.4448, Val Loss: 0.4456, Train AUC: 0.6025, Val AUC: 0.6823
Feature: uniport_seq, Epoch 29/100, Train Loss: 0.4500, Val Loss: 0.4436, Train AUC: 0.5656, Val AUC: 0.6835
Feature: uniport_seq, Epoch 30/100, Train Loss: 0.4553, Val Loss: 0.4428, Train AUC: 0.5350, Val AUC: 0.6829
Feature: uniport_seq, Epoch 31/100, Train Loss: 0.4462, Val Loss: 0.4422, Train AUC: 0.5923, Val AUC: 0.6816
Feature: uniport_seq, Epoch 32/100, Train Loss: 0.4376, Val Loss: 0.4417, Train AUC: 0.6096, Val AUC: 0.6860
Feature: uniport_seq, Epoch 33/100, Train Loss: 0.4505, Val Loss: 0.4392, Train AUC: 0.5660, Val AUC: 0.6873
Feature: uniport_seq, Epoch 34/100, Train Loss: 0.4219, Val Loss: 0.4383, Train AUC: 0.6800, Val AUC: 0.6860
Feature: uniport_seq, Epoch 35/100, Train Loss: 0.4385, Val Loss: 0.4353, Train AUC: 0.6262, Val AUC: 0.6879
Feature: uniport_seq, Epoch 36/100, Train Loss: 0.4345, Val Loss: 0.4310, Train AUC: 0.6453, Val AUC: 0.6885
Feature: uniport_seq, Epoch 37/100, Train Loss: 0.4273, Val Loss: 0.4371, Train AUC: 0.6639, Val AUC: 0.6866
Feature: uniport_seq, Epoch 38/100, Train Loss: 0.4326, Val Loss: 0.4329, Train AUC: 0.6444, Val AUC: 0.6904
Feature: uniport_seq, Epoch 39/100, Train Loss: 0.4206, Val Loss: 0.4577, Train AUC: 0.6898, Val AUC: 0.6866
Feature: uniport_seq, Epoch 40/100, Train Loss: 0.4441, Val Loss: 0.4334, Train AUC: 0.6232, Val AUC: 0.6910
Feature: uniport_seq, Epoch 41/100, Train Loss: 0.4339, Val Loss: 0.4314, Train AUC: 0.6486, Val AUC: 0.6891
Early stopping for feature uniport_seq at epoch 41
Best Train AUC for feature uniport_seq: 0.6453
Best Val AUC for feature uniport_seq: 0.6885
Feature uniport_seq excluded from fusion due to low Val AUC: 0.6885
Feature: uniport_esm, Epoch 1/100, Train Loss: 0.4671, Val Loss: 0.4530, Train AUC: 0.5258, Val AUC: 0.5843
Feature: uniport_esm, Epoch 2/100, Train Loss: 0.4553, Val Loss: 0.4523, Train AUC: 0.5523, Val AUC: 0.6816
Feature: uniport_esm, Epoch 3/100, Train Loss: 0.4535, Val Loss: 0.4529, Train AUC: 0.5515, Val AUC: 0.7010
Feature: uniport_esm, Epoch 4/100, Train Loss: 0.4720, Val Loss: 0.4516, Train AUC: 0.4493, Val AUC: 0.6979
Feature: uniport_esm, Epoch 5/100, Train Loss: 0.4673, Val Loss: 0.4525, Train AUC: 0.4543, Val AUC: 0.6960
Feature: uniport_esm, Epoch 6/100, Train Loss: 0.4570, Val Loss: 0.4519, Train AUC: 0.5171, Val AUC: 0.6973
Feature: uniport_esm, Epoch 7/100, Train Loss: 0.4609, Val Loss: 0.4515, Train AUC: 0.4996, Val AUC: 0.6998
Feature: uniport_esm, Epoch 8/100, Train Loss: 0.4637, Val Loss: 0.4507, Train AUC: 0.4754, Val AUC: 0.7085
Feature: uniport_esm, Epoch 9/100, Train Loss: 0.4513, Val Loss: 0.4503, Train AUC: 0.5527, Val AUC: 0.7047
Feature: uniport_esm, Epoch 10/100, Train Loss: 0.4507, Val Loss: 0.4505, Train AUC: 0.5339, Val AUC: 0.7054
Feature: uniport_esm, Epoch 11/100, Train Loss: 0.4712, Val Loss: 0.4493, Train AUC: 0.4421, Val AUC: 0.7047
Feature: uniport_esm, Epoch 12/100, Train Loss: 0.4473, Val Loss: 0.4489, Train AUC: 0.5586, Val AUC: 0.7047
Feature: uniport_esm, Epoch 13/100, Train Loss: 0.4542, Val Loss: 0.4492, Train AUC: 0.5289, Val AUC: 0.7072
Feature: uniport_esm, Epoch 14/100, Train Loss: 0.4565, Val Loss: 0.4484, Train AUC: 0.5347, Val AUC: 0.7091
Feature: uniport_esm, Epoch 15/100, Train Loss: 0.4612, Val Loss: 0.4489, Train AUC: 0.4929, Val AUC: 0.7116
Feature: uniport_esm, Epoch 16/100, Train Loss: 0.4440, Val Loss: 0.4464, Train AUC: 0.6068, Val AUC: 0.7122
Feature: uniport_esm, Epoch 17/100, Train Loss: 0.4562, Val Loss: 0.4465, Train AUC: 0.5212, Val AUC: 0.7116
Feature: uniport_esm, Epoch 18/100, Train Loss: 0.4454, Val Loss: 0.4455, Train AUC: 0.5908, Val AUC: 0.7066
Feature: uniport_esm, Epoch 19/100, Train Loss: 0.4347, Val Loss: 0.4438, Train AUC: 0.6450, Val AUC: 0.7079
Feature: uniport_esm, Epoch 20/100, Train Loss: 0.4585, Val Loss: 0.4428, Train AUC: 0.5203, Val AUC: 0.7116
Feature: uniport_esm, Epoch 21/100, Train Loss: 0.4515, Val Loss: 0.4413, Train AUC: 0.5449, Val AUC: 0.7085
Feature: uniport_esm, Epoch 22/100, Train Loss: 0.4314, Val Loss: 0.4420, Train AUC: 0.6368, Val AUC: 0.7122
Feature: uniport_esm, Epoch 23/100, Train Loss: 0.4314, Val Loss: 0.4564, Train AUC: 0.6591, Val AUC: 0.7116
Feature: uniport_esm, Epoch 24/100, Train Loss: 0.4707, Val Loss: 0.4457, Train AUC: 0.5766, Val AUC: 0.7166
Feature: uniport_esm, Epoch 25/100, Train Loss: 0.4512, Val Loss: 0.4442, Train AUC: 0.5598, Val AUC: 0.7166
Feature: uniport_esm, Epoch 26/100, Train Loss: 0.4401, Val Loss: 0.4434, Train AUC: 0.6058, Val AUC: 0.7172
Early stopping for feature uniport_esm at epoch 26
Best Train AUC for feature uniport_esm: 0.5449
Best Val AUC for feature uniport_esm: 0.7085
ICD10_N46 86
train test split
early fusion
early fusion validation auc: 0.7650316455696202
mid fusion
early fusion validation auc: 0.9762658227848101
later fusion
ICD10_N80 151
train test split
early fusion
early fusion validation auc: 0.835
mid fusion
Epoch 1/100, Train Loss: 0.4618, Val Loss: 0.4592, Train AUC: 0.5090, Val AUC: 0.8149
Epoch 2/100, Train Loss: 0.4563, Val Loss: 0.4479, Train AUC: 0.5680, Val AUC: 0.8376
Epoch 3/100, Train Loss: 0.4469, Val Loss: 0.4367, Train AUC: 0.5757, Val AUC: 0.8516
Epoch 4/100, Train Loss: 0.4383, Val Loss: 0.4294, Train AUC: 0.6549, Val AUC: 0.8484
Epoch 5/100, Train Loss: 0.4235, Val Loss: 0.3905, Train AUC: 0.7049, Val AUC: 0.8602
Epoch 6/100, Train Loss: 0.4089, Val Loss: 0.3893, Train AUC: 0.7263, Val AUC: 0.8767
Epoch 7/100, Train Loss: 0.3886, Val Loss: 0.3379, Train AUC: 0.7652, Val AUC: 0.8809
Epoch 8/100, Train Loss: 0.3683, Val Loss: 0.3368, Train AUC: 0.7988, Val AUC: 0.8831
Epoch 9/100, Train Loss: 0.3575, Val Loss: 0.3761, Train AUC: 0.8065, Val AUC: 0.8973
Epoch 10/100, Train Loss: 0.3554, Val Loss: 0.3191, Train AUC: 0.8173, Val AUC: 0.9093
Epoch 11/100, Train Loss: 0.3435, Val Loss: 0.2912, Train AUC: 0.8336, Val AUC: 0.9051
Epoch 12/100, Train Loss: 0.3165, Val Loss: 0.2829, Train AUC: 0.8642, Val AUC: 0.9113
Epoch 13/100, Train Loss: 0.3315, Val Loss: 0.3380, Train AUC: 0.8430, Val AUC: 0.9078
Epoch 14/100, Train Loss: 0.3215, Val Loss: 0.3122, Train AUC: 0.8562, Val AUC: 0.9147
Epoch 15/100, Train Loss: 0.3220, Val Loss: 0.3036, Train AUC: 0.8487, Val AUC: 0.9058
Epoch 16/100, Train Loss: 0.3025, Val Loss: 0.2764, Train AUC: 0.8777, Val AUC: 0.9096
Epoch 17/100, Train Loss: 0.2994, Val Loss: 0.3049, Train AUC: 0.8752, Val AUC: 0.9178
Epoch 18/100, Train Loss: 0.2956, Val Loss: 0.2999, Train AUC: 0.8830, Val AUC: 0.9169
Epoch 19/100, Train Loss: 0.2797, Val Loss: 0.2719, Train AUC: 0.8973, Val AUC: 0.9187
Epoch 20/100, Train Loss: 0.3008, Val Loss: 0.3133, Train AUC: 0.8785, Val AUC: 0.8956
Epoch 21/100, Train Loss: 0.2837, Val Loss: 0.3075, Train AUC: 0.8905, Val AUC: 0.9109
Epoch 22/100, Train Loss: 0.2667, Val Loss: 0.2763, Train AUC: 0.9060, Val AUC: 0.9178
Epoch 23/100, Train Loss: 0.3260, Val Loss: 0.3304, Train AUC: 0.8538, Val AUC: 0.9007
Epoch 24/100, Train Loss: 0.3168, Val Loss: 0.3137, Train AUC: 0.8585, Val AUC: 0.9098
Epoch 25/100, Train Loss: 0.2730, Val Loss: 0.2640, Train AUC: 0.9055, Val AUC: 0.9213
Epoch 26/100, Train Loss: 0.2864, Val Loss: 0.4007, Train AUC: 0.8874, Val AUC: 0.9136
Epoch 27/100, Train Loss: 0.2685, Val Loss: 0.2681, Train AUC: 0.9074, Val AUC: 0.9169
Epoch 28/100, Train Loss: 0.2534, Val Loss: 0.2696, Train AUC: 0.9195, Val AUC: 0.9171
Epoch 29/100, Train Loss: 0.2588, Val Loss: 0.2831, Train AUC: 0.9163, Val AUC: 0.9060
Epoch 30/100, Train Loss: 0.2462, Val Loss: 0.2807, Train AUC: 0.9231, Val AUC: 0.9080
Epoch 31/100, Train Loss: 0.2355, Val Loss: 0.2858, Train AUC: 0.9344, Val AUC: 0.9160
Epoch 32/100, Train Loss: 0.2753, Val Loss: 0.2856, Train AUC: 0.9008, Val AUC: 0.9127
Epoch 33/100, Train Loss: 0.2339, Val Loss: 0.2790, Train AUC: 0.9356, Val AUC: 0.9064
Early stopping triggered at epoch 33
Best Train AUC: 0.9055, Best Val AUC: 0.9213
Epoch 1/100, Train Loss: 0.4610, Val Loss: 0.4494, Train AUC: 0.5214, Val AUC: 0.6896
Epoch 2/100, Train Loss: 0.4464, Val Loss: 0.4484, Train AUC: 0.6217, Val AUC: 0.7658
Epoch 3/100, Train Loss: 0.4432, Val Loss: 0.4361, Train AUC: 0.6273, Val AUC: 0.8056
Epoch 4/100, Train Loss: 0.4372, Val Loss: 0.4286, Train AUC: 0.6374, Val AUC: 0.8182
Epoch 5/100, Train Loss: 0.4191, Val Loss: 0.4044, Train AUC: 0.7041, Val AUC: 0.8267
Epoch 6/100, Train Loss: 0.3903, Val Loss: 0.3885, Train AUC: 0.7852, Val AUC: 0.8322
Epoch 7/100, Train Loss: 0.3895, Val Loss: 0.3624, Train AUC: 0.7645, Val AUC: 0.8324
Epoch 8/100, Train Loss: 0.3823, Val Loss: 0.3615, Train AUC: 0.7732, Val AUC: 0.8324
Epoch 9/100, Train Loss: 0.3517, Val Loss: 0.3563, Train AUC: 0.8326, Val AUC: 0.8353
Epoch 10/100, Train Loss: 0.3450, Val Loss: 0.3583, Train AUC: 0.8317, Val AUC: 0.8231
Epoch 11/100, Train Loss: 0.3591, Val Loss: 0.3415, Train AUC: 0.8095, Val AUC: 0.8536
Epoch 12/100, Train Loss: 0.3674, Val Loss: 0.3448, Train AUC: 0.8012, Val AUC: 0.8591
Epoch 13/100, Train Loss: 0.3538, Val Loss: 0.3302, Train AUC: 0.8153, Val AUC: 0.8611
Epoch 14/100, Train Loss: 0.3210, Val Loss: 0.3399, Train AUC: 0.8641, Val AUC: 0.8509
Epoch 15/100, Train Loss: 0.3289, Val Loss: 0.3445, Train AUC: 0.8529, Val AUC: 0.8564
Epoch 16/100, Train Loss: 0.3418, Val Loss: 0.3427, Train AUC: 0.8334, Val AUC: 0.8613
Epoch 17/100, Train Loss: 0.3324, Val Loss: 0.3345, Train AUC: 0.8449, Val AUC: 0.8616
Epoch 18/100, Train Loss: 0.3075, Val Loss: 0.3259, Train AUC: 0.8751, Val AUC: 0.8656
Epoch 19/100, Train Loss: 0.3025, Val Loss: 0.3185, Train AUC: 0.8789, Val AUC: 0.8653
Epoch 20/100, Train Loss: 0.2946, Val Loss: 0.3123, Train AUC: 0.8874, Val AUC: 0.8749
Epoch 21/100, Train Loss: 0.2908, Val Loss: 0.3144, Train AUC: 0.8931, Val AUC: 0.8691
Epoch 22/100, Train Loss: 0.2887, Val Loss: 0.3232, Train AUC: 0.8942, Val AUC: 0.8627
Epoch 23/100, Train Loss: 0.3068, Val Loss: 0.4205, Train AUC: 0.8724, Val AUC: 0.8682
Epoch 24/100, Train Loss: 0.3132, Val Loss: 0.3068, Train AUC: 0.8639, Val AUC: 0.8776
Epoch 25/100, Train Loss: 0.2739, Val Loss: 0.3811, Train AUC: 0.9034, Val AUC: 0.8769
Epoch 26/100, Train Loss: 0.2908, Val Loss: 0.3311, Train AUC: 0.8892, Val AUC: 0.8722
Epoch 27/100, Train Loss: 0.2645, Val Loss: 0.3140, Train AUC: 0.9124, Val AUC: 0.8720
Epoch 28/100, Train Loss: 0.2911, Val Loss: 0.3230, Train AUC: 0.8874, Val AUC: 0.8724
Epoch 29/100, Train Loss: 0.2679, Val Loss: 0.3186, Train AUC: 0.9101, Val AUC: 0.8731
Epoch 30/100, Train Loss: 0.2490, Val Loss: 0.3220, Train AUC: 0.9217, Val AUC: 0.8638
Epoch 31/100, Train Loss: 0.2623, Val Loss: 0.4031, Train AUC: 0.9158, Val AUC: 0.8678
Epoch 32/100, Train Loss: 0.2905, Val Loss: 0.3788, Train AUC: 0.8885, Val AUC: 0.8736
Early stopping triggered at epoch 32
Best Train AUC: 0.8639, Best Val AUC: 0.8776
early fusion validation auc: 0.8994444444444445
later fusion
Feature: uniport_ppi_2019, Epoch 1/100, Train Loss: 0.4959, Val Loss: 0.4502, Train AUC: 0.4813, Val AUC: 0.6469
Feature: uniport_ppi_2019, Epoch 2/100, Train Loss: 0.4572, Val Loss: 0.4477, Train AUC: 0.5178, Val AUC: 0.7382
Feature: uniport_ppi_2019, Epoch 3/100, Train Loss: 0.4660, Val Loss: 0.4483, Train AUC: 0.4806, Val AUC: 0.7764
Feature: uniport_ppi_2019, Epoch 4/100, Train Loss: 0.4559, Val Loss: 0.4457, Train AUC: 0.5332, Val AUC: 0.8062
Feature: uniport_ppi_2019, Epoch 5/100, Train Loss: 0.4564, Val Loss: 0.4448, Train AUC: 0.5181, Val AUC: 0.8340
Feature: uniport_ppi_2019, Epoch 6/100, Train Loss: 0.4534, Val Loss: 0.4446, Train AUC: 0.5424, Val AUC: 0.8418
Feature: uniport_ppi_2019, Epoch 7/100, Train Loss: 0.4592, Val Loss: 0.4430, Train AUC: 0.5014, Val AUC: 0.8633
Feature: uniport_ppi_2019, Epoch 8/100, Train Loss: 0.4558, Val Loss: 0.4423, Train AUC: 0.5250, Val AUC: 0.8738
Feature: uniport_ppi_2019, Epoch 9/100, Train Loss: 0.4508, Val Loss: 0.4404, Train AUC: 0.5690, Val AUC: 0.8720
Feature: uniport_ppi_2019, Epoch 10/100, Train Loss: 0.4550, Val Loss: 0.4371, Train AUC: 0.5329, Val AUC: 0.8769
Feature: uniport_ppi_2019, Epoch 11/100, Train Loss: 0.4503, Val Loss: 0.4344, Train AUC: 0.5544, Val AUC: 0.8813
Feature: uniport_ppi_2019, Epoch 12/100, Train Loss: 0.4431, Val Loss: 0.4356, Train AUC: 0.6001, Val AUC: 0.8851
Feature: uniport_ppi_2019, Epoch 13/100, Train Loss: 0.4479, Val Loss: 0.4358, Train AUC: 0.5935, Val AUC: 0.8904
Feature: uniport_ppi_2019, Epoch 14/100, Train Loss: 0.4410, Val Loss: 0.4273, Train AUC: 0.6196, Val AUC: 0.8916
Feature: uniport_ppi_2019, Epoch 15/100, Train Loss: 0.4446, Val Loss: 0.4189, Train AUC: 0.5965, Val AUC: 0.8944
Feature: uniport_ppi_2019, Epoch 16/100, Train Loss: 0.4396, Val Loss: 0.4244, Train AUC: 0.6055, Val AUC: 0.8873
Feature: uniport_ppi_2019, Epoch 17/100, Train Loss: 0.4218, Val Loss: 0.3965, Train AUC: 0.6821, Val AUC: 0.8940
Feature: uniport_ppi_2019, Epoch 18/100, Train Loss: 0.4318, Val Loss: 0.3726, Train AUC: 0.6589, Val AUC: 0.8973
Feature: uniport_ppi_2019, Epoch 19/100, Train Loss: 0.4006, Val Loss: 0.3595, Train AUC: 0.7438, Val AUC: 0.8956
Feature: uniport_ppi_2019, Epoch 20/100, Train Loss: 0.4187, Val Loss: 0.3809, Train AUC: 0.6907, Val AUC: 0.9042
Feature: uniport_ppi_2019, Epoch 21/100, Train Loss: 0.4146, Val Loss: 0.3602, Train AUC: 0.7056, Val AUC: 0.9044
Feature: uniport_ppi_2019, Epoch 22/100, Train Loss: 0.4047, Val Loss: 0.3776, Train AUC: 0.7317, Val AUC: 0.9029
Feature: uniport_ppi_2019, Epoch 23/100, Train Loss: 0.4177, Val Loss: 0.3795, Train AUC: 0.7032, Val AUC: 0.9080
Feature: uniport_ppi_2019, Epoch 24/100, Train Loss: 0.4089, Val Loss: 0.3931, Train AUC: 0.7152, Val AUC: 0.9016
Early stopping for feature uniport_ppi_2019 at epoch 24
Best Train AUC for feature uniport_ppi_2019: 0.7438
Best Val AUC for feature uniport_ppi_2019: 0.8956
Feature: ppi_2019_dw_40, Epoch 1/100, Train Loss: 0.4720, Val Loss: 0.4455, Train AUC: 0.5093, Val AUC: 0.7720
Feature: ppi_2019_dw_40, Epoch 2/100, Train Loss: 0.4710, Val Loss: 0.4473, Train AUC: 0.4679, Val AUC: 0.8391
Feature: ppi_2019_dw_40, Epoch 3/100, Train Loss: 0.4577, Val Loss: 0.4453, Train AUC: 0.5385, Val AUC: 0.8529
Feature: ppi_2019_dw_40, Epoch 4/100, Train Loss: 0.4455, Val Loss: 0.4443, Train AUC: 0.5912, Val AUC: 0.8671
Feature: ppi_2019_dw_40, Epoch 5/100, Train Loss: 0.4540, Val Loss: 0.4427, Train AUC: 0.5365, Val AUC: 0.8696
Feature: ppi_2019_dw_40, Epoch 6/100, Train Loss: 0.4522, Val Loss: 0.4415, Train AUC: 0.5525, Val AUC: 0.8720
Feature: ppi_2019_dw_40, Epoch 7/100, Train Loss: 0.4590, Val Loss: 0.4405, Train AUC: 0.5161, Val AUC: 0.8758
Feature: ppi_2019_dw_40, Epoch 8/100, Train Loss: 0.4497, Val Loss: 0.4372, Train AUC: 0.5533, Val AUC: 0.8891
Feature: ppi_2019_dw_40, Epoch 9/100, Train Loss: 0.4558, Val Loss: 0.4342, Train AUC: 0.5340, Val AUC: 0.8896
Feature: ppi_2019_dw_40, Epoch 10/100, Train Loss: 0.4458, Val Loss: 0.4289, Train AUC: 0.5926, Val AUC: 0.8927
Feature: ppi_2019_dw_40, Epoch 11/100, Train Loss: 0.4376, Val Loss: 0.4234, Train AUC: 0.6232, Val AUC: 0.8918
Feature: ppi_2019_dw_40, Epoch 12/100, Train Loss: 0.4404, Val Loss: 0.4213, Train AUC: 0.6248, Val AUC: 0.8902
Feature: ppi_2019_dw_40, Epoch 13/100, Train Loss: 0.4306, Val Loss: 0.4018, Train AUC: 0.6572, Val AUC: 0.8918
Feature: ppi_2019_dw_40, Epoch 14/100, Train Loss: 0.4178, Val Loss: 0.3941, Train AUC: 0.6980, Val AUC: 0.8971
Feature: ppi_2019_dw_40, Epoch 15/100, Train Loss: 0.4419, Val Loss: 0.4257, Train AUC: 0.6250, Val AUC: 0.8931
Feature: ppi_2019_dw_40, Epoch 16/100, Train Loss: 0.4452, Val Loss: 0.3978, Train AUC: 0.6077, Val AUC: 0.8960
Feature: ppi_2019_dw_40, Epoch 17/100, Train Loss: 0.4122, Val Loss: 0.3771, Train AUC: 0.7199, Val AUC: 0.8940
Feature: ppi_2019_dw_40, Epoch 18/100, Train Loss: 0.3980, Val Loss: 0.3472, Train AUC: 0.7559, Val AUC: 0.9011
Feature: ppi_2019_dw_40, Epoch 19/100, Train Loss: 0.3864, Val Loss: 0.3412, Train AUC: 0.7580, Val AUC: 0.8949
Feature: ppi_2019_dw_40, Epoch 20/100, Train Loss: 0.3762, Val Loss: 0.3385, Train AUC: 0.7826, Val AUC: 0.8969
Feature: ppi_2019_dw_40, Epoch 21/100, Train Loss: 0.3805, Val Loss: 0.3537, Train AUC: 0.7845, Val AUC: 0.8918
Feature: ppi_2019_dw_40, Epoch 22/100, Train Loss: 0.3860, Val Loss: 0.3535, Train AUC: 0.7659, Val AUC: 0.8869
Feature: ppi_2019_dw_40, Epoch 23/100, Train Loss: 0.3732, Val Loss: 0.3338, Train AUC: 0.7811, Val AUC: 0.8940
Feature: ppi_2019_dw_40, Epoch 24/100, Train Loss: 0.3693, Val Loss: 0.3176, Train AUC: 0.7949, Val AUC: 0.8929
Feature: ppi_2019_dw_40, Epoch 25/100, Train Loss: 0.3704, Val Loss: 0.3237, Train AUC: 0.7880, Val AUC: 0.8940
Feature: ppi_2019_dw_40, Epoch 26/100, Train Loss: 0.3820, Val Loss: 0.3181, Train AUC: 0.7699, Val AUC: 0.8976
Feature: ppi_2019_dw_40, Epoch 27/100, Train Loss: 0.3706, Val Loss: 0.3298, Train AUC: 0.7958, Val AUC: 0.8967
Feature: ppi_2019_dw_40, Epoch 28/100, Train Loss: 0.3609, Val Loss: 0.3239, Train AUC: 0.8127, Val AUC: 0.8973
Feature: ppi_2019_dw_40, Epoch 29/100, Train Loss: 0.3531, Val Loss: 0.3095, Train AUC: 0.8182, Val AUC: 0.8953
Feature: ppi_2019_dw_40, Epoch 30/100, Train Loss: 0.3595, Val Loss: 0.3126, Train AUC: 0.8143, Val AUC: 0.8918
Feature: ppi_2019_dw_40, Epoch 31/100, Train Loss: 0.3498, Val Loss: 0.3039, Train AUC: 0.8195, Val AUC: 0.8920
Feature: ppi_2019_dw_40, Epoch 32/100, Train Loss: 0.3580, Val Loss: 0.3264, Train AUC: 0.8120, Val AUC: 0.8949
Feature: ppi_2019_dw_40, Epoch 33/100, Train Loss: 0.3780, Val Loss: 0.3540, Train AUC: 0.7821, Val AUC: 0.9031
Feature: ppi_2019_dw_40, Epoch 34/100, Train Loss: 0.3572, Val Loss: 0.3229, Train AUC: 0.8090, Val AUC: 0.8969
Feature: ppi_2019_dw_40, Epoch 35/100, Train Loss: 0.3482, Val Loss: 0.3167, Train AUC: 0.8205, Val AUC: 0.8956
Feature: ppi_2019_dw_40, Epoch 36/100, Train Loss: 0.3566, Val Loss: 0.3128, Train AUC: 0.8084, Val AUC: 0.8949
Early stopping for feature ppi_2019_dw_40 at epoch 36
Best Train AUC for feature ppi_2019_dw_40: 0.8195
Best Val AUC for feature ppi_2019_dw_40: 0.8920
Feature: uniport_bio, Epoch 1/100, Train Loss: 0.4760, Val Loss: 0.4471, Train AUC: 0.5472, Val AUC: 0.6964
Feature: uniport_bio, Epoch 2/100, Train Loss: 0.4544, Val Loss: 0.4456, Train AUC: 0.5499, Val AUC: 0.7593
Feature: uniport_bio, Epoch 3/100, Train Loss: 0.4585, Val Loss: 0.4444, Train AUC: 0.5270, Val AUC: 0.7893
Feature: uniport_bio, Epoch 4/100, Train Loss: 0.4618, Val Loss: 0.4437, Train AUC: 0.5091, Val AUC: 0.8167
Feature: uniport_bio, Epoch 5/100, Train Loss: 0.4574, Val Loss: 0.4417, Train AUC: 0.5035, Val AUC: 0.8302
Feature: uniport_bio, Epoch 6/100, Train Loss: 0.4546, Val Loss: 0.4405, Train AUC: 0.5257, Val AUC: 0.8393
Feature: uniport_bio, Epoch 7/100, Train Loss: 0.4540, Val Loss: 0.4386, Train AUC: 0.5337, Val AUC: 0.8451
Feature: uniport_bio, Epoch 8/100, Train Loss: 0.4426, Val Loss: 0.4349, Train AUC: 0.6004, Val AUC: 0.8467
Feature: uniport_bio, Epoch 9/100, Train Loss: 0.4590, Val Loss: 0.4319, Train AUC: 0.5241, Val AUC: 0.8518
Feature: uniport_bio, Epoch 10/100, Train Loss: 0.4471, Val Loss: 0.4276, Train AUC: 0.5683, Val AUC: 0.8533
Feature: uniport_bio, Epoch 11/100, Train Loss: 0.4360, Val Loss: 0.4200, Train AUC: 0.6312, Val AUC: 0.8687
Feature: uniport_bio, Epoch 12/100, Train Loss: 0.4335, Val Loss: 0.4195, Train AUC: 0.6417, Val AUC: 0.8649
Feature: uniport_bio, Epoch 13/100, Train Loss: 0.4482, Val Loss: 0.4148, Train AUC: 0.5897, Val AUC: 0.8616
Feature: uniport_bio, Epoch 14/100, Train Loss: 0.4382, Val Loss: 0.4071, Train AUC: 0.6274, Val AUC: 0.8636
Feature: uniport_bio, Epoch 15/100, Train Loss: 0.4230, Val Loss: 0.4311, Train AUC: 0.6660, Val AUC: 0.8620
Feature: uniport_bio, Epoch 16/100, Train Loss: 0.4427, Val Loss: 0.4182, Train AUC: 0.6149, Val AUC: 0.8660
Feature: uniport_bio, Epoch 17/100, Train Loss: 0.4264, Val Loss: 0.4099, Train AUC: 0.6647, Val AUC: 0.8682
Feature: uniport_bio, Epoch 18/100, Train Loss: 0.4439, Val Loss: 0.3997, Train AUC: 0.6287, Val AUC: 0.8724
Feature: uniport_bio, Epoch 19/100, Train Loss: 0.4180, Val Loss: 0.3802, Train AUC: 0.6927, Val AUC: 0.8727
Feature: uniport_bio, Epoch 20/100, Train Loss: 0.4173, Val Loss: 0.3734, Train AUC: 0.6975, Val AUC: 0.8747
Feature: uniport_bio, Epoch 21/100, Train Loss: 0.4013, Val Loss: 0.3707, Train AUC: 0.7314, Val AUC: 0.8751
Feature: uniport_bio, Epoch 22/100, Train Loss: 0.4166, Val Loss: 0.3634, Train AUC: 0.7056, Val AUC: 0.8776
Feature: uniport_bio, Epoch 23/100, Train Loss: 0.4003, Val Loss: 0.3613, Train AUC: 0.7328, Val AUC: 0.8784
Feature: uniport_bio, Epoch 24/100, Train Loss: 0.4183, Val Loss: 0.3690, Train AUC: 0.6903, Val AUC: 0.8744
Feature: uniport_bio, Epoch 25/100, Train Loss: 0.3994, Val Loss: 0.3416, Train AUC: 0.7383, Val AUC: 0.8787
Feature: uniport_bio, Epoch 26/100, Train Loss: 0.3911, Val Loss: 0.3558, Train AUC: 0.7551, Val AUC: 0.8800
Feature: uniport_bio, Epoch 27/100, Train Loss: 0.4054, Val Loss: 0.3578, Train AUC: 0.7297, Val AUC: 0.8789
Feature: uniport_bio, Epoch 28/100, Train Loss: 0.4073, Val Loss: 0.3418, Train AUC: 0.7225, Val AUC: 0.8760
Feature: uniport_bio, Epoch 29/100, Train Loss: 0.3892, Val Loss: 0.3347, Train AUC: 0.7594, Val AUC: 0.8851
Feature: uniport_bio, Epoch 30/100, Train Loss: 0.3875, Val Loss: 0.3346, Train AUC: 0.7620, Val AUC: 0.8847
Feature: uniport_bio, Epoch 31/100, Train Loss: 0.3847, Val Loss: 0.3322, Train AUC: 0.7685, Val AUC: 0.8878
Feature: uniport_bio, Epoch 32/100, Train Loss: 0.3985, Val Loss: 0.3528, Train AUC: 0.7415, Val AUC: 0.8813
Feature: uniport_bio, Epoch 33/100, Train Loss: 0.4175, Val Loss: 0.3710, Train AUC: 0.7010, Val AUC: 0.8778
Feature: uniport_bio, Epoch 34/100, Train Loss: 0.4118, Val Loss: 0.3572, Train AUC: 0.7050, Val AUC: 0.8787
Feature: uniport_bio, Epoch 35/100, Train Loss: 0.3922, Val Loss: 0.3416, Train AUC: 0.7511, Val AUC: 0.8789
Feature: uniport_bio, Epoch 36/100, Train Loss: 0.3692, Val Loss: 0.3266, Train AUC: 0.7949, Val AUC: 0.8847
Feature: uniport_bio, Epoch 37/100, Train Loss: 0.3738, Val Loss: 0.3251, Train AUC: 0.7881, Val AUC: 0.8813
Feature: uniport_bio, Epoch 38/100, Train Loss: 0.3723, Val Loss: 0.3306, Train AUC: 0.7867, Val AUC: 0.8829
Feature: uniport_bio, Epoch 39/100, Train Loss: 0.3759, Val Loss: 0.3311, Train AUC: 0.7824, Val AUC: 0.8851
Feature: uniport_bio, Epoch 40/100, Train Loss: 0.3664, Val Loss: 0.3224, Train AUC: 0.7953, Val AUC: 0.8873
Feature: uniport_bio, Epoch 41/100, Train Loss: 0.3700, Val Loss: 0.3350, Train AUC: 0.7913, Val AUC: 0.8858
Feature: uniport_bio, Epoch 42/100, Train Loss: 0.3758, Val Loss: 0.3440, Train AUC: 0.7800, Val AUC: 0.8849
Feature: uniport_bio, Epoch 43/100, Train Loss: 0.3837, Val Loss: 0.3363, Train AUC: 0.7667, Val AUC: 0.8831
Feature: uniport_bio, Epoch 44/100, Train Loss: 0.3651, Val Loss: 0.3165, Train AUC: 0.7976, Val AUC: 0.8753
Feature: uniport_bio, Epoch 45/100, Train Loss: 0.3858, Val Loss: 0.3361, Train AUC: 0.7666, Val AUC: 0.8824
Feature: uniport_bio, Epoch 46/100, Train Loss: 0.3601, Val Loss: 0.3204, Train AUC: 0.8077, Val AUC: 0.8876
Feature: uniport_bio, Epoch 47/100, Train Loss: 0.3685, Val Loss: 0.3262, Train AUC: 0.7940, Val AUC: 0.8869
Feature: uniport_bio, Epoch 48/100, Train Loss: 0.3585, Val Loss: 0.3206, Train AUC: 0.8097, Val AUC: 0.8891
Feature: uniport_bio, Epoch 49/100, Train Loss: 0.3662, Val Loss: 0.3135, Train AUC: 0.7994, Val AUC: 0.8880
Feature: uniport_bio, Epoch 50/100, Train Loss: 0.3653, Val Loss: 0.3438, Train AUC: 0.8022, Val AUC: 0.8751
Feature: uniport_bio, Epoch 51/100, Train Loss: 0.3747, Val Loss: 0.3346, Train AUC: 0.7849, Val AUC: 0.8793
Feature: uniport_bio, Epoch 52/100, Train Loss: 0.3598, Val Loss: 0.3266, Train AUC: 0.8137, Val AUC: 0.8847
Feature: uniport_bio, Epoch 53/100, Train Loss: 0.3802, Val Loss: 0.3380, Train AUC: 0.7679, Val AUC: 0.8856
Feature: uniport_bio, Epoch 54/100, Train Loss: 0.3594, Val Loss: 0.3141, Train AUC: 0.8106, Val AUC: 0.8856
Early stopping for feature uniport_bio at epoch 54
Best Train AUC for feature uniport_bio: 0.7994
Best Val AUC for feature uniport_bio: 0.8880
Feature: uniport_seq, Epoch 1/100, Train Loss: 0.4760, Val Loss: 0.4506, Train AUC: 0.4687, Val AUC: 0.5958
Feature: uniport_seq, Epoch 2/100, Train Loss: 0.4531, Val Loss: 0.4510, Train AUC: 0.5442, Val AUC: 0.7222
Feature: uniport_seq, Epoch 3/100, Train Loss: 0.4499, Val Loss: 0.4505, Train AUC: 0.5560, Val AUC: 0.7398
Feature: uniport_seq, Epoch 4/100, Train Loss: 0.4647, Val Loss: 0.4509, Train AUC: 0.4798, Val AUC: 0.7547
Feature: uniport_seq, Epoch 5/100, Train Loss: 0.4632, Val Loss: 0.4497, Train AUC: 0.4795, Val AUC: 0.7776
Feature: uniport_seq, Epoch 6/100, Train Loss: 0.4625, Val Loss: 0.4499, Train AUC: 0.4840, Val AUC: 0.7709
Feature: uniport_seq, Epoch 7/100, Train Loss: 0.4558, Val Loss: 0.4495, Train AUC: 0.5166, Val AUC: 0.7680
Feature: uniport_seq, Epoch 8/100, Train Loss: 0.4577, Val Loss: 0.4497, Train AUC: 0.5163, Val AUC: 0.7756
Feature: uniport_seq, Epoch 9/100, Train Loss: 0.4711, Val Loss: 0.4497, Train AUC: 0.4303, Val AUC: 0.7707
Feature: uniport_seq, Epoch 10/100, Train Loss: 0.4529, Val Loss: 0.4493, Train AUC: 0.5334, Val AUC: 0.7762
Feature: uniport_seq, Epoch 11/100, Train Loss: 0.4613, Val Loss: 0.4496, Train AUC: 0.4953, Val AUC: 0.7791
Feature: uniport_seq, Epoch 12/100, Train Loss: 0.4552, Val Loss: 0.4492, Train AUC: 0.5234, Val AUC: 0.7758
Feature: uniport_seq, Epoch 13/100, Train Loss: 0.4560, Val Loss: 0.4490, Train AUC: 0.5182, Val AUC: 0.7796
Feature: uniport_seq, Epoch 14/100, Train Loss: 0.4587, Val Loss: 0.4492, Train AUC: 0.5008, Val AUC: 0.7704
Feature: uniport_seq, Epoch 15/100, Train Loss: 0.4564, Val Loss: 0.4488, Train AUC: 0.5041, Val AUC: 0.7807
Feature: uniport_seq, Epoch 16/100, Train Loss: 0.4544, Val Loss: 0.4486, Train AUC: 0.5175, Val AUC: 0.7827
Feature: uniport_seq, Epoch 17/100, Train Loss: 0.4573, Val Loss: 0.4485, Train AUC: 0.5061, Val AUC: 0.7820
Feature: uniport_seq, Epoch 18/100, Train Loss: 0.4558, Val Loss: 0.4482, Train AUC: 0.5246, Val AUC: 0.7851
Feature: uniport_seq, Epoch 19/100, Train Loss: 0.4510, Val Loss: 0.4480, Train AUC: 0.5503, Val AUC: 0.7778
Feature: uniport_seq, Epoch 20/100, Train Loss: 0.4594, Val Loss: 0.4481, Train AUC: 0.5052, Val AUC: 0.7740
Feature: uniport_seq, Epoch 21/100, Train Loss: 0.4593, Val Loss: 0.4479, Train AUC: 0.5009, Val AUC: 0.7793
Feature: uniport_seq, Epoch 22/100, Train Loss: 0.4625, Val Loss: 0.4482, Train AUC: 0.4809, Val AUC: 0.7789
Feature: uniport_seq, Epoch 23/100, Train Loss: 0.4539, Val Loss: 0.4473, Train AUC: 0.5345, Val AUC: 0.7793
Feature: uniport_seq, Epoch 24/100, Train Loss: 0.4542, Val Loss: 0.4474, Train AUC: 0.5236, Val AUC: 0.7716
Feature: uniport_seq, Epoch 25/100, Train Loss: 0.4552, Val Loss: 0.4470, Train AUC: 0.5105, Val AUC: 0.7647
Feature: uniport_seq, Epoch 26/100, Train Loss: 0.4607, Val Loss: 0.4473, Train AUC: 0.4908, Val AUC: 0.7718
Feature: uniport_seq, Epoch 27/100, Train Loss: 0.4569, Val Loss: 0.4469, Train AUC: 0.5082, Val AUC: 0.7720
Feature: uniport_seq, Epoch 28/100, Train Loss: 0.4579, Val Loss: 0.4468, Train AUC: 0.4985, Val AUC: 0.7769
Feature: uniport_seq, Epoch 29/100, Train Loss: 0.4536, Val Loss: 0.4463, Train AUC: 0.5507, Val AUC: 0.7827
Feature: uniport_seq, Epoch 30/100, Train Loss: 0.4468, Val Loss: 0.4467, Train AUC: 0.5784, Val AUC: 0.7847
Feature: uniport_seq, Epoch 31/100, Train Loss: 0.4518, Val Loss: 0.4462, Train AUC: 0.5391, Val AUC: 0.7842
Feature: uniport_seq, Epoch 32/100, Train Loss: 0.4626, Val Loss: 0.4465, Train AUC: 0.4899, Val AUC: 0.7847
Feature: uniport_seq, Epoch 33/100, Train Loss: 0.4659, Val Loss: 0.4470, Train AUC: 0.4870, Val AUC: 0.7767
Feature: uniport_seq, Epoch 34/100, Train Loss: 0.4530, Val Loss: 0.4479, Train AUC: 0.5420, Val AUC: 0.7760
Feature: uniport_seq, Epoch 35/100, Train Loss: 0.4477, Val Loss: 0.4480, Train AUC: 0.5691, Val AUC: 0.7749
Feature: uniport_seq, Epoch 36/100, Train Loss: 0.4523, Val Loss: 0.4465, Train AUC: 0.5448, Val AUC: 0.7756
Early stopping for feature uniport_seq at epoch 36
Best Train AUC for feature uniport_seq: 0.5391
Best Val AUC for feature uniport_seq: 0.7842
Feature: uniport_esm, Epoch 1/100, Train Loss: 0.4746, Val Loss: 0.4583, Train AUC: 0.5242, Val AUC: 0.6513
Feature: uniport_esm, Epoch 2/100, Train Loss: 0.4563, Val Loss: 0.4509, Train AUC: 0.5444, Val AUC: 0.6282
Feature: uniport_esm, Epoch 3/100, Train Loss: 0.4618, Val Loss: 0.4495, Train AUC: 0.4908, Val AUC: 0.6169
Feature: uniport_esm, Epoch 4/100, Train Loss: 0.4691, Val Loss: 0.4496, Train AUC: 0.4580, Val AUC: 0.6182
Feature: uniport_esm, Epoch 5/100, Train Loss: 0.4631, Val Loss: 0.4496, Train AUC: 0.4820, Val AUC: 0.6042
Feature: uniport_esm, Epoch 6/100, Train Loss: 0.4532, Val Loss: 0.4492, Train AUC: 0.5375, Val AUC: 0.6136
Feature: uniport_esm, Epoch 7/100, Train Loss: 0.4543, Val Loss: 0.4491, Train AUC: 0.5380, Val AUC: 0.6169
Feature: uniport_esm, Epoch 8/100, Train Loss: 0.4529, Val Loss: 0.4489, Train AUC: 0.5492, Val AUC: 0.6129
Feature: uniport_esm, Epoch 9/100, Train Loss: 0.4521, Val Loss: 0.4504, Train AUC: 0.5611, Val AUC: 0.6118
Feature: uniport_esm, Epoch 10/100, Train Loss: 0.4615, Val Loss: 0.4484, Train AUC: 0.4986, Val AUC: 0.6184
Feature: uniport_esm, Epoch 11/100, Train Loss: 0.4566, Val Loss: 0.4489, Train AUC: 0.5144, Val AUC: 0.6216
Feature: uniport_esm, Epoch 12/100, Train Loss: 0.4584, Val Loss: 0.4481, Train AUC: 0.5108, Val AUC: 0.6158
Feature: uniport_esm, Epoch 13/100, Train Loss: 0.4548, Val Loss: 0.4489, Train AUC: 0.5392, Val AUC: 0.6118
Feature: uniport_esm, Epoch 14/100, Train Loss: 0.4530, Val Loss: 0.4481, Train AUC: 0.5408, Val AUC: 0.6091
Feature: uniport_esm, Epoch 15/100, Train Loss: 0.4554, Val Loss: 0.4502, Train AUC: 0.5159, Val AUC: 0.6064
Feature: uniport_esm, Epoch 16/100, Train Loss: 0.4446, Val Loss: 0.4477, Train AUC: 0.5924, Val AUC: 0.6176
Feature: uniport_esm, Epoch 17/100, Train Loss: 0.4551, Val Loss: 0.4493, Train AUC: 0.5249, Val AUC: 0.6187
Feature: uniport_esm, Epoch 18/100, Train Loss: 0.4530, Val Loss: 0.4466, Train AUC: 0.5390, Val AUC: 0.6224
Feature: uniport_esm, Epoch 19/100, Train Loss: 0.4601, Val Loss: 0.4466, Train AUC: 0.5036, Val AUC: 0.6220
Feature: uniport_esm, Epoch 20/100, Train Loss: 0.4397, Val Loss: 0.4469, Train AUC: 0.6142, Val AUC: 0.6200
Feature: uniport_esm, Epoch 21/100, Train Loss: 0.4498, Val Loss: 0.4454, Train AUC: 0.5577, Val AUC: 0.6222
Feature: uniport_esm, Epoch 22/100, Train Loss: 0.4529, Val Loss: 0.4457, Train AUC: 0.5560, Val AUC: 0.6220
Feature: uniport_esm, Epoch 23/100, Train Loss: 0.4507, Val Loss: 0.4453, Train AUC: 0.5677, Val AUC: 0.6269
Feature: uniport_esm, Epoch 24/100, Train Loss: 0.4545, Val Loss: 0.4426, Train AUC: 0.5388, Val AUC: 0.6296
Feature: uniport_esm, Epoch 25/100, Train Loss: 0.4442, Val Loss: 0.4447, Train AUC: 0.5902, Val AUC: 0.6358
Feature: uniport_esm, Epoch 26/100, Train Loss: 0.4623, Val Loss: 0.4409, Train AUC: 0.5248, Val AUC: 0.6384
Feature: uniport_esm, Epoch 27/100, Train Loss: 0.4605, Val Loss: 0.4414, Train AUC: 0.5270, Val AUC: 0.6424
Feature: uniport_esm, Epoch 28/100, Train Loss: 0.4562, Val Loss: 0.4403, Train AUC: 0.5373, Val AUC: 0.6476
Feature: uniport_esm, Epoch 29/100, Train Loss: 0.4534, Val Loss: 0.4485, Train AUC: 0.5578, Val AUC: 0.6589
Feature: uniport_esm, Epoch 30/100, Train Loss: 0.4538, Val Loss: 0.4479, Train AUC: 0.5617, Val AUC: 0.6504
Feature: uniport_esm, Epoch 31/100, Train Loss: 0.4516, Val Loss: 0.4427, Train AUC: 0.5557, Val AUC: 0.6542
Feature: uniport_esm, Epoch 32/100, Train Loss: 0.4478, Val Loss: 0.4426, Train AUC: 0.5860, Val AUC: 0.6531
Feature: uniport_esm, Epoch 33/100, Train Loss: 0.4438, Val Loss: 0.4387, Train AUC: 0.5924, Val AUC: 0.6527
Feature: uniport_esm, Epoch 34/100, Train Loss: 0.4453, Val Loss: 0.4421, Train AUC: 0.5865, Val AUC: 0.6527
Feature: uniport_esm, Epoch 35/100, Train Loss: 0.4354, Val Loss: 0.4418, Train AUC: 0.6298, Val AUC: 0.6551
Feature: uniport_esm, Epoch 36/100, Train Loss: 0.4580, Val Loss: 0.4360, Train AUC: 0.5467, Val AUC: 0.6598
Feature: uniport_esm, Epoch 37/100, Train Loss: 0.4342, Val Loss: 0.4365, Train AUC: 0.6355, Val AUC: 0.6649
Feature: uniport_esm, Epoch 38/100, Train Loss: 0.4318, Val Loss: 0.4303, Train AUC: 0.6621, Val AUC: 0.6640
Feature: uniport_esm, Epoch 39/100, Train Loss: 0.4303, Val Loss: 0.4281, Train AUC: 0.6562, Val AUC: 0.6773
Feature: uniport_esm, Epoch 40/100, Train Loss: 0.4296, Val Loss: 0.4264, Train AUC: 0.6536, Val AUC: 0.6818
Feature: uniport_esm, Epoch 41/100, Train Loss: 0.4422, Val Loss: 0.4334, Train AUC: 0.6174, Val AUC: 0.6938
Feature: uniport_esm, Epoch 42/100, Train Loss: 0.4509, Val Loss: 0.4629, Train AUC: 0.5792, Val AUC: 0.7013
Feature: uniport_esm, Epoch 43/100, Train Loss: 0.4362, Val Loss: 0.4372, Train AUC: 0.6465, Val AUC: 0.6951
Feature: uniport_esm, Epoch 44/100, Train Loss: 0.4373, Val Loss: 0.4235, Train AUC: 0.6165, Val AUC: 0.7013
Feature: uniport_esm, Epoch 45/100, Train Loss: 0.4091, Val Loss: 0.4122, Train AUC: 0.7179, Val AUC: 0.7111
Feature: uniport_esm, Epoch 46/100, Train Loss: 0.4093, Val Loss: 0.4207, Train AUC: 0.7204, Val AUC: 0.7140
Feature: uniport_esm, Epoch 47/100, Train Loss: 0.4481, Val Loss: 0.4302, Train AUC: 0.6064, Val AUC: 0.7129
Feature: uniport_esm, Epoch 48/100, Train Loss: 0.4313, Val Loss: 0.4406, Train AUC: 0.6481, Val AUC: 0.7356
Feature: uniport_esm, Epoch 49/100, Train Loss: 0.4426, Val Loss: 0.4303, Train AUC: 0.6152, Val AUC: 0.7304
Feature: uniport_esm, Epoch 50/100, Train Loss: 0.4180, Val Loss: 0.4297, Train AUC: 0.6985, Val AUC: 0.7396
Early stopping for feature uniport_esm at epoch 50
Best Train AUC for feature uniport_esm: 0.7179
Best Val AUC for feature uniport_esm: 0.7111
ICD10_N97 29
train test split
early fusion
Epoch 1/100, Train Loss: 0.5621, Val Loss: 0.4258, Train AUC: 0.4295, Val AUC: 0.5500
Epoch 2/100, Train Loss: 0.4781, Val Loss: 0.4265, Train AUC: 0.4766, Val AUC: 0.6143
Epoch 3/100, Train Loss: 0.4670, Val Loss: 0.4257, Train AUC: 0.5331, Val AUC: 0.6286
Epoch 4/100, Train Loss: 0.4653, Val Loss: 0.4253, Train AUC: 0.5127, Val AUC: 0.6786
Epoch 5/100, Train Loss: 0.4664, Val Loss: 0.4262, Train AUC: 0.4715, Val AUC: 0.6571
Epoch 6/100, Train Loss: 0.4613, Val Loss: 0.4297, Train AUC: 0.5370, Val AUC: 0.6429
Epoch 7/100, Train Loss: 0.4655, Val Loss: 0.4304, Train AUC: 0.5055, Val AUC: 0.6214
Epoch 8/100, Train Loss: 0.4696, Val Loss: 0.4295, Train AUC: 0.4983, Val AUC: 0.6286
Epoch 9/100, Train Loss: 0.4742, Val Loss: 0.4281, Train AUC: 0.4605, Val AUC: 0.6571
Early stopping triggered at epoch 9
Best Train AUC: 0.5127, Best Val AUC: 0.6786
Epoch 1/100, Train Loss: 0.5503, Val Loss: 0.4283, Train AUC: 0.4715, Val AUC: 0.4929
Epoch 2/100, Train Loss: 0.4687, Val Loss: 0.4255, Train AUC: 0.5467, Val AUC: 0.4929
Epoch 3/100, Train Loss: 0.4753, Val Loss: 0.4254, Train AUC: 0.4703, Val AUC: 0.5214
Epoch 4/100, Train Loss: 0.4607, Val Loss: 0.4254, Train AUC: 0.5603, Val AUC: 0.5286
Epoch 5/100, Train Loss: 0.4700, Val Loss: 0.4254, Train AUC: 0.4919, Val AUC: 0.5500
Epoch 6/100, Train Loss: 0.4683, Val Loss: 0.4254, Train AUC: 0.4575, Val AUC: 0.5643
Epoch 7/100, Train Loss: 0.4650, Val Loss: 0.4253, Train AUC: 0.5110, Val AUC: 0.5929
Epoch 8/100, Train Loss: 0.4625, Val Loss: 0.4253, Train AUC: 0.5085, Val AUC: 0.6286
Epoch 9/100, Train Loss: 0.4507, Val Loss: 0.4262, Train AUC: 0.5735, Val AUC: 0.6500
Epoch 10/100, Train Loss: 0.4649, Val Loss: 0.4288, Train AUC: 0.5399, Val AUC: 0.6429
Epoch 11/100, Train Loss: 0.4513, Val Loss: 0.4299, Train AUC: 0.5973, Val AUC: 0.6714
Epoch 12/100, Train Loss: 0.4582, Val Loss: 0.4295, Train AUC: 0.5540, Val AUC: 0.6571
Epoch 13/100, Train Loss: 0.4773, Val Loss: 0.4287, Train AUC: 0.4384, Val AUC: 0.6643
Early stopping triggered at epoch 13
Best Train AUC: 0.5085, Best Val AUC: 0.6286
early fusion validation auc: 0.6535714285714285
mid fusion
Epoch 1/100, Train Loss: 0.5113, Val Loss: 0.4261, Train AUC: 0.5187, Val AUC: 0.5071
Epoch 2/100, Train Loss: 0.4545, Val Loss: 0.4306, Train AUC: 0.6444, Val AUC: 0.4929
Epoch 3/100, Train Loss: 0.4656, Val Loss: 0.4312, Train AUC: 0.7069, Val AUC: 0.5500
Epoch 4/100, Train Loss: 0.4589, Val Loss: 0.4260, Train AUC: 0.8895, Val AUC: 0.5786
Epoch 5/100, Train Loss: 0.4478, Val Loss: 0.4223, Train AUC: 0.8602, Val AUC: 0.6357
Epoch 6/100, Train Loss: 0.4429, Val Loss: 0.4212, Train AUC: 0.8709, Val AUC: 0.6500
Epoch 7/100, Train Loss: 0.4369, Val Loss: 0.4208, Train AUC: 0.9129, Val AUC: 0.6357
Epoch 8/100, Train Loss: 0.4393, Val Loss: 0.4187, Train AUC: 0.8632, Val AUC: 0.6643
Epoch 9/100, Train Loss: 0.4417, Val Loss: 0.4611, Train AUC: 0.6406, Val AUC: 0.7000
Epoch 10/100, Train Loss: 0.4530, Val Loss: 0.4545, Train AUC: 0.9138, Val AUC: 0.6786
Epoch 11/100, Train Loss: 0.4561, Val Loss: 0.4550, Train AUC: 0.9172, Val AUC: 0.6786
Epoch 12/100, Train Loss: 0.4371, Val Loss: 0.4157, Train AUC: 0.8173, Val AUC: 0.6786
Epoch 13/100, Train Loss: 0.4149, Val Loss: 0.4209, Train AUC: 0.9333, Val AUC: 0.6643
Epoch 14/100, Train Loss: 0.4314, Val Loss: 0.4255, Train AUC: 0.9091, Val AUC: 0.6643
Epoch 15/100, Train Loss: 0.4335, Val Loss: 0.4188, Train AUC: 0.9121, Val AUC: 0.6857
Epoch 16/100, Train Loss: 0.4123, Val Loss: 0.4102, Train AUC: 0.8806, Val AUC: 0.6786
Epoch 17/100, Train Loss: 0.3952, Val Loss: 0.4086, Train AUC: 0.9316, Val AUC: 0.6857
Epoch 18/100, Train Loss: 0.3848, Val Loss: 0.4154, Train AUC: 0.9312, Val AUC: 0.6857
Epoch 19/100, Train Loss: 0.4109, Val Loss: 0.4735, Train AUC: 0.8917, Val AUC: 0.6571
Epoch 20/100, Train Loss: 0.4008, Val Loss: 0.4057, Train AUC: 0.9070, Val AUC: 0.6857
Epoch 21/100, Train Loss: 0.3878, Val Loss: 0.4356, Train AUC: 0.8849, Val AUC: 0.6929
Epoch 22/100, Train Loss: 0.4231, Val Loss: 0.4233, Train AUC: 0.9333, Val AUC: 0.7000
Epoch 23/100, Train Loss: 0.3717, Val Loss: 0.3978, Train AUC: 0.9465, Val AUC: 0.7143
Epoch 24/100, Train Loss: 0.3458, Val Loss: 0.4024, Train AUC: 0.9397, Val AUC: 0.7071
Epoch 25/100, Train Loss: 0.3164, Val Loss: 0.4039, Train AUC: 0.9435, Val AUC: 0.6929
Epoch 26/100, Train Loss: 0.3240, Val Loss: 0.3970, Train AUC: 0.9397, Val AUC: 0.7071
Epoch 27/100, Train Loss: 0.2767, Val Loss: 0.3994, Train AUC: 0.9520, Val AUC: 0.7286
Epoch 28/100, Train Loss: 0.2604, Val Loss: 0.4124, Train AUC: 0.9448, Val AUC: 0.6929
Epoch 29/100, Train Loss: 0.2395, Val Loss: 0.4094, Train AUC: 0.9537, Val AUC: 0.7286
Epoch 30/100, Train Loss: 0.2206, Val Loss: 0.4105, Train AUC: 0.9605, Val AUC: 0.7214
Epoch 31/100, Train Loss: 0.2123, Val Loss: 0.4185, Train AUC: 0.9596, Val AUC: 0.7214
Epoch 32/100, Train Loss: 0.2215, Val Loss: 0.4286, Train AUC: 0.9601, Val AUC: 0.7143
Epoch 33/100, Train Loss: 0.1976, Val Loss: 0.4469, Train AUC: 0.9639, Val AUC: 0.7071
Epoch 34/100, Train Loss: 0.1757, Val Loss: 0.5472, Train AUC: 0.9673, Val AUC: 0.7000
Early stopping triggered at epoch 34
Best Train AUC: 0.9397, Best Val AUC: 0.7071
early fusion validation auc: 0.7785714285714286
later fusion
Feature: uniport_ppi_2019, Epoch 1/100, Train Loss: 0.6067, Val Loss: 0.4348, Train AUC: 0.4091, Val AUC: 0.4000
Feature: uniport_ppi_2019, Epoch 2/100, Train Loss: 0.4866, Val Loss: 0.4277, Train AUC: 0.4490, Val AUC: 0.3357
Feature: uniport_ppi_2019, Epoch 3/100, Train Loss: 0.4663, Val Loss: 0.4273, Train AUC: 0.5433, Val AUC: 0.3429
Feature: uniport_ppi_2019, Epoch 4/100, Train Loss: 0.4816, Val Loss: 0.4270, Train AUC: 0.4936, Val AUC: 0.4214
Feature: uniport_ppi_2019, Epoch 5/100, Train Loss: 0.4843, Val Loss: 0.4260, Train AUC: 0.4805, Val AUC: 0.5143
Feature: uniport_ppi_2019, Epoch 6/100, Train Loss: 0.5001, Val Loss: 0.4249, Train AUC: 0.3730, Val AUC: 0.5357
Feature: uniport_ppi_2019, Epoch 7/100, Train Loss: 0.4702, Val Loss: 0.4243, Train AUC: 0.5374, Val AUC: 0.5786
Feature: uniport_ppi_2019, Epoch 8/100, Train Loss: 0.4780, Val Loss: 0.4237, Train AUC: 0.4622, Val AUC: 0.6071
Feature: uniport_ppi_2019, Epoch 9/100, Train Loss: 0.4717, Val Loss: 0.4249, Train AUC: 0.4681, Val AUC: 0.6286
Feature: uniport_ppi_2019, Epoch 10/100, Train Loss: 0.4531, Val Loss: 0.4264, Train AUC: 0.5845, Val AUC: 0.6357
Feature: uniport_ppi_2019, Epoch 11/100, Train Loss: 0.4721, Val Loss: 0.4247, Train AUC: 0.4953, Val AUC: 0.6643
Feature: uniport_ppi_2019, Epoch 12/100, Train Loss: 0.4652, Val Loss: 0.4243, Train AUC: 0.5136, Val AUC: 0.6643
Feature: uniport_ppi_2019, Epoch 13/100, Train Loss: 0.4429, Val Loss: 0.4320, Train AUC: 0.6262, Val AUC: 0.6500
Early stopping for feature uniport_ppi_2019 at epoch 13
Best Train AUC for feature uniport_ppi_2019: 0.4622
Best Val AUC for feature uniport_ppi_2019: 0.6071
Feature uniport_ppi_2019 excluded from fusion due to low Val AUC: 0.6071
Feature: ppi_2019_dw_40, Epoch 1/100, Train Loss: 0.7409, Val Loss: 0.4717, Train AUC: 0.4329, Val AUC: 0.5143
Feature: ppi_2019_dw_40, Epoch 2/100, Train Loss: 0.4806, Val Loss: 0.4324, Train AUC: 0.5127, Val AUC: 0.4643
Feature: ppi_2019_dw_40, Epoch 3/100, Train Loss: 0.4835, Val Loss: 0.4261, Train AUC: 0.4087, Val AUC: 0.4857
Feature: ppi_2019_dw_40, Epoch 4/100, Train Loss: 0.4611, Val Loss: 0.4281, Train AUC: 0.5310, Val AUC: 0.4714
Feature: ppi_2019_dw_40, Epoch 5/100, Train Loss: 0.4911, Val Loss: 0.4281, Train AUC: 0.3989, Val AUC: 0.5357
Feature: ppi_2019_dw_40, Epoch 6/100, Train Loss: 0.4776, Val Loss: 0.4279, Train AUC: 0.4422, Val AUC: 0.6071
Feature: ppi_2019_dw_40, Epoch 7/100, Train Loss: 0.4644, Val Loss: 0.4301, Train AUC: 0.5085, Val AUC: 0.7000
Feature: ppi_2019_dw_40, Epoch 8/100, Train Loss: 0.4397, Val Loss: 0.4291, Train AUC: 0.6941, Val AUC: 0.7643
Early stopping for feature ppi_2019_dw_40 at epoch 8
Best Train AUC for feature ppi_2019_dw_40: 0.4087
Best Val AUC for feature ppi_2019_dw_40: 0.4857
Feature ppi_2019_dw_40 excluded from fusion due to low Val AUC: 0.4857
Feature: uniport_bio, Epoch 1/100, Train Loss: 0.5405, Val Loss: 0.4367, Train AUC: 0.4312, Val AUC: 0.2429
Feature: uniport_bio, Epoch 2/100, Train Loss: 0.4861, Val Loss: 0.4337, Train AUC: 0.4299, Val AUC: 0.2571
Feature: uniport_bio, Epoch 3/100, Train Loss: 0.4734, Val Loss: 0.4316, Train AUC: 0.5068, Val AUC: 0.2857
Feature: uniport_bio, Epoch 4/100, Train Loss: 0.4793, Val Loss: 0.4297, Train AUC: 0.4363, Val AUC: 0.3214
Feature: uniport_bio, Epoch 5/100, Train Loss: 0.4708, Val Loss: 0.4286, Train AUC: 0.4524, Val AUC: 0.3286
Feature: uniport_bio, Epoch 6/100, Train Loss: 0.4715, Val Loss: 0.4283, Train AUC: 0.4996, Val AUC: 0.3286
Feature: uniport_bio, Epoch 7/100, Train Loss: 0.4756, Val Loss: 0.4288, Train AUC: 0.4715, Val AUC: 0.3429
Feature: uniport_bio, Epoch 8/100, Train Loss: 0.4660, Val Loss: 0.4286, Train AUC: 0.4992, Val AUC: 0.3857
Feature: uniport_bio, Epoch 9/100, Train Loss: 0.4581, Val Loss: 0.4279, Train AUC: 0.5480, Val AUC: 0.3929
Feature: uniport_bio, Epoch 10/100, Train Loss: 0.4829, Val Loss: 0.4271, Train AUC: 0.4367, Val AUC: 0.4500
Feature: uniport_bio, Epoch 11/100, Train Loss: 0.4825, Val Loss: 0.4264, Train AUC: 0.4193, Val AUC: 0.4714
Feature: uniport_bio, Epoch 12/100, Train Loss: 0.4577, Val Loss: 0.4260, Train AUC: 0.5862, Val AUC: 0.5000
Feature: uniport_bio, Epoch 13/100, Train Loss: 0.4604, Val Loss: 0.4258, Train AUC: 0.5310, Val AUC: 0.5000
Feature: uniport_bio, Epoch 14/100, Train Loss: 0.4531, Val Loss: 0.4256, Train AUC: 0.5952, Val AUC: 0.5000
Feature: uniport_bio, Epoch 15/100, Train Loss: 0.4324, Val Loss: 0.4301, Train AUC: 0.7082, Val AUC: 0.5286
Feature: uniport_bio, Epoch 16/100, Train Loss: 0.4724, Val Loss: 0.4317, Train AUC: 0.5187, Val AUC: 0.5429
Feature: uniport_bio, Epoch 17/100, Train Loss: 0.4600, Val Loss: 0.4286, Train AUC: 0.5739, Val AUC: 0.5643
Feature: uniport_bio, Epoch 18/100, Train Loss: 0.4758, Val Loss: 0.4277, Train AUC: 0.4541, Val AUC: 0.5357
Feature: uniport_bio, Epoch 19/100, Train Loss: 0.4720, Val Loss: 0.4315, Train AUC: 0.5166, Val AUC: 0.5500
Early stopping for feature uniport_bio at epoch 19
Best Train AUC for feature uniport_bio: 0.5952
Best Val AUC for feature uniport_bio: 0.5000
Feature uniport_bio excluded from fusion due to low Val AUC: 0.5000
Feature: uniport_seq, Epoch 1/100, Train Loss: 0.6714, Val Loss: 0.4265, Train AUC: 0.4155, Val AUC: 0.3357
Feature: uniport_seq, Epoch 2/100, Train Loss: 0.4968, Val Loss: 0.4264, Train AUC: 0.4796, Val AUC: 0.4571
Feature: uniport_seq, Epoch 3/100, Train Loss: 0.4524, Val Loss: 0.4279, Train AUC: 0.6138, Val AUC: 0.5071
Feature: uniport_seq, Epoch 4/100, Train Loss: 0.4811, Val Loss: 0.4277, Train AUC: 0.4601, Val AUC: 0.5429
Feature: uniport_seq, Epoch 5/100, Train Loss: 0.4940, Val Loss: 0.4270, Train AUC: 0.4545, Val AUC: 0.5786
Feature: uniport_seq, Epoch 6/100, Train Loss: 0.4972, Val Loss: 0.4261, Train AUC: 0.4554, Val AUC: 0.6429
Feature: uniport_seq, Epoch 7/100, Train Loss: 0.4770, Val Loss: 0.4256, Train AUC: 0.4992, Val AUC: 0.6429
Feature: uniport_seq, Epoch 8/100, Train Loss: 0.4685, Val Loss: 0.4252, Train AUC: 0.4788, Val AUC: 0.7000
Feature: uniport_seq, Epoch 9/100, Train Loss: 0.4603, Val Loss: 0.4251, Train AUC: 0.5773, Val AUC: 0.7071
Feature: uniport_seq, Epoch 10/100, Train Loss: 0.4657, Val Loss: 0.4253, Train AUC: 0.5200, Val AUC: 0.7000
Feature: uniport_seq, Epoch 11/100, Train Loss: 0.4644, Val Loss: 0.4255, Train AUC: 0.5323, Val AUC: 0.6786
Feature: uniport_seq, Epoch 12/100, Train Loss: 0.4628, Val Loss: 0.4253, Train AUC: 0.5463, Val AUC: 0.6786
Feature: uniport_seq, Epoch 13/100, Train Loss: 0.4443, Val Loss: 0.4257, Train AUC: 0.6274, Val AUC: 0.6857
Feature: uniport_seq, Epoch 14/100, Train Loss: 0.4864, Val Loss: 0.4263, Train AUC: 0.4405, Val AUC: 0.6929
Early stopping for feature uniport_seq at epoch 14
Best Train AUC for feature uniport_seq: 0.5773
Best Val AUC for feature uniport_seq: 0.7071
Feature: uniport_esm, Epoch 1/100, Train Loss: 0.5641, Val Loss: 0.4341, Train AUC: 0.4792, Val AUC: 0.5571
Feature: uniport_esm, Epoch 2/100, Train Loss: 0.4852, Val Loss: 0.4298, Train AUC: 0.5123, Val AUC: 0.5643
Feature: uniport_esm, Epoch 3/100, Train Loss: 0.4728, Val Loss: 0.4278, Train AUC: 0.5561, Val AUC: 0.6286
Feature: uniport_esm, Epoch 4/100, Train Loss: 0.4846, Val Loss: 0.4262, Train AUC: 0.4240, Val AUC: 0.6643
Feature: uniport_esm, Epoch 5/100, Train Loss: 0.4591, Val Loss: 0.4252, Train AUC: 0.5340, Val AUC: 0.6714
Feature: uniport_esm, Epoch 6/100, Train Loss: 0.4704, Val Loss: 0.4255, Train AUC: 0.5051, Val AUC: 0.6714
Feature: uniport_esm, Epoch 7/100, Train Loss: 0.4701, Val Loss: 0.4264, Train AUC: 0.4783, Val AUC: 0.7000
Feature: uniport_esm, Epoch 8/100, Train Loss: 0.4671, Val Loss: 0.4264, Train AUC: 0.4817, Val AUC: 0.6929
Feature: uniport_esm, Epoch 9/100, Train Loss: 0.4736, Val Loss: 0.4257, Train AUC: 0.4800, Val AUC: 0.7000
Feature: uniport_esm, Epoch 10/100, Train Loss: 0.4792, Val Loss: 0.4251, Train AUC: 0.4656, Val AUC: 0.7143
Feature: uniport_esm, Epoch 11/100, Train Loss: 0.4761, Val Loss: 0.4248, Train AUC: 0.4295, Val AUC: 0.7286
Feature: uniport_esm, Epoch 12/100, Train Loss: 0.4741, Val Loss: 0.4248, Train AUC: 0.4992, Val AUC: 0.7286
Feature: uniport_esm, Epoch 13/100, Train Loss: 0.4858, Val Loss: 0.4248, Train AUC: 0.4244, Val AUC: 0.7214
Feature: uniport_esm, Epoch 14/100, Train Loss: 0.4648, Val Loss: 0.4248, Train AUC: 0.5051, Val AUC: 0.7357
Feature: uniport_esm, Epoch 15/100, Train Loss: 0.4837, Val Loss: 0.4248, Train AUC: 0.4444, Val AUC: 0.7429
Feature: uniport_esm, Epoch 16/100, Train Loss: 0.4637, Val Loss: 0.4248, Train AUC: 0.5246, Val AUC: 0.7429
Feature: uniport_esm, Epoch 17/100, Train Loss: 0.4773, Val Loss: 0.4246, Train AUC: 0.4456, Val AUC: 0.7357
Feature: uniport_esm, Epoch 18/100, Train Loss: 0.4439, Val Loss: 0.4246, Train AUC: 0.6168, Val AUC: 0.7357
Feature: uniport_esm, Epoch 19/100, Train Loss: 0.4671, Val Loss: 0.4246, Train AUC: 0.5340, Val AUC: 0.7357
Feature: uniport_esm, Epoch 20/100, Train Loss: 0.4532, Val Loss: 0.4246, Train AUC: 0.5506, Val AUC: 0.7357
Feature: uniport_esm, Epoch 21/100, Train Loss: 0.4602, Val Loss: 0.4246, Train AUC: 0.5459, Val AUC: 0.7429
Feature: uniport_esm, Epoch 22/100, Train Loss: 0.4750, Val Loss: 0.4247, Train AUC: 0.4919, Val AUC: 0.7429
Feature: uniport_esm, Epoch 23/100, Train Loss: 0.4646, Val Loss: 0.4249, Train AUC: 0.5259, Val AUC: 0.7429
Early stopping for feature uniport_esm at epoch 23
Best Train AUC for feature uniport_esm: 0.6168
Best Val AUC for feature uniport_esm: 0.7357
Feature: uniport_ppi_2019, Epoch 1/100, Train Loss: 0.5983, Val Loss: 0.4261, Train AUC: 0.5493, Val AUC: 0.6000
Feature: uniport_ppi_2019, Epoch 2/100, Train Loss: 0.4729, Val Loss: 0.4259, Train AUC: 0.4911, Val AUC: 0.6000
Feature: uniport_ppi_2019, Epoch 3/100, Train Loss: 0.4684, Val Loss: 0.4247, Train AUC: 0.5187, Val AUC: 0.5857
Feature: uniport_ppi_2019, Epoch 4/100, Train Loss: 0.4492, Val Loss: 0.4242, Train AUC: 0.6054, Val AUC: 0.5929
Feature: uniport_ppi_2019, Epoch 5/100, Train Loss: 0.4753, Val Loss: 0.4234, Train AUC: 0.5136, Val AUC: 0.6286
Feature: uniport_ppi_2019, Epoch 6/100, Train Loss: 0.5065, Val Loss: 0.4232, Train AUC: 0.3993, Val AUC: 0.6071
Feature: uniport_ppi_2019, Epoch 7/100, Train Loss: 0.4712, Val Loss: 0.4225, Train AUC: 0.5353, Val AUC: 0.6429
Feature: uniport_ppi_2019, Epoch 8/100, Train Loss: 0.4884, Val Loss: 0.4224, Train AUC: 0.4333, Val AUC: 0.6500
Feature: uniport_ppi_2019, Epoch 9/100, Train Loss: 0.4555, Val Loss: 0.4225, Train AUC: 0.5807, Val AUC: 0.6643
Feature: uniport_ppi_2019, Epoch 10/100, Train Loss: 0.4723, Val Loss: 0.4217, Train AUC: 0.5064, Val AUC: 0.6929
Feature: uniport_ppi_2019, Epoch 11/100, Train Loss: 0.4794, Val Loss: 0.4215, Train AUC: 0.4800, Val AUC: 0.7714
Feature: uniport_ppi_2019, Epoch 12/100, Train Loss: 0.4735, Val Loss: 0.4236, Train AUC: 0.4953, Val AUC: 0.8286
Feature: uniport_ppi_2019, Epoch 13/100, Train Loss: 0.4491, Val Loss: 0.4384, Train AUC: 0.6138, Val AUC: 0.8500
Feature: uniport_ppi_2019, Epoch 14/100, Train Loss: 0.4560, Val Loss: 0.4384, Train AUC: 0.6423, Val AUC: 0.8429
Feature: uniport_ppi_2019, Epoch 15/100, Train Loss: 0.4681, Val Loss: 0.4288, Train AUC: 0.5565, Val AUC: 0.8643
Feature: uniport_ppi_2019, Epoch 16/100, Train Loss: 0.5048, Val Loss: 0.4217, Train AUC: 0.3615, Val AUC: 0.8571
Early stopping for feature uniport_ppi_2019 at epoch 16
Best Train AUC for feature uniport_ppi_2019: 0.4800
Best Val AUC for feature uniport_ppi_2019: 0.7714
Feature: ppi_2019_dw_40, Epoch 1/100, Train Loss: 0.5198, Val Loss: 0.4244, Train AUC: 0.4369, Val AUC: 0.5286
Feature: ppi_2019_dw_40, Epoch 2/100, Train Loss: 0.4842, Val Loss: 0.4285, Train AUC: 0.4996, Val AUC: 0.5143
Feature: ppi_2019_dw_40, Epoch 3/100, Train Loss: 0.4693, Val Loss: 0.4240, Train AUC: 0.5590, Val AUC: 0.5929
Feature: ppi_2019_dw_40, Epoch 4/100, Train Loss: 0.4536, Val Loss: 0.4213, Train AUC: 0.5926, Val AUC: 0.6500
Feature: ppi_2019_dw_40, Epoch 5/100, Train Loss: 0.4494, Val Loss: 0.4204, Train AUC: 0.5688, Val AUC: 0.6857
Feature: ppi_2019_dw_40, Epoch 6/100, Train Loss: 0.4810, Val Loss: 0.4203, Train AUC: 0.4941, Val AUC: 0.6714
Feature: ppi_2019_dw_40, Epoch 7/100, Train Loss: 0.4283, Val Loss: 0.4206, Train AUC: 0.6759, Val AUC: 0.6571
Feature: ppi_2019_dw_40, Epoch 8/100, Train Loss: 0.4692, Val Loss: 0.4206, Train AUC: 0.5276, Val AUC: 0.6786
Feature: ppi_2019_dw_40, Epoch 9/100, Train Loss: 0.4623, Val Loss: 0.4186, Train AUC: 0.5348, Val AUC: 0.6857
Feature: ppi_2019_dw_40, Epoch 10/100, Train Loss: 0.4808, Val Loss: 0.4183, Train AUC: 0.4656, Val AUC: 0.7000
Feature: ppi_2019_dw_40, Epoch 11/100, Train Loss: 0.4532, Val Loss: 0.4189, Train AUC: 0.6015, Val AUC: 0.7000
Feature: ppi_2019_dw_40, Epoch 12/100, Train Loss: 0.4244, Val Loss: 0.4173, Train AUC: 0.7128, Val AUC: 0.7071
Feature: ppi_2019_dw_40, Epoch 13/100, Train Loss: 0.4395, Val Loss: 0.4192, Train AUC: 0.6521, Val AUC: 0.7071
Feature: ppi_2019_dw_40, Epoch 14/100, Train Loss: 0.4609, Val Loss: 0.4186, Train AUC: 0.5714, Val AUC: 0.7143
Feature: ppi_2019_dw_40, Epoch 15/100, Train Loss: 0.4608, Val Loss: 0.4141, Train AUC: 0.5620, Val AUC: 0.7214
Feature: ppi_2019_dw_40, Epoch 16/100, Train Loss: 0.4765, Val Loss: 0.4127, Train AUC: 0.4941, Val AUC: 0.7429
Feature: ppi_2019_dw_40, Epoch 17/100, Train Loss: 0.4497, Val Loss: 0.4153, Train AUC: 0.6228, Val AUC: 0.7286
Feature: ppi_2019_dw_40, Epoch 18/100, Train Loss: 0.4438, Val Loss: 0.4145, Train AUC: 0.6449, Val AUC: 0.7357
Feature: ppi_2019_dw_40, Epoch 19/100, Train Loss: 0.4536, Val Loss: 0.4126, Train AUC: 0.6062, Val AUC: 0.7429
Feature: ppi_2019_dw_40, Epoch 20/100, Train Loss: 0.4399, Val Loss: 0.4108, Train AUC: 0.6580, Val AUC: 0.7286
Feature: ppi_2019_dw_40, Epoch 21/100, Train Loss: 0.4386, Val Loss: 0.4114, Train AUC: 0.6542, Val AUC: 0.7214
Feature: ppi_2019_dw_40, Epoch 22/100, Train Loss: 0.4450, Val Loss: 0.4153, Train AUC: 0.6223, Val AUC: 0.7143
Feature: ppi_2019_dw_40, Epoch 23/100, Train Loss: 0.4362, Val Loss: 0.4200, Train AUC: 0.6500, Val AUC: 0.7214
Feature: ppi_2019_dw_40, Epoch 24/100, Train Loss: 0.4621, Val Loss: 0.4492, Train AUC: 0.6037, Val AUC: 0.7214
Feature: ppi_2019_dw_40, Epoch 25/100, Train Loss: 0.4774, Val Loss: 0.4767, Train AUC: 0.6478, Val AUC: 0.7286
Early stopping for feature ppi_2019_dw_40 at epoch 25
Best Train AUC for feature ppi_2019_dw_40: 0.6580
Best Val AUC for feature ppi_2019_dw_40: 0.7286
Feature: uniport_bio, Epoch 1/100, Train Loss: 0.5933, Val Loss: 0.4405, Train AUC: 0.4129, Val AUC: 0.4857
Feature: uniport_bio, Epoch 2/100, Train Loss: 0.4892, Val Loss: 0.4235, Train AUC: 0.4754, Val AUC: 0.5929
Feature: uniport_bio, Epoch 3/100, Train Loss: 0.5133, Val Loss: 0.4223, Train AUC: 0.3496, Val AUC: 0.6857
Feature: uniport_bio, Epoch 4/100, Train Loss: 0.5001, Val Loss: 0.4221, Train AUC: 0.4545, Val AUC: 0.7000
Feature: uniport_bio, Epoch 5/100, Train Loss: 0.4432, Val Loss: 0.4219, Train AUC: 0.6355, Val AUC: 0.7000
Feature: uniport_bio, Epoch 6/100, Train Loss: 0.4661, Val Loss: 0.4225, Train AUC: 0.5556, Val AUC: 0.6714
Feature: uniport_bio, Epoch 7/100, Train Loss: 0.4528, Val Loss: 0.4227, Train AUC: 0.5794, Val AUC: 0.6786
Feature: uniport_bio, Epoch 8/100, Train Loss: 0.4563, Val Loss: 0.4230, Train AUC: 0.5442, Val AUC: 0.6643
Feature: uniport_bio, Epoch 9/100, Train Loss: 0.4626, Val Loss: 0.4232, Train AUC: 0.5514, Val AUC: 0.6714
Feature: uniport_bio, Epoch 10/100, Train Loss: 0.4302, Val Loss: 0.4231, Train AUC: 0.6861, Val AUC: 0.6714
Early stopping for feature uniport_bio at epoch 10
Best Train AUC for feature uniport_bio: 0.6355
Best Val AUC for feature uniport_bio: 0.7000
Feature: uniport_seq, Epoch 1/100, Train Loss: 0.4867, Val Loss: 0.4252, Train AUC: 0.5106, Val AUC: 0.5429
Feature: uniport_seq, Epoch 2/100, Train Loss: 0.4539, Val Loss: 0.4309, Train AUC: 0.5986, Val AUC: 0.5429
Feature: uniport_seq, Epoch 3/100, Train Loss: 0.4821, Val Loss: 0.4339, Train AUC: 0.5280, Val AUC: 0.5500
Feature: uniport_seq, Epoch 4/100, Train Loss: 0.4923, Val Loss: 0.4303, Train AUC: 0.4592, Val AUC: 0.5429
Feature: uniport_seq, Epoch 5/100, Train Loss: 0.4558, Val Loss: 0.4272, Train AUC: 0.5875, Val AUC: 0.5786
Feature: uniport_seq, Epoch 6/100, Train Loss: 0.4977, Val Loss: 0.4257, Train AUC: 0.4754, Val AUC: 0.5786
Early stopping for feature uniport_seq at epoch 6
Best Train AUC for feature uniport_seq: 0.5106
Best Val AUC for feature uniport_seq: 0.5429
Feature uniport_seq excluded from fusion due to low Val AUC: 0.5429
Feature: uniport_esm, Epoch 1/100, Train Loss: 0.5320, Val Loss: 0.4282, Train AUC: 0.5098, Val AUC: 0.3714
Feature: uniport_esm, Epoch 2/100, Train Loss: 0.4898, Val Loss: 0.4257, Train AUC: 0.4112, Val AUC: 0.4143
Feature: uniport_esm, Epoch 3/100, Train Loss: 0.4650, Val Loss: 0.4262, Train AUC: 0.5187, Val AUC: 0.4214
Feature: uniport_esm, Epoch 4/100, Train Loss: 0.4300, Val Loss: 0.4257, Train AUC: 0.7031, Val AUC: 0.4571
Feature: uniport_esm, Epoch 5/100, Train Loss: 0.4652, Val Loss: 0.4254, Train AUC: 0.5293, Val AUC: 0.4929
Feature: uniport_esm, Epoch 6/100, Train Loss: 0.4905, Val Loss: 0.4254, Train AUC: 0.4082, Val AUC: 0.5000
Feature: uniport_esm, Epoch 7/100, Train Loss: 0.4677, Val Loss: 0.4254, Train AUC: 0.5034, Val AUC: 0.5357
Feature: uniport_esm, Epoch 8/100, Train Loss: 0.4518, Val Loss: 0.4254, Train AUC: 0.5722, Val AUC: 0.5643
Feature: uniport_esm, Epoch 9/100, Train Loss: 0.4604, Val Loss: 0.4253, Train AUC: 0.5476, Val AUC: 0.6000
Feature: uniport_esm, Epoch 10/100, Train Loss: 0.4622, Val Loss: 0.4258, Train AUC: 0.5565, Val AUC: 0.6286
Feature: uniport_esm, Epoch 11/100, Train Loss: 0.4438, Val Loss: 0.4267, Train AUC: 0.6389, Val AUC: 0.7000
Feature: uniport_esm, Epoch 12/100, Train Loss: 0.4815, Val Loss: 0.4273, Train AUC: 0.4244, Val AUC: 0.6786
Feature: uniport_esm, Epoch 13/100, Train Loss: 0.4691, Val Loss: 0.4289, Train AUC: 0.5153, Val AUC: 0.6714
Feature: uniport_esm, Epoch 14/100, Train Loss: 0.4514, Val Loss: 0.4297, Train AUC: 0.5879, Val AUC: 0.6714
Early stopping for feature uniport_esm at epoch 14
Best Train AUC for feature uniport_esm: 0.5476
Best Val AUC for feature uniport_esm: 0.6000
Feature uniport_esm excluded from fusion due to low Val AUC: 0.6000
ICD10_C23 18
train test split
early fusion
Epoch 1/100, Train Loss: 0.5581, Val Loss: 0.4100, Train AUC: 0.5181, Val AUC: 0.6296
Epoch 2/100, Train Loss: 0.4764, Val Loss: 0.4102, Train AUC: 0.4968, Val AUC: 0.5926
Epoch 3/100, Train Loss: 0.4531, Val Loss: 0.4099, Train AUC: 0.5906, Val AUC: 0.5926
Epoch 4/100, Train Loss: 0.4744, Val Loss: 0.4101, Train AUC: 0.5064, Val AUC: 0.6481
Epoch 5/100, Train Loss: 0.4622, Val Loss: 0.4106, Train AUC: 0.5650, Val AUC: 0.7037
Epoch 6/100, Train Loss: 0.4733, Val Loss: 0.4115, Train AUC: 0.4787, Val AUC: 0.7037
Epoch 7/100, Train Loss: 0.4858, Val Loss: 0.4133, Train AUC: 0.4051, Val AUC: 0.7407
Epoch 8/100, Train Loss: 0.4662, Val Loss: 0.4151, Train AUC: 0.5426, Val AUC: 0.7593
Early stopping triggered at epoch 8
Best Train AUC: 0.5906, Best Val AUC: 0.5926
early fusion validation auc: 0.5555555555555556
mid fusion
early fusion validation auc: 0.8796296296296297
later fusion
ICD10_C53 15
train test split
early fusion
Epoch 1/100, Train Loss: 0.6188, Val Loss: 0.3948, Train AUC: 0.4170, Val AUC: 0.6154
Epoch 2/100, Train Loss: 0.5040, Val Loss: 0.3935, Train AUC: 0.3702, Val AUC: 0.5769
Epoch 3/100, Train Loss: 0.4750, Val Loss: 0.3949, Train AUC: 0.5064, Val AUC: 0.5769
Epoch 4/100, Train Loss: 0.4812, Val Loss: 0.3963, Train AUC: 0.4723, Val AUC: 0.5385
Epoch 5/100, Train Loss: 0.4767, Val Loss: 0.3976, Train AUC: 0.4766, Val AUC: 0.5385
Epoch 6/100, Train Loss: 0.4689, Val Loss: 0.3994, Train AUC: 0.5447, Val AUC: 0.5000
Epoch 7/100, Train Loss: 0.4780, Val Loss: 0.4006, Train AUC: 0.5128, Val AUC: 0.5385
Early stopping triggered at epoch 7
Best Train AUC: 0.3702, Best Val AUC: 0.5769
2025-07-22 19:03:44,550 [ERROR] Error fetching enrichment results: GO_Cellular_Component_2021
2025-07-22 19:03:44,771 [ERROR] Error fetching enrichment results: GO_Cellular_Component_2021
early fusion validation auc: 0.6923076923076923
mid fusion
early fusion validation auc: 1.0
later fusion
