['uniport_ppi_2019', 'ppi_2019_dw_40', 'uniport_bio', 'uniport_seq', 'uniport_esm'] 48 15686
ICD10_C16 90
kernels existing
uniport_ppi_2019 {'C_num': 9, 'gamma_ratio': 2, 'gamma': '0.5052695526173884'} 0.7183005053156061 0.8637985358168844
ppi_2019_dw_40 {'C_num': 1, 'gamma_ratio': 2, 'gamma': '0.48138034733416246'} 0.7181693220750089 0.8717225406827854
uniport_bio {'C_num': 3, 'gamma_ratio': 8, 'gamma': '0.13568965917980907'} 0.5464803304826745 0.8091873298295317
uniport_seq {'C_num': 27, 'gamma_ratio': 8, 'gamma': '0.05611004556505588'} 0.5277660633941801 0.7882928601583036
uniport_esm {'C_num': 9, 'gamma_ratio': 8, 'gamma': '0.02838808905526428'} 0.4629102431274626 0.7251731307541706
collect valid feature:  ['uniport_ppi_2019', 'ppi_2019_dw_40', 'uniport_bio', 'uniport_seq', 'uniport_esm']
evaluation
early fusion
uniport_ppi_2019-ppi_2019_dw_40-uniport_bio-uniport_seq-uniport_esm {'C_num': 9, 'gamma_ratio': 8, 'gamma': '0.02838808905526428'} 0.4629102431274626 0.7251731307541706
middle fusion
kernel fusion
/itf-fi-ml/shared/users/ziyuzh/svm/results/dw_auc_norm/2019/uniport_ppi_2019_K_2_0.5052695526173884.pkl /itf-fi-ml/shared/users/ziyuzh/svm/results/dw_auc_norm/2019/uniport_ppi_2019_logK_2_0.5052695526173884.pkl
/itf-fi-ml/shared/users/ziyuzh/svm/results/dw_auc_norm/2019/ppi_2019_dw_40_K_2_0.48138034733416246.pkl /itf-fi-ml/shared/users/ziyuzh/svm/results/dw_auc_norm/2019/ppi_2019_dw_40_logK_2_0.48138034733416246.pkl
/itf-fi-ml/shared/users/ziyuzh/svm/results/dw_auc_norm/2019/uniport_bio_K_8_0.13568965917980907.pkl /itf-fi-ml/shared/users/ziyuzh/svm/results/dw_auc_norm/2019/uniport_bio_logK_8_0.13568965917980907.pkl
/itf-fi-ml/shared/users/ziyuzh/svm/results/dw_auc_norm/2019/uniport_seq_K_8_0.05611004556505588.pkl /itf-fi-ml/shared/users/ziyuzh/svm/results/dw_auc_norm/2019/uniport_seq_logK_8_0.05611004556505588.pkl
/itf-fi-ml/shared/users/ziyuzh/svm/results/dw_auc_norm/2019/uniport_esm_K_8_0.02838808905526428.pkl /itf-fi-ml/shared/users/ziyuzh/svm/results/dw_auc_norm/2019/uniport_esm_logK_8_0.02838808905526428.pkl
grid search C for fused kernels
linear_fused 1 0.7029160521387058 0.9027893615049578
geo_fused 9 0.6939844469468262 0.8915393559888973
fused kernels evaluation
ICD10_C18 50
kernels existing
uniport_ppi_2019 {'C_num': 3, 'gamma_ratio': 2, 'gamma': '0.5052695526173884'} 0.7064095355742465 0.8373816081616593
ppi_2019_dw_40 {'C_num': 1, 'gamma_ratio': 2, 'gamma': '0.48138034733416246'} 0.7437456742489269 0.8504374994144815
uniport_bio {'C_num': 1, 'gamma_ratio': 2, 'gamma': '0.5427586367192363'} 0.6462648014853456 0.7718345699483807
uniport_seq {'C_num': 1, 'gamma_ratio': 4, 'gamma': '0.11222009113011176'} 0.6333428200801157 0.7066177641625212
uniport_esm {'C_num': 27, 'gamma_ratio': 8, 'gamma': '0.02838808905526428'} 0.501226726999303 0.7070803237683032
collect valid feature:  ['uniport_ppi_2019', 'ppi_2019_dw_40', 'uniport_bio', 'uniport_seq', 'uniport_esm']
evaluation
early fusion
uniport_ppi_2019-ppi_2019_dw_40-uniport_bio-uniport_seq-uniport_esm {'C_num': 27, 'gamma_ratio': 8, 'gamma': '0.02838808905526428'} 0.501226726999303 0.7070803237683032
middle fusion
kernel fusion
/itf-fi-ml/shared/users/ziyuzh/svm/results/dw_auc_norm/2019/uniport_ppi_2019_K_2_0.5052695526173884.pkl /itf-fi-ml/shared/users/ziyuzh/svm/results/dw_auc_norm/2019/uniport_ppi_2019_logK_2_0.5052695526173884.pkl
/itf-fi-ml/shared/users/ziyuzh/svm/results/dw_auc_norm/2019/ppi_2019_dw_40_K_2_0.48138034733416246.pkl /itf-fi-ml/shared/users/ziyuzh/svm/results/dw_auc_norm/2019/ppi_2019_dw_40_logK_2_0.48138034733416246.pkl
/itf-fi-ml/shared/users/ziyuzh/svm/results/dw_auc_norm/2019/uniport_bio_K_2_0.5427586367192363.pkl /itf-fi-ml/shared/users/ziyuzh/svm/results/dw_auc_norm/2019/uniport_bio_logK_2_0.5427586367192363.pkl
/itf-fi-ml/shared/users/ziyuzh/svm/results/dw_auc_norm/2019/uniport_seq_K_4_0.11222009113011176.pkl /itf-fi-ml/shared/users/ziyuzh/svm/results/dw_auc_norm/2019/uniport_seq_logK_4_0.11222009113011176.pkl
/itf-fi-ml/shared/users/ziyuzh/svm/results/dw_auc_norm/2019/uniport_esm_K_8_0.02838808905526428.pkl /itf-fi-ml/shared/users/ziyuzh/svm/results/dw_auc_norm/2019/uniport_esm_logK_8_0.02838808905526428.pkl
grid search C for fused kernels
linear_fused 1 0.826245343162214 0.8729819129435498
geo_fused 3 0.8475625572142319 0.8673796720471912
fused kernels evaluation
ICD10_C43 47
kernels existing
uniport_ppi_2019 {'C_num': 9, 'gamma_ratio': 4, 'gamma': '0.2526347763086942'} 0.8580470527655292 0.8961772328548645
ppi_2019_dw_40 {'C_num': 9, 'gamma_ratio': 2, 'gamma': '0.48138034733416246'} 0.8874068852338176 0.899554520771626
uniport_bio {'C_num': 1, 'gamma_ratio': 2, 'gamma': '0.5427586367192363'} 0.8309335613321642 0.8313057739044581
uniport_seq {'C_num': 1, 'gamma_ratio': 4, 'gamma': '0.11222009113011176'} 0.7027329103499614 0.7447584396597554
uniport_esm {'C_num': 1, 'gamma_ratio': 2, 'gamma': '0.11355235622105712'} 0.6089695456986163 0.6879649407609932
collect valid feature:  ['uniport_ppi_2019', 'ppi_2019_dw_40', 'uniport_bio', 'uniport_seq', 'uniport_esm']
evaluation
early fusion
uniport_ppi_2019-ppi_2019_dw_40-uniport_bio-uniport_seq-uniport_esm {'C_num': 1, 'gamma_ratio': 2, 'gamma': '0.11355235622105712'} 0.6089695456986163 0.6879649407609932
middle fusion
kernel fusion
/itf-fi-ml/shared/users/ziyuzh/svm/results/dw_auc_norm/2019/uniport_ppi_2019_K_4_0.2526347763086942.pkl /itf-fi-ml/shared/users/ziyuzh/svm/results/dw_auc_norm/2019/uniport_ppi_2019_logK_4_0.2526347763086942.pkl
/itf-fi-ml/shared/users/ziyuzh/svm/results/dw_auc_norm/2019/ppi_2019_dw_40_K_2_0.48138034733416246.pkl /itf-fi-ml/shared/users/ziyuzh/svm/results/dw_auc_norm/2019/ppi_2019_dw_40_logK_2_0.48138034733416246.pkl
/itf-fi-ml/shared/users/ziyuzh/svm/results/dw_auc_norm/2019/uniport_bio_K_2_0.5427586367192363.pkl /itf-fi-ml/shared/users/ziyuzh/svm/results/dw_auc_norm/2019/uniport_bio_logK_2_0.5427586367192363.pkl
/itf-fi-ml/shared/users/ziyuzh/svm/results/dw_auc_norm/2019/uniport_seq_K_4_0.11222009113011176.pkl /itf-fi-ml/shared/users/ziyuzh/svm/results/dw_auc_norm/2019/uniport_seq_logK_4_0.11222009113011176.pkl
/itf-fi-ml/shared/users/ziyuzh/svm/results/dw_auc_norm/2019/uniport_esm_K_2_0.11355235622105712.pkl /itf-fi-ml/shared/users/ziyuzh/svm/results/dw_auc_norm/2019/uniport_esm_logK_2_0.11355235622105712.pkl
grid search C for fused kernels
linear_fused 9 0.8865821798548925 0.9044452988531936
geo_fused 1 0.8673979367193879 0.8831062030075186
fused kernels evaluation
ICD10_C50 544
kernels existing
uniport_ppi_2019 {'C_num': 9, 'gamma_ratio': 2, 'gamma': '0.5052695526173884'} 0.4617241390339477 0.6697529673495106
ppi_2019_dw_40 {'C_num': 1, 'gamma_ratio': 2, 'gamma': '0.48138034733416246'} 0.5260671622551726 0.6787701091778867
uniport_bio {'C_num': 1, 'gamma_ratio': 2, 'gamma': '0.5427586367192363'} 0.40861628354822205 0.6485076450239832
uniport_seq {'C_num': 27, 'gamma_ratio': 2, 'gamma': '0.22444018226022353'} 0.3401891701163067 0.6195697182464669
uniport_esm {'C_num': 9, 'gamma_ratio': 2, 'gamma': '0.11355235622105712'} 0.32108461096477997 0.5982253771073647
collect valid feature:  ['uniport_ppi_2019', 'ppi_2019_dw_40', 'uniport_bio', 'uniport_seq', 'uniport_esm']
evaluation
early fusion
uniport_ppi_2019-ppi_2019_dw_40-uniport_bio-uniport_seq-uniport_esm {'C_num': 9, 'gamma_ratio': 2, 'gamma': '0.11355235622105712'} 0.32108461096477997 0.5982253771073647
middle fusion
kernel fusion
/itf-fi-ml/shared/users/ziyuzh/svm/results/dw_auc_norm/2019/uniport_ppi_2019_K_2_0.5052695526173884.pkl /itf-fi-ml/shared/users/ziyuzh/svm/results/dw_auc_norm/2019/uniport_ppi_2019_logK_2_0.5052695526173884.pkl
/itf-fi-ml/shared/users/ziyuzh/svm/results/dw_auc_norm/2019/ppi_2019_dw_40_K_2_0.48138034733416246.pkl /itf-fi-ml/shared/users/ziyuzh/svm/results/dw_auc_norm/2019/ppi_2019_dw_40_logK_2_0.48138034733416246.pkl
/itf-fi-ml/shared/users/ziyuzh/svm/results/dw_auc_norm/2019/uniport_bio_K_2_0.5427586367192363.pkl /itf-fi-ml/shared/users/ziyuzh/svm/results/dw_auc_norm/2019/uniport_bio_logK_2_0.5427586367192363.pkl
/itf-fi-ml/shared/users/ziyuzh/svm/results/dw_auc_norm/2019/uniport_seq_K_2_0.22444018226022353.pkl /itf-fi-ml/shared/users/ziyuzh/svm/results/dw_auc_norm/2019/uniport_seq_logK_2_0.22444018226022353.pkl
/itf-fi-ml/shared/users/ziyuzh/svm/results/dw_auc_norm/2019/uniport_esm_K_2_0.11355235622105712.pkl /itf-fi-ml/shared/users/ziyuzh/svm/results/dw_auc_norm/2019/uniport_esm_logK_2_0.11355235622105712.pkl
grid search C for fused kernels
linear_fused 1 0.5184506869464319 0.7259879377081645
geo_fused 1 0.5077822144331875 0.7395882360505639
fused kernels evaluation
ICD10_C67 191
kernels existing
uniport_ppi_2019 {'C_num': 1, 'gamma_ratio': 2, 'gamma': '0.5052695526173884'} 0.746404901762935 0.836633509467824
ppi_2019_dw_40 {'C_num': 1, 'gamma_ratio': 4, 'gamma': '0.24069017366708123'} 0.7451055668958225 0.8482307878970267
uniport_bio {'C_num': 1, 'gamma_ratio': 2, 'gamma': '0.5427586367192363'} 0.6775325916492623 0.8097653076073685
uniport_seq {'C_num': 9, 'gamma_ratio': 2, 'gamma': '0.22444018226022353'} 0.45836484719639464 0.6588350907106163
uniport_esm {'C_num': 3, 'gamma_ratio': 4, 'gamma': '0.05677617811052856'} 0.4929808380758278 0.7114866736065443
collect valid feature:  ['uniport_ppi_2019', 'ppi_2019_dw_40', 'uniport_bio', 'uniport_seq', 'uniport_esm']
evaluation
early fusion
uniport_ppi_2019-ppi_2019_dw_40-uniport_bio-uniport_seq-uniport_esm {'C_num': 3, 'gamma_ratio': 4, 'gamma': '0.05677617811052856'} 0.4929808380758278 0.7114866736065443
middle fusion
kernel fusion
/itf-fi-ml/shared/users/ziyuzh/svm/results/dw_auc_norm/2019/uniport_ppi_2019_K_2_0.5052695526173884.pkl /itf-fi-ml/shared/users/ziyuzh/svm/results/dw_auc_norm/2019/uniport_ppi_2019_logK_2_0.5052695526173884.pkl
/itf-fi-ml/shared/users/ziyuzh/svm/results/dw_auc_norm/2019/ppi_2019_dw_40_K_4_0.24069017366708123.pkl /itf-fi-ml/shared/users/ziyuzh/svm/results/dw_auc_norm/2019/ppi_2019_dw_40_logK_4_0.24069017366708123.pkl
/itf-fi-ml/shared/users/ziyuzh/svm/results/dw_auc_norm/2019/uniport_bio_K_2_0.5427586367192363.pkl /itf-fi-ml/shared/users/ziyuzh/svm/results/dw_auc_norm/2019/uniport_bio_logK_2_0.5427586367192363.pkl
/itf-fi-ml/shared/users/ziyuzh/svm/results/dw_auc_norm/2019/uniport_seq_K_2_0.22444018226022353.pkl /itf-fi-ml/shared/users/ziyuzh/svm/results/dw_auc_norm/2019/uniport_seq_logK_2_0.22444018226022353.pkl
/itf-fi-ml/shared/users/ziyuzh/svm/results/dw_auc_norm/2019/uniport_esm_K_4_0.05677617811052856.pkl /itf-fi-ml/shared/users/ziyuzh/svm/results/dw_auc_norm/2019/uniport_esm_logK_4_0.05677617811052856.pkl
grid search C for fused kernels
linear_fused 1 0.7706567532106998 0.8566982265468388
geo_fused 1 0.7466204967965044 0.8458094895724925
fused kernels evaluation
ICD10_C81 23
kernels existing
uniport_ppi_2019 {'C_num': 1, 'gamma_ratio': 2, 'gamma': '0.5052695526173884'} 0.7899869646188455 0.9191308243727598
ppi_2019_dw_40 {'C_num': 1, 'gamma_ratio': 2, 'gamma': '0.48138034733416246'} 0.7716536493164113 0.9200668842805939
uniport_bio {'C_num': 1, 'gamma_ratio': 8, 'gamma': '0.13568965917980907'} 0.4483015692869406 0.7774257552483359
uniport_seq {'C_num': 3, 'gamma_ratio': 8, 'gamma': '0.05611004556505588'} 0.5696233275393379 0.7432315668202766
uniport_esm {'C_num': 9, 'gamma_ratio': 8, 'gamma': '0.02838808905526428'} 0.36426389582562163 0.6501536098310291
collect valid feature:  ['uniport_ppi_2019', 'ppi_2019_dw_40', 'uniport_bio', 'uniport_seq', 'uniport_esm']
evaluation
early fusion
uniport_ppi_2019-ppi_2019_dw_40-uniport_bio-uniport_seq-uniport_esm {'C_num': 9, 'gamma_ratio': 8, 'gamma': '0.02838808905526428'} 0.36426389582562163 0.6501536098310291
middle fusion
kernel fusion
/itf-fi-ml/shared/users/ziyuzh/svm/results/dw_auc_norm/2019/uniport_ppi_2019_K_2_0.5052695526173884.pkl /itf-fi-ml/shared/users/ziyuzh/svm/results/dw_auc_norm/2019/uniport_ppi_2019_logK_2_0.5052695526173884.pkl
/itf-fi-ml/shared/users/ziyuzh/svm/results/dw_auc_norm/2019/ppi_2019_dw_40_K_2_0.48138034733416246.pkl /itf-fi-ml/shared/users/ziyuzh/svm/results/dw_auc_norm/2019/ppi_2019_dw_40_logK_2_0.48138034733416246.pkl
/itf-fi-ml/shared/users/ziyuzh/svm/results/dw_auc_norm/2019/uniport_bio_K_8_0.13568965917980907.pkl /itf-fi-ml/shared/users/ziyuzh/svm/results/dw_auc_norm/2019/uniport_bio_logK_8_0.13568965917980907.pkl
/itf-fi-ml/shared/users/ziyuzh/svm/results/dw_auc_norm/2019/uniport_seq_K_8_0.05611004556505588.pkl /itf-fi-ml/shared/users/ziyuzh/svm/results/dw_auc_norm/2019/uniport_seq_logK_8_0.05611004556505588.pkl
/itf-fi-ml/shared/users/ziyuzh/svm/results/dw_auc_norm/2019/uniport_esm_K_8_0.02838808905526428.pkl /itf-fi-ml/shared/users/ziyuzh/svm/results/dw_auc_norm/2019/uniport_esm_logK_8_0.02838808905526428.pkl
grid search C for fused kernels
linear_fused 3 0.8653473359786426 0.9154585893497185
geo_fused 9 0.7883457390040554 0.8893449180747567
fused kernels evaluation
ICD10_D57 22
kernels existing
uniport_ppi_2019 {'C_num': 1, 'gamma_ratio': 2, 'gamma': '0.5052695526173884'} 0.7236929820888632 0.9414965986394558
ppi_2019_dw_40 {'C_num': 9, 'gamma_ratio': 2, 'gamma': '0.48138034733416246'} 0.7186458365471663 0.9156462585034012
uniport_bio {'C_num': 3, 'gamma_ratio': 2, 'gamma': '0.5427586367192363'} 0.7739036656200263 0.9482993197278912
uniport_seq {'C_num': 1, 'gamma_ratio': 4, 'gamma': '0.11222009113011176'} 0.44050397063976243 0.7605442176870749
uniport_esm {'C_num': 3, 'gamma_ratio': 8, 'gamma': '0.02838808905526428'} 0.5338491750694381 0.7768707482993197
collect valid feature:  ['uniport_ppi_2019', 'ppi_2019_dw_40', 'uniport_bio', 'uniport_seq', 'uniport_esm']
evaluation
early fusion
uniport_ppi_2019-ppi_2019_dw_40-uniport_bio-uniport_seq-uniport_esm {'C_num': 3, 'gamma_ratio': 8, 'gamma': '0.02838808905526428'} 0.5338491750694381 0.7768707482993197
middle fusion
kernel fusion
/itf-fi-ml/shared/users/ziyuzh/svm/results/dw_auc_norm/2019/uniport_ppi_2019_K_2_0.5052695526173884.pkl /itf-fi-ml/shared/users/ziyuzh/svm/results/dw_auc_norm/2019/uniport_ppi_2019_logK_2_0.5052695526173884.pkl
/itf-fi-ml/shared/users/ziyuzh/svm/results/dw_auc_norm/2019/ppi_2019_dw_40_K_2_0.48138034733416246.pkl /itf-fi-ml/shared/users/ziyuzh/svm/results/dw_auc_norm/2019/ppi_2019_dw_40_logK_2_0.48138034733416246.pkl
/itf-fi-ml/shared/users/ziyuzh/svm/results/dw_auc_norm/2019/uniport_bio_K_2_0.5427586367192363.pkl /itf-fi-ml/shared/users/ziyuzh/svm/results/dw_auc_norm/2019/uniport_bio_logK_2_0.5427586367192363.pkl
/itf-fi-ml/shared/users/ziyuzh/svm/results/dw_auc_norm/2019/uniport_seq_K_4_0.11222009113011176.pkl /itf-fi-ml/shared/users/ziyuzh/svm/results/dw_auc_norm/2019/uniport_seq_logK_4_0.11222009113011176.pkl
/itf-fi-ml/shared/users/ziyuzh/svm/results/dw_auc_norm/2019/uniport_esm_K_8_0.02838808905526428.pkl /itf-fi-ml/shared/users/ziyuzh/svm/results/dw_auc_norm/2019/uniport_esm_logK_8_0.02838808905526428.pkl
grid search C for fused kernels
linear_fused 9 0.7967051904298623 0.9659863945578232
geo_fused 9 0.7784005275378449 0.9401360544217687
fused kernels evaluation
ICD10_D66 15
kernels existing
uniport_ppi_2019 {'C_num': 1, 'gamma_ratio': 2, 'gamma': '0.5052695526173884'} 0.94795671645382 0.9217391304347826
ppi_2019_dw_40 {'C_num': 1, 'gamma_ratio': 4, 'gamma': '0.24069017366708123'} 0.9551194359038325 0.9362318840579711
uniport_bio {'C_num': 1, 'gamma_ratio': 2, 'gamma': '0.5427586367192363'} 0.8895904185718452 0.8695652173913043
uniport_seq {'C_num': 3, 'gamma_ratio': 8, 'gamma': '0.05611004556505588'} 0.37228862222778236 0.8029891304347826
uniport_esm {'C_num': 3, 'gamma_ratio': 2, 'gamma': '0.11355235622105712'} 0.51635229041093 0.8058574879227053
collect valid feature:  ['uniport_ppi_2019', 'ppi_2019_dw_40', 'uniport_bio', 'uniport_seq', 'uniport_esm']
evaluation
early fusion
uniport_ppi_2019-ppi_2019_dw_40-uniport_bio-uniport_seq-uniport_esm {'C_num': 3, 'gamma_ratio': 2, 'gamma': '0.11355235622105712'} 0.51635229041093 0.8058574879227053
middle fusion
kernel fusion
/itf-fi-ml/shared/users/ziyuzh/svm/results/dw_auc_norm/2019/uniport_ppi_2019_K_2_0.5052695526173884.pkl /itf-fi-ml/shared/users/ziyuzh/svm/results/dw_auc_norm/2019/uniport_ppi_2019_logK_2_0.5052695526173884.pkl
/itf-fi-ml/shared/users/ziyuzh/svm/results/dw_auc_norm/2019/ppi_2019_dw_40_K_4_0.24069017366708123.pkl /itf-fi-ml/shared/users/ziyuzh/svm/results/dw_auc_norm/2019/ppi_2019_dw_40_logK_4_0.24069017366708123.pkl
/itf-fi-ml/shared/users/ziyuzh/svm/results/dw_auc_norm/2019/uniport_bio_K_2_0.5427586367192363.pkl /itf-fi-ml/shared/users/ziyuzh/svm/results/dw_auc_norm/2019/uniport_bio_logK_2_0.5427586367192363.pkl
/itf-fi-ml/shared/users/ziyuzh/svm/results/dw_auc_norm/2019/uniport_seq_K_8_0.05611004556505588.pkl /itf-fi-ml/shared/users/ziyuzh/svm/results/dw_auc_norm/2019/uniport_seq_logK_8_0.05611004556505588.pkl
/itf-fi-ml/shared/users/ziyuzh/svm/results/dw_auc_norm/2019/uniport_esm_K_2_0.11355235622105712.pkl /itf-fi-ml/shared/users/ziyuzh/svm/results/dw_auc_norm/2019/uniport_esm_logK_2_0.11355235622105712.pkl
grid search C for fused kernels
linear_fused 3 0.9447509431030898 0.9072463768115941
geo_fused 1 0.891691063742256 0.8956521739130435
fused kernels evaluation
ICD10_D83 23
kernels existing
uniport_ppi_2019 {'C_num': 1, 'gamma_ratio': 2, 'gamma': '0.5052695526173884'} 0.9043498827735849 0.9210884353741496
ppi_2019_dw_40 {'C_num': 9, 'gamma_ratio': 2, 'gamma': '0.48138034733416246'} 0.915324645115331 0.942857142857143
uniport_bio {'C_num': 3, 'gamma_ratio': 8, 'gamma': '0.13568965917980907'} 0.836080113695969 0.9129251700680273
uniport_seq {'C_num': 3, 'gamma_ratio': 4, 'gamma': '0.11222009113011176'} 0.7335977206906286 0.8829931972789117
uniport_esm {'C_num': 27, 'gamma_ratio': 8, 'gamma': '0.02838808905526428'} 0.658004833440426 0.8231292517006802
collect valid feature:  ['uniport_ppi_2019', 'ppi_2019_dw_40', 'uniport_bio', 'uniport_seq', 'uniport_esm']
evaluation
early fusion
uniport_ppi_2019-ppi_2019_dw_40-uniport_bio-uniport_seq-uniport_esm {'C_num': 27, 'gamma_ratio': 8, 'gamma': '0.02838808905526428'} 0.658004833440426 0.8231292517006802
middle fusion
kernel fusion
/itf-fi-ml/shared/users/ziyuzh/svm/results/dw_auc_norm/2019/uniport_ppi_2019_K_2_0.5052695526173884.pkl /itf-fi-ml/shared/users/ziyuzh/svm/results/dw_auc_norm/2019/uniport_ppi_2019_logK_2_0.5052695526173884.pkl
/itf-fi-ml/shared/users/ziyuzh/svm/results/dw_auc_norm/2019/ppi_2019_dw_40_K_2_0.48138034733416246.pkl /itf-fi-ml/shared/users/ziyuzh/svm/results/dw_auc_norm/2019/ppi_2019_dw_40_logK_2_0.48138034733416246.pkl
/itf-fi-ml/shared/users/ziyuzh/svm/results/dw_auc_norm/2019/uniport_bio_K_8_0.13568965917980907.pkl /itf-fi-ml/shared/users/ziyuzh/svm/results/dw_auc_norm/2019/uniport_bio_logK_8_0.13568965917980907.pkl
/itf-fi-ml/shared/users/ziyuzh/svm/results/dw_auc_norm/2019/uniport_seq_K_4_0.11222009113011176.pkl /itf-fi-ml/shared/users/ziyuzh/svm/results/dw_auc_norm/2019/uniport_seq_logK_4_0.11222009113011176.pkl
/itf-fi-ml/shared/users/ziyuzh/svm/results/dw_auc_norm/2019/uniport_esm_K_8_0.02838808905526428.pkl /itf-fi-ml/shared/users/ziyuzh/svm/results/dw_auc_norm/2019/uniport_esm_logK_8_0.02838808905526428.pkl
grid search C for fused kernels
linear_fused 9 0.9175279518665228 0.9523809523809524
geo_fused 27 0.8666185419661353 0.9414965986394557
fused kernels evaluation
ICD10_E11 269
kernels existing
uniport_ppi_2019 {'C_num': 1, 'gamma_ratio': 4, 'gamma': '0.2526347763086942'} 0.8091968263313886 0.8951915301329771
ppi_2019_dw_40 {'C_num': 1, 'gamma_ratio': 2, 'gamma': '0.48138034733416246'} 0.8125618988005364 0.8945072326240492
uniport_bio {'C_num': 1, 'gamma_ratio': 2, 'gamma': '0.5427586367192363'} 0.7199716251557938 0.8815238379440352
uniport_seq {'C_num': 27, 'gamma_ratio': 2, 'gamma': '0.22444018226022353'} 0.4574824828670359 0.6973758410637826
uniport_esm {'C_num': 1, 'gamma_ratio': 2, 'gamma': '0.11355235622105712'} 0.4535824998841025 0.654793520204693
collect valid feature:  ['uniport_ppi_2019', 'ppi_2019_dw_40', 'uniport_bio', 'uniport_seq', 'uniport_esm']
evaluation
early fusion
uniport_ppi_2019-ppi_2019_dw_40-uniport_bio-uniport_seq-uniport_esm {'C_num': 1, 'gamma_ratio': 2, 'gamma': '0.11355235622105712'} 0.4535824998841025 0.654793520204693
middle fusion
kernel fusion
/itf-fi-ml/shared/users/ziyuzh/svm/results/dw_auc_norm/2019/uniport_ppi_2019_K_4_0.2526347763086942.pkl /itf-fi-ml/shared/users/ziyuzh/svm/results/dw_auc_norm/2019/uniport_ppi_2019_logK_4_0.2526347763086942.pkl
/itf-fi-ml/shared/users/ziyuzh/svm/results/dw_auc_norm/2019/ppi_2019_dw_40_K_2_0.48138034733416246.pkl /itf-fi-ml/shared/users/ziyuzh/svm/results/dw_auc_norm/2019/ppi_2019_dw_40_logK_2_0.48138034733416246.pkl
/itf-fi-ml/shared/users/ziyuzh/svm/results/dw_auc_norm/2019/uniport_bio_K_2_0.5427586367192363.pkl /itf-fi-ml/shared/users/ziyuzh/svm/results/dw_auc_norm/2019/uniport_bio_logK_2_0.5427586367192363.pkl
/itf-fi-ml/shared/users/ziyuzh/svm/results/dw_auc_norm/2019/uniport_seq_K_2_0.22444018226022353.pkl /itf-fi-ml/shared/users/ziyuzh/svm/results/dw_auc_norm/2019/uniport_seq_logK_2_0.22444018226022353.pkl
/itf-fi-ml/shared/users/ziyuzh/svm/results/dw_auc_norm/2019/uniport_esm_K_2_0.11355235622105712.pkl /itf-fi-ml/shared/users/ziyuzh/svm/results/dw_auc_norm/2019/uniport_esm_logK_2_0.11355235622105712.pkl
grid search C for fused kernels
linear_fused 1 0.8165869930686669 0.9183921411183263
geo_fused 1 0.784065448346042 0.8976918456074188
fused kernels evaluation
ICD10_E66 259
kernels existing
uniport_ppi_2019 {'C_num': 1, 'gamma_ratio': 4, 'gamma': '0.2526347763086942'} 0.7757448355256811 0.8718094586512066
ppi_2019_dw_40 {'C_num': 1, 'gamma_ratio': 8, 'gamma': '0.12034508683354062'} 0.7748225406898882 0.87949150633535
uniport_bio {'C_num': 1, 'gamma_ratio': 2, 'gamma': '0.5427586367192363'} 0.7445239868841823 0.8232063408350986
uniport_seq {'C_num': 3, 'gamma_ratio': 8, 'gamma': '0.05611004556505588'} 0.46963724614337804 0.6918666677161966
uniport_esm {'C_num': 3, 'gamma_ratio': 2, 'gamma': '0.11355235622105712'} 0.4978056059510492 0.723666409781719
collect valid feature:  ['uniport_ppi_2019', 'ppi_2019_dw_40', 'uniport_bio', 'uniport_seq', 'uniport_esm']
evaluation
early fusion
uniport_ppi_2019-ppi_2019_dw_40-uniport_bio-uniport_seq-uniport_esm {'C_num': 3, 'gamma_ratio': 2, 'gamma': '0.11355235622105712'} 0.4978056059510492 0.723666409781719
middle fusion
kernel fusion
/itf-fi-ml/shared/users/ziyuzh/svm/results/dw_auc_norm/2019/uniport_ppi_2019_K_4_0.2526347763086942.pkl /itf-fi-ml/shared/users/ziyuzh/svm/results/dw_auc_norm/2019/uniport_ppi_2019_logK_4_0.2526347763086942.pkl
/itf-fi-ml/shared/users/ziyuzh/svm/results/dw_auc_norm/2019/ppi_2019_dw_40_K_8_0.12034508683354062.pkl /itf-fi-ml/shared/users/ziyuzh/svm/results/dw_auc_norm/2019/ppi_2019_dw_40_logK_8_0.12034508683354062.pkl
/itf-fi-ml/shared/users/ziyuzh/svm/results/dw_auc_norm/2019/uniport_bio_K_2_0.5427586367192363.pkl /itf-fi-ml/shared/users/ziyuzh/svm/results/dw_auc_norm/2019/uniport_bio_logK_2_0.5427586367192363.pkl
/itf-fi-ml/shared/users/ziyuzh/svm/results/dw_auc_norm/2019/uniport_seq_K_8_0.05611004556505588.pkl /itf-fi-ml/shared/users/ziyuzh/svm/results/dw_auc_norm/2019/uniport_seq_logK_8_0.05611004556505588.pkl
/itf-fi-ml/shared/users/ziyuzh/svm/results/dw_auc_norm/2019/uniport_esm_K_2_0.11355235622105712.pkl /itf-fi-ml/shared/users/ziyuzh/svm/results/dw_auc_norm/2019/uniport_esm_logK_2_0.11355235622105712.pkl
grid search C for fused kernels
linear_fused 1 0.8006396342066039 0.8826472179710012
geo_fused 1 0.7722125723968299 0.8785968445320052
fused kernels evaluation
ICD10_F01 33
kernels existing
uniport_ppi_2019 {'C_num': 9, 'gamma_ratio': 8, 'gamma': '0.1263173881543471'} 0.41106195576428944 0.7754629629629629
ppi_2019_dw_40 {'C_num': 9, 'gamma_ratio': 8, 'gamma': '0.12034508683354062'} 0.1248200681550936 0.6805555555555557
uniport_bio {'C_num': 1, 'gamma_ratio': 2, 'gamma': '0.5427586367192363'} 0.29165329868928463 0.6018518518518519
uniport_seq {'C_num': 9, 'gamma_ratio': 8, 'gamma': '0.05611004556505588'} 0.2920966461363366 0.7060185185185185
uniport_esm {'C_num': 9, 'gamma_ratio': 8, 'gamma': '0.02838808905526428'} 0.1337179529046262 0.7337962962962963
collect valid feature:  ['uniport_ppi_2019', 'ppi_2019_dw_40', 'uniport_bio', 'uniport_seq', 'uniport_esm']
evaluation
early fusion
uniport_ppi_2019-ppi_2019_dw_40-uniport_bio-uniport_seq-uniport_esm {'C_num': 9, 'gamma_ratio': 8, 'gamma': '0.02838808905526428'} 0.1337179529046262 0.7337962962962963
middle fusion
kernel fusion
/itf-fi-ml/shared/users/ziyuzh/svm/results/dw_auc_norm/2019/uniport_ppi_2019_K_8_0.1263173881543471.pkl /itf-fi-ml/shared/users/ziyuzh/svm/results/dw_auc_norm/2019/uniport_ppi_2019_logK_8_0.1263173881543471.pkl
/itf-fi-ml/shared/users/ziyuzh/svm/results/dw_auc_norm/2019/ppi_2019_dw_40_K_8_0.12034508683354062.pkl /itf-fi-ml/shared/users/ziyuzh/svm/results/dw_auc_norm/2019/ppi_2019_dw_40_logK_8_0.12034508683354062.pkl
/itf-fi-ml/shared/users/ziyuzh/svm/results/dw_auc_norm/2019/uniport_bio_K_2_0.5427586367192363.pkl /itf-fi-ml/shared/users/ziyuzh/svm/results/dw_auc_norm/2019/uniport_bio_logK_2_0.5427586367192363.pkl
/itf-fi-ml/shared/users/ziyuzh/svm/results/dw_auc_norm/2019/uniport_seq_K_8_0.05611004556505588.pkl /itf-fi-ml/shared/users/ziyuzh/svm/results/dw_auc_norm/2019/uniport_seq_logK_8_0.05611004556505588.pkl
/itf-fi-ml/shared/users/ziyuzh/svm/results/dw_auc_norm/2019/uniport_esm_K_8_0.02838808905526428.pkl /itf-fi-ml/shared/users/ziyuzh/svm/results/dw_auc_norm/2019/uniport_esm_logK_8_0.02838808905526428.pkl
grid search C for fused kernels
linear_fused 1 0.1359190335582485 0.8009259259259259
geo_fused 27 0.34043187228169297 0.7847222222222223
fused kernels evaluation
ICD10_F20 834
kernels existing
uniport_ppi_2019 {'C_num': 1, 'gamma_ratio': 2, 'gamma': '0.5052695526173884'} 0.708089214188984 0.804307217630854
ppi_2019_dw_40 {'C_num': 9, 'gamma_ratio': 2, 'gamma': '0.48138034733416246'} 0.6860036248736033 0.8183325619834712
uniport_bio {'C_num': 1, 'gamma_ratio': 2, 'gamma': '0.5427586367192363'} 0.668100657465053 0.8128000000000001
uniport_seq {'C_num': 3, 'gamma_ratio': 2, 'gamma': '0.22444018226022353'} 0.5107337718882693 0.7179574655647384
uniport_esm {'C_num': 9, 'gamma_ratio': 2, 'gamma': '0.11355235622105712'} 0.49325935391497416 0.7044857300275483
collect valid feature:  ['uniport_ppi_2019', 'ppi_2019_dw_40', 'uniport_bio', 'uniport_seq', 'uniport_esm']
evaluation
early fusion
uniport_ppi_2019-ppi_2019_dw_40-uniport_bio-uniport_seq-uniport_esm {'C_num': 9, 'gamma_ratio': 2, 'gamma': '0.11355235622105712'} 0.49325935391497416 0.7044857300275483
middle fusion
kernel fusion
/itf-fi-ml/shared/users/ziyuzh/svm/results/dw_auc_norm/2019/uniport_ppi_2019_K_2_0.5052695526173884.pkl /itf-fi-ml/shared/users/ziyuzh/svm/results/dw_auc_norm/2019/uniport_ppi_2019_logK_2_0.5052695526173884.pkl
/itf-fi-ml/shared/users/ziyuzh/svm/results/dw_auc_norm/2019/ppi_2019_dw_40_K_2_0.48138034733416246.pkl /itf-fi-ml/shared/users/ziyuzh/svm/results/dw_auc_norm/2019/ppi_2019_dw_40_logK_2_0.48138034733416246.pkl
/itf-fi-ml/shared/users/ziyuzh/svm/results/dw_auc_norm/2019/uniport_bio_K_2_0.5427586367192363.pkl /itf-fi-ml/shared/users/ziyuzh/svm/results/dw_auc_norm/2019/uniport_bio_logK_2_0.5427586367192363.pkl
/itf-fi-ml/shared/users/ziyuzh/svm/results/dw_auc_norm/2019/uniport_seq_K_2_0.22444018226022353.pkl /itf-fi-ml/shared/users/ziyuzh/svm/results/dw_auc_norm/2019/uniport_seq_logK_2_0.22444018226022353.pkl
/itf-fi-ml/shared/users/ziyuzh/svm/results/dw_auc_norm/2019/uniport_esm_K_2_0.11355235622105712.pkl /itf-fi-ml/shared/users/ziyuzh/svm/results/dw_auc_norm/2019/uniport_esm_logK_2_0.11355235622105712.pkl
grid search C for fused kernels
linear_fused 3 0.7358915840958055 0.856812782369146
geo_fused 1 0.7226724798198715 0.8577507438016528
fused kernels evaluation
ICD10_F31 441
kernels existing
uniport_ppi_2019 {'C_num': 1, 'gamma_ratio': 2, 'gamma': '0.5052695526173884'} 0.7341480787595333 0.8271578142970396
ppi_2019_dw_40 {'C_num': 1, 'gamma_ratio': 2, 'gamma': '0.48138034733416246'} 0.7470325587481753 0.8338757780925254
uniport_bio {'C_num': 1, 'gamma_ratio': 2, 'gamma': '0.5427586367192363'} 0.7081057941289832 0.816951396748116
uniport_seq {'C_num': 1, 'gamma_ratio': 2, 'gamma': '0.22444018226022353'} 0.6130299664935398 0.750004237320419
uniport_esm {'C_num': 1, 'gamma_ratio': 2, 'gamma': '0.11355235622105712'} 0.5876367420180783 0.7381394399075564
collect valid feature:  ['uniport_ppi_2019', 'ppi_2019_dw_40', 'uniport_bio', 'uniport_seq', 'uniport_esm']
evaluation
early fusion
uniport_ppi_2019-ppi_2019_dw_40-uniport_bio-uniport_seq-uniport_esm {'C_num': 1, 'gamma_ratio': 2, 'gamma': '0.11355235622105712'} 0.5876367420180783 0.7381394399075564
middle fusion
kernel fusion
/itf-fi-ml/shared/users/ziyuzh/svm/results/dw_auc_norm/2019/uniport_ppi_2019_K_2_0.5052695526173884.pkl /itf-fi-ml/shared/users/ziyuzh/svm/results/dw_auc_norm/2019/uniport_ppi_2019_logK_2_0.5052695526173884.pkl
/itf-fi-ml/shared/users/ziyuzh/svm/results/dw_auc_norm/2019/ppi_2019_dw_40_K_2_0.48138034733416246.pkl /itf-fi-ml/shared/users/ziyuzh/svm/results/dw_auc_norm/2019/ppi_2019_dw_40_logK_2_0.48138034733416246.pkl
/itf-fi-ml/shared/users/ziyuzh/svm/results/dw_auc_norm/2019/uniport_bio_K_2_0.5427586367192363.pkl /itf-fi-ml/shared/users/ziyuzh/svm/results/dw_auc_norm/2019/uniport_bio_logK_2_0.5427586367192363.pkl
/itf-fi-ml/shared/users/ziyuzh/svm/results/dw_auc_norm/2019/uniport_seq_K_2_0.22444018226022353.pkl /itf-fi-ml/shared/users/ziyuzh/svm/results/dw_auc_norm/2019/uniport_seq_logK_2_0.22444018226022353.pkl
/itf-fi-ml/shared/users/ziyuzh/svm/results/dw_auc_norm/2019/uniport_esm_K_2_0.11355235622105712.pkl /itf-fi-ml/shared/users/ziyuzh/svm/results/dw_auc_norm/2019/uniport_esm_logK_2_0.11355235622105712.pkl
grid search C for fused kernels
linear_fused 1 0.7764887766906079 0.8681830936146152
geo_fused 1 0.767984261251303 0.8655742143037038
fused kernels evaluation
ICD10_F72 31
kernels existing
uniport_ppi_2019 {'C_num': 9, 'gamma_ratio': 2, 'gamma': '0.5052695526173884'} 0.4667003079785161 0.6707482993197278
ppi_2019_dw_40 {'C_num': 9, 'gamma_ratio': 2, 'gamma': '0.48138034733416246'} 0.48663563915815217 0.6462585034013606
uniport_bio {'C_num': 9, 'gamma_ratio': 2, 'gamma': '0.5427586367192363'} 0.5485975226878603 0.6775510204081633
uniport_seq {'C_num': 3, 'gamma_ratio': 2, 'gamma': '0.22444018226022353'} 0.388940818212199 0.6734693877551021
uniport_esm {'C_num': 27, 'gamma_ratio': 4, 'gamma': '0.05677617811052856'} 0.44198040027082613 0.617687074829932
collect valid feature:  ['uniport_ppi_2019', 'ppi_2019_dw_40', 'uniport_bio', 'uniport_seq', 'uniport_esm']
evaluation
early fusion
uniport_ppi_2019-ppi_2019_dw_40-uniport_bio-uniport_seq-uniport_esm {'C_num': 27, 'gamma_ratio': 4, 'gamma': '0.05677617811052856'} 0.44198040027082613 0.617687074829932
middle fusion
kernel fusion
/itf-fi-ml/shared/users/ziyuzh/svm/results/dw_auc_norm/2019/uniport_ppi_2019_K_2_0.5052695526173884.pkl /itf-fi-ml/shared/users/ziyuzh/svm/results/dw_auc_norm/2019/uniport_ppi_2019_logK_2_0.5052695526173884.pkl
/itf-fi-ml/shared/users/ziyuzh/svm/results/dw_auc_norm/2019/ppi_2019_dw_40_K_2_0.48138034733416246.pkl /itf-fi-ml/shared/users/ziyuzh/svm/results/dw_auc_norm/2019/ppi_2019_dw_40_logK_2_0.48138034733416246.pkl
/itf-fi-ml/shared/users/ziyuzh/svm/results/dw_auc_norm/2019/uniport_bio_K_2_0.5427586367192363.pkl /itf-fi-ml/shared/users/ziyuzh/svm/results/dw_auc_norm/2019/uniport_bio_logK_2_0.5427586367192363.pkl
/itf-fi-ml/shared/users/ziyuzh/svm/results/dw_auc_norm/2019/uniport_seq_K_2_0.22444018226022353.pkl /itf-fi-ml/shared/users/ziyuzh/svm/results/dw_auc_norm/2019/uniport_seq_logK_2_0.22444018226022353.pkl
/itf-fi-ml/shared/users/ziyuzh/svm/results/dw_auc_norm/2019/uniport_esm_K_4_0.05677617811052856.pkl /itf-fi-ml/shared/users/ziyuzh/svm/results/dw_auc_norm/2019/uniport_esm_logK_4_0.05677617811052856.pkl
grid search C for fused kernels
linear_fused 9 0.5683601202452632 0.6993197278911564
geo_fused 9 0.5453839286323717 0.7047619047619048
fused kernels evaluation
ICD10_F90 24
kernels existing
uniport_ppi_2019 {'C_num': 1, 'gamma_ratio': 8, 'gamma': '0.1263173881543471'} 0.5762355382262005 0.6497947454844007
ppi_2019_dw_40 {'C_num': 1, 'gamma_ratio': 8, 'gamma': '0.12034508683354062'} 0.4731629585974604 0.6366310892172962
uniport_bio {'C_num': 1, 'gamma_ratio': 2, 'gamma': '0.5427586367192363'} 0.5591402196237755 0.6996168582375478
uniport_seq {'C_num': 27, 'gamma_ratio': 8, 'gamma': '0.05611004556505588'} 0.30142366165159046 0.7165571975916804
uniport_esm {'C_num': 27, 'gamma_ratio': 8, 'gamma': '0.02838808905526428'} 0.5630566145924029 0.7850574712643678
collect valid feature:  ['uniport_ppi_2019', 'ppi_2019_dw_40', 'uniport_bio', 'uniport_seq', 'uniport_esm']
evaluation
early fusion
uniport_ppi_2019-ppi_2019_dw_40-uniport_bio-uniport_seq-uniport_esm {'C_num': 27, 'gamma_ratio': 8, 'gamma': '0.02838808905526428'} 0.5630566145924029 0.7850574712643678
middle fusion
kernel fusion
/itf-fi-ml/shared/users/ziyuzh/svm/results/dw_auc_norm/2019/uniport_ppi_2019_K_8_0.1263173881543471.pkl /itf-fi-ml/shared/users/ziyuzh/svm/results/dw_auc_norm/2019/uniport_ppi_2019_logK_8_0.1263173881543471.pkl
/itf-fi-ml/shared/users/ziyuzh/svm/results/dw_auc_norm/2019/ppi_2019_dw_40_K_8_0.12034508683354062.pkl /itf-fi-ml/shared/users/ziyuzh/svm/results/dw_auc_norm/2019/ppi_2019_dw_40_logK_8_0.12034508683354062.pkl
/itf-fi-ml/shared/users/ziyuzh/svm/results/dw_auc_norm/2019/uniport_bio_K_2_0.5427586367192363.pkl /itf-fi-ml/shared/users/ziyuzh/svm/results/dw_auc_norm/2019/uniport_bio_logK_2_0.5427586367192363.pkl
/itf-fi-ml/shared/users/ziyuzh/svm/results/dw_auc_norm/2019/uniport_seq_K_8_0.05611004556505588.pkl /itf-fi-ml/shared/users/ziyuzh/svm/results/dw_auc_norm/2019/uniport_seq_logK_8_0.05611004556505588.pkl
/itf-fi-ml/shared/users/ziyuzh/svm/results/dw_auc_norm/2019/uniport_esm_K_8_0.02838808905526428.pkl /itf-fi-ml/shared/users/ziyuzh/svm/results/dw_auc_norm/2019/uniport_esm_logK_8_0.02838808905526428.pkl
grid search C for fused kernels
linear_fused 1 0.7476523096683754 0.8453338806787083
geo_fused 9 0.6334153829716866 0.7264504652435687
fused kernels evaluation
ICD10_G10 32
kernels existing
uniport_ppi_2019 {'C_num': 9, 'gamma_ratio': 2, 'gamma': '0.5052695526173884'} 0.8375935535679598 0.9094108505873212
ppi_2019_dw_40 {'C_num': 1, 'gamma_ratio': 2, 'gamma': '0.48138034733416246'} 0.867353152490569 0.9428230266465562
uniport_bio {'C_num': 1, 'gamma_ratio': 2, 'gamma': '0.5427586367192363'} 0.777570377209444 0.8849707482060424
uniport_seq {'C_num': 27, 'gamma_ratio': 8, 'gamma': '0.05611004556505588'} 0.45439424406705936 0.6348679098679099
uniport_esm {'C_num': 3, 'gamma_ratio': 8, 'gamma': '0.02838808905526428'} 0.5064047562444742 0.6311474473239179
collect valid feature:  ['uniport_ppi_2019', 'ppi_2019_dw_40', 'uniport_bio', 'uniport_seq', 'uniport_esm']
evaluation
early fusion
uniport_ppi_2019-ppi_2019_dw_40-uniport_bio-uniport_seq-uniport_esm {'C_num': 3, 'gamma_ratio': 8, 'gamma': '0.02838808905526428'} 0.5064047562444742 0.6311474473239179
middle fusion
kernel fusion
/itf-fi-ml/shared/users/ziyuzh/svm/results/dw_auc_norm/2019/uniport_ppi_2019_K_2_0.5052695526173884.pkl /itf-fi-ml/shared/users/ziyuzh/svm/results/dw_auc_norm/2019/uniport_ppi_2019_logK_2_0.5052695526173884.pkl
/itf-fi-ml/shared/users/ziyuzh/svm/results/dw_auc_norm/2019/ppi_2019_dw_40_K_2_0.48138034733416246.pkl /itf-fi-ml/shared/users/ziyuzh/svm/results/dw_auc_norm/2019/ppi_2019_dw_40_logK_2_0.48138034733416246.pkl
/itf-fi-ml/shared/users/ziyuzh/svm/results/dw_auc_norm/2019/uniport_bio_K_2_0.5427586367192363.pkl /itf-fi-ml/shared/users/ziyuzh/svm/results/dw_auc_norm/2019/uniport_bio_logK_2_0.5427586367192363.pkl
/itf-fi-ml/shared/users/ziyuzh/svm/results/dw_auc_norm/2019/uniport_seq_K_8_0.05611004556505588.pkl /itf-fi-ml/shared/users/ziyuzh/svm/results/dw_auc_norm/2019/uniport_seq_logK_8_0.05611004556505588.pkl
/itf-fi-ml/shared/users/ziyuzh/svm/results/dw_auc_norm/2019/uniport_esm_K_8_0.02838808905526428.pkl /itf-fi-ml/shared/users/ziyuzh/svm/results/dw_auc_norm/2019/uniport_esm_logK_8_0.02838808905526428.pkl
grid search C for fused kernels
linear_fused 9 0.8521996599142162 0.9378502216737511
geo_fused 27 0.7750034252003739 0.9170243155537273
fused kernels evaluation
ICD10_G20 137
kernels existing
uniport_ppi_2019 {'C_num': 1, 'gamma_ratio': 4, 'gamma': '0.2526347763086942'} 0.7849771332045923 0.8542551440329218
ppi_2019_dw_40 {'C_num': 1, 'gamma_ratio': 2, 'gamma': '0.48138034733416246'} 0.8184186801108781 0.8664362139917694
uniport_bio {'C_num': 9, 'gamma_ratio': 2, 'gamma': '0.5427586367192363'} 0.7794889307564802 0.8769218106995886
uniport_seq {'C_num': 1, 'gamma_ratio': 2, 'gamma': '0.22444018226022353'} 0.5349569899242598 0.6768065843621399
uniport_esm {'C_num': 9, 'gamma_ratio': 8, 'gamma': '0.02838808905526428'} 0.4683020482848041 0.6807572016460904
collect valid feature:  ['uniport_ppi_2019', 'ppi_2019_dw_40', 'uniport_bio', 'uniport_seq', 'uniport_esm']
evaluation
early fusion
uniport_ppi_2019-ppi_2019_dw_40-uniport_bio-uniport_seq-uniport_esm {'C_num': 9, 'gamma_ratio': 8, 'gamma': '0.02838808905526428'} 0.4683020482848041 0.6807572016460904
middle fusion
kernel fusion
/itf-fi-ml/shared/users/ziyuzh/svm/results/dw_auc_norm/2019/uniport_ppi_2019_K_4_0.2526347763086942.pkl /itf-fi-ml/shared/users/ziyuzh/svm/results/dw_auc_norm/2019/uniport_ppi_2019_logK_4_0.2526347763086942.pkl
/itf-fi-ml/shared/users/ziyuzh/svm/results/dw_auc_norm/2019/ppi_2019_dw_40_K_2_0.48138034733416246.pkl /itf-fi-ml/shared/users/ziyuzh/svm/results/dw_auc_norm/2019/ppi_2019_dw_40_logK_2_0.48138034733416246.pkl
/itf-fi-ml/shared/users/ziyuzh/svm/results/dw_auc_norm/2019/uniport_bio_K_2_0.5427586367192363.pkl /itf-fi-ml/shared/users/ziyuzh/svm/results/dw_auc_norm/2019/uniport_bio_logK_2_0.5427586367192363.pkl
/itf-fi-ml/shared/users/ziyuzh/svm/results/dw_auc_norm/2019/uniport_seq_K_2_0.22444018226022353.pkl /itf-fi-ml/shared/users/ziyuzh/svm/results/dw_auc_norm/2019/uniport_seq_logK_2_0.22444018226022353.pkl
/itf-fi-ml/shared/users/ziyuzh/svm/results/dw_auc_norm/2019/uniport_esm_K_8_0.02838808905526428.pkl /itf-fi-ml/shared/users/ziyuzh/svm/results/dw_auc_norm/2019/uniport_esm_logK_8_0.02838808905526428.pkl
grid search C for fused kernels
linear_fused 1 0.8454388259668613 0.8787818930041151
geo_fused 3 0.8161555617502801 0.8860246913580249
fused kernels evaluation
ICD10_G24 22
kernels existing
uniport_ppi_2019 {'C_num': 1, 'gamma_ratio': 8, 'gamma': '0.1263173881543471'} 0.8524309201657728 0.8759259259259261
ppi_2019_dw_40 {'C_num': 9, 'gamma_ratio': 8, 'gamma': '0.12034508683354062'} 0.7197136807958738 0.8907407407407407
uniport_bio {'C_num': 1, 'gamma_ratio': 2, 'gamma': '0.5427586367192363'} 0.7448027046647289 0.725925925925926
uniport_seq {'C_num': 1, 'gamma_ratio': 2, 'gamma': '0.22444018226022353'} 0.11924460157280836 0.4648148148148148
uniport_esm {'C_num': 9, 'gamma_ratio': 8, 'gamma': '0.02838808905526428'} 0.4034758943742455 0.5351851851851852
collect valid feature:  ['uniport_ppi_2019', 'ppi_2019_dw_40', 'uniport_bio', 'uniport_seq', 'uniport_esm']
evaluation
early fusion
uniport_ppi_2019-ppi_2019_dw_40-uniport_bio-uniport_seq-uniport_esm {'C_num': 9, 'gamma_ratio': 8, 'gamma': '0.02838808905526428'} 0.4034758943742455 0.5351851851851852
middle fusion
kernel fusion
/itf-fi-ml/shared/users/ziyuzh/svm/results/dw_auc_norm/2019/uniport_ppi_2019_K_8_0.1263173881543471.pkl /itf-fi-ml/shared/users/ziyuzh/svm/results/dw_auc_norm/2019/uniport_ppi_2019_logK_8_0.1263173881543471.pkl
/itf-fi-ml/shared/users/ziyuzh/svm/results/dw_auc_norm/2019/ppi_2019_dw_40_K_8_0.12034508683354062.pkl /itf-fi-ml/shared/users/ziyuzh/svm/results/dw_auc_norm/2019/ppi_2019_dw_40_logK_8_0.12034508683354062.pkl
/itf-fi-ml/shared/users/ziyuzh/svm/results/dw_auc_norm/2019/uniport_bio_K_2_0.5427586367192363.pkl /itf-fi-ml/shared/users/ziyuzh/svm/results/dw_auc_norm/2019/uniport_bio_logK_2_0.5427586367192363.pkl
/itf-fi-ml/shared/users/ziyuzh/svm/results/dw_auc_norm/2019/uniport_seq_K_2_0.22444018226022353.pkl /itf-fi-ml/shared/users/ziyuzh/svm/results/dw_auc_norm/2019/uniport_seq_logK_2_0.22444018226022353.pkl
/itf-fi-ml/shared/users/ziyuzh/svm/results/dw_auc_norm/2019/uniport_esm_K_8_0.02838808905526428.pkl /itf-fi-ml/shared/users/ziyuzh/svm/results/dw_auc_norm/2019/uniport_esm_logK_8_0.02838808905526428.pkl
grid search C for fused kernels
linear_fused 3 0.6126146631728324 0.8055555555555555
geo_fused 1 0.5353745053834911 0.8148148148148149
fused kernels evaluation
ICD10_G30 183
kernels existing
uniport_ppi_2019 {'C_num': 1, 'gamma_ratio': 2, 'gamma': '0.5052695526173884'} 0.8509890273433983 0.9237238394817977
ppi_2019_dw_40 {'C_num': 1, 'gamma_ratio': 2, 'gamma': '0.48138034733416246'} 0.8622644664348184 0.9267945728863834
uniport_bio {'C_num': 1, 'gamma_ratio': 2, 'gamma': '0.5427586367192363'} 0.7148175704771121 0.8326379139628158
uniport_seq {'C_num': 27, 'gamma_ratio': 4, 'gamma': '0.11222009113011176'} 0.6987129736727535 0.8133475597682359
uniport_esm {'C_num': 27, 'gamma_ratio': 4, 'gamma': '0.05677617811052856'} 0.6372366336001453 0.7995966129739586
collect valid feature:  ['uniport_ppi_2019', 'ppi_2019_dw_40', 'uniport_bio', 'uniport_seq', 'uniport_esm']
evaluation
early fusion
uniport_ppi_2019-ppi_2019_dw_40-uniport_bio-uniport_seq-uniport_esm {'C_num': 27, 'gamma_ratio': 4, 'gamma': '0.05677617811052856'} 0.6372366336001453 0.7995966129739586
middle fusion
kernel fusion
/itf-fi-ml/shared/users/ziyuzh/svm/results/dw_auc_norm/2019/uniport_ppi_2019_K_2_0.5052695526173884.pkl /itf-fi-ml/shared/users/ziyuzh/svm/results/dw_auc_norm/2019/uniport_ppi_2019_logK_2_0.5052695526173884.pkl
/itf-fi-ml/shared/users/ziyuzh/svm/results/dw_auc_norm/2019/ppi_2019_dw_40_K_2_0.48138034733416246.pkl /itf-fi-ml/shared/users/ziyuzh/svm/results/dw_auc_norm/2019/ppi_2019_dw_40_logK_2_0.48138034733416246.pkl
/itf-fi-ml/shared/users/ziyuzh/svm/results/dw_auc_norm/2019/uniport_bio_K_2_0.5427586367192363.pkl /itf-fi-ml/shared/users/ziyuzh/svm/results/dw_auc_norm/2019/uniport_bio_logK_2_0.5427586367192363.pkl
/itf-fi-ml/shared/users/ziyuzh/svm/results/dw_auc_norm/2019/uniport_seq_K_4_0.11222009113011176.pkl /itf-fi-ml/shared/users/ziyuzh/svm/results/dw_auc_norm/2019/uniport_seq_logK_4_0.11222009113011176.pkl
/itf-fi-ml/shared/users/ziyuzh/svm/results/dw_auc_norm/2019/uniport_esm_K_4_0.05677617811052856.pkl /itf-fi-ml/shared/users/ziyuzh/svm/results/dw_auc_norm/2019/uniport_esm_logK_4_0.05677617811052856.pkl
grid search C for fused kernels
linear_fused 3 0.8837964940525337 0.9423551736857996
geo_fused 3 0.8705063787211064 0.938455295146376
fused kernels evaluation
ICD10_G40 120
kernels existing
uniport_ppi_2019 {'C_num': 1, 'gamma_ratio': 4, 'gamma': '0.2526347763086942'} 0.697118489439148 0.8076667853136309
ppi_2019_dw_40 {'C_num': 1, 'gamma_ratio': 2, 'gamma': '0.48138034733416246'} 0.6982690548169487 0.8031839776129116
uniport_bio {'C_num': 1, 'gamma_ratio': 2, 'gamma': '0.5427586367192363'} 0.7005916391745305 0.8128253549890605
uniport_seq {'C_num': 3, 'gamma_ratio': 4, 'gamma': '0.11222009113011176'} 0.5892428640203788 0.7560076812841497
uniport_esm {'C_num': 9, 'gamma_ratio': 4, 'gamma': '0.05677617811052856'} 0.49041791572377175 0.7243739380432638
collect valid feature:  ['uniport_ppi_2019', 'ppi_2019_dw_40', 'uniport_bio', 'uniport_seq', 'uniport_esm']
evaluation
early fusion
uniport_ppi_2019-ppi_2019_dw_40-uniport_bio-uniport_seq-uniport_esm {'C_num': 9, 'gamma_ratio': 4, 'gamma': '0.05677617811052856'} 0.49041791572377175 0.7243739380432638
middle fusion
kernel fusion
/itf-fi-ml/shared/users/ziyuzh/svm/results/dw_auc_norm/2019/uniport_ppi_2019_K_4_0.2526347763086942.pkl /itf-fi-ml/shared/users/ziyuzh/svm/results/dw_auc_norm/2019/uniport_ppi_2019_logK_4_0.2526347763086942.pkl
/itf-fi-ml/shared/users/ziyuzh/svm/results/dw_auc_norm/2019/ppi_2019_dw_40_K_2_0.48138034733416246.pkl /itf-fi-ml/shared/users/ziyuzh/svm/results/dw_auc_norm/2019/ppi_2019_dw_40_logK_2_0.48138034733416246.pkl
/itf-fi-ml/shared/users/ziyuzh/svm/results/dw_auc_norm/2019/uniport_bio_K_2_0.5427586367192363.pkl /itf-fi-ml/shared/users/ziyuzh/svm/results/dw_auc_norm/2019/uniport_bio_logK_2_0.5427586367192363.pkl
/itf-fi-ml/shared/users/ziyuzh/svm/results/dw_auc_norm/2019/uniport_seq_K_4_0.11222009113011176.pkl /itf-fi-ml/shared/users/ziyuzh/svm/results/dw_auc_norm/2019/uniport_seq_logK_4_0.11222009113011176.pkl
/itf-fi-ml/shared/users/ziyuzh/svm/results/dw_auc_norm/2019/uniport_esm_K_4_0.05677617811052856.pkl /itf-fi-ml/shared/users/ziyuzh/svm/results/dw_auc_norm/2019/uniport_esm_logK_4_0.05677617811052856.pkl
grid search C for fused kernels
linear_fused 1 0.7527226969016523 0.8572138294989999
geo_fused 27 0.7046917581529571 0.8649574143727516
fused kernels evaluation
ICD10_G43 23
kernels existing
uniport_ppi_2019 {'C_num': 3, 'gamma_ratio': 2, 'gamma': '0.5052695526173884'} 0.5992780146543161 0.792178699436764
ppi_2019_dw_40 {'C_num': 1, 'gamma_ratio': 2, 'gamma': '0.48138034733416246'} 0.6238048595083767 0.8539506528417818
uniport_bio {'C_num': 9, 'gamma_ratio': 2, 'gamma': '0.5427586367192363'} 0.5467569035758322 0.7699532770097287
uniport_seq {'C_num': 9, 'gamma_ratio': 4, 'gamma': '0.11222009113011176'} 0.5446667805202664 0.6675707245263697
uniport_esm {'C_num': 9, 'gamma_ratio': 2, 'gamma': '0.11355235622105712'} 0.45696381315393125 0.6777233742959549
collect valid feature:  ['uniport_ppi_2019', 'ppi_2019_dw_40', 'uniport_bio', 'uniport_seq', 'uniport_esm']
evaluation
early fusion
uniport_ppi_2019-ppi_2019_dw_40-uniport_bio-uniport_seq-uniport_esm {'C_num': 9, 'gamma_ratio': 2, 'gamma': '0.11355235622105712'} 0.45696381315393125 0.6777233742959549
middle fusion
kernel fusion
/itf-fi-ml/shared/users/ziyuzh/svm/results/dw_auc_norm/2019/uniport_ppi_2019_K_2_0.5052695526173884.pkl /itf-fi-ml/shared/users/ziyuzh/svm/results/dw_auc_norm/2019/uniport_ppi_2019_logK_2_0.5052695526173884.pkl
/itf-fi-ml/shared/users/ziyuzh/svm/results/dw_auc_norm/2019/ppi_2019_dw_40_K_2_0.48138034733416246.pkl /itf-fi-ml/shared/users/ziyuzh/svm/results/dw_auc_norm/2019/ppi_2019_dw_40_logK_2_0.48138034733416246.pkl
/itf-fi-ml/shared/users/ziyuzh/svm/results/dw_auc_norm/2019/uniport_bio_K_2_0.5427586367192363.pkl /itf-fi-ml/shared/users/ziyuzh/svm/results/dw_auc_norm/2019/uniport_bio_logK_2_0.5427586367192363.pkl
/itf-fi-ml/shared/users/ziyuzh/svm/results/dw_auc_norm/2019/uniport_seq_K_4_0.11222009113011176.pkl /itf-fi-ml/shared/users/ziyuzh/svm/results/dw_auc_norm/2019/uniport_seq_logK_4_0.11222009113011176.pkl
/itf-fi-ml/shared/users/ziyuzh/svm/results/dw_auc_norm/2019/uniport_esm_K_2_0.11355235622105712.pkl /itf-fi-ml/shared/users/ziyuzh/svm/results/dw_auc_norm/2019/uniport_esm_logK_2_0.11355235622105712.pkl
grid search C for fused kernels
linear_fused 3 0.733310174139544 0.8496783794162827
geo_fused 9 0.7242690968920842 0.8198924731182796
fused kernels evaluation
ICD10_G91 22
kernels existing
uniport_ppi_2019 {'C_num': 9, 'gamma_ratio': 4, 'gamma': '0.2526347763086942'} 0.34585390130848576 0.7084924879042527
ppi_2019_dw_40 {'C_num': 9, 'gamma_ratio': 4, 'gamma': '0.24069017366708123'} 0.24387610419551187 0.5529029793735676
uniport_bio {'C_num': 3, 'gamma_ratio': 2, 'gamma': '0.5427586367192363'} 0.6761645976291671 0.8275825481707834
uniport_seq {'C_num': 27, 'gamma_ratio': 8, 'gamma': '0.05611004556505588'} 0.35702454519724974 0.6249257278669044
uniport_esm {'C_num': 27, 'gamma_ratio': 8, 'gamma': '0.02838808905526428'} 0.29792648601226085 0.5653170359052712
collect valid feature:  ['uniport_ppi_2019', 'ppi_2019_dw_40', 'uniport_bio', 'uniport_seq', 'uniport_esm']
evaluation
early fusion
uniport_ppi_2019-ppi_2019_dw_40-uniport_bio-uniport_seq-uniport_esm {'C_num': 27, 'gamma_ratio': 8, 'gamma': '0.02838808905526428'} 0.29792648601226085 0.5653170359052712
middle fusion
kernel fusion
/itf-fi-ml/shared/users/ziyuzh/svm/results/dw_auc_norm/2019/uniport_ppi_2019_K_4_0.2526347763086942.pkl /itf-fi-ml/shared/users/ziyuzh/svm/results/dw_auc_norm/2019/uniport_ppi_2019_logK_4_0.2526347763086942.pkl
/itf-fi-ml/shared/users/ziyuzh/svm/results/dw_auc_norm/2019/ppi_2019_dw_40_K_4_0.24069017366708123.pkl /itf-fi-ml/shared/users/ziyuzh/svm/results/dw_auc_norm/2019/ppi_2019_dw_40_logK_4_0.24069017366708123.pkl
/itf-fi-ml/shared/users/ziyuzh/svm/results/dw_auc_norm/2019/uniport_bio_K_2_0.5427586367192363.pkl /itf-fi-ml/shared/users/ziyuzh/svm/results/dw_auc_norm/2019/uniport_bio_logK_2_0.5427586367192363.pkl
/itf-fi-ml/shared/users/ziyuzh/svm/results/dw_auc_norm/2019/uniport_seq_K_8_0.05611004556505588.pkl /itf-fi-ml/shared/users/ziyuzh/svm/results/dw_auc_norm/2019/uniport_seq_logK_8_0.05611004556505588.pkl
/itf-fi-ml/shared/users/ziyuzh/svm/results/dw_auc_norm/2019/uniport_esm_K_8_0.02838808905526428.pkl /itf-fi-ml/shared/users/ziyuzh/svm/results/dw_auc_norm/2019/uniport_esm_logK_8_0.02838808905526428.pkl
grid search C for fused kernels
linear_fused 9 0.5310432430054796 0.6866777013835837
geo_fused 9 0.3956084991649358 0.7032085561497327
fused kernels evaluation
ICD10_I10 35
kernels existing
uniport_ppi_2019 {'C_num': 1, 'gamma_ratio': 2, 'gamma': '0.5052695526173884'} 0.8812734134668928 0.9484551396316103
ppi_2019_dw_40 {'C_num': 3, 'gamma_ratio': 2, 'gamma': '0.48138034733416246'} 0.8563750799192867 0.9626941685765216
uniport_bio {'C_num': 1, 'gamma_ratio': 2, 'gamma': '0.5427586367192363'} 0.8147691686759625 0.8629360835243188
uniport_seq {'C_num': 3, 'gamma_ratio': 2, 'gamma': '0.22444018226022353'} 0.4039533013473744 0.791783380018674
uniport_esm {'C_num': 3, 'gamma_ratio': 8, 'gamma': '0.02838808905526428'} 0.21661292131568388 0.7004074357015533
collect valid feature:  ['uniport_ppi_2019', 'ppi_2019_dw_40', 'uniport_bio', 'uniport_seq', 'uniport_esm']
evaluation
early fusion
uniport_ppi_2019-ppi_2019_dw_40-uniport_bio-uniport_seq-uniport_esm {'C_num': 3, 'gamma_ratio': 8, 'gamma': '0.02838808905526428'} 0.21661292131568388 0.7004074357015533
middle fusion
kernel fusion
/itf-fi-ml/shared/users/ziyuzh/svm/results/dw_auc_norm/2019/uniport_ppi_2019_K_2_0.5052695526173884.pkl /itf-fi-ml/shared/users/ziyuzh/svm/results/dw_auc_norm/2019/uniport_ppi_2019_logK_2_0.5052695526173884.pkl
/itf-fi-ml/shared/users/ziyuzh/svm/results/dw_auc_norm/2019/ppi_2019_dw_40_K_2_0.48138034733416246.pkl /itf-fi-ml/shared/users/ziyuzh/svm/results/dw_auc_norm/2019/ppi_2019_dw_40_logK_2_0.48138034733416246.pkl
/itf-fi-ml/shared/users/ziyuzh/svm/results/dw_auc_norm/2019/uniport_bio_K_2_0.5427586367192363.pkl /itf-fi-ml/shared/users/ziyuzh/svm/results/dw_auc_norm/2019/uniport_bio_logK_2_0.5427586367192363.pkl
/itf-fi-ml/shared/users/ziyuzh/svm/results/dw_auc_norm/2019/uniport_seq_K_2_0.22444018226022353.pkl /itf-fi-ml/shared/users/ziyuzh/svm/results/dw_auc_norm/2019/uniport_seq_logK_2_0.22444018226022353.pkl
/itf-fi-ml/shared/users/ziyuzh/svm/results/dw_auc_norm/2019/uniport_esm_K_8_0.02838808905526428.pkl /itf-fi-ml/shared/users/ziyuzh/svm/results/dw_auc_norm/2019/uniport_esm_logK_8_0.02838808905526428.pkl
grid search C for fused kernels
linear_fused 3 0.8095726872345296 0.9481580510992277
geo_fused 1 0.7235200231658645 0.9426831338596044
fused kernels evaluation
ICD10_I25 138
kernels existing
uniport_ppi_2019 {'C_num': 1, 'gamma_ratio': 2, 'gamma': '0.5052695526173884'} 0.7753235402893485 0.8932599145831696
ppi_2019_dw_40 {'C_num': 1, 'gamma_ratio': 2, 'gamma': '0.48138034733416246'} 0.7847062355303165 0.9137228400479613
uniport_bio {'C_num': 1, 'gamma_ratio': 2, 'gamma': '0.5427586367192363'} 0.7689901737149798 0.8976901099894753
uniport_seq {'C_num': 27, 'gamma_ratio': 2, 'gamma': '0.22444018226022353'} 0.4575526018142497 0.6924178284293999
uniport_esm {'C_num': 1, 'gamma_ratio': 2, 'gamma': '0.11355235622105712'} 0.5083541402760755 0.7227986331663075
collect valid feature:  ['uniport_ppi_2019', 'ppi_2019_dw_40', 'uniport_bio', 'uniport_seq', 'uniport_esm']
evaluation
early fusion
uniport_ppi_2019-ppi_2019_dw_40-uniport_bio-uniport_seq-uniport_esm {'C_num': 1, 'gamma_ratio': 2, 'gamma': '0.11355235622105712'} 0.5083541402760755 0.7227986331663075
middle fusion
kernel fusion
/itf-fi-ml/shared/users/ziyuzh/svm/results/dw_auc_norm/2019/uniport_ppi_2019_K_2_0.5052695526173884.pkl /itf-fi-ml/shared/users/ziyuzh/svm/results/dw_auc_norm/2019/uniport_ppi_2019_logK_2_0.5052695526173884.pkl
/itf-fi-ml/shared/users/ziyuzh/svm/results/dw_auc_norm/2019/ppi_2019_dw_40_K_2_0.48138034733416246.pkl /itf-fi-ml/shared/users/ziyuzh/svm/results/dw_auc_norm/2019/ppi_2019_dw_40_logK_2_0.48138034733416246.pkl
/itf-fi-ml/shared/users/ziyuzh/svm/results/dw_auc_norm/2019/uniport_bio_K_2_0.5427586367192363.pkl /itf-fi-ml/shared/users/ziyuzh/svm/results/dw_auc_norm/2019/uniport_bio_logK_2_0.5427586367192363.pkl
/itf-fi-ml/shared/users/ziyuzh/svm/results/dw_auc_norm/2019/uniport_seq_K_2_0.22444018226022353.pkl /itf-fi-ml/shared/users/ziyuzh/svm/results/dw_auc_norm/2019/uniport_seq_logK_2_0.22444018226022353.pkl
/itf-fi-ml/shared/users/ziyuzh/svm/results/dw_auc_norm/2019/uniport_esm_K_2_0.11355235622105712.pkl /itf-fi-ml/shared/users/ziyuzh/svm/results/dw_auc_norm/2019/uniport_esm_logK_2_0.11355235622105712.pkl
grid search C for fused kernels
linear_fused 9 0.8127310683885772 0.9416167353830662
geo_fused 3 0.762028950351298 0.9192682323981316
fused kernels evaluation
ICD10_I26 15
kernels existing
uniport_ppi_2019 {'C_num': 27, 'gamma_ratio': 4, 'gamma': '0.2526347763086942'} 0.9091586096133644 0.9496074879227052
ppi_2019_dw_40 {'C_num': 9, 'gamma_ratio': 8, 'gamma': '0.12034508683354062'} 0.9089464489676956 0.9154589371980677
uniport_bio {'C_num': 3, 'gamma_ratio': 2, 'gamma': '0.5427586367192363'} 0.7463501598893756 0.9020833333333332
uniport_seq {'C_num': 3, 'gamma_ratio': 8, 'gamma': '0.05611004556505588'} 0.5644817125295373 0.7069444444444445
uniport_esm {'C_num': 9, 'gamma_ratio': 8, 'gamma': '0.02838808905526428'} 0.5355951762455818 0.7126811594202899
collect valid feature:  ['uniport_ppi_2019', 'ppi_2019_dw_40', 'uniport_bio', 'uniport_seq', 'uniport_esm']
evaluation
early fusion
uniport_ppi_2019-ppi_2019_dw_40-uniport_bio-uniport_seq-uniport_esm {'C_num': 9, 'gamma_ratio': 8, 'gamma': '0.02838808905526428'} 0.5355951762455818 0.7126811594202899
middle fusion
kernel fusion
/itf-fi-ml/shared/users/ziyuzh/svm/results/dw_auc_norm/2019/uniport_ppi_2019_K_4_0.2526347763086942.pkl /itf-fi-ml/shared/users/ziyuzh/svm/results/dw_auc_norm/2019/uniport_ppi_2019_logK_4_0.2526347763086942.pkl
/itf-fi-ml/shared/users/ziyuzh/svm/results/dw_auc_norm/2019/ppi_2019_dw_40_K_8_0.12034508683354062.pkl /itf-fi-ml/shared/users/ziyuzh/svm/results/dw_auc_norm/2019/ppi_2019_dw_40_logK_8_0.12034508683354062.pkl
/itf-fi-ml/shared/users/ziyuzh/svm/results/dw_auc_norm/2019/uniport_bio_K_2_0.5427586367192363.pkl /itf-fi-ml/shared/users/ziyuzh/svm/results/dw_auc_norm/2019/uniport_bio_logK_2_0.5427586367192363.pkl
/itf-fi-ml/shared/users/ziyuzh/svm/results/dw_auc_norm/2019/uniport_seq_K_8_0.05611004556505588.pkl /itf-fi-ml/shared/users/ziyuzh/svm/results/dw_auc_norm/2019/uniport_seq_logK_8_0.05611004556505588.pkl
/itf-fi-ml/shared/users/ziyuzh/svm/results/dw_auc_norm/2019/uniport_esm_K_8_0.02838808905526428.pkl /itf-fi-ml/shared/users/ziyuzh/svm/results/dw_auc_norm/2019/uniport_esm_logK_8_0.02838808905526428.pkl
grid search C for fused kernels
linear_fused 9 0.7692593064405712 0.9281702898550724
geo_fused 9 0.7576001784427074 0.8835446859903381
fused kernels evaluation
ICD10_I42 154
kernels existing
uniport_ppi_2019 {'C_num': 3, 'gamma_ratio': 2, 'gamma': '0.5052695526173884'} 0.8475532912759314 0.9080657439295688
ppi_2019_dw_40 {'C_num': 1, 'gamma_ratio': 2, 'gamma': '0.48138034733416246'} 0.8586189445880755 0.9124022181257995
uniport_bio {'C_num': 1, 'gamma_ratio': 2, 'gamma': '0.5427586367192363'} 0.7782791273023841 0.8658681602163173
uniport_seq {'C_num': 1, 'gamma_ratio': 8, 'gamma': '0.05611004556505588'} 0.5966633792090207 0.7244764259738394
uniport_esm {'C_num': 3, 'gamma_ratio': 2, 'gamma': '0.11355235622105712'} 0.5031701441061899 0.7047802669299948
collect valid feature:  ['uniport_ppi_2019', 'ppi_2019_dw_40', 'uniport_bio', 'uniport_seq', 'uniport_esm']
evaluation
early fusion
uniport_ppi_2019-ppi_2019_dw_40-uniport_bio-uniport_seq-uniport_esm {'C_num': 3, 'gamma_ratio': 2, 'gamma': '0.11355235622105712'} 0.5031701441061899 0.7047802669299948
middle fusion
kernel fusion
/itf-fi-ml/shared/users/ziyuzh/svm/results/dw_auc_norm/2019/uniport_ppi_2019_K_2_0.5052695526173884.pkl /itf-fi-ml/shared/users/ziyuzh/svm/results/dw_auc_norm/2019/uniport_ppi_2019_logK_2_0.5052695526173884.pkl
/itf-fi-ml/shared/users/ziyuzh/svm/results/dw_auc_norm/2019/ppi_2019_dw_40_K_2_0.48138034733416246.pkl /itf-fi-ml/shared/users/ziyuzh/svm/results/dw_auc_norm/2019/ppi_2019_dw_40_logK_2_0.48138034733416246.pkl
/itf-fi-ml/shared/users/ziyuzh/svm/results/dw_auc_norm/2019/uniport_bio_K_2_0.5427586367192363.pkl /itf-fi-ml/shared/users/ziyuzh/svm/results/dw_auc_norm/2019/uniport_bio_logK_2_0.5427586367192363.pkl
/itf-fi-ml/shared/users/ziyuzh/svm/results/dw_auc_norm/2019/uniport_seq_K_8_0.05611004556505588.pkl /itf-fi-ml/shared/users/ziyuzh/svm/results/dw_auc_norm/2019/uniport_seq_logK_8_0.05611004556505588.pkl
/itf-fi-ml/shared/users/ziyuzh/svm/results/dw_auc_norm/2019/uniport_esm_K_2_0.11355235622105712.pkl /itf-fi-ml/shared/users/ziyuzh/svm/results/dw_auc_norm/2019/uniport_esm_logK_2_0.11355235622105712.pkl
grid search C for fused kernels
linear_fused 1 0.871858781569863 0.923976281669807
geo_fused 1 0.8450964104036495 0.9205849886792389
fused kernels evaluation
ICD10_I50 155
kernels existing
uniport_ppi_2019 {'C_num': 1, 'gamma_ratio': 4, 'gamma': '0.2526347763086942'} 0.8349680400250085 0.9092482422931315
ppi_2019_dw_40 {'C_num': 1, 'gamma_ratio': 8, 'gamma': '0.12034508683354062'} 0.8427353207222007 0.9205696773030466
uniport_bio {'C_num': 1, 'gamma_ratio': 8, 'gamma': '0.13568965917980907'} 0.714059849573588 0.8266089778258517
uniport_seq {'C_num': 27, 'gamma_ratio': 2, 'gamma': '0.22444018226022353'} 0.48050974431637056 0.7533802055164954
uniport_esm {'C_num': 9, 'gamma_ratio': 4, 'gamma': '0.05677617811052856'} 0.5002195823582598 0.764990084730485
collect valid feature:  ['uniport_ppi_2019', 'ppi_2019_dw_40', 'uniport_bio', 'uniport_seq', 'uniport_esm']
evaluation
early fusion
uniport_ppi_2019-ppi_2019_dw_40-uniport_bio-uniport_seq-uniport_esm {'C_num': 9, 'gamma_ratio': 4, 'gamma': '0.05677617811052856'} 0.5002195823582598 0.764990084730485
middle fusion
kernel fusion
/itf-fi-ml/shared/users/ziyuzh/svm/results/dw_auc_norm/2019/uniport_ppi_2019_K_4_0.2526347763086942.pkl /itf-fi-ml/shared/users/ziyuzh/svm/results/dw_auc_norm/2019/uniport_ppi_2019_logK_4_0.2526347763086942.pkl
/itf-fi-ml/shared/users/ziyuzh/svm/results/dw_auc_norm/2019/ppi_2019_dw_40_K_8_0.12034508683354062.pkl /itf-fi-ml/shared/users/ziyuzh/svm/results/dw_auc_norm/2019/ppi_2019_dw_40_logK_8_0.12034508683354062.pkl
/itf-fi-ml/shared/users/ziyuzh/svm/results/dw_auc_norm/2019/uniport_bio_K_8_0.13568965917980907.pkl /itf-fi-ml/shared/users/ziyuzh/svm/results/dw_auc_norm/2019/uniport_bio_logK_8_0.13568965917980907.pkl
/itf-fi-ml/shared/users/ziyuzh/svm/results/dw_auc_norm/2019/uniport_seq_K_2_0.22444018226022353.pkl /itf-fi-ml/shared/users/ziyuzh/svm/results/dw_auc_norm/2019/uniport_seq_logK_2_0.22444018226022353.pkl
/itf-fi-ml/shared/users/ziyuzh/svm/results/dw_auc_norm/2019/uniport_esm_K_4_0.05677617811052856.pkl /itf-fi-ml/shared/users/ziyuzh/svm/results/dw_auc_norm/2019/uniport_esm_logK_4_0.05677617811052856.pkl
grid search C for fused kernels
linear_fused 3 0.8431620610907243 0.9224085091040202
geo_fused 9 0.8319610960360381 0.9197764557418425
fused kernels evaluation
ICD10_I63 37
kernels existing
uniport_ppi_2019 {'C_num': 1, 'gamma_ratio': 2, 'gamma': '0.5052695526173884'} 0.8767553446729361 0.9274886503846176
ppi_2019_dw_40 {'C_num': 1, 'gamma_ratio': 2, 'gamma': '0.48138034733416246'} 0.8830057668723746 0.9349087012734003
uniport_bio {'C_num': 1, 'gamma_ratio': 2, 'gamma': '0.5427586367192363'} 0.8363494947227025 0.9147029913394613
uniport_seq {'C_num': 1, 'gamma_ratio': 8, 'gamma': '0.05611004556505588'} 0.8155821595520457 0.8612166374439898
uniport_esm {'C_num': 3, 'gamma_ratio': 8, 'gamma': '0.02838808905526428'} 0.7539373428578736 0.8682684530872725
collect valid feature:  ['uniport_ppi_2019', 'ppi_2019_dw_40', 'uniport_bio', 'uniport_seq', 'uniport_esm']
evaluation
early fusion
uniport_ppi_2019-ppi_2019_dw_40-uniport_bio-uniport_seq-uniport_esm {'C_num': 3, 'gamma_ratio': 8, 'gamma': '0.02838808905526428'} 0.7539373428578736 0.8682684530872725
middle fusion
kernel fusion
/itf-fi-ml/shared/users/ziyuzh/svm/results/dw_auc_norm/2019/uniport_ppi_2019_K_2_0.5052695526173884.pkl /itf-fi-ml/shared/users/ziyuzh/svm/results/dw_auc_norm/2019/uniport_ppi_2019_logK_2_0.5052695526173884.pkl
/itf-fi-ml/shared/users/ziyuzh/svm/results/dw_auc_norm/2019/ppi_2019_dw_40_K_2_0.48138034733416246.pkl /itf-fi-ml/shared/users/ziyuzh/svm/results/dw_auc_norm/2019/ppi_2019_dw_40_logK_2_0.48138034733416246.pkl
/itf-fi-ml/shared/users/ziyuzh/svm/results/dw_auc_norm/2019/uniport_bio_K_2_0.5427586367192363.pkl /itf-fi-ml/shared/users/ziyuzh/svm/results/dw_auc_norm/2019/uniport_bio_logK_2_0.5427586367192363.pkl
/itf-fi-ml/shared/users/ziyuzh/svm/results/dw_auc_norm/2019/uniport_seq_K_8_0.05611004556505588.pkl /itf-fi-ml/shared/users/ziyuzh/svm/results/dw_auc_norm/2019/uniport_seq_logK_8_0.05611004556505588.pkl
/itf-fi-ml/shared/users/ziyuzh/svm/results/dw_auc_norm/2019/uniport_esm_K_8_0.02838808905526428.pkl /itf-fi-ml/shared/users/ziyuzh/svm/results/dw_auc_norm/2019/uniport_esm_logK_8_0.02838808905526428.pkl
grid search C for fused kernels
linear_fused 1 0.9253633610522619 0.9609574706740108
geo_fused 9 0.8791430688544265 0.938233149732273
fused kernels evaluation
ICD10_I70 65
kernels existing
uniport_ppi_2019 {'C_num': 1, 'gamma_ratio': 4, 'gamma': '0.2526347763086942'} 0.8655674486370085 0.9367568785044513
ppi_2019_dw_40 {'C_num': 1, 'gamma_ratio': 8, 'gamma': '0.12034508683354062'} 0.870391637885524 0.938556966226869
uniport_bio {'C_num': 1, 'gamma_ratio': 8, 'gamma': '0.13568965917980907'} 0.6907707394598989 0.8590899391870267
uniport_seq {'C_num': 27, 'gamma_ratio': 8, 'gamma': '0.05611004556505588'} 0.6285260725910454 0.7578757542349776
uniport_esm {'C_num': 3, 'gamma_ratio': 2, 'gamma': '0.11355235622105712'} 0.5389025417172367 0.7440199094325308
collect valid feature:  ['uniport_ppi_2019', 'ppi_2019_dw_40', 'uniport_bio', 'uniport_seq', 'uniport_esm']
evaluation
early fusion
uniport_ppi_2019-ppi_2019_dw_40-uniport_bio-uniport_seq-uniport_esm {'C_num': 3, 'gamma_ratio': 2, 'gamma': '0.11355235622105712'} 0.5389025417172367 0.7440199094325308
middle fusion
kernel fusion
/itf-fi-ml/shared/users/ziyuzh/svm/results/dw_auc_norm/2019/uniport_ppi_2019_K_4_0.2526347763086942.pkl /itf-fi-ml/shared/users/ziyuzh/svm/results/dw_auc_norm/2019/uniport_ppi_2019_logK_4_0.2526347763086942.pkl
/itf-fi-ml/shared/users/ziyuzh/svm/results/dw_auc_norm/2019/ppi_2019_dw_40_K_8_0.12034508683354062.pkl /itf-fi-ml/shared/users/ziyuzh/svm/results/dw_auc_norm/2019/ppi_2019_dw_40_logK_8_0.12034508683354062.pkl
/itf-fi-ml/shared/users/ziyuzh/svm/results/dw_auc_norm/2019/uniport_bio_K_8_0.13568965917980907.pkl /itf-fi-ml/shared/users/ziyuzh/svm/results/dw_auc_norm/2019/uniport_bio_logK_8_0.13568965917980907.pkl
/itf-fi-ml/shared/users/ziyuzh/svm/results/dw_auc_norm/2019/uniport_seq_K_8_0.05611004556505588.pkl /itf-fi-ml/shared/users/ziyuzh/svm/results/dw_auc_norm/2019/uniport_seq_logK_8_0.05611004556505588.pkl
/itf-fi-ml/shared/users/ziyuzh/svm/results/dw_auc_norm/2019/uniport_esm_K_2_0.11355235622105712.pkl /itf-fi-ml/shared/users/ziyuzh/svm/results/dw_auc_norm/2019/uniport_esm_logK_2_0.11355235622105712.pkl
grid search C for fused kernels
linear_fused 1 0.841327803357057 0.9403205276384888
geo_fused 9 0.818953009921579 0.9371338478134593
fused kernels evaluation
ICD10_J45 187
kernels existing
uniport_ppi_2019 {'C_num': 1, 'gamma_ratio': 2, 'gamma': '0.5052695526173884'} 0.876498030599171 0.9519597641345822
ppi_2019_dw_40 {'C_num': 1, 'gamma_ratio': 2, 'gamma': '0.48138034733416246'} 0.8798033993435599 0.9470516822754075
uniport_bio {'C_num': 1, 'gamma_ratio': 2, 'gamma': '0.5427586367192363'} 0.7761748192760686 0.921548733957683
uniport_seq {'C_num': 1, 'gamma_ratio': 2, 'gamma': '0.22444018226022353'} 0.7129077784592853 0.8053936871314602
uniport_esm {'C_num': 1, 'gamma_ratio': 8, 'gamma': '0.02838808905526428'} 0.684844002832083 0.8022199098161638
collect valid feature:  ['uniport_ppi_2019', 'ppi_2019_dw_40', 'uniport_bio', 'uniport_seq', 'uniport_esm']
evaluation
early fusion
uniport_ppi_2019-ppi_2019_dw_40-uniport_bio-uniport_seq-uniport_esm {'C_num': 1, 'gamma_ratio': 8, 'gamma': '0.02838808905526428'} 0.684844002832083 0.8022199098161638
middle fusion
kernel fusion
/itf-fi-ml/shared/users/ziyuzh/svm/results/dw_auc_norm/2019/uniport_ppi_2019_K_2_0.5052695526173884.pkl /itf-fi-ml/shared/users/ziyuzh/svm/results/dw_auc_norm/2019/uniport_ppi_2019_logK_2_0.5052695526173884.pkl
/itf-fi-ml/shared/users/ziyuzh/svm/results/dw_auc_norm/2019/ppi_2019_dw_40_K_2_0.48138034733416246.pkl /itf-fi-ml/shared/users/ziyuzh/svm/results/dw_auc_norm/2019/ppi_2019_dw_40_logK_2_0.48138034733416246.pkl
/itf-fi-ml/shared/users/ziyuzh/svm/results/dw_auc_norm/2019/uniport_bio_K_2_0.5427586367192363.pkl /itf-fi-ml/shared/users/ziyuzh/svm/results/dw_auc_norm/2019/uniport_bio_logK_2_0.5427586367192363.pkl
/itf-fi-ml/shared/users/ziyuzh/svm/results/dw_auc_norm/2019/uniport_seq_K_2_0.22444018226022353.pkl /itf-fi-ml/shared/users/ziyuzh/svm/results/dw_auc_norm/2019/uniport_seq_logK_2_0.22444018226022353.pkl
/itf-fi-ml/shared/users/ziyuzh/svm/results/dw_auc_norm/2019/uniport_esm_K_8_0.02838808905526428.pkl /itf-fi-ml/shared/users/ziyuzh/svm/results/dw_auc_norm/2019/uniport_esm_logK_8_0.02838808905526428.pkl
grid search C for fused kernels
linear_fused 3 0.9062752094675388 0.963336801942421
geo_fused 9 0.8752401421790696 0.9543704474505724
fused kernels evaluation
ICD10_J62 16
kernels existing
uniport_ppi_2019 {'C_num': 3, 'gamma_ratio': 2, 'gamma': '0.5052695526173884'} 0.8894173712485288 0.837012987012987
ppi_2019_dw_40 {'C_num': 1, 'gamma_ratio': 2, 'gamma': '0.48138034733416246'} 0.9117380275684219 0.830050505050505
uniport_bio {'C_num': 1, 'gamma_ratio': 4, 'gamma': '0.27137931835961815'} 0.8543563527701498 0.8143939393939394
uniport_seq {'C_num': 3, 'gamma_ratio': 8, 'gamma': '0.05611004556505588'} 0.08051257955353974 0.6844516594516595
uniport_esm {'C_num': 9, 'gamma_ratio': 8, 'gamma': '0.02838808905526428'} 0.48871704836511065 0.7527417027417028
collect valid feature:  ['uniport_ppi_2019', 'ppi_2019_dw_40', 'uniport_bio', 'uniport_seq', 'uniport_esm']
evaluation
early fusion
uniport_ppi_2019-ppi_2019_dw_40-uniport_bio-uniport_seq-uniport_esm {'C_num': 9, 'gamma_ratio': 8, 'gamma': '0.02838808905526428'} 0.48871704836511065 0.7527417027417028
middle fusion
kernel fusion
/itf-fi-ml/shared/users/ziyuzh/svm/results/dw_auc_norm/2019/uniport_ppi_2019_K_2_0.5052695526173884.pkl /itf-fi-ml/shared/users/ziyuzh/svm/results/dw_auc_norm/2019/uniport_ppi_2019_logK_2_0.5052695526173884.pkl
/itf-fi-ml/shared/users/ziyuzh/svm/results/dw_auc_norm/2019/ppi_2019_dw_40_K_2_0.48138034733416246.pkl /itf-fi-ml/shared/users/ziyuzh/svm/results/dw_auc_norm/2019/ppi_2019_dw_40_logK_2_0.48138034733416246.pkl
/itf-fi-ml/shared/users/ziyuzh/svm/results/dw_auc_norm/2019/uniport_bio_K_4_0.27137931835961815.pkl /itf-fi-ml/shared/users/ziyuzh/svm/results/dw_auc_norm/2019/uniport_bio_logK_4_0.27137931835961815.pkl
/itf-fi-ml/shared/users/ziyuzh/svm/results/dw_auc_norm/2019/uniport_seq_K_8_0.05611004556505588.pkl /itf-fi-ml/shared/users/ziyuzh/svm/results/dw_auc_norm/2019/uniport_seq_logK_8_0.05611004556505588.pkl
/itf-fi-ml/shared/users/ziyuzh/svm/results/dw_auc_norm/2019/uniport_esm_K_8_0.02838808905526428.pkl /itf-fi-ml/shared/users/ziyuzh/svm/results/dw_auc_norm/2019/uniport_esm_logK_8_0.02838808905526428.pkl
grid search C for fused kernels
linear_fused 1 0.9475769209640345 0.8598484848484848
geo_fused 9 0.9353030653594615 0.9159451659451658
fused kernels evaluation
ICD10_J80 52
kernels existing
uniport_ppi_2019 {'C_num': 1, 'gamma_ratio': 2, 'gamma': '0.5052695526173884'} 0.7643645820329081 0.8754325259515571
ppi_2019_dw_40 {'C_num': 1, 'gamma_ratio': 2, 'gamma': '0.48138034733416246'} 0.7679751642304061 0.8692041522491349
uniport_bio {'C_num': 1, 'gamma_ratio': 2, 'gamma': '0.5427586367192363'} 0.5418409565780763 0.8106113033448673
uniport_seq {'C_num': 3, 'gamma_ratio': 8, 'gamma': '0.05611004556505588'} 0.633705794365757 0.7577854671280276
uniport_esm {'C_num': 1, 'gamma_ratio': 2, 'gamma': '0.11355235622105712'} 0.7031067810079955 0.7605536332179931
collect valid feature:  ['uniport_ppi_2019', 'ppi_2019_dw_40', 'uniport_bio', 'uniport_seq', 'uniport_esm']
evaluation
early fusion
uniport_ppi_2019-ppi_2019_dw_40-uniport_bio-uniport_seq-uniport_esm {'C_num': 1, 'gamma_ratio': 2, 'gamma': '0.11355235622105712'} 0.7031067810079955 0.7605536332179931
middle fusion
kernel fusion
/itf-fi-ml/shared/users/ziyuzh/svm/results/dw_auc_norm/2019/uniport_ppi_2019_K_2_0.5052695526173884.pkl /itf-fi-ml/shared/users/ziyuzh/svm/results/dw_auc_norm/2019/uniport_ppi_2019_logK_2_0.5052695526173884.pkl
/itf-fi-ml/shared/users/ziyuzh/svm/results/dw_auc_norm/2019/ppi_2019_dw_40_K_2_0.48138034733416246.pkl /itf-fi-ml/shared/users/ziyuzh/svm/results/dw_auc_norm/2019/ppi_2019_dw_40_logK_2_0.48138034733416246.pkl
/itf-fi-ml/shared/users/ziyuzh/svm/results/dw_auc_norm/2019/uniport_bio_K_2_0.5427586367192363.pkl /itf-fi-ml/shared/users/ziyuzh/svm/results/dw_auc_norm/2019/uniport_bio_logK_2_0.5427586367192363.pkl
/itf-fi-ml/shared/users/ziyuzh/svm/results/dw_auc_norm/2019/uniport_seq_K_8_0.05611004556505588.pkl /itf-fi-ml/shared/users/ziyuzh/svm/results/dw_auc_norm/2019/uniport_seq_logK_8_0.05611004556505588.pkl
/itf-fi-ml/shared/users/ziyuzh/svm/results/dw_auc_norm/2019/uniport_esm_K_2_0.11355235622105712.pkl /itf-fi-ml/shared/users/ziyuzh/svm/results/dw_auc_norm/2019/uniport_esm_logK_2_0.11355235622105712.pkl
grid search C for fused kernels
linear_fused 1 0.772482688559335 0.8602076124567474
geo_fused 1 0.7435039006711023 0.8846597462514417
fused kernels evaluation
ICD10_K44 60
kernels existing
uniport_ppi_2019 {'C_num': 1, 'gamma_ratio': 2, 'gamma': '0.5052695526173884'} 0.8403311430473241 0.9375870470043789
ppi_2019_dw_40 {'C_num': 1, 'gamma_ratio': 2, 'gamma': '0.48138034733416246'} 0.8405696037993424 0.9264868397639413
uniport_bio {'C_num': 9, 'gamma_ratio': 2, 'gamma': '0.5427586367192363'} 0.6994085911019735 0.9031890142499542
uniport_seq {'C_num': 27, 'gamma_ratio': 4, 'gamma': '0.11222009113011176'} 0.6209950733613333 0.7850619647570846
uniport_esm {'C_num': 3, 'gamma_ratio': 4, 'gamma': '0.05677617811052856'} 0.6202262838903305 0.7415990024630705
collect valid feature:  ['uniport_ppi_2019', 'ppi_2019_dw_40', 'uniport_bio', 'uniport_seq', 'uniport_esm']
evaluation
early fusion
uniport_ppi_2019-ppi_2019_dw_40-uniport_bio-uniport_seq-uniport_esm {'C_num': 3, 'gamma_ratio': 4, 'gamma': '0.05677617811052856'} 0.6202262838903305 0.7415990024630705
middle fusion
kernel fusion
/itf-fi-ml/shared/users/ziyuzh/svm/results/dw_auc_norm/2019/uniport_ppi_2019_K_2_0.5052695526173884.pkl /itf-fi-ml/shared/users/ziyuzh/svm/results/dw_auc_norm/2019/uniport_ppi_2019_logK_2_0.5052695526173884.pkl
/itf-fi-ml/shared/users/ziyuzh/svm/results/dw_auc_norm/2019/ppi_2019_dw_40_K_2_0.48138034733416246.pkl /itf-fi-ml/shared/users/ziyuzh/svm/results/dw_auc_norm/2019/ppi_2019_dw_40_logK_2_0.48138034733416246.pkl
/itf-fi-ml/shared/users/ziyuzh/svm/results/dw_auc_norm/2019/uniport_bio_K_2_0.5427586367192363.pkl /itf-fi-ml/shared/users/ziyuzh/svm/results/dw_auc_norm/2019/uniport_bio_logK_2_0.5427586367192363.pkl
/itf-fi-ml/shared/users/ziyuzh/svm/results/dw_auc_norm/2019/uniport_seq_K_4_0.11222009113011176.pkl /itf-fi-ml/shared/users/ziyuzh/svm/results/dw_auc_norm/2019/uniport_seq_logK_4_0.11222009113011176.pkl
/itf-fi-ml/shared/users/ziyuzh/svm/results/dw_auc_norm/2019/uniport_esm_K_4_0.05677617811052856.pkl /itf-fi-ml/shared/users/ziyuzh/svm/results/dw_auc_norm/2019/uniport_esm_logK_4_0.05677617811052856.pkl
grid search C for fused kernels
linear_fused 9 0.8876986628436113 0.9519025581952287
geo_fused 27 0.8216105606295409 0.9455853371704254
fused kernels evaluation
ICD10_K51 74
kernels existing
uniport_ppi_2019 {'C_num': 1, 'gamma_ratio': 2, 'gamma': '0.5052695526173884'} 0.8304156046003722 0.8940771349862259
ppi_2019_dw_40 {'C_num': 1, 'gamma_ratio': 8, 'gamma': '0.12034508683354062'} 0.8319701293187998 0.9146005509641874
uniport_bio {'C_num': 1, 'gamma_ratio': 2, 'gamma': '0.5427586367192363'} 0.7263994555823574 0.8509641873278236
uniport_seq {'C_num': 3, 'gamma_ratio': 2, 'gamma': '0.22444018226022353'} 0.5485766647543593 0.7214876033057852
uniport_esm {'C_num': 81, 'gamma_ratio': 8, 'gamma': '0.02838808905526428'} 0.5724004782441767 0.7136363636363635
collect valid feature:  ['uniport_ppi_2019', 'ppi_2019_dw_40', 'uniport_bio', 'uniport_seq', 'uniport_esm']
evaluation
early fusion
uniport_ppi_2019-ppi_2019_dw_40-uniport_bio-uniport_seq-uniport_esm {'C_num': 81, 'gamma_ratio': 8, 'gamma': '0.02838808905526428'} 0.5724004782441767 0.7136363636363635
middle fusion
kernel fusion
/itf-fi-ml/shared/users/ziyuzh/svm/results/dw_auc_norm/2019/uniport_ppi_2019_K_2_0.5052695526173884.pkl /itf-fi-ml/shared/users/ziyuzh/svm/results/dw_auc_norm/2019/uniport_ppi_2019_logK_2_0.5052695526173884.pkl
/itf-fi-ml/shared/users/ziyuzh/svm/results/dw_auc_norm/2019/ppi_2019_dw_40_K_8_0.12034508683354062.pkl /itf-fi-ml/shared/users/ziyuzh/svm/results/dw_auc_norm/2019/ppi_2019_dw_40_logK_8_0.12034508683354062.pkl
/itf-fi-ml/shared/users/ziyuzh/svm/results/dw_auc_norm/2019/uniport_bio_K_2_0.5427586367192363.pkl /itf-fi-ml/shared/users/ziyuzh/svm/results/dw_auc_norm/2019/uniport_bio_logK_2_0.5427586367192363.pkl
/itf-fi-ml/shared/users/ziyuzh/svm/results/dw_auc_norm/2019/uniport_seq_K_2_0.22444018226022353.pkl /itf-fi-ml/shared/users/ziyuzh/svm/results/dw_auc_norm/2019/uniport_seq_logK_2_0.22444018226022353.pkl
/itf-fi-ml/shared/users/ziyuzh/svm/results/dw_auc_norm/2019/uniport_esm_K_8_0.02838808905526428.pkl /itf-fi-ml/shared/users/ziyuzh/svm/results/dw_auc_norm/2019/uniport_esm_logK_8_0.02838808905526428.pkl
grid search C for fused kernels
linear_fused 1 0.7971478200739149 0.9161157024793388
geo_fused 1 0.7664844217009477 0.9055096418732781
fused kernels evaluation
ICD10_L20 58
kernels existing
uniport_ppi_2019 {'C_num': 1, 'gamma_ratio': 2, 'gamma': '0.5052695526173884'} 0.8640024776137191 0.9181902123730379
ppi_2019_dw_40 {'C_num': 1, 'gamma_ratio': 4, 'gamma': '0.24069017366708123'} 0.8784270213738782 0.9211449676823639
uniport_bio {'C_num': 1, 'gamma_ratio': 8, 'gamma': '0.13568965917980907'} 0.7822840288313083 0.9228070175438597
uniport_seq {'C_num': 1, 'gamma_ratio': 2, 'gamma': '0.22444018226022353'} 0.7049992023045236 0.7750692520775623
uniport_esm {'C_num': 1, 'gamma_ratio': 4, 'gamma': '0.05677617811052856'} 0.7034148689540856 0.8112650046168053
collect valid feature:  ['uniport_ppi_2019', 'ppi_2019_dw_40', 'uniport_bio', 'uniport_seq', 'uniport_esm']
evaluation
early fusion
uniport_ppi_2019-ppi_2019_dw_40-uniport_bio-uniport_seq-uniport_esm {'C_num': 1, 'gamma_ratio': 4, 'gamma': '0.05677617811052856'} 0.7034148689540856 0.8112650046168053
middle fusion
kernel fusion
/itf-fi-ml/shared/users/ziyuzh/svm/results/dw_auc_norm/2019/uniport_ppi_2019_K_2_0.5052695526173884.pkl /itf-fi-ml/shared/users/ziyuzh/svm/results/dw_auc_norm/2019/uniport_ppi_2019_logK_2_0.5052695526173884.pkl
/itf-fi-ml/shared/users/ziyuzh/svm/results/dw_auc_norm/2019/ppi_2019_dw_40_K_4_0.24069017366708123.pkl /itf-fi-ml/shared/users/ziyuzh/svm/results/dw_auc_norm/2019/ppi_2019_dw_40_logK_4_0.24069017366708123.pkl
/itf-fi-ml/shared/users/ziyuzh/svm/results/dw_auc_norm/2019/uniport_bio_K_8_0.13568965917980907.pkl /itf-fi-ml/shared/users/ziyuzh/svm/results/dw_auc_norm/2019/uniport_bio_logK_8_0.13568965917980907.pkl
/itf-fi-ml/shared/users/ziyuzh/svm/results/dw_auc_norm/2019/uniport_seq_K_2_0.22444018226022353.pkl /itf-fi-ml/shared/users/ziyuzh/svm/results/dw_auc_norm/2019/uniport_seq_logK_2_0.22444018226022353.pkl
/itf-fi-ml/shared/users/ziyuzh/svm/results/dw_auc_norm/2019/uniport_esm_K_4_0.05677617811052856.pkl /itf-fi-ml/shared/users/ziyuzh/svm/results/dw_auc_norm/2019/uniport_esm_logK_4_0.05677617811052856.pkl
grid search C for fused kernels
linear_fused 9 0.8839179482069635 0.9385041551246537
geo_fused 1 0.8707258244561022 0.936842105263158
fused kernels evaluation
ICD10_L40 73
kernels existing
uniport_ppi_2019 {'C_num': 1, 'gamma_ratio': 2, 'gamma': '0.5052695526173884'} 0.8450641144076986 0.9130788276990973
ppi_2019_dw_40 {'C_num': 1, 'gamma_ratio': 2, 'gamma': '0.48138034733416246'} 0.8436665263555133 0.9168110747123709
uniport_bio {'C_num': 1, 'gamma_ratio': 2, 'gamma': '0.5427586367192363'} 0.766605493555279 0.881698976569257
uniport_seq {'C_num': 3, 'gamma_ratio': 4, 'gamma': '0.11222009113011176'} 0.5805059521584134 0.7783551089313151
uniport_esm {'C_num': 1, 'gamma_ratio': 8, 'gamma': '0.02838808905526428'} 0.5727067282897149 0.7742086886338914
collect valid feature:  ['uniport_ppi_2019', 'ppi_2019_dw_40', 'uniport_bio', 'uniport_seq', 'uniport_esm']
evaluation
early fusion
uniport_ppi_2019-ppi_2019_dw_40-uniport_bio-uniport_seq-uniport_esm {'C_num': 1, 'gamma_ratio': 8, 'gamma': '0.02838808905526428'} 0.5727067282897149 0.7742086886338914
middle fusion
kernel fusion
/itf-fi-ml/shared/users/ziyuzh/svm/results/dw_auc_norm/2019/uniport_ppi_2019_K_2_0.5052695526173884.pkl /itf-fi-ml/shared/users/ziyuzh/svm/results/dw_auc_norm/2019/uniport_ppi_2019_logK_2_0.5052695526173884.pkl
/itf-fi-ml/shared/users/ziyuzh/svm/results/dw_auc_norm/2019/ppi_2019_dw_40_K_2_0.48138034733416246.pkl /itf-fi-ml/shared/users/ziyuzh/svm/results/dw_auc_norm/2019/ppi_2019_dw_40_logK_2_0.48138034733416246.pkl
/itf-fi-ml/shared/users/ziyuzh/svm/results/dw_auc_norm/2019/uniport_bio_K_2_0.5427586367192363.pkl /itf-fi-ml/shared/users/ziyuzh/svm/results/dw_auc_norm/2019/uniport_bio_logK_2_0.5427586367192363.pkl
/itf-fi-ml/shared/users/ziyuzh/svm/results/dw_auc_norm/2019/uniport_seq_K_4_0.11222009113011176.pkl /itf-fi-ml/shared/users/ziyuzh/svm/results/dw_auc_norm/2019/uniport_seq_logK_4_0.11222009113011176.pkl
/itf-fi-ml/shared/users/ziyuzh/svm/results/dw_auc_norm/2019/uniport_esm_K_8_0.02838808905526428.pkl /itf-fi-ml/shared/users/ziyuzh/svm/results/dw_auc_norm/2019/uniport_esm_logK_8_0.02838808905526428.pkl
grid search C for fused kernels
linear_fused 1 0.85069431844233 0.9341279130173318
geo_fused 3 0.8178469570862447 0.9171493886181347
fused kernels evaluation
ICD10_M32 97
kernels existing
uniport_ppi_2019 {'C_num': 1, 'gamma_ratio': 2, 'gamma': '0.5052695526173884'} 0.8478627720287166 0.9089424251324548
ppi_2019_dw_40 {'C_num': 1, 'gamma_ratio': 4, 'gamma': '0.24069017366708123'} 0.8523755823610136 0.9123531284738138
uniport_bio {'C_num': 1, 'gamma_ratio': 2, 'gamma': '0.5427586367192363'} 0.7410698705579817 0.8595248459448687
uniport_seq {'C_num': 1, 'gamma_ratio': 2, 'gamma': '0.22444018226022353'} 0.5489770574799119 0.76619923567318
uniport_esm {'C_num': 1, 'gamma_ratio': 4, 'gamma': '0.05677617811052856'} 0.5715032389611777 0.7515987500417077
collect valid feature:  ['uniport_ppi_2019', 'ppi_2019_dw_40', 'uniport_bio', 'uniport_seq', 'uniport_esm']
evaluation
early fusion
uniport_ppi_2019-ppi_2019_dw_40-uniport_bio-uniport_seq-uniport_esm {'C_num': 1, 'gamma_ratio': 4, 'gamma': '0.05677617811052856'} 0.5715032389611777 0.7515987500417077
middle fusion
kernel fusion
/itf-fi-ml/shared/users/ziyuzh/svm/results/dw_auc_norm/2019/uniport_ppi_2019_K_2_0.5052695526173884.pkl /itf-fi-ml/shared/users/ziyuzh/svm/results/dw_auc_norm/2019/uniport_ppi_2019_logK_2_0.5052695526173884.pkl
/itf-fi-ml/shared/users/ziyuzh/svm/results/dw_auc_norm/2019/ppi_2019_dw_40_K_4_0.24069017366708123.pkl /itf-fi-ml/shared/users/ziyuzh/svm/results/dw_auc_norm/2019/ppi_2019_dw_40_logK_4_0.24069017366708123.pkl
/itf-fi-ml/shared/users/ziyuzh/svm/results/dw_auc_norm/2019/uniport_bio_K_2_0.5427586367192363.pkl /itf-fi-ml/shared/users/ziyuzh/svm/results/dw_auc_norm/2019/uniport_bio_logK_2_0.5427586367192363.pkl
/itf-fi-ml/shared/users/ziyuzh/svm/results/dw_auc_norm/2019/uniport_seq_K_2_0.22444018226022353.pkl /itf-fi-ml/shared/users/ziyuzh/svm/results/dw_auc_norm/2019/uniport_seq_logK_2_0.22444018226022353.pkl
/itf-fi-ml/shared/users/ziyuzh/svm/results/dw_auc_norm/2019/uniport_esm_K_4_0.05677617811052856.pkl /itf-fi-ml/shared/users/ziyuzh/svm/results/dw_auc_norm/2019/uniport_esm_logK_4_0.05677617811052856.pkl
grid search C for fused kernels
linear_fused 9 0.864443893748223 0.9352776784475599
geo_fused 9 0.8193922366184218 0.9098005202269253
fused kernels evaluation
ICD10_M34 38
kernels existing
uniport_ppi_2019 {'C_num': 1, 'gamma_ratio': 4, 'gamma': '0.2526347763086942'} 0.7912122486094537 0.9290577951339453
ppi_2019_dw_40 {'C_num': 1, 'gamma_ratio': 2, 'gamma': '0.48138034733416246'} 0.7879874420967047 0.9342352664668899
uniport_bio {'C_num': 3, 'gamma_ratio': 2, 'gamma': '0.5427586367192363'} 0.5803706424439331 0.8026504314182791
uniport_seq {'C_num': 9, 'gamma_ratio': 8, 'gamma': '0.05611004556505588'} 0.4966396584004696 0.6996236107156255
uniport_esm {'C_num': 9, 'gamma_ratio': 8, 'gamma': '0.02838808905526428'} 0.5778375885021237 0.6918359344985469
collect valid feature:  ['uniport_ppi_2019', 'ppi_2019_dw_40', 'uniport_bio', 'uniport_seq', 'uniport_esm']
evaluation
early fusion
uniport_ppi_2019-ppi_2019_dw_40-uniport_bio-uniport_seq-uniport_esm {'C_num': 9, 'gamma_ratio': 8, 'gamma': '0.02838808905526428'} 0.5778375885021237 0.6918359344985469
middle fusion
kernel fusion
/itf-fi-ml/shared/users/ziyuzh/svm/results/dw_auc_norm/2019/uniport_ppi_2019_K_4_0.2526347763086942.pkl /itf-fi-ml/shared/users/ziyuzh/svm/results/dw_auc_norm/2019/uniport_ppi_2019_logK_4_0.2526347763086942.pkl
/itf-fi-ml/shared/users/ziyuzh/svm/results/dw_auc_norm/2019/ppi_2019_dw_40_K_2_0.48138034733416246.pkl /itf-fi-ml/shared/users/ziyuzh/svm/results/dw_auc_norm/2019/ppi_2019_dw_40_logK_2_0.48138034733416246.pkl
/itf-fi-ml/shared/users/ziyuzh/svm/results/dw_auc_norm/2019/uniport_bio_K_2_0.5427586367192363.pkl /itf-fi-ml/shared/users/ziyuzh/svm/results/dw_auc_norm/2019/uniport_bio_logK_2_0.5427586367192363.pkl
/itf-fi-ml/shared/users/ziyuzh/svm/results/dw_auc_norm/2019/uniport_seq_K_8_0.05611004556505588.pkl /itf-fi-ml/shared/users/ziyuzh/svm/results/dw_auc_norm/2019/uniport_seq_logK_8_0.05611004556505588.pkl
/itf-fi-ml/shared/users/ziyuzh/svm/results/dw_auc_norm/2019/uniport_esm_K_8_0.02838808905526428.pkl /itf-fi-ml/shared/users/ziyuzh/svm/results/dw_auc_norm/2019/uniport_esm_logK_8_0.02838808905526428.pkl
grid search C for fused kernels
linear_fused 1 0.7877182599430199 0.9069885693365333
geo_fused 9 0.6904661335985732 0.9232283375593794
fused kernels evaluation
ICD10_M41 27
kernels existing
uniport_ppi_2019 {'C_num': 9, 'gamma_ratio': 2, 'gamma': '0.5052695526173884'} 0.6550852047748348 0.7643728222996516
ppi_2019_dw_40 {'C_num': 9, 'gamma_ratio': 2, 'gamma': '0.48138034733416246'} 0.6849787076820291 0.786851529229578
uniport_bio {'C_num': 9, 'gamma_ratio': 2, 'gamma': '0.5427586367192363'} 0.5235745979689898 0.7102771325332301
uniport_seq {'C_num': 1, 'gamma_ratio': 8, 'gamma': '0.05611004556505588'} 0.5900833637573043 0.6682717124790295
uniport_esm {'C_num': 81, 'gamma_ratio': 8, 'gamma': '0.02838808905526428'} 0.4330606771191088 0.6682717124790295
collect valid feature:  ['uniport_ppi_2019', 'ppi_2019_dw_40', 'uniport_bio', 'uniport_seq', 'uniport_esm']
evaluation
early fusion
uniport_ppi_2019-ppi_2019_dw_40-uniport_bio-uniport_seq-uniport_esm {'C_num': 81, 'gamma_ratio': 8, 'gamma': '0.02838808905526428'} 0.4330606771191088 0.6682717124790295
middle fusion
kernel fusion
/itf-fi-ml/shared/users/ziyuzh/svm/results/dw_auc_norm/2019/uniport_ppi_2019_K_2_0.5052695526173884.pkl /itf-fi-ml/shared/users/ziyuzh/svm/results/dw_auc_norm/2019/uniport_ppi_2019_logK_2_0.5052695526173884.pkl
/itf-fi-ml/shared/users/ziyuzh/svm/results/dw_auc_norm/2019/ppi_2019_dw_40_K_2_0.48138034733416246.pkl /itf-fi-ml/shared/users/ziyuzh/svm/results/dw_auc_norm/2019/ppi_2019_dw_40_logK_2_0.48138034733416246.pkl
/itf-fi-ml/shared/users/ziyuzh/svm/results/dw_auc_norm/2019/uniport_bio_K_2_0.5427586367192363.pkl /itf-fi-ml/shared/users/ziyuzh/svm/results/dw_auc_norm/2019/uniport_bio_logK_2_0.5427586367192363.pkl
/itf-fi-ml/shared/users/ziyuzh/svm/results/dw_auc_norm/2019/uniport_seq_K_8_0.05611004556505588.pkl /itf-fi-ml/shared/users/ziyuzh/svm/results/dw_auc_norm/2019/uniport_seq_logK_8_0.05611004556505588.pkl
/itf-fi-ml/shared/users/ziyuzh/svm/results/dw_auc_norm/2019/uniport_esm_K_8_0.02838808905526428.pkl /itf-fi-ml/shared/users/ziyuzh/svm/results/dw_auc_norm/2019/uniport_esm_logK_8_0.02838808905526428.pkl
grid search C for fused kernels
linear_fused 3 0.7106163796806041 0.8130887856497613
geo_fused 9 0.6784953165510922 0.7377484191508582
fused kernels evaluation
ICD10_N04 73
kernels existing
uniport_ppi_2019 {'C_num': 1, 'gamma_ratio': 2, 'gamma': '0.5052695526173884'} 0.7592800749360621 0.8436998114190768
ppi_2019_dw_40 {'C_num': 3, 'gamma_ratio': 8, 'gamma': '0.12034508683354062'} 0.6858481674665606 0.7825558374658824
uniport_bio {'C_num': 1, 'gamma_ratio': 8, 'gamma': '0.13568965917980907'} 0.716154011772206 0.8037479657607095
uniport_seq {'C_num': 1, 'gamma_ratio': 2, 'gamma': '0.22444018226022353'} 0.44979717878850156 0.6233751446926109
uniport_esm {'C_num': 3, 'gamma_ratio': 2, 'gamma': '0.11355235622105712'} 0.3978270816976836 0.6670010347390408
collect valid feature:  ['uniport_ppi_2019', 'ppi_2019_dw_40', 'uniport_bio', 'uniport_seq', 'uniport_esm']
evaluation
early fusion
uniport_ppi_2019-ppi_2019_dw_40-uniport_bio-uniport_seq-uniport_esm {'C_num': 3, 'gamma_ratio': 2, 'gamma': '0.11355235622105712'} 0.3978270816976836 0.6670010347390408
middle fusion
kernel fusion
/itf-fi-ml/shared/users/ziyuzh/svm/results/dw_auc_norm/2019/uniport_ppi_2019_K_2_0.5052695526173884.pkl /itf-fi-ml/shared/users/ziyuzh/svm/results/dw_auc_norm/2019/uniport_ppi_2019_logK_2_0.5052695526173884.pkl
/itf-fi-ml/shared/users/ziyuzh/svm/results/dw_auc_norm/2019/ppi_2019_dw_40_K_8_0.12034508683354062.pkl /itf-fi-ml/shared/users/ziyuzh/svm/results/dw_auc_norm/2019/ppi_2019_dw_40_logK_8_0.12034508683354062.pkl
/itf-fi-ml/shared/users/ziyuzh/svm/results/dw_auc_norm/2019/uniport_bio_K_8_0.13568965917980907.pkl /itf-fi-ml/shared/users/ziyuzh/svm/results/dw_auc_norm/2019/uniport_bio_logK_8_0.13568965917980907.pkl
/itf-fi-ml/shared/users/ziyuzh/svm/results/dw_auc_norm/2019/uniport_seq_K_2_0.22444018226022353.pkl /itf-fi-ml/shared/users/ziyuzh/svm/results/dw_auc_norm/2019/uniport_seq_logK_2_0.22444018226022353.pkl
/itf-fi-ml/shared/users/ziyuzh/svm/results/dw_auc_norm/2019/uniport_esm_K_2_0.11355235622105712.pkl /itf-fi-ml/shared/users/ziyuzh/svm/results/dw_auc_norm/2019/uniport_esm_logK_2_0.11355235622105712.pkl
grid search C for fused kernels
linear_fused 1 0.7081195394289037 0.8499719157515259
geo_fused 1 0.6541189137456299 0.8406902318071733
fused kernels evaluation
ICD10_N17 88
kernels existing
uniport_ppi_2019 {'C_num': 1, 'gamma_ratio': 4, 'gamma': '0.2526347763086942'} 0.899136631903621 0.9549461190192083
ppi_2019_dw_40 {'C_num': 1, 'gamma_ratio': 8, 'gamma': '0.12034508683354062'} 0.9008828270561597 0.9484761397231422
uniport_bio {'C_num': 1, 'gamma_ratio': 2, 'gamma': '0.5427586367192363'} 0.7628853459029882 0.900491752905474
uniport_seq {'C_num': 81, 'gamma_ratio': 8, 'gamma': '0.05611004556505588'} 0.6231045079240395 0.808400484581279
uniport_esm {'C_num': 3, 'gamma_ratio': 8, 'gamma': '0.02838808905526428'} 0.590509949864004 0.7969673950280769
collect valid feature:  ['uniport_ppi_2019', 'ppi_2019_dw_40', 'uniport_bio', 'uniport_seq', 'uniport_esm']
evaluation
early fusion
uniport_ppi_2019-ppi_2019_dw_40-uniport_bio-uniport_seq-uniport_esm {'C_num': 3, 'gamma_ratio': 8, 'gamma': '0.02838808905526428'} 0.590509949864004 0.7969673950280769
middle fusion
kernel fusion
/itf-fi-ml/shared/users/ziyuzh/svm/results/dw_auc_norm/2019/uniport_ppi_2019_K_4_0.2526347763086942.pkl /itf-fi-ml/shared/users/ziyuzh/svm/results/dw_auc_norm/2019/uniport_ppi_2019_logK_4_0.2526347763086942.pkl
/itf-fi-ml/shared/users/ziyuzh/svm/results/dw_auc_norm/2019/ppi_2019_dw_40_K_8_0.12034508683354062.pkl /itf-fi-ml/shared/users/ziyuzh/svm/results/dw_auc_norm/2019/ppi_2019_dw_40_logK_8_0.12034508683354062.pkl
/itf-fi-ml/shared/users/ziyuzh/svm/results/dw_auc_norm/2019/uniport_bio_K_2_0.5427586367192363.pkl /itf-fi-ml/shared/users/ziyuzh/svm/results/dw_auc_norm/2019/uniport_bio_logK_2_0.5427586367192363.pkl
/itf-fi-ml/shared/users/ziyuzh/svm/results/dw_auc_norm/2019/uniport_seq_K_8_0.05611004556505588.pkl /itf-fi-ml/shared/users/ziyuzh/svm/results/dw_auc_norm/2019/uniport_seq_logK_8_0.05611004556505588.pkl
/itf-fi-ml/shared/users/ziyuzh/svm/results/dw_auc_norm/2019/uniport_esm_K_8_0.02838808905526428.pkl /itf-fi-ml/shared/users/ziyuzh/svm/results/dw_auc_norm/2019/uniport_esm_logK_8_0.02838808905526428.pkl
grid search C for fused kernels
linear_fused 1 0.8746547375288548 0.9488712687544926
geo_fused 9 0.8813560062149715 0.9517155082007548
fused kernels evaluation
ICD10_N18 91
kernels existing
uniport_ppi_2019 {'C_num': 1, 'gamma_ratio': 2, 'gamma': '0.5052695526173884'} 0.9400609910498168 0.968555167062457
ppi_2019_dw_40 {'C_num': 1, 'gamma_ratio': 2, 'gamma': '0.48138034733416246'} 0.9379893909357313 0.9693719407905937
uniport_bio {'C_num': 1, 'gamma_ratio': 2, 'gamma': '0.5427586367192363'} 0.8358568363214677 0.9338895942922788
uniport_seq {'C_num': 3, 'gamma_ratio': 8, 'gamma': '0.05611004556505588'} 0.6334588865328925 0.8219037656031407
uniport_esm {'C_num': 3, 'gamma_ratio': 8, 'gamma': '0.02838808905526428'} 0.6781271770725271 0.7880638796630466
collect valid feature:  ['uniport_ppi_2019', 'ppi_2019_dw_40', 'uniport_bio', 'uniport_seq', 'uniport_esm']
evaluation
early fusion
uniport_ppi_2019-ppi_2019_dw_40-uniport_bio-uniport_seq-uniport_esm {'C_num': 3, 'gamma_ratio': 8, 'gamma': '0.02838808905526428'} 0.6781271770725271 0.7880638796630466
middle fusion
kernel fusion
/itf-fi-ml/shared/users/ziyuzh/svm/results/dw_auc_norm/2019/uniport_ppi_2019_K_2_0.5052695526173884.pkl /itf-fi-ml/shared/users/ziyuzh/svm/results/dw_auc_norm/2019/uniport_ppi_2019_logK_2_0.5052695526173884.pkl
/itf-fi-ml/shared/users/ziyuzh/svm/results/dw_auc_norm/2019/ppi_2019_dw_40_K_2_0.48138034733416246.pkl /itf-fi-ml/shared/users/ziyuzh/svm/results/dw_auc_norm/2019/ppi_2019_dw_40_logK_2_0.48138034733416246.pkl
/itf-fi-ml/shared/users/ziyuzh/svm/results/dw_auc_norm/2019/uniport_bio_K_2_0.5427586367192363.pkl /itf-fi-ml/shared/users/ziyuzh/svm/results/dw_auc_norm/2019/uniport_bio_logK_2_0.5427586367192363.pkl
/itf-fi-ml/shared/users/ziyuzh/svm/results/dw_auc_norm/2019/uniport_seq_K_8_0.05611004556505588.pkl /itf-fi-ml/shared/users/ziyuzh/svm/results/dw_auc_norm/2019/uniport_seq_logK_8_0.05611004556505588.pkl
/itf-fi-ml/shared/users/ziyuzh/svm/results/dw_auc_norm/2019/uniport_esm_K_8_0.02838808905526428.pkl /itf-fi-ml/shared/users/ziyuzh/svm/results/dw_auc_norm/2019/uniport_esm_logK_8_0.02838808905526428.pkl
grid search C for fused kernels
linear_fused 9 0.942609818056482 0.9686811493279904
geo_fused 9 0.9239868197490541 0.9583414645842324
fused kernels evaluation
ICD10_N46 86
kernels existing
uniport_ppi_2019 {'C_num': 1, 'gamma_ratio': 2, 'gamma': '0.5052695526173884'} 0.7162241083814836 0.8380585228549605
ppi_2019_dw_40 {'C_num': 1, 'gamma_ratio': 4, 'gamma': '0.24069017366708123'} 0.7076080440264508 0.8420714616643369
uniport_bio {'C_num': 3, 'gamma_ratio': 2, 'gamma': '0.5427586367192363'} 0.8471501527253903 0.8889741101891229
uniport_seq {'C_num': 1, 'gamma_ratio': 2, 'gamma': '0.22444018226022353'} 0.5009377805476882 0.6394037589966343
uniport_esm {'C_num': 9, 'gamma_ratio': 2, 'gamma': '0.11355235622105712'} 0.4673028439293047 0.6721563353242742
collect valid feature:  ['uniport_ppi_2019', 'ppi_2019_dw_40', 'uniport_bio', 'uniport_seq', 'uniport_esm']
evaluation
early fusion
uniport_ppi_2019-ppi_2019_dw_40-uniport_bio-uniport_seq-uniport_esm {'C_num': 9, 'gamma_ratio': 2, 'gamma': '0.11355235622105712'} 0.4673028439293047 0.6721563353242742
middle fusion
kernel fusion
/itf-fi-ml/shared/users/ziyuzh/svm/results/dw_auc_norm/2019/uniport_ppi_2019_K_2_0.5052695526173884.pkl /itf-fi-ml/shared/users/ziyuzh/svm/results/dw_auc_norm/2019/uniport_ppi_2019_logK_2_0.5052695526173884.pkl
/itf-fi-ml/shared/users/ziyuzh/svm/results/dw_auc_norm/2019/ppi_2019_dw_40_K_4_0.24069017366708123.pkl /itf-fi-ml/shared/users/ziyuzh/svm/results/dw_auc_norm/2019/ppi_2019_dw_40_logK_4_0.24069017366708123.pkl
/itf-fi-ml/shared/users/ziyuzh/svm/results/dw_auc_norm/2019/uniport_bio_K_2_0.5427586367192363.pkl /itf-fi-ml/shared/users/ziyuzh/svm/results/dw_auc_norm/2019/uniport_bio_logK_2_0.5427586367192363.pkl
/itf-fi-ml/shared/users/ziyuzh/svm/results/dw_auc_norm/2019/uniport_seq_K_2_0.22444018226022353.pkl /itf-fi-ml/shared/users/ziyuzh/svm/results/dw_auc_norm/2019/uniport_seq_logK_2_0.22444018226022353.pkl
/itf-fi-ml/shared/users/ziyuzh/svm/results/dw_auc_norm/2019/uniport_esm_K_2_0.11355235622105712.pkl /itf-fi-ml/shared/users/ziyuzh/svm/results/dw_auc_norm/2019/uniport_esm_logK_2_0.11355235622105712.pkl
grid search C for fused kernels
linear_fused 1 0.8153599963179857 0.9006468745654496
geo_fused 1 0.8113095792937101 0.8684606553563295
fused kernels evaluation
ICD10_N80 151
kernels existing
uniport_ppi_2019 {'C_num': 1, 'gamma_ratio': 2, 'gamma': '0.5052695526173884'} 0.6971738048801663 0.8284266666666666
ppi_2019_dw_40 {'C_num': 1, 'gamma_ratio': 2, 'gamma': '0.48138034733416246'} 0.6876085516089586 0.8121866666666665
uniport_bio {'C_num': 3, 'gamma_ratio': 2, 'gamma': '0.5427586367192363'} 0.5681276436486121 0.7735733333333332
uniport_seq {'C_num': 1, 'gamma_ratio': 2, 'gamma': '0.22444018226022353'} 0.6378401263316643 0.7625066666666668
uniport_esm {'C_num': 1, 'gamma_ratio': 2, 'gamma': '0.11355235622105712'} 0.612873761986415 0.7770133333333332
collect valid feature:  ['uniport_ppi_2019', 'ppi_2019_dw_40', 'uniport_bio', 'uniport_seq', 'uniport_esm']
evaluation
early fusion
uniport_ppi_2019-ppi_2019_dw_40-uniport_bio-uniport_seq-uniport_esm {'C_num': 1, 'gamma_ratio': 2, 'gamma': '0.11355235622105712'} 0.612873761986415 0.7770133333333332
middle fusion
kernel fusion
/itf-fi-ml/shared/users/ziyuzh/svm/results/dw_auc_norm/2019/uniport_ppi_2019_K_2_0.5052695526173884.pkl /itf-fi-ml/shared/users/ziyuzh/svm/results/dw_auc_norm/2019/uniport_ppi_2019_logK_2_0.5052695526173884.pkl
/itf-fi-ml/shared/users/ziyuzh/svm/results/dw_auc_norm/2019/ppi_2019_dw_40_K_2_0.48138034733416246.pkl /itf-fi-ml/shared/users/ziyuzh/svm/results/dw_auc_norm/2019/ppi_2019_dw_40_logK_2_0.48138034733416246.pkl
/itf-fi-ml/shared/users/ziyuzh/svm/results/dw_auc_norm/2019/uniport_bio_K_2_0.5427586367192363.pkl /itf-fi-ml/shared/users/ziyuzh/svm/results/dw_auc_norm/2019/uniport_bio_logK_2_0.5427586367192363.pkl
/itf-fi-ml/shared/users/ziyuzh/svm/results/dw_auc_norm/2019/uniport_seq_K_2_0.22444018226022353.pkl /itf-fi-ml/shared/users/ziyuzh/svm/results/dw_auc_norm/2019/uniport_seq_logK_2_0.22444018226022353.pkl
/itf-fi-ml/shared/users/ziyuzh/svm/results/dw_auc_norm/2019/uniport_esm_K_2_0.11355235622105712.pkl /itf-fi-ml/shared/users/ziyuzh/svm/results/dw_auc_norm/2019/uniport_esm_logK_2_0.11355235622105712.pkl
grid search C for fused kernels
linear_fused 1 0.7150659145345181 0.8549066666666666
geo_fused 1 0.7291356155318787 0.86104
fused kernels evaluation
ICD10_N97 29
kernels existing
uniport_ppi_2019 {'C_num': 1, 'gamma_ratio': 2, 'gamma': '0.5052695526173884'} 0.8964633593221487 0.9415637860082304
ppi_2019_dw_40 {'C_num': 3, 'gamma_ratio': 4, 'gamma': '0.24069017366708123'} 0.8977063635591551 0.9193415637860082
uniport_bio {'C_num': 9, 'gamma_ratio': 2, 'gamma': '0.5427586367192363'} 0.6262041229036944 0.854320987654321
uniport_seq {'C_num': 1, 'gamma_ratio': 4, 'gamma': '0.11222009113011176'} 0.6701033040131533 0.77119341563786
uniport_esm {'C_num': 1, 'gamma_ratio': 8, 'gamma': '0.02838808905526428'} 0.6232718801319094 0.8337448559670783
collect valid feature:  ['uniport_ppi_2019', 'ppi_2019_dw_40', 'uniport_bio', 'uniport_seq', 'uniport_esm']
evaluation
early fusion
uniport_ppi_2019-ppi_2019_dw_40-uniport_bio-uniport_seq-uniport_esm {'C_num': 1, 'gamma_ratio': 8, 'gamma': '0.02838808905526428'} 0.6232718801319094 0.8337448559670783
middle fusion
kernel fusion
/itf-fi-ml/shared/users/ziyuzh/svm/results/dw_auc_norm/2019/uniport_ppi_2019_K_2_0.5052695526173884.pkl /itf-fi-ml/shared/users/ziyuzh/svm/results/dw_auc_norm/2019/uniport_ppi_2019_logK_2_0.5052695526173884.pkl
/itf-fi-ml/shared/users/ziyuzh/svm/results/dw_auc_norm/2019/ppi_2019_dw_40_K_4_0.24069017366708123.pkl /itf-fi-ml/shared/users/ziyuzh/svm/results/dw_auc_norm/2019/ppi_2019_dw_40_logK_4_0.24069017366708123.pkl
/itf-fi-ml/shared/users/ziyuzh/svm/results/dw_auc_norm/2019/uniport_bio_K_2_0.5427586367192363.pkl /itf-fi-ml/shared/users/ziyuzh/svm/results/dw_auc_norm/2019/uniport_bio_logK_2_0.5427586367192363.pkl
/itf-fi-ml/shared/users/ziyuzh/svm/results/dw_auc_norm/2019/uniport_seq_K_4_0.11222009113011176.pkl /itf-fi-ml/shared/users/ziyuzh/svm/results/dw_auc_norm/2019/uniport_seq_logK_4_0.11222009113011176.pkl
/itf-fi-ml/shared/users/ziyuzh/svm/results/dw_auc_norm/2019/uniport_esm_K_8_0.02838808905526428.pkl /itf-fi-ml/shared/users/ziyuzh/svm/results/dw_auc_norm/2019/uniport_esm_logK_8_0.02838808905526428.pkl
grid search C for fused kernels
linear_fused 1 0.8822703364122354 0.91440329218107
geo_fused 3 0.7925631520906924 0.91440329218107
fused kernels evaluation
ICD10_C23 18
kernels existing
uniport_ppi_2019 {'C_num': 9, 'gamma_ratio': 2, 'gamma': '0.5052695526173884'} 0.8241012205941157 0.9012999452654625
ppi_2019_dw_40 {'C_num': 3, 'gamma_ratio': 2, 'gamma': '0.48138034733416246'} 0.8500227358317964 0.9303366174055828
uniport_bio {'C_num': 3, 'gamma_ratio': 2, 'gamma': '0.5427586367192363'} 0.6979468476218519 0.8174329501915709
uniport_seq {'C_num': 27, 'gamma_ratio': 8, 'gamma': '0.05611004556505588'} 0.1641160633429989 0.602928297755884
uniport_esm {'C_num': 9, 'gamma_ratio': 8, 'gamma': '0.02838808905526428'} 0.09750728246272054 0.5018062397372742
collect valid feature:  ['uniport_ppi_2019', 'ppi_2019_dw_40', 'uniport_bio', 'uniport_seq', 'uniport_esm']
evaluation
early fusion
uniport_ppi_2019-ppi_2019_dw_40-uniport_bio-uniport_seq-uniport_esm {'C_num': 9, 'gamma_ratio': 8, 'gamma': '0.02838808905526428'} 0.09750728246272054 0.5018062397372742
middle fusion
kernel fusion
/itf-fi-ml/shared/users/ziyuzh/svm/results/dw_auc_norm/2019/uniport_ppi_2019_K_2_0.5052695526173884.pkl /itf-fi-ml/shared/users/ziyuzh/svm/results/dw_auc_norm/2019/uniport_ppi_2019_logK_2_0.5052695526173884.pkl
/itf-fi-ml/shared/users/ziyuzh/svm/results/dw_auc_norm/2019/ppi_2019_dw_40_K_2_0.48138034733416246.pkl /itf-fi-ml/shared/users/ziyuzh/svm/results/dw_auc_norm/2019/ppi_2019_dw_40_logK_2_0.48138034733416246.pkl
/itf-fi-ml/shared/users/ziyuzh/svm/results/dw_auc_norm/2019/uniport_bio_K_2_0.5427586367192363.pkl /itf-fi-ml/shared/users/ziyuzh/svm/results/dw_auc_norm/2019/uniport_bio_logK_2_0.5427586367192363.pkl
/itf-fi-ml/shared/users/ziyuzh/svm/results/dw_auc_norm/2019/uniport_seq_K_8_0.05611004556505588.pkl /itf-fi-ml/shared/users/ziyuzh/svm/results/dw_auc_norm/2019/uniport_seq_logK_8_0.05611004556505588.pkl
/itf-fi-ml/shared/users/ziyuzh/svm/results/dw_auc_norm/2019/uniport_esm_K_8_0.02838808905526428.pkl /itf-fi-ml/shared/users/ziyuzh/svm/results/dw_auc_norm/2019/uniport_esm_logK_8_0.02838808905526428.pkl
grid search C for fused kernels
linear_fused 9 0.7241113575883457 0.8926382047071703
geo_fused 27 0.73805248776257 0.8754105090311987
fused kernels evaluation
ICD10_C53 15
kernels existing
uniport_ppi_2019 {'C_num': 1, 'gamma_ratio': 2, 'gamma': '0.5052695526173884'} 0.9766318800016243 0.9416666666666668
ppi_2019_dw_40 {'C_num': 1, 'gamma_ratio': 2, 'gamma': '0.48138034733416246'} 0.9547087328236171 0.9708333333333333
uniport_bio {'C_num': 3, 'gamma_ratio': 2, 'gamma': '0.5427586367192363'} 0.5826731921373083 0.8458333333333333
uniport_seq {'C_num': 3, 'gamma_ratio': 8, 'gamma': '0.05611004556505588'} 0.7118146598924134 0.6958333333333333
uniport_esm {'C_num': 9, 'gamma_ratio': 8, 'gamma': '0.02838808905526428'} 0.5765441469986562 0.6916666666666668
collect valid feature:  ['uniport_ppi_2019', 'ppi_2019_dw_40', 'uniport_bio', 'uniport_seq', 'uniport_esm']
evaluation
early fusion
uniport_ppi_2019-ppi_2019_dw_40-uniport_bio-uniport_seq-uniport_esm {'C_num': 9, 'gamma_ratio': 8, 'gamma': '0.02838808905526428'} 0.5765441469986562 0.6916666666666668
middle fusion
kernel fusion
/itf-fi-ml/shared/users/ziyuzh/svm/results/dw_auc_norm/2019/uniport_ppi_2019_K_2_0.5052695526173884.pkl /itf-fi-ml/shared/users/ziyuzh/svm/results/dw_auc_norm/2019/uniport_ppi_2019_logK_2_0.5052695526173884.pkl
/itf-fi-ml/shared/users/ziyuzh/svm/results/dw_auc_norm/2019/ppi_2019_dw_40_K_2_0.48138034733416246.pkl /itf-fi-ml/shared/users/ziyuzh/svm/results/dw_auc_norm/2019/ppi_2019_dw_40_logK_2_0.48138034733416246.pkl
/itf-fi-ml/shared/users/ziyuzh/svm/results/dw_auc_norm/2019/uniport_bio_K_2_0.5427586367192363.pkl /itf-fi-ml/shared/users/ziyuzh/svm/results/dw_auc_norm/2019/uniport_bio_logK_2_0.5427586367192363.pkl
/itf-fi-ml/shared/users/ziyuzh/svm/results/dw_auc_norm/2019/uniport_seq_K_8_0.05611004556505588.pkl /itf-fi-ml/shared/users/ziyuzh/svm/results/dw_auc_norm/2019/uniport_seq_logK_8_0.05611004556505588.pkl
/itf-fi-ml/shared/users/ziyuzh/svm/results/dw_auc_norm/2019/uniport_esm_K_8_0.02838808905526428.pkl /itf-fi-ml/shared/users/ziyuzh/svm/results/dw_auc_norm/2019/uniport_esm_logK_8_0.02838808905526428.pkl
grid search C for fused kernels
linear_fused 3 0.9768433753169873 0.9708333333333333
geo_fused 9 0.8888552636652939 0.9333333333333335
fused kernels evaluation
